Caso,Grupo,i_pose,d_mm,brecha_mm,grado,estado,frac_baja_densidad,viable_corredor,longitud_mm,desvio_centro_mm,inclinacion_deg
dataset6_CLINIC_0013_data,grupo 3,0,7.0,1.2615742683410645,1,ok,0.6593406593406593,False,107.0,2.855,1.563
dataset6_CLINIC_0013_data,grupo 3,0,4.91,0.21657419204711914,1,ok,0.6593406593406593,True,107.0,2.855,1.563
dataset6_CLINIC_0013_data,grupo 3,0,7.3,1.411574363708496,1,ok,0.6593406593406593,False,107.0,2.855,1.563
dataset6_CLINIC_0013_data,grupo 3,1,7.0,0.0,0,ok,0.42857142857142855,False,107.0,0.897,0.434
dataset6_CLINIC_0013_data,grupo 3,1,4.91,0.0,0,ok,0.42857142857142855,True,107.0,0.897,0.434
dataset6_CLINIC_0013_data,grupo 3,1,7.3,0.0,0,ok,0.42857142857142855,False,107.0,0.897,0.434
dataset6_CLINIC_0013_data,grupo 3,2,7.0,2.5037381649017334,2,ok,0.18681318681318682,False,107.0,4.939,0.803
dataset6_CLINIC_0013_data,grupo 3,2,4.91,1.458738088607788,1,ok,0.18681318681318682,True,107.0,4.939,0.803
dataset6_CLINIC_0013_data,grupo 3,2,7.3,2.653738260269165,2,ok,0.18681318681318682,False,107.0,4.939,0.803
dataset6_CLINIC_0013_data,grupo 3,3,7.0,0.12764787673950195,1,ok,0.31868131868131866,False,107.0,0.553,1.473
dataset6_CLINIC_0013_data,grupo 3,3,4.91,0.0,0,ok,0.31868131868131866,True,107.0,0.553,1.473
dataset6_CLINIC_0013_data,grupo 3,3,7.3,0.2776479721069336,1,ok,0.31868131868131866,False,107.0,0.553,1.473
dataset6_CLINIC_0013_data,grupo 3,4,7.0,0.017069101333618164,1,ok,0.4725274725274725,False,107.0,2.008,0.089
dataset6_CLINIC_0013_data,grupo 3,4,4.91,0.0,0,ok,0.4725274725274725,True,107.0,2.008,0.089
dataset6_CLINIC_0013_data,grupo 3,4,7.3,0.1670691967010498,1,ok,0.4725274725274725,False,107.0,2.008,0.089
dataset6_CLINIC_0013_data,grupo 3,5,7.0,2.111098289489746,2,ok,0.3626373626373626,False,107.0,0.809,6.273
dataset6_CLINIC_0013_data,grupo 3,5,4.91,1.0660983324050903,1,ok,0.3626373626373626,True,107.0,0.809,6.273
dataset6_CLINIC_0013_data,grupo 3,5,7.3,2.2610983848571777,2,ok,0.3626373626373626,False,107.0,0.809,6.273
dataset6_CLINIC_0013_data,grupo 3,6,7.0,1.2310526371002197,1,ok,0.7142857142857143,False,107.0,3.136,3.702
dataset6_CLINIC_0013_data,grupo 3,6,4.91,0.18605256080627441,1,ok,0.7142857142857143,True,107.0,3.136,3.702
dataset6_CLINIC_0013_data,grupo 3,6,7.3,1.3810527324676514,1,ok,0.7142857142857143,False,107.0,3.136,3.702
dataset6_CLINIC_0013_data,grupo 3,7,7.0,0.0,0,ok,0.5384615384615384,False,107.0,0.239,2.413
dataset6_CLINIC_0013_data,grupo 3,7,4.91,0.0,0,ok,0.5384615384615384,True,107.0,0.239,2.413
dataset6_CLINIC_0013_data,grupo 3,7,7.3,0.0,0,ok,0.5384615384615384,False,107.0,0.239,2.413
dataset6_CLINIC_0013_data,grupo 3,8,7.0,0.0,0,ok,0.3956043956043956,False,107.0,0.377,1.445
dataset6_CLINIC_0013_data,grupo 3,8,4.91,0.0,0,ok,0.3956043956043956,True,107.0,0.377,1.445
dataset6_CLINIC_0013_data,grupo 3,8,7.3,0.0,0,ok,0.3956043956043956,False,107.0,0.377,1.445
dataset6_CLINIC_0013_data,grupo 3,9,7.0,0.0,0,ok,0.32967032967032966,False,107.0,1.909,1.509
dataset6_CLINIC_0013_data,grupo 3,9,4.91,0.0,0,ok,0.32967032967032966,True,107.0,1.909,1.509
dataset6_CLINIC_0013_data,grupo 3,9,7.3,0.0,0,ok,0.32967032967032966,False,107.0,1.909,1.509
dataset6_CLINIC_0013_data,grupo 3,10,7.0,0.0,0,ok,0.31868131868131866,False,107.0,4.434,3.351
dataset6_CLINIC_0013_data,grupo 3,10,4.91,0.0,0,ok,0.31868131868131866,True,107.0,4.434,3.351
dataset6_CLINIC_0013_data,grupo 3,10,7.3,0.04431343078613281,1,ok,0.31868131868131866,False,107.0,4.434,3.351
dataset6_CLINIC_0013_data,grupo 3,11,7.0,0.8911387920379639,1,ok,0.31868131868131866,False,107.0,1.923,2.075
dataset6_CLINIC_0013_data,grupo 3,11,4.91,0.0,0,ok,0.31868131868131866,True,107.0,1.923,2.075
dataset6_CLINIC_0013_data,grupo 3,11,7.3,1.0411388874053955,1,ok,0.31868131868131866,False,107.0,1.923,2.075
dataset6_CLINIC_0013_data,grupo 3,12,7.0,0.0,0,ok,0.3956043956043956,False,107.0,1.115,0.314
dataset6_CLINIC_0013_data,grupo 3,12,4.91,0.0,0,ok,0.3956043956043956,True,107.0,1.115,0.314
dataset6_CLINIC_0013_data,grupo 3,12,7.3,0.0,0,ok,0.3956043956043956,False,107.0,1.115,0.314
dataset6_CLINIC_0013_data,grupo 3,13,7.0,0.0,0,ok,0.42857142857142855,False,107.0,4.056,1.888
dataset6_CLINIC_0013_data,grupo 3,13,4.91,0.0,0,ok,0.42857142857142855,True,107.0,4.056,1.888
dataset6_CLINIC_0013_data,grupo 3,13,7.3,0.0,0,ok,0.42857142857142855,False,107.0,4.056,1.888
dataset6_CLINIC_0013_data,grupo 3,14,7.0,0.24515032768249512,1,ok,0.45054945054945056,False,107.0,2.129,1.615
dataset6_CLINIC_0013_data,grupo 3,14,4.91,0.0,0,ok,0.45054945054945056,True,107.0,2.129,1.615
dataset6_CLINIC_0013_data,grupo 3,14,7.3,0.39515042304992676,1,ok,0.45054945054945056,False,107.0,2.129,1.615
dataset6_CLINIC_0013_data,grupo 3,15,7.0,0.0,0,ok,0.31868131868131866,False,107.0,2.899,1.095
dataset6_CLINIC_0013_data,grupo 3,15,4.91,0.0,0,ok,0.31868131868131866,True,107.0,2.899,1.095
dataset6_CLINIC_0013_data,grupo 3,15,7.3,0.0,0,ok,0.31868131868131866,False,107.0,2.899,1.095
dataset6_CLINIC_0013_data,grupo 3,16,7.0,2.5350723266601562,2,ok,0.6153846153846154,False,107.0,4.215,0.14
dataset6_CLINIC_0013_data,grupo 3,16,4.91,1.4900721311569214,1,ok,0.6153846153846154,True,107.0,4.215,0.14
dataset6_CLINIC_0013_data,grupo 3,16,7.3,2.685072422027588,2,ok,0.6153846153846154,False,107.0,4.215,0.14
dataset6_CLINIC_0013_data,grupo 3,17,7.0,0.0,0,ok,0.3956043956043956,False,107.0,0.115,0.528
dataset6_CLINIC_0013_data,grupo 3,17,4.91,0.0,0,ok,0.3956043956043956,True,107.0,0.115,0.528
dataset6_CLINIC_0013_data,grupo 3,17,7.3,0.0,0,ok,0.3956043956043956,False,107.0,0.115,0.528
dataset6_CLINIC_0013_data,grupo 3,18,7.0,1.8483045101165771,1,ok,0.4835164835164835,False,107.0,3.137,4.221
dataset6_CLINIC_0013_data,grupo 3,18,4.91,0.8033044338226318,1,ok,0.4835164835164835,True,107.0,3.137,4.221
dataset6_CLINIC_0013_data,grupo 3,18,7.3,1.9983046054840088,1,ok,0.4835164835164835,False,107.0,3.137,4.221
dataset6_CLINIC_0013_data,grupo 3,19,7.0,0.0,0,ok,0.45054945054945056,False,107.0,1.253,1.882
dataset6_CLINIC_0013_data,grupo 3,19,4.91,0.0,0,ok,0.45054945054945056,True,107.0,1.253,1.882
dataset6_CLINIC_0013_data,grupo 3,19,7.3,0.0,0,ok,0.45054945054945056,False,107.0,1.253,1.882
dataset6_CLINIC_0013_data,grupo 3,20,7.0,0.3579826354980469,1,ok,0.42857142857142855,False,107.0,1.853,3.707
dataset6_CLINIC_0013_data,grupo 3,20,4.91,0.0,0,ok,0.42857142857142855,True,107.0,1.853,3.707
dataset6_CLINIC_0013_data,grupo 3,20,7.3,0.5079827308654785,1,ok,0.42857142857142855,False,107.0,1.853,3.707
dataset6_CLINIC_0013_data,grupo 3,21,7.0,0.0,0,ok,0.3516483516483517,False,107.0,0.049,3.005
dataset6_CLINIC_0013_data,grupo 3,21,4.91,0.0,0,ok,0.3516483516483517,True,107.0,0.049,3.005
dataset6_CLINIC_0013_data,grupo 3,21,7.3,0.00683903694152832,1,ok,0.3516483516483517,False,107.0,0.049,3.005
dataset6_CLINIC_0013_data,grupo 3,22,7.0,0.13843774795532227,1,ok,0.3956043956043956,False,107.0,3.956,2.356
dataset6_CLINIC_0013_data,grupo 3,22,4.91,0.0,0,ok,0.3956043956043956,True,107.0,3.956,2.356
dataset6_CLINIC_0013_data,grupo 3,22,7.3,0.2884378433227539,1,ok,0.3956043956043956,False,107.0,3.956,2.356
dataset6_CLINIC_0013_data,grupo 3,23,7.0,2.086456537246704,2,ok,0.2087912087912088,False,107.0,3.575,3.147
dataset6_CLINIC_0013_data,grupo 3,23,4.91,1.0414564609527588,1,ok,0.2087912087912088,True,107.0,3.575,3.147
dataset6_CLINIC_0013_data,grupo 3,23,7.3,2.2364566326141357,2,ok,0.2087912087912088,False,107.0,3.575,3.147
dataset6_CLINIC_0013_data,grupo 3,24,7.0,0.0,0,ok,0.37362637362637363,False,107.0,2.255,0.574
dataset6_CLINIC_0013_data,grupo 3,24,4.91,0.0,0,ok,0.37362637362637363,True,107.0,2.255,0.574
dataset6_CLINIC_0013_data,grupo 3,24,7.3,0.0,0,ok,0.37362637362637363,False,107.0,2.255,0.574
dataset6_CLINIC_0013_data,grupo 3,25,7.0,0.0,0,ok,0.3626373626373626,False,107.0,0.849,0.749
dataset6_CLINIC_0013_data,grupo 3,25,4.91,0.0,0,ok,0.3626373626373626,True,107.0,0.849,0.749
dataset6_CLINIC_0013_data,grupo 3,25,7.3,0.0,0,ok,0.3626373626373626,False,107.0,0.849,0.749
dataset6_CLINIC_0013_data,grupo 3,26,7.0,0.0,0,ok,0.4945054945054945,False,107.0,0.966,1.857
dataset6_CLINIC_0013_data,grupo 3,26,4.91,0.0,0,ok,0.4945054945054945,True,107.0,0.966,1.857
dataset6_CLINIC_0013_data,grupo 3,26,7.3,0.0,0,ok,0.4945054945054945,False,107.0,0.966,1.857
dataset6_CLINIC_0013_data,grupo 3,27,7.0,0.0,0,ok,0.38461538461538464,False,107.0,0.047,0.17
dataset6_CLINIC_0013_data,grupo 3,27,4.91,0.0,0,ok,0.38461538461538464,True,107.0,0.047,0.17
dataset6_CLINIC_0013_data,grupo 3,27,7.3,0.0,0,ok,0.38461538461538464,False,107.0,0.047,0.17
dataset6_CLINIC_0013_data,grupo 3,28,7.0,0.0,0,ok,0.4065934065934066,False,107.0,0.637,2.348
dataset6_CLINIC_0013_data,grupo 3,28,4.91,0.0,0,ok,0.4065934065934066,True,107.0,0.637,2.348
dataset6_CLINIC_0013_data,grupo 3,28,7.3,0.0,0,ok,0.4065934065934066,False,107.0,0.637,2.348
dataset6_CLINIC_0013_data,grupo 3,29,7.0,0.0,0,ok,0.31868131868131866,False,107.0,0.327,0.048
dataset6_CLINIC_0013_data,grupo 3,29,4.91,0.0,0,ok,0.31868131868131866,True,107.0,0.327,0.048
dataset6_CLINIC_0013_data,grupo 3,29,7.3,0.0,0,ok,0.31868131868131866,False,107.0,0.327,0.048
dataset6_CLINIC_0013_data,grupo 3,30,7.0,0.0,0,ok,0.4175824175824176,False,107.0,0.275,2.804
dataset6_CLINIC_0013_data,grupo 3,30,4.91,0.0,0,ok,0.4175824175824176,True,107.0,0.275,2.804
dataset6_CLINIC_0013_data,grupo 3,30,7.3,0.0,0,ok,0.4175824175824176,False,107.0,0.275,2.804
dataset6_CLINIC_0013_data,grupo 3,31,7.0,3.0585145950317383,2,ok,0.3076923076923077,False,107.0,0.764,5.874
dataset6_CLINIC_0013_data,grupo 3,31,4.91,2.013514518737793,2,ok,0.3076923076923077,True,107.0,0.764,5.874
dataset6_CLINIC_0013_data,grupo 3,31,7.3,3.20851469039917,2,ok,0.3076923076923077,False,107.0,0.764,5.874
dataset6_CLINIC_0013_data,grupo 3,32,7.0,0.0,0,ok,0.4725274725274725,False,107.0,0.617,3.694
dataset6_CLINIC_0013_data,grupo 3,32,4.91,0.0,0,ok,0.4725274725274725,True,107.0,0.617,3.694
dataset6_CLINIC_0013_data,grupo 3,32,7.3,0.0,0,ok,0.4725274725274725,False,107.0,0.617,3.694
dataset6_CLINIC_0013_data,grupo 3,33,7.0,0.0,0,ok,0.43956043956043955,False,107.0,0.35,1.332
dataset6_CLINIC_0013_data,grupo 3,33,4.91,0.0,0,ok,0.43956043956043955,True,107.0,0.35,1.332
dataset6_CLINIC_0013_data,grupo 3,33,7.3,0.0,0,ok,0.43956043956043955,False,107.0,0.35,1.332
dataset6_CLINIC_0013_data,grupo 3,34,7.0,0.0,0,ok,0.5164835164835165,False,107.0,0.372,0.592
dataset6_CLINIC_0013_data,grupo 3,34,4.91,0.0,0,ok,0.5164835164835165,True,107.0,0.372,0.592
dataset6_CLINIC_0013_data,grupo 3,34,7.3,0.0,0,ok,0.5164835164835165,False,107.0,0.372,0.592
dataset6_CLINIC_0013_data,grupo 3,35,7.0,1.1508781909942627,1,ok,0.34065934065934067,False,107.0,0.034,4.214
dataset6_CLINIC_0013_data,grupo 3,35,4.91,0.10587811470031738,1,ok,0.34065934065934067,True,107.0,0.034,4.214
dataset6_CLINIC_0013_data,grupo 3,35,7.3,1.3008782863616943,1,ok,0.34065934065934067,False,107.0,0.034,4.214
dataset6_CLINIC_0013_data,grupo 3,36,7.0,0.7950568199157715,1,ok,0.2967032967032967,False,107.0,5.053,0.545
dataset6_CLINIC_0013_data,grupo 3,36,4.91,0.0,0,ok,0.2967032967032967,True,107.0,5.053,0.545
dataset6_CLINIC_0013_data,grupo 3,36,7.3,0.9450569152832031,1,ok,0.2967032967032967,False,107.0,5.053,0.545
dataset6_CLINIC_0013_data,grupo 3,37,7.0,0.0,0,ok,0.3626373626373626,False,107.0,0.137,0.012
dataset6_CLINIC_0013_data,grupo 3,37,4.91,0.0,0,ok,0.3626373626373626,True,107.0,0.137,0.012
dataset6_CLINIC_0013_data,grupo 3,37,7.3,0.0,0,ok,0.3626373626373626,False,107.0,0.137,0.012
dataset6_CLINIC_0013_data,grupo 3,38,7.0,0.4963679313659668,1,ok,0.4725274725274725,False,107.0,2.019,2.878
dataset6_CLINIC_0013_data,grupo 3,38,4.91,0.0,0,ok,0.4725274725274725,True,107.0,2.019,2.878
dataset6_CLINIC_0013_data,grupo 3,38,7.3,0.6463680267333984,1,ok,0.4725274725274725,False,107.0,2.019,2.878
dataset6_CLINIC_0013_data,grupo 3,39,7.0,0.0,0,ok,0.3516483516483517,False,107.0,0.671,1.269
dataset6_CLINIC_0013_data,grupo 3,39,4.91,0.0,0,ok,0.3516483516483517,True,107.0,0.671,1.269
dataset6_CLINIC_0013_data,grupo 3,39,7.3,0.0,0,ok,0.3516483516483517,False,107.0,0.671,1.269
dataset6_CLINIC_0013_data,grupo 3,40,7.0,0.0,0,ok,0.37362637362637363,False,107.0,0.824,2.3
dataset6_CLINIC_0013_data,grupo 3,40,4.91,0.0,0,ok,0.37362637362637363,True,107.0,0.824,2.3
dataset6_CLINIC_0013_data,grupo 3,40,7.3,0.0,0,ok,0.37362637362637363,False,107.0,0.824,2.3
dataset6_CLINIC_0013_data,grupo 3,41,7.0,0.049666643142700195,1,ok,0.42857142857142855,False,107.0,1.39,0.668
dataset6_CLINIC_0013_data,grupo 3,41,4.91,0.0,0,ok,0.42857142857142855,True,107.0,1.39,0.668
dataset6_CLINIC_0013_data,grupo 3,41,7.3,0.19966673851013184,1,ok,0.42857142857142855,False,107.0,1.39,0.668
dataset6_CLINIC_0013_data,grupo 3,42,7.0,1.282283067703247,1,ok,0.3076923076923077,False,107.0,2.323,2.659
dataset6_CLINIC_0013_data,grupo 3,42,4.91,0.23728299140930176,1,ok,0.3076923076923077,True,107.0,2.323,2.659
dataset6_CLINIC_0013_data,grupo 3,42,7.3,1.4322831630706787,1,ok,0.3076923076923077,False,107.0,2.323,2.659
dataset6_CLINIC_0013_data,grupo 3,43,7.0,1.0525457859039307,1,ok,0.3076923076923077,False,107.0,0.21,5.466
dataset6_CLINIC_0013_data,grupo 3,43,4.91,0.0075457096099853516,1,ok,0.3076923076923077,True,107.0,0.21,5.466
dataset6_CLINIC_0013_data,grupo 3,43,7.3,1.2025458812713623,1,ok,0.3076923076923077,False,107.0,0.21,5.466
dataset6_CLINIC_0013_data,grupo 3,44,7.0,0.0,0,ok,0.38461538461538464,False,107.0,0.186,2.175
dataset6_CLINIC_0013_data,grupo 3,44,4.91,0.0,0,ok,0.38461538461538464,True,107.0,0.186,2.175
dataset6_CLINIC_0013_data,grupo 3,44,7.3,0.0,0,ok,0.38461538461538464,False,107.0,0.186,2.175
dataset6_CLINIC_0013_data,grupo 3,45,7.0,0.0,0,ok,0.34065934065934067,False,107.0,0.787,0.313
dataset6_CLINIC_0013_data,grupo 3,45,4.91,0.0,0,ok,0.34065934065934067,True,107.0,0.787,0.313
dataset6_CLINIC_0013_data,grupo 3,45,7.3,0.0,0,ok,0.34065934065934067,False,107.0,0.787,0.313
dataset6_CLINIC_0013_data,grupo 3,46,7.0,0.26907992362976074,1,ok,0.4945054945054945,False,107.0,1.617,0.352
dataset6_CLINIC_0013_data,grupo 3,46,4.91,0.0,0,ok,0.4945054945054945,True,107.0,1.617,0.352
dataset6_CLINIC_0013_data,grupo 3,46,7.3,0.4190800189971924,1,ok,0.4945054945054945,False,107.0,1.617,0.352
dataset6_CLINIC_0013_data,grupo 3,47,7.0,0.0,0,ok,0.34065934065934067,False,107.0,1.397,0.273
dataset6_CLINIC_0013_data,grupo 3,47,4.91,0.0,0,ok,0.34065934065934067,True,107.0,1.397,0.273
dataset6_CLINIC_0013_data,grupo 3,47,7.3,0.0,0,ok,0.34065934065934067,False,107.0,1.397,0.273
dataset6_CLINIC_0013_data,grupo 3,48,7.0,0.0,0,ok,0.37362637362637363,False,107.0,0.159,1.594
dataset6_CLINIC_0013_data,grupo 3,48,4.91,0.0,0,ok,0.37362637362637363,True,107.0,0.159,1.594
dataset6_CLINIC_0013_data,grupo 3,48,7.3,0.0,0,ok,0.37362637362637363,False,107.0,0.159,1.594
dataset6_CLINIC_0013_data,grupo 3,49,7.0,0.0,0,ok,0.34065934065934067,False,107.0,1.237,2.975
dataset6_CLINIC_0013_data,grupo 3,49,4.91,0.0,0,ok,0.34065934065934067,True,107.0,1.237,2.975
dataset6_CLINIC_0013_data,grupo 3,49,7.3,0.08616781234741211,1,ok,0.34065934065934067,False,107.0,1.237,2.975
dataset6_CLINIC_0012_data,grupo 3,0,7.0,0.0,0,ok,0.6941176470588235,True,101.0,0.164,0.659
dataset6_CLINIC_0012_data,grupo 3,0,4.91,0.0,0,ok,0.6941176470588235,True,101.0,0.164,0.659
dataset6_CLINIC_0012_data,grupo 3,0,7.3,0.0,0,ok,0.6941176470588235,True,101.0,0.164,0.659
dataset6_CLINIC_0012_data,grupo 3,1,7.0,0.6158084869384766,1,ok,0.5647058823529412,True,101.0,2.772,1.827
dataset6_CLINIC_0012_data,grupo 3,1,4.91,0.0,0,ok,0.5647058823529412,True,101.0,2.772,1.827
dataset6_CLINIC_0012_data,grupo 3,1,7.3,0.7658085823059082,1,ok,0.5647058823529412,True,101.0,2.772,1.827
dataset6_CLINIC_0012_data,grupo 3,2,7.0,0.0,0,ok,0.7058823529411765,True,101.0,0.576,0.783
dataset6_CLINIC_0012_data,grupo 3,2,4.91,0.0,0,ok,0.7058823529411765,True,101.0,0.576,0.783
dataset6_CLINIC_0012_data,grupo 3,2,7.3,0.0,0,ok,0.7058823529411765,True,101.0,0.576,0.783
dataset6_CLINIC_0012_data,grupo 3,3,7.0,0.0,0,ok,0.7411764705882353,True,101.0,2.11,3.649
dataset6_CLINIC_0012_data,grupo 3,3,4.91,0.0,0,ok,0.7411764705882353,True,101.0,2.11,3.649
dataset6_CLINIC_0012_data,grupo 3,3,7.3,0.0,0,ok,0.7411764705882353,True,101.0,2.11,3.649
dataset6_CLINIC_0012_data,grupo 3,4,7.0,3.1329469680786133,2,ok,0.11764705882352941,True,101.0,3.347,3.947
dataset6_CLINIC_0012_data,grupo 3,4,4.91,2.087946891784668,2,ok,0.11764705882352941,True,101.0,3.347,3.947
dataset6_CLINIC_0012_data,grupo 3,4,7.3,3.282947063446045,2,ok,0.11764705882352941,True,101.0,3.347,3.947
dataset6_CLINIC_0012_data,grupo 3,5,7.0,1.3898043632507324,1,ok,0.4235294117647059,True,101.0,2.245,2.552
dataset6_CLINIC_0012_data,grupo 3,5,4.91,0.3448042869567871,1,ok,0.4235294117647059,True,101.0,2.245,2.552
dataset6_CLINIC_0012_data,grupo 3,5,7.3,1.539804458618164,1,ok,0.4235294117647059,True,101.0,2.245,2.552
dataset6_CLINIC_0012_data,grupo 3,6,7.0,0.0,0,ok,0.6823529411764706,True,101.0,1.036,2.527
dataset6_CLINIC_0012_data,grupo 3,6,4.91,0.0,0,ok,0.6823529411764706,True,101.0,1.036,2.527
dataset6_CLINIC_0012_data,grupo 3,6,7.3,0.0,0,ok,0.6823529411764706,True,101.0,1.036,2.527
dataset6_CLINIC_0012_data,grupo 3,7,7.0,1.9921274185180664,1,ok,0.5411764705882353,True,101.0,2.972,2.691
dataset6_CLINIC_0012_data,grupo 3,7,4.91,0.9471273422241211,1,ok,0.5411764705882353,True,101.0,2.972,2.691
dataset6_CLINIC_0012_data,grupo 3,7,7.3,2.142127513885498,2,ok,0.5411764705882353,True,101.0,2.972,2.691
dataset6_CLINIC_0012_data,grupo 3,8,7.0,0.0,0,ok,0.7294117647058823,True,101.0,0.749,0.053
dataset6_CLINIC_0012_data,grupo 3,8,4.91,0.0,0,ok,0.7294117647058823,True,101.0,0.749,0.053
dataset6_CLINIC_0012_data,grupo 3,8,7.3,0.0,0,ok,0.7294117647058823,True,101.0,0.749,0.053
dataset6_CLINIC_0012_data,grupo 3,9,7.0,1.3712918758392334,1,ok,0.3176470588235294,True,101.0,3.195,2.613
dataset6_CLINIC_0012_data,grupo 3,9,4.91,0.3262917995452881,1,ok,0.3176470588235294,True,101.0,3.195,2.613
dataset6_CLINIC_0012_data,grupo 3,9,7.3,1.521291971206665,1,ok,0.3176470588235294,True,101.0,3.195,2.613
dataset6_CLINIC_0012_data,grupo 3,10,7.0,0.09837651252746582,1,ok,0.6941176470588235,True,101.0,3.499,2.926
dataset6_CLINIC_0012_data,grupo 3,10,4.91,0.0,0,ok,0.6941176470588235,True,101.0,3.499,2.926
dataset6_CLINIC_0012_data,grupo 3,10,7.3,0.24837660789489746,1,ok,0.6941176470588235,True,101.0,3.499,2.926
dataset6_CLINIC_0012_data,grupo 3,11,7.0,0.0,0,ok,0.7647058823529411,True,101.0,3.162,0.811
dataset6_CLINIC_0012_data,grupo 3,11,4.91,0.0,0,ok,0.7647058823529411,True,101.0,3.162,0.811
dataset6_CLINIC_0012_data,grupo 3,11,7.3,0.0,0,ok,0.7647058823529411,True,101.0,3.162,0.811
dataset6_CLINIC_0012_data,grupo 3,12,7.0,0.0,0,ok,0.5647058823529412,True,101.0,0.718,1.828
dataset6_CLINIC_0012_data,grupo 3,12,4.91,0.0,0,ok,0.5647058823529412,True,101.0,0.718,1.828
dataset6_CLINIC_0012_data,grupo 3,12,7.3,0.0,0,ok,0.5647058823529412,True,101.0,0.718,1.828
dataset6_CLINIC_0012_data,grupo 3,13,7.0,0.0,0,ok,0.6823529411764706,True,101.0,1.368,3.082
dataset6_CLINIC_0012_data,grupo 3,13,4.91,0.0,0,ok,0.6823529411764706,True,101.0,1.368,3.082
dataset6_CLINIC_0012_data,grupo 3,13,7.3,0.0,0,ok,0.6823529411764706,True,101.0,1.368,3.082
dataset6_CLINIC_0012_data,grupo 3,14,7.0,4.1463093757629395,3,ok,0.46987951807228917,True,101.0,4.585,6.497
dataset6_CLINIC_0012_data,grupo 3,14,4.91,3.101309299468994,2,ok,0.46987951807228917,True,101.0,4.585,6.497
dataset6_CLINIC_0012_data,grupo 3,14,7.3,4.296309471130371,3,ok,0.46987951807228917,True,101.0,4.585,6.497
dataset6_CLINIC_0012_data,grupo 3,15,7.0,4.895388126373291,3,ok,0.057971014492753624,True,101.0,5.876,0.062
dataset6_CLINIC_0012_data,grupo 3,15,4.91,3.8503880500793457,2,ok,0.057971014492753624,True,101.0,5.876,0.062
dataset6_CLINIC_0012_data,grupo 3,15,7.3,5.045388221740723,3,ok,0.057971014492753624,True,101.0,5.876,0.062
dataset6_CLINIC_0012_data,grupo 3,16,7.0,0.0,0,ok,0.6352941176470588,True,101.0,0.461,0.618
dataset6_CLINIC_0012_data,grupo 3,16,4.91,0.0,0,ok,0.6352941176470588,True,101.0,0.461,0.618
dataset6_CLINIC_0012_data,grupo 3,16,7.3,0.0,0,ok,0.6352941176470588,True,101.0,0.461,0.618
dataset6_CLINIC_0012_data,grupo 3,17,7.0,0.6978042125701904,1,ok,0.6588235294117647,True,101.0,0.833,4.901
dataset6_CLINIC_0012_data,grupo 3,17,4.91,0.0,0,ok,0.6588235294117647,True,101.0,0.833,4.901
dataset6_CLINIC_0012_data,grupo 3,17,7.3,0.8478043079376221,1,ok,0.6588235294117647,True,101.0,0.833,4.901
dataset6_CLINIC_0012_data,grupo 3,18,7.0,0.0,0,ok,0.6823529411764706,True,101.0,3.0,2.725
dataset6_CLINIC_0012_data,grupo 3,18,4.91,0.0,0,ok,0.6823529411764706,True,101.0,3.0,2.725
dataset6_CLINIC_0012_data,grupo 3,18,7.3,0.0,0,ok,0.6823529411764706,True,101.0,3.0,2.725
dataset6_CLINIC_0012_data,grupo 3,19,7.0,1.033728837966919,1,ok,0.5764705882352941,True,101.0,2.287,6.657
dataset6_CLINIC_0012_data,grupo 3,19,4.91,0.0,0,ok,0.5764705882352941,True,101.0,2.287,6.657
dataset6_CLINIC_0012_data,grupo 3,19,7.3,1.1837289333343506,1,ok,0.5764705882352941,True,101.0,2.287,6.657
dataset6_CLINIC_0012_data,grupo 3,20,7.0,0.519589900970459,1,ok,0.611764705882353,True,101.0,1.198,3.213
dataset6_CLINIC_0012_data,grupo 3,20,4.91,0.0,0,ok,0.611764705882353,True,101.0,1.198,3.213
dataset6_CLINIC_0012_data,grupo 3,20,7.3,0.6695899963378906,1,ok,0.611764705882353,True,101.0,1.198,3.213
dataset6_CLINIC_0012_data,grupo 3,21,7.0,2.143162965774536,2,ok,0.16470588235294117,True,101.0,3.827,0.563
dataset6_CLINIC_0012_data,grupo 3,21,4.91,1.0981628894805908,1,ok,0.16470588235294117,True,101.0,3.827,0.563
dataset6_CLINIC_0012_data,grupo 3,21,7.3,2.2931630611419678,2,ok,0.16470588235294117,True,101.0,3.827,0.563
dataset6_CLINIC_0012_data,grupo 3,22,7.0,0.7823693752288818,1,ok,0.6235294117647059,True,101.0,2.975,0.114
dataset6_CLINIC_0012_data,grupo 3,22,4.91,0.0,0,ok,0.6235294117647059,True,101.0,2.975,0.114
dataset6_CLINIC_0012_data,grupo 3,22,7.3,0.9323694705963135,1,ok,0.6235294117647059,True,101.0,2.975,0.114
dataset6_CLINIC_0012_data,grupo 3,23,7.0,1.1802754402160645,1,ok,0.5176470588235295,True,101.0,2.285,1.463
dataset6_CLINIC_0012_data,grupo 3,23,4.91,0.13527536392211914,1,ok,0.5176470588235295,True,101.0,2.285,1.463
dataset6_CLINIC_0012_data,grupo 3,23,7.3,1.330275535583496,1,ok,0.5176470588235295,True,101.0,2.285,1.463
dataset6_CLINIC_0012_data,grupo 3,24,7.0,0.49593186378479004,1,ok,0.6,True,101.0,2.443,0.229
dataset6_CLINIC_0012_data,grupo 3,24,4.91,0.0,0,ok,0.6,True,101.0,2.443,0.229
dataset6_CLINIC_0012_data,grupo 3,24,7.3,0.6459319591522217,1,ok,0.6,True,101.0,2.443,0.229
dataset6_CLINIC_0012_data,grupo 3,25,7.0,0.0,0,ok,0.6705882352941176,True,101.0,3.494,0.444
dataset6_CLINIC_0012_data,grupo 3,25,4.91,0.0,0,ok,0.6705882352941176,True,101.0,3.494,0.444
dataset6_CLINIC_0012_data,grupo 3,25,7.3,0.0,0,ok,0.6705882352941176,True,101.0,3.494,0.444
dataset6_CLINIC_0012_data,grupo 3,26,7.0,4.61323356628418,3,ok,0.5679012345679012,True,101.0,6.664,0.859
dataset6_CLINIC_0012_data,grupo 3,26,4.91,3.5682334899902344,2,ok,0.5679012345679012,True,101.0,6.664,0.859
dataset6_CLINIC_0012_data,grupo 3,26,7.3,4.763233661651611,3,ok,0.5679012345679012,True,101.0,6.664,0.859
dataset6_CLINIC_0012_data,grupo 3,27,7.0,0.0,0,ok,0.6823529411764706,True,101.0,0.711,0.411
dataset6_CLINIC_0012_data,grupo 3,27,4.91,0.0,0,ok,0.6823529411764706,True,101.0,0.711,0.411
dataset6_CLINIC_0012_data,grupo 3,27,7.3,0.0,0,ok,0.6823529411764706,True,101.0,0.711,0.411
dataset6_CLINIC_0012_data,grupo 3,28,7.0,0.8565647602081299,1,ok,0.5647058823529412,True,101.0,3.319,4.216
dataset6_CLINIC_0012_data,grupo 3,28,4.91,0.0,0,ok,0.5647058823529412,True,101.0,3.319,4.216
dataset6_CLINIC_0012_data,grupo 3,28,7.3,1.0065648555755615,1,ok,0.5647058823529412,True,101.0,3.319,4.216
dataset6_CLINIC_0012_data,grupo 3,29,7.0,0.0,0,ok,0.6235294117647059,True,101.0,1.167,0.386
dataset6_CLINIC_0012_data,grupo 3,29,4.91,0.0,0,ok,0.6235294117647059,True,101.0,1.167,0.386
dataset6_CLINIC_0012_data,grupo 3,29,7.3,0.0,0,ok,0.6235294117647059,True,101.0,1.167,0.386
dataset6_CLINIC_0012_data,grupo 3,30,7.0,0.0,0,ok,0.6823529411764706,True,101.0,0.66,1.693
dataset6_CLINIC_0012_data,grupo 3,30,4.91,0.0,0,ok,0.6823529411764706,True,101.0,0.66,1.693
dataset6_CLINIC_0012_data,grupo 3,30,7.3,0.0,0,ok,0.6823529411764706,True,101.0,0.66,1.693
dataset6_CLINIC_0012_data,grupo 3,31,7.0,0.0,0,ok,0.7294117647058823,True,101.0,0.228,2.644
dataset6_CLINIC_0012_data,grupo 3,31,4.91,0.0,0,ok,0.7294117647058823,True,101.0,0.228,2.644
dataset6_CLINIC_0012_data,grupo 3,31,7.3,0.0,0,ok,0.7294117647058823,True,101.0,0.228,2.644
dataset6_CLINIC_0012_data,grupo 3,32,7.0,0.0,0,ok,0.6941176470588235,True,101.0,1.192,5.132
dataset6_CLINIC_0012_data,grupo 3,32,4.91,0.0,0,ok,0.6941176470588235,True,101.0,1.192,5.132
dataset6_CLINIC_0012_data,grupo 3,32,7.3,0.0,0,ok,0.6941176470588235,True,101.0,1.192,5.132
dataset6_CLINIC_0012_data,grupo 3,33,7.0,3.741119384765625,2,ok,0.21686746987951808,True,101.0,2.991,4.089
dataset6_CLINIC_0012_data,grupo 3,33,4.91,2.6961193084716797,2,ok,0.21686746987951808,True,101.0,2.991,4.089
dataset6_CLINIC_0012_data,grupo 3,33,7.3,3.8911194801330566,2,ok,0.21686746987951808,True,101.0,2.991,4.089
dataset6_CLINIC_0012_data,grupo 3,34,7.0,0.004054546356201172,1,ok,0.6470588235294118,True,101.0,0.145,3.521
dataset6_CLINIC_0012_data,grupo 3,34,4.91,0.0,0,ok,0.6470588235294118,True,101.0,0.145,3.521
dataset6_CLINIC_0012_data,grupo 3,34,7.3,0.1540546417236328,1,ok,0.6470588235294118,True,101.0,0.145,3.521
dataset6_CLINIC_0012_data,grupo 3,35,7.0,0.0,0,ok,0.5294117647058824,True,101.0,0.752,2.872
dataset6_CLINIC_0012_data,grupo 3,35,4.91,0.0,0,ok,0.5294117647058824,True,101.0,0.752,2.872
dataset6_CLINIC_0012_data,grupo 3,35,7.3,0.0,0,ok,0.5294117647058824,True,101.0,0.752,2.872
dataset6_CLINIC_0012_data,grupo 3,36,7.0,0.0,0,ok,0.5529411764705883,True,101.0,0.514,4.392
dataset6_CLINIC_0012_data,grupo 3,36,4.91,0.0,0,ok,0.5529411764705883,True,101.0,0.514,4.392
dataset6_CLINIC_0012_data,grupo 3,36,7.3,0.0,0,ok,0.5529411764705883,True,101.0,0.514,4.392
dataset6_CLINIC_0012_data,grupo 3,37,7.0,0.0,0,ok,0.7764705882352941,True,101.0,2.637,1.22
dataset6_CLINIC_0012_data,grupo 3,37,4.91,0.0,0,ok,0.7764705882352941,True,101.0,2.637,1.22
dataset6_CLINIC_0012_data,grupo 3,37,7.3,0.0,0,ok,0.7764705882352941,True,101.0,2.637,1.22
dataset6_CLINIC_0012_data,grupo 3,38,7.0,0.0,0,ok,0.5647058823529412,True,101.0,0.342,4.034
dataset6_CLINIC_0012_data,grupo 3,38,4.91,0.0,0,ok,0.5647058823529412,True,101.0,0.342,4.034
dataset6_CLINIC_0012_data,grupo 3,38,7.3,0.0,0,ok,0.5647058823529412,True,101.0,0.342,4.034
dataset6_CLINIC_0012_data,grupo 3,39,7.0,0.0,0,ok,0.6941176470588235,True,101.0,0.304,1.651
dataset6_CLINIC_0012_data,grupo 3,39,4.91,0.0,0,ok,0.6941176470588235,True,101.0,0.304,1.651
dataset6_CLINIC_0012_data,grupo 3,39,7.3,0.0,0,ok,0.6941176470588235,True,101.0,0.304,1.651
dataset6_CLINIC_0012_data,grupo 3,40,7.0,5.024674415588379,3,ok,0.5189873417721519,True,101.0,7.345,1.064
dataset6_CLINIC_0012_data,grupo 3,40,4.91,3.9796743392944336,2,ok,0.5189873417721519,True,101.0,7.345,1.064
dataset6_CLINIC_0012_data,grupo 3,40,7.3,5.1746745109558105,3,ok,0.5189873417721519,True,101.0,7.345,1.064
dataset6_CLINIC_0012_data,grupo 3,41,7.0,0.0,0,ok,0.5882352941176471,True,101.0,1.728,2.642
dataset6_CLINIC_0012_data,grupo 3,41,4.91,0.0,0,ok,0.5882352941176471,True,101.0,1.728,2.642
dataset6_CLINIC_0012_data,grupo 3,41,7.3,0.0,0,ok,0.5882352941176471,True,101.0,1.728,2.642
dataset6_CLINIC_0012_data,grupo 3,42,7.0,0.0,0,ok,0.6941176470588235,True,101.0,1.522,0.692
dataset6_CLINIC_0012_data,grupo 3,42,4.91,0.0,0,ok,0.6941176470588235,True,101.0,1.522,0.692
dataset6_CLINIC_0012_data,grupo 3,42,7.3,0.0,0,ok,0.6941176470588235,True,101.0,1.522,0.692
dataset6_CLINIC_0012_data,grupo 3,43,7.0,1.7649500370025635,1,ok,0.5176470588235295,True,101.0,3.137,3.602
dataset6_CLINIC_0012_data,grupo 3,43,4.91,0.7199499607086182,1,ok,0.5176470588235295,True,101.0,3.137,3.602
dataset6_CLINIC_0012_data,grupo 3,43,7.3,1.9149501323699951,1,ok,0.5176470588235295,True,101.0,3.137,3.602
dataset6_CLINIC_0012_data,grupo 3,44,7.0,0.5271897315979004,1,ok,0.7294117647058823,True,101.0,1.985,1.769
dataset6_CLINIC_0012_data,grupo 3,44,4.91,0.0,0,ok,0.7294117647058823,True,101.0,1.985,1.769
dataset6_CLINIC_0012_data,grupo 3,44,7.3,0.677189826965332,1,ok,0.7294117647058823,True,101.0,1.985,1.769
dataset6_CLINIC_0012_data,grupo 3,45,7.0,0.0,0,ok,0.6470588235294118,True,101.0,0.595,2.004
dataset6_CLINIC_0012_data,grupo 3,45,4.91,0.0,0,ok,0.6470588235294118,True,101.0,0.595,2.004
dataset6_CLINIC_0012_data,grupo 3,45,7.3,0.0,0,ok,0.6470588235294118,True,101.0,0.595,2.004
dataset6_CLINIC_0012_data,grupo 3,46,7.0,0.0,0,ok,0.6352941176470588,True,101.0,0.516,2.58
dataset6_CLINIC_0012_data,grupo 3,46,4.91,0.0,0,ok,0.6352941176470588,True,101.0,0.516,2.58
dataset6_CLINIC_0012_data,grupo 3,46,7.3,0.0,0,ok,0.6352941176470588,True,101.0,0.516,2.58
dataset6_CLINIC_0012_data,grupo 3,47,7.0,0.0,0,ok,0.5176470588235295,True,101.0,1.131,2.842
dataset6_CLINIC_0012_data,grupo 3,47,4.91,0.0,0,ok,0.5176470588235295,True,101.0,1.131,2.842
dataset6_CLINIC_0012_data,grupo 3,47,7.3,0.0,0,ok,0.5176470588235295,True,101.0,1.131,2.842
dataset6_CLINIC_0012_data,grupo 3,48,7.0,0.5366582870483398,1,ok,0.5764705882352941,True,101.0,2.387,1.802
dataset6_CLINIC_0012_data,grupo 3,48,4.91,0.0,0,ok,0.5764705882352941,True,101.0,2.387,1.802
dataset6_CLINIC_0012_data,grupo 3,48,7.3,0.6866583824157715,1,ok,0.5764705882352941,True,101.0,2.387,1.802
dataset6_CLINIC_0012_data,grupo 3,49,7.0,0.0,0,ok,0.6823529411764706,True,101.0,0.093,0.204
dataset6_CLINIC_0012_data,grupo 3,49,4.91,0.0,0,ok,0.6823529411764706,True,101.0,0.093,0.204
dataset6_CLINIC_0012_data,grupo 3,49,7.3,0.0,0,ok,0.6823529411764706,True,101.0,0.093,0.204
dataset6_CLINIC_0018_data,grupo 3,0,7.0,3.223377227783203,2,ok,0.1485148514851485,False,117.0,5.154,2.121
dataset6_CLINIC_0018_data,grupo 3,0,4.91,2.178377151489258,2,ok,0.1485148514851485,True,117.0,5.154,2.121
dataset6_CLINIC_0018_data,grupo 3,0,7.3,3.3733773231506348,2,ok,0.1485148514851485,False,117.0,5.154,2.121
dataset6_CLINIC_0018_data,grupo 3,1,7.0,2.252906322479248,2,ok,0.27722772277227725,False,117.0,2.437,0.405
dataset6_CLINIC_0018_data,grupo 3,1,4.91,1.2079062461853027,1,ok,0.27722772277227725,True,117.0,2.437,0.405
dataset6_CLINIC_0018_data,grupo 3,1,7.3,2.4029064178466797,2,ok,0.27722772277227725,False,117.0,2.437,0.405
dataset6_CLINIC_0018_data,grupo 3,2,7.0,1.5274792909622192,1,ok,0.5841584158415841,False,117.0,2.606,1.734
dataset6_CLINIC_0018_data,grupo 3,2,4.91,0.4824792146682739,1,ok,0.5841584158415841,True,117.0,2.606,1.734
dataset6_CLINIC_0018_data,grupo 3,2,7.3,1.6774793863296509,1,ok,0.5841584158415841,False,117.0,2.606,1.734
dataset6_CLINIC_0018_data,grupo 3,3,7.0,0.3800010681152344,1,ok,0.6138613861386139,False,117.0,0.416,1.66
dataset6_CLINIC_0018_data,grupo 3,3,4.91,0.0,0,ok,0.6138613861386139,True,117.0,0.416,1.66
dataset6_CLINIC_0018_data,grupo 3,3,7.3,0.530001163482666,1,ok,0.6138613861386139,False,117.0,0.416,1.66
dataset6_CLINIC_0018_data,grupo 3,4,7.0,0.7976408004760742,1,ok,0.6534653465346535,False,117.0,0.267,1.809
dataset6_CLINIC_0018_data,grupo 3,4,4.91,0.0,0,ok,0.6534653465346535,True,117.0,0.267,1.809
dataset6_CLINIC_0018_data,grupo 3,4,7.3,0.9476408958435059,1,ok,0.6534653465346535,False,117.0,0.267,1.809
dataset6_CLINIC_0018_data,grupo 3,5,7.0,0.6172797679901123,1,ok,0.594059405940594,False,117.0,0.008,2.37
dataset6_CLINIC_0018_data,grupo 3,5,4.91,0.0,0,ok,0.594059405940594,True,117.0,0.008,2.37
dataset6_CLINIC_0018_data,grupo 3,5,7.3,0.767279863357544,1,ok,0.594059405940594,False,117.0,0.008,2.37
dataset6_CLINIC_0018_data,grupo 3,6,7.0,4.933182716369629,3,ok,0.11764705882352941,False,117.0,4.914,0.432
dataset6_CLINIC_0018_data,grupo 3,6,4.91,3.8881826400756836,2,ok,0.11764705882352941,True,117.0,4.914,0.432
dataset6_CLINIC_0018_data,grupo 3,6,7.3,5.0831828117370605,3,ok,0.11764705882352941,False,117.0,4.914,0.432
dataset6_CLINIC_0018_data,grupo 3,7,7.0,0.5761802196502686,1,ok,0.5247524752475248,False,117.0,0.086,0.989
dataset6_CLINIC_0018_data,grupo 3,7,4.91,0.0,0,ok,0.5247524752475248,True,117.0,0.086,0.989
dataset6_CLINIC_0018_data,grupo 3,7,7.3,0.7261803150177002,1,ok,0.5247524752475248,False,117.0,0.086,0.989
dataset6_CLINIC_0018_data,grupo 3,8,7.0,3.8679392337799072,2,ok,0.23,False,117.0,3.248,0.964
dataset6_CLINIC_0018_data,grupo 3,8,4.91,2.822939157485962,2,ok,0.23,True,117.0,3.248,0.964
dataset6_CLINIC_0018_data,grupo 3,8,7.3,4.01793909072876,3,ok,0.23,False,117.0,3.248,0.964
dataset6_CLINIC_0018_data,grupo 3,9,7.0,2.6236932277679443,2,ok,0.5247524752475248,False,117.0,3.454,0.405
dataset6_CLINIC_0018_data,grupo 3,9,4.91,1.578693151473999,1,ok,0.5247524752475248,True,117.0,3.454,0.405
dataset6_CLINIC_0018_data,grupo 3,9,7.3,2.773693323135376,2,ok,0.5247524752475248,False,117.0,3.454,0.405
dataset6_CLINIC_0018_data,grupo 3,10,7.0,0.6511852741241455,1,ok,0.6138613861386139,False,117.0,1.802,1.662
dataset6_CLINIC_0018_data,grupo 3,10,4.91,0.0,0,ok,0.6138613861386139,True,117.0,1.802,1.662
dataset6_CLINIC_0018_data,grupo 3,10,7.3,0.8011853694915771,1,ok,0.6138613861386139,False,117.0,1.802,1.662
dataset6_CLINIC_0018_data,grupo 3,11,7.0,0.41228270530700684,1,ok,0.7029702970297029,False,117.0,1.345,1.084
dataset6_CLINIC_0018_data,grupo 3,11,4.91,0.0,0,ok,0.7029702970297029,True,117.0,1.345,1.084
dataset6_CLINIC_0018_data,grupo 3,11,7.3,0.5622828006744385,1,ok,0.7029702970297029,False,117.0,1.345,1.084
dataset6_CLINIC_0018_data,grupo 3,12,7.0,0.5207715034484863,1,ok,0.6039603960396039,False,117.0,0.092,0.946
dataset6_CLINIC_0018_data,grupo 3,12,4.91,0.0,0,ok,0.6039603960396039,True,117.0,0.092,0.946
dataset6_CLINIC_0018_data,grupo 3,12,7.3,0.670771598815918,1,ok,0.6039603960396039,False,117.0,0.092,0.946
dataset6_CLINIC_0018_data,grupo 3,13,7.0,2.287020206451416,2,ok,0.1485148514851485,False,117.0,4.912,0.367
dataset6_CLINIC_0018_data,grupo 3,13,4.91,1.2420201301574707,1,ok,0.1485148514851485,True,117.0,4.912,0.367
dataset6_CLINIC_0018_data,grupo 3,13,7.3,2.4370203018188477,2,ok,0.1485148514851485,False,117.0,4.912,0.367
dataset6_CLINIC_0018_data,grupo 3,14,7.0,3.9104526042938232,2,ok,0.5742574257425742,False,117.0,5.082,0.294
dataset6_CLINIC_0018_data,grupo 3,14,4.91,2.865452527999878,2,ok,0.5742574257425742,True,117.0,5.082,0.294
dataset6_CLINIC_0018_data,grupo 3,14,7.3,4.060452938079834,3,ok,0.5742574257425742,False,117.0,5.082,0.294
dataset6_CLINIC_0018_data,grupo 3,15,7.0,0.7292072772979736,1,ok,0.6138613861386139,False,117.0,1.895,0.847
dataset6_CLINIC_0018_data,grupo 3,15,4.91,0.0,0,ok,0.6138613861386139,True,117.0,1.895,0.847
dataset6_CLINIC_0018_data,grupo 3,15,7.3,0.8792073726654053,1,ok,0.6138613861386139,False,117.0,1.895,0.847
dataset6_CLINIC_0018_data,grupo 3,16,7.0,0.6399993896484375,1,ok,0.5742574257425742,False,117.0,2.514,0.03
dataset6_CLINIC_0018_data,grupo 3,16,4.91,0.0,0,ok,0.5742574257425742,True,117.0,2.514,0.03
dataset6_CLINIC_0018_data,grupo 3,16,7.3,0.7899994850158691,1,ok,0.5742574257425742,False,117.0,2.514,0.03
dataset6_CLINIC_0018_data,grupo 3,17,7.0,0.07152128219604492,1,ok,0.7227722772277227,False,117.0,0.475,0.898
dataset6_CLINIC_0018_data,grupo 3,17,4.91,0.0,0,ok,0.7227722772277227,True,117.0,0.475,0.898
dataset6_CLINIC_0018_data,grupo 3,17,7.3,0.22152137756347656,1,ok,0.7227722772277227,False,117.0,0.475,0.898
dataset6_CLINIC_0018_data,grupo 3,18,7.0,1.508982539176941,1,ok,0.3465346534653465,False,117.0,1.349,0.2
dataset6_CLINIC_0018_data,grupo 3,18,4.91,0.4639824628829956,1,ok,0.3465346534653465,True,117.0,1.349,0.2
dataset6_CLINIC_0018_data,grupo 3,18,7.3,1.6589826345443726,1,ok,0.3465346534653465,False,117.0,1.349,0.2
dataset6_CLINIC_0018_data,grupo 3,19,7.0,2.1588845252990723,2,ok,0.24752475247524752,False,117.0,4.426,0.892
dataset6_CLINIC_0018_data,grupo 3,19,4.91,1.1138845682144165,1,ok,0.24752475247524752,True,117.0,4.426,0.892
dataset6_CLINIC_0018_data,grupo 3,19,7.3,2.308884620666504,2,ok,0.24752475247524752,False,117.0,4.426,0.892
dataset6_CLINIC_0018_data,grupo 3,20,7.0,1.5043926239013672,1,ok,0.6138613861386139,False,117.0,5.258,2.42
dataset6_CLINIC_0018_data,grupo 3,20,4.91,0.4593925476074219,1,ok,0.6138613861386139,True,117.0,5.258,2.42
dataset6_CLINIC_0018_data,grupo 3,20,7.3,1.6543927192687988,1,ok,0.6138613861386139,False,117.0,5.258,2.42
dataset6_CLINIC_0018_data,grupo 3,21,7.0,1.584084391593933,1,ok,0.594059405940594,False,117.0,3.78,2.557
dataset6_CLINIC_0018_data,grupo 3,21,4.91,0.5390843152999878,1,ok,0.594059405940594,True,117.0,3.78,2.557
dataset6_CLINIC_0018_data,grupo 3,21,7.3,1.7340844869613647,1,ok,0.594059405940594,False,117.0,3.78,2.557
dataset6_CLINIC_0018_data,grupo 3,22,7.0,0.0,0,ok,0.5445544554455446,False,117.0,2.069,1.31
dataset6_CLINIC_0018_data,grupo 3,22,4.91,0.0,0,ok,0.5445544554455446,True,117.0,2.069,1.31
dataset6_CLINIC_0018_data,grupo 3,22,7.3,0.0,0,ok,0.5445544554455446,False,117.0,2.069,1.31
dataset6_CLINIC_0018_data,grupo 3,23,7.0,1.2446095943450928,1,ok,0.6435643564356436,False,117.0,2.666,1.523
dataset6_CLINIC_0018_data,grupo 3,23,4.91,0.19960951805114746,1,ok,0.6435643564356436,True,117.0,2.666,1.523
dataset6_CLINIC_0018_data,grupo 3,23,7.3,1.3946096897125244,1,ok,0.6435643564356436,False,117.0,2.666,1.523
dataset6_CLINIC_0018_data,grupo 3,24,7.0,3.696174383163452,2,ok,0.5050505050505051,False,117.0,1.447,4.275
dataset6_CLINIC_0018_data,grupo 3,24,4.91,2.651174306869507,2,ok,0.5050505050505051,True,117.0,1.447,4.275
dataset6_CLINIC_0018_data,grupo 3,24,7.3,3.846174478530884,2,ok,0.5050505050505051,False,117.0,1.447,4.275
dataset6_CLINIC_0018_data,grupo 3,25,7.0,0.3074772357940674,1,ok,0.49504950495049505,False,117.0,0.812,4.27
dataset6_CLINIC_0018_data,grupo 3,25,4.91,0.0,0,ok,0.49504950495049505,True,117.0,0.812,4.27
dataset6_CLINIC_0018_data,grupo 3,25,7.3,0.457477331161499,1,ok,0.49504950495049505,False,117.0,0.812,4.27
dataset6_CLINIC_0018_data,grupo 3,26,7.0,2.3347578048706055,2,ok,0.6336633663366337,False,117.0,3.992,1.162
dataset6_CLINIC_0018_data,grupo 3,26,4.91,1.2897577285766602,1,ok,0.6336633663366337,True,117.0,3.992,1.162
dataset6_CLINIC_0018_data,grupo 3,26,7.3,2.484757900238037,2,ok,0.6336633663366337,False,117.0,3.992,1.162
dataset6_CLINIC_0018_data,grupo 3,27,7.0,0.1257932186126709,1,ok,0.7029702970297029,False,117.0,1.288,1.267
dataset6_CLINIC_0018_data,grupo 3,27,4.91,0.0,0,ok,0.7029702970297029,True,117.0,1.288,1.267
dataset6_CLINIC_0018_data,grupo 3,27,7.3,0.27579331398010254,1,ok,0.7029702970297029,False,117.0,1.288,1.267
dataset6_CLINIC_0018_data,grupo 3,28,7.0,2.26979398727417,2,ok,0.38613861386138615,False,117.0,0.366,6.154
dataset6_CLINIC_0018_data,grupo 3,28,4.91,1.2247940301895142,1,ok,0.38613861386138615,True,117.0,0.366,6.154
dataset6_CLINIC_0018_data,grupo 3,28,7.3,2.4197940826416016,2,ok,0.38613861386138615,False,117.0,0.366,6.154
dataset6_CLINIC_0018_data,grupo 3,29,7.0,1.832547664642334,1,ok,0.5247524752475248,False,117.0,4.228,2.582
dataset6_CLINIC_0018_data,grupo 3,29,4.91,0.7875475883483887,1,ok,0.5247524752475248,True,117.0,4.228,2.582
dataset6_CLINIC_0018_data,grupo 3,29,7.3,1.9825477600097656,1,ok,0.5247524752475248,False,117.0,4.228,2.582
dataset6_CLINIC_0018_data,grupo 3,30,7.0,2.2464561462402344,2,ok,0.49504950495049505,False,117.0,3.772,3.71
dataset6_CLINIC_0018_data,grupo 3,30,4.91,1.2014561891555786,1,ok,0.49504950495049505,True,117.0,3.772,3.71
dataset6_CLINIC_0018_data,grupo 3,30,7.3,2.396456241607666,2,ok,0.49504950495049505,False,117.0,3.772,3.71
dataset6_CLINIC_0018_data,grupo 3,31,7.0,5.303827285766602,3,ok,0.35789473684210527,False,117.0,4.263,2.157
dataset6_CLINIC_0018_data,grupo 3,31,4.91,4.258827209472656,3,ok,0.35789473684210527,True,117.0,4.263,2.157
dataset6_CLINIC_0018_data,grupo 3,31,7.3,5.453827381134033,3,ok,0.35789473684210527,False,117.0,4.263,2.157
dataset6_CLINIC_0018_data,grupo 3,32,7.0,3.292874813079834,2,ok,0.36633663366336633,False,117.0,3.019,3.976
dataset6_CLINIC_0018_data,grupo 3,32,4.91,2.2478747367858887,2,ok,0.36633663366336633,True,117.0,3.019,3.976
dataset6_CLINIC_0018_data,grupo 3,32,7.3,3.4428749084472656,2,ok,0.36633663366336633,False,117.0,3.019,3.976
dataset6_CLINIC_0018_data,grupo 3,33,7.0,0.0,0,ok,0.6039603960396039,False,117.0,1.144,1.095
dataset6_CLINIC_0018_data,grupo 3,33,4.91,0.0,0,ok,0.6039603960396039,True,117.0,1.144,1.095
dataset6_CLINIC_0018_data,grupo 3,33,7.3,0.0,0,ok,0.6039603960396039,False,117.0,1.144,1.095
dataset6_CLINIC_0018_data,grupo 3,34,7.0,3.0156285762786865,2,ok,0.43564356435643564,False,117.0,2.082,3.047
dataset6_CLINIC_0018_data,grupo 3,34,4.91,1.9706284999847412,1,ok,0.43564356435643564,True,117.0,2.082,3.047
dataset6_CLINIC_0018_data,grupo 3,34,7.3,3.165628671646118,2,ok,0.43564356435643564,False,117.0,2.082,3.047
dataset6_CLINIC_0018_data,grupo 3,35,7.0,0.8666725158691406,1,ok,0.5544554455445545,False,117.0,0.115,1.981
dataset6_CLINIC_0018_data,grupo 3,35,4.91,0.0,0,ok,0.5544554455445545,True,117.0,0.115,1.981
dataset6_CLINIC_0018_data,grupo 3,35,7.3,1.0166726112365723,1,ok,0.5544554455445545,False,117.0,0.115,1.981
dataset6_CLINIC_0018_data,grupo 3,36,7.0,0.47799205780029297,1,ok,0.5544554455445545,False,117.0,0.825,1.978
dataset6_CLINIC_0018_data,grupo 3,36,4.91,0.0,0,ok,0.5544554455445545,True,117.0,0.825,1.978
dataset6_CLINIC_0018_data,grupo 3,36,7.3,0.6279921531677246,1,ok,0.5544554455445545,False,117.0,0.825,1.978
dataset6_CLINIC_0018_data,grupo 3,37,7.0,1.5416278839111328,1,ok,0.38613861386138615,False,117.0,0.993,1.375
dataset6_CLINIC_0018_data,grupo 3,37,4.91,0.4966278076171875,1,ok,0.38613861386138615,True,117.0,0.993,1.375
dataset6_CLINIC_0018_data,grupo 3,37,7.3,1.6916279792785645,1,ok,0.38613861386138615,False,117.0,0.993,1.375
dataset6_CLINIC_0018_data,grupo 3,38,7.0,5.4569268226623535,3,ok,0.05128205128205128,False,117.0,5.305,1.069
dataset6_CLINIC_0018_data,grupo 3,38,4.91,4.411926746368408,3,ok,0.05128205128205128,True,117.0,5.305,1.069
dataset6_CLINIC_0018_data,grupo 3,38,7.3,5.606926918029785,3,ok,0.05128205128205128,False,117.0,5.305,1.069
dataset6_CLINIC_0018_data,grupo 3,39,7.0,1.1236770153045654,1,ok,0.6138613861386139,False,117.0,1.861,3.699
dataset6_CLINIC_0018_data,grupo 3,39,4.91,0.07867693901062012,1,ok,0.6138613861386139,True,117.0,1.861,3.699
dataset6_CLINIC_0018_data,grupo 3,39,7.3,1.273677110671997,1,ok,0.6138613861386139,False,117.0,1.861,3.699
dataset6_CLINIC_0018_data,grupo 3,40,7.0,1.0492990016937256,1,ok,0.40594059405940597,False,117.0,3.23,0.376
dataset6_CLINIC_0018_data,grupo 3,40,4.91,0.0042989253997802734,1,ok,0.40594059405940597,True,117.0,3.23,0.376
dataset6_CLINIC_0018_data,grupo 3,40,7.3,1.1992990970611572,1,ok,0.40594059405940597,False,117.0,3.23,0.376
dataset6_CLINIC_0018_data,grupo 3,41,7.0,0.5104854106903076,1,ok,0.6633663366336634,False,117.0,0.206,1.511
dataset6_CLINIC_0018_data,grupo 3,41,4.91,0.0,0,ok,0.6633663366336634,True,117.0,0.206,1.511
dataset6_CLINIC_0018_data,grupo 3,41,7.3,0.6604855060577393,1,ok,0.6633663366336634,False,117.0,0.206,1.511
dataset6_CLINIC_0018_data,grupo 3,42,7.0,3.074552059173584,2,ok,0.5454545454545454,False,117.0,2.814,3.676
dataset6_CLINIC_0018_data,grupo 3,42,4.91,2.0295519828796387,2,ok,0.5454545454545454,True,117.0,2.814,3.676
dataset6_CLINIC_0018_data,grupo 3,42,7.3,3.2245521545410156,2,ok,0.5454545454545454,False,117.0,2.814,3.676
dataset6_CLINIC_0018_data,grupo 3,43,7.0,0.022614240646362305,1,ok,0.6633663366336634,False,117.0,0.208,1.046
dataset6_CLINIC_0018_data,grupo 3,43,4.91,0.0,0,ok,0.6633663366336634,True,117.0,0.208,1.046
dataset6_CLINIC_0018_data,grupo 3,43,7.3,0.17261433601379395,1,ok,0.6633663366336634,False,117.0,0.208,1.046
dataset6_CLINIC_0018_data,grupo 3,44,7.0,2.317070960998535,2,ok,0.6138613861386139,False,117.0,3.229,1.816
dataset6_CLINIC_0018_data,grupo 3,44,4.91,1.2720710039138794,1,ok,0.6138613861386139,True,117.0,3.229,1.816
dataset6_CLINIC_0018_data,grupo 3,44,7.3,2.467071056365967,2,ok,0.6138613861386139,False,117.0,3.229,1.816
dataset6_CLINIC_0018_data,grupo 3,45,7.0,1.45585036277771,1,ok,0.504950495049505,False,117.0,2.631,3.652
dataset6_CLINIC_0018_data,grupo 3,45,4.91,0.41085028648376465,1,ok,0.504950495049505,True,117.0,2.631,3.652
dataset6_CLINIC_0018_data,grupo 3,45,7.3,1.6058504581451416,1,ok,0.504950495049505,False,117.0,2.631,3.652
dataset6_CLINIC_0018_data,grupo 3,46,7.0,0.0,0,ok,0.6138613861386139,False,117.0,1.597,0.12
dataset6_CLINIC_0018_data,grupo 3,46,4.91,0.0,0,ok,0.6138613861386139,True,117.0,1.597,0.12
dataset6_CLINIC_0018_data,grupo 3,46,7.3,0.0,0,ok,0.6138613861386139,False,117.0,1.597,0.12
dataset6_CLINIC_0018_data,grupo 3,47,7.0,0.7724416255950928,1,ok,0.6336633663366337,False,117.0,1.122,1.045
dataset6_CLINIC_0018_data,grupo 3,47,4.91,0.0,0,ok,0.6336633663366337,True,117.0,1.122,1.045
dataset6_CLINIC_0018_data,grupo 3,47,7.3,0.9224417209625244,1,ok,0.6336633663366337,False,117.0,1.122,1.045
dataset6_CLINIC_0018_data,grupo 3,48,7.0,3.936105251312256,2,ok,0.57,False,117.0,4.898,0.959
dataset6_CLINIC_0018_data,grupo 3,48,4.91,2.8911051750183105,2,ok,0.57,True,117.0,4.898,0.959
dataset6_CLINIC_0018_data,grupo 3,48,7.3,4.0861053466796875,3,ok,0.57,False,117.0,4.898,0.959
dataset6_CLINIC_0018_data,grupo 3,49,7.0,0.41219472885131836,1,ok,0.6534653465346535,False,117.0,1.58,3.439
dataset6_CLINIC_0018_data,grupo 3,49,4.91,0.0,0,ok,0.6534653465346535,True,117.0,1.58,3.439
dataset6_CLINIC_0018_data,grupo 3,49,7.3,0.56219482421875,1,ok,0.6534653465346535,False,117.0,1.58,3.439
dataset6_CLINIC_0014_data,grupo 3,0,7.0,1.0743000507354736,1,ok,0.5739130434782609,False,131.0,3.11,0.51
dataset6_CLINIC_0014_data,grupo 3,0,4.91,0.02929997444152832,1,ok,0.5739130434782609,True,131.0,3.11,0.51
dataset6_CLINIC_0014_data,grupo 3,0,7.3,1.2243001461029053,1,ok,0.5739130434782609,False,131.0,3.11,0.51
dataset6_CLINIC_0014_data,grupo 3,1,7.0,2.082557439804077,2,ok,0.45217391304347826,False,131.0,2.857,3.515
dataset6_CLINIC_0014_data,grupo 3,1,4.91,1.0375573635101318,1,ok,0.45217391304347826,True,131.0,2.857,3.515
dataset6_CLINIC_0014_data,grupo 3,1,7.3,2.232557535171509,2,ok,0.45217391304347826,False,131.0,2.857,3.515
dataset6_CLINIC_0014_data,grupo 3,2,7.0,0.0,0,ok,0.5826086956521739,False,131.0,1.695,1.696
dataset6_CLINIC_0014_data,grupo 3,2,4.91,0.0,0,ok,0.5826086956521739,True,131.0,1.695,1.696
dataset6_CLINIC_0014_data,grupo 3,2,7.3,0.0,0,ok,0.5826086956521739,False,131.0,1.695,1.696
dataset6_CLINIC_0014_data,grupo 3,3,7.0,2.0018138885498047,2,ok,0.30434782608695654,False,131.0,4.339,2.234
dataset6_CLINIC_0014_data,grupo 3,3,4.91,0.9568139314651489,1,ok,0.30434782608695654,True,131.0,4.339,2.234
dataset6_CLINIC_0014_data,grupo 3,3,7.3,2.1518139839172363,2,ok,0.30434782608695654,False,131.0,4.339,2.234
dataset6_CLINIC_0014_data,grupo 3,4,7.0,0.2151041030883789,1,ok,0.5478260869565217,False,131.0,1.579,3.176
dataset6_CLINIC_0014_data,grupo 3,4,4.91,0.0,0,ok,0.5478260869565217,True,131.0,1.579,3.176
dataset6_CLINIC_0014_data,grupo 3,4,7.3,0.36510419845581055,1,ok,0.5478260869565217,False,131.0,1.579,3.176
dataset6_CLINIC_0014_data,grupo 3,5,7.0,0.0,0,ok,0.5739130434782609,False,131.0,0.245,2.968
dataset6_CLINIC_0014_data,grupo 3,5,4.91,0.0,0,ok,0.5739130434782609,True,131.0,0.245,2.968
dataset6_CLINIC_0014_data,grupo 3,5,7.3,0.0,0,ok,0.5739130434782609,False,131.0,0.245,2.968
dataset6_CLINIC_0014_data,grupo 3,6,7.0,0.0,0,ok,0.5130434782608696,False,131.0,1.125,1.449
dataset6_CLINIC_0014_data,grupo 3,6,4.91,0.0,0,ok,0.5130434782608696,True,131.0,1.125,1.449
dataset6_CLINIC_0014_data,grupo 3,6,7.3,0.0,0,ok,0.5130434782608696,False,131.0,1.125,1.449
dataset6_CLINIC_0014_data,grupo 3,7,7.0,1.1147897243499756,1,ok,0.5652173913043478,False,131.0,0.874,2.871
dataset6_CLINIC_0014_data,grupo 3,7,4.91,0.06978964805603027,1,ok,0.5652173913043478,True,131.0,0.874,2.871
dataset6_CLINIC_0014_data,grupo 3,7,7.3,1.2647898197174072,1,ok,0.5652173913043478,False,131.0,0.874,2.871
dataset6_CLINIC_0014_data,grupo 3,8,7.0,2.5628104209899902,2,ok,0.2782608695652174,False,131.0,4.444,0.791
dataset6_CLINIC_0014_data,grupo 3,8,4.91,1.517810344696045,1,ok,0.2782608695652174,True,131.0,4.444,0.791
dataset6_CLINIC_0014_data,grupo 3,8,7.3,2.712810516357422,2,ok,0.2782608695652174,False,131.0,4.444,0.791
dataset6_CLINIC_0014_data,grupo 3,9,7.0,0.0,0,ok,0.5304347826086957,False,131.0,1.726,2.16
dataset6_CLINIC_0014_data,grupo 3,9,4.91,0.0,0,ok,0.5304347826086957,True,131.0,1.726,2.16
dataset6_CLINIC_0014_data,grupo 3,9,7.3,0.0,0,ok,0.5304347826086957,False,131.0,1.726,2.16
dataset6_CLINIC_0014_data,grupo 3,10,7.0,0.22605443000793457,1,ok,0.5652173913043478,False,131.0,1.785,1.361
dataset6_CLINIC_0014_data,grupo 3,10,4.91,0.0,0,ok,0.5652173913043478,True,131.0,1.785,1.361
dataset6_CLINIC_0014_data,grupo 3,10,7.3,0.3760545253753662,1,ok,0.5652173913043478,False,131.0,1.785,1.361
dataset6_CLINIC_0014_data,grupo 3,11,7.0,0.0,0,ok,0.5478260869565217,False,131.0,0.091,0.531
dataset6_CLINIC_0014_data,grupo 3,11,4.91,0.0,0,ok,0.5478260869565217,True,131.0,0.091,0.531
dataset6_CLINIC_0014_data,grupo 3,11,7.3,0.0,0,ok,0.5478260869565217,False,131.0,0.091,0.531
dataset6_CLINIC_0014_data,grupo 3,12,7.0,0.0,0,ok,0.5391304347826087,False,131.0,0.918,0.037
dataset6_CLINIC_0014_data,grupo 3,12,4.91,0.0,0,ok,0.5391304347826087,True,131.0,0.918,0.037
dataset6_CLINIC_0014_data,grupo 3,12,7.3,0.0,0,ok,0.5391304347826087,False,131.0,0.918,0.037
dataset6_CLINIC_0014_data,grupo 3,13,7.0,0.0,0,ok,0.5478260869565217,False,131.0,0.454,0.538
dataset6_CLINIC_0014_data,grupo 3,13,4.91,0.0,0,ok,0.5478260869565217,True,131.0,0.454,0.538
dataset6_CLINIC_0014_data,grupo 3,13,7.3,0.0,0,ok,0.5478260869565217,False,131.0,0.454,0.538
dataset6_CLINIC_0014_data,grupo 3,14,7.0,2.553956985473633,2,ok,0.4,False,131.0,3.607,4.134
dataset6_CLINIC_0014_data,grupo 3,14,4.91,1.508956789970398,1,ok,0.4,True,131.0,3.607,4.134
dataset6_CLINIC_0014_data,grupo 3,14,7.3,2.7039570808410645,2,ok,0.4,False,131.0,3.607,4.134
dataset6_CLINIC_0014_data,grupo 3,15,7.0,0.7676610946655273,1,ok,0.6260869565217392,False,131.0,3.013,1.446
dataset6_CLINIC_0014_data,grupo 3,15,4.91,0.0,0,ok,0.6260869565217392,True,131.0,3.013,1.446
dataset6_CLINIC_0014_data,grupo 3,15,7.3,0.917661190032959,1,ok,0.6260869565217392,False,131.0,3.013,1.446
dataset6_CLINIC_0014_data,grupo 3,16,7.0,4.956185340881348,3,ok,0.6238532110091743,False,131.0,3.299,3.975
dataset6_CLINIC_0014_data,grupo 3,16,4.91,3.9111852645874023,2,ok,0.6238532110091743,True,131.0,3.299,3.975
dataset6_CLINIC_0014_data,grupo 3,16,7.3,5.106185436248779,3,ok,0.6238532110091743,False,131.0,3.299,3.975
dataset6_CLINIC_0014_data,grupo 3,17,7.0,1.40093994140625,1,ok,0.591304347826087,False,131.0,3.303,0.453
dataset6_CLINIC_0014_data,grupo 3,17,4.91,0.3559398651123047,1,ok,0.591304347826087,True,131.0,3.303,0.453
dataset6_CLINIC_0014_data,grupo 3,17,7.3,1.5509400367736816,1,ok,0.591304347826087,False,131.0,3.303,0.453
dataset6_CLINIC_0014_data,grupo 3,18,7.0,0.0,0,ok,0.5391304347826087,False,131.0,0.355,0.176
dataset6_CLINIC_0014_data,grupo 3,18,4.91,0.0,0,ok,0.5391304347826087,True,131.0,0.355,0.176
dataset6_CLINIC_0014_data,grupo 3,18,7.3,0.0,0,ok,0.5391304347826087,False,131.0,0.355,0.176
dataset6_CLINIC_0014_data,grupo 3,19,7.0,3.1286680698394775,2,ok,0.3157894736842105,False,131.0,4.476,3.518
dataset6_CLINIC_0014_data,grupo 3,19,4.91,2.0836679935455322,2,ok,0.3157894736842105,True,131.0,4.476,3.518
dataset6_CLINIC_0014_data,grupo 3,19,7.3,3.278668165206909,2,ok,0.3157894736842105,False,131.0,4.476,3.518
dataset6_CLINIC_0014_data,grupo 3,20,7.0,0.07302641868591309,1,ok,0.5826086956521739,False,131.0,2.441,1.06
dataset6_CLINIC_0014_data,grupo 3,20,4.91,0.0,0,ok,0.5826086956521739,True,131.0,2.441,1.06
dataset6_CLINIC_0014_data,grupo 3,20,7.3,0.22302651405334473,1,ok,0.5826086956521739,False,131.0,2.441,1.06
dataset6_CLINIC_0014_data,grupo 3,21,7.0,0.0,0,ok,0.5304347826086957,False,131.0,0.807,1.383
dataset6_CLINIC_0014_data,grupo 3,21,4.91,0.0,0,ok,0.5304347826086957,True,131.0,0.807,1.383
dataset6_CLINIC_0014_data,grupo 3,21,7.3,0.0,0,ok,0.5304347826086957,False,131.0,0.807,1.383
dataset6_CLINIC_0014_data,grupo 3,22,7.0,1.756391167640686,1,ok,0.5043478260869565,False,131.0,0.022,4.375
dataset6_CLINIC_0014_data,grupo 3,22,4.91,0.7113910913467407,1,ok,0.5043478260869565,True,131.0,0.022,4.375
dataset6_CLINIC_0014_data,grupo 3,22,7.3,1.9063912630081177,1,ok,0.5043478260869565,False,131.0,0.022,4.375
dataset6_CLINIC_0014_data,grupo 3,23,7.0,0.0,0,ok,0.5565217391304348,False,131.0,0.339,0.329
dataset6_CLINIC_0014_data,grupo 3,23,4.91,0.0,0,ok,0.5565217391304348,True,131.0,0.339,0.329
dataset6_CLINIC_0014_data,grupo 3,23,7.3,0.0,0,ok,0.5565217391304348,False,131.0,0.339,0.329
dataset6_CLINIC_0014_data,grupo 3,24,7.0,2.799616813659668,2,ok,0.26956521739130435,False,131.0,3.875,4.108
dataset6_CLINIC_0014_data,grupo 3,24,4.91,1.7546167373657227,1,ok,0.26956521739130435,True,131.0,3.875,4.108
dataset6_CLINIC_0014_data,grupo 3,24,7.3,2.9496169090270996,2,ok,0.26956521739130435,False,131.0,3.875,4.108
dataset6_CLINIC_0014_data,grupo 3,25,7.0,2.6188416481018066,2,ok,0.6347826086956522,False,131.0,4.155,2.235
dataset6_CLINIC_0014_data,grupo 3,25,4.91,1.5738415718078613,1,ok,0.6347826086956522,True,131.0,4.155,2.235
dataset6_CLINIC_0014_data,grupo 3,25,7.3,2.7688417434692383,2,ok,0.6347826086956522,False,131.0,4.155,2.235
dataset6_CLINIC_0014_data,grupo 3,26,7.0,1.526757836341858,1,ok,0.43478260869565216,False,131.0,4.832,2.032
dataset6_CLINIC_0014_data,grupo 3,26,4.91,0.4817577600479126,1,ok,0.43478260869565216,True,131.0,4.832,2.032
dataset6_CLINIC_0014_data,grupo 3,26,7.3,1.6767579317092896,1,ok,0.43478260869565216,False,131.0,4.832,2.032
dataset6_CLINIC_0014_data,grupo 3,27,7.0,0.7758338451385498,1,ok,0.5565217391304348,False,131.0,3.007,1.868
dataset6_CLINIC_0014_data,grupo 3,27,4.91,0.0,0,ok,0.5565217391304348,True,131.0,3.007,1.868
dataset6_CLINIC_0014_data,grupo 3,27,7.3,0.9258339405059814,1,ok,0.5565217391304348,False,131.0,3.007,1.868
dataset6_CLINIC_0014_data,grupo 3,28,7.0,0.5423076152801514,1,ok,0.5130434782608696,False,131.0,1.987,0.465
dataset6_CLINIC_0014_data,grupo 3,28,4.91,0.0,0,ok,0.5130434782608696,True,131.0,1.987,0.465
dataset6_CLINIC_0014_data,grupo 3,28,7.3,0.692307710647583,1,ok,0.5130434782608696,False,131.0,1.987,0.465
dataset6_CLINIC_0014_data,grupo 3,29,7.0,1.4628450870513916,1,ok,0.4434782608695652,False,131.0,2.832,1.825
dataset6_CLINIC_0014_data,grupo 3,29,4.91,0.4178450107574463,1,ok,0.4434782608695652,True,131.0,2.832,1.825
dataset6_CLINIC_0014_data,grupo 3,29,7.3,1.6128451824188232,1,ok,0.4434782608695652,False,131.0,2.832,1.825
dataset6_CLINIC_0014_data,grupo 3,30,7.0,0.7360711097717285,1,ok,0.5652173913043478,False,131.0,1.685,1.475
dataset6_CLINIC_0014_data,grupo 3,30,4.91,0.0,0,ok,0.5652173913043478,True,131.0,1.685,1.475
dataset6_CLINIC_0014_data,grupo 3,30,7.3,0.8860712051391602,1,ok,0.5652173913043478,False,131.0,1.685,1.475
dataset6_CLINIC_0014_data,grupo 3,31,7.0,0.512791633605957,1,ok,0.6,False,131.0,1.982,1.794
dataset6_CLINIC_0014_data,grupo 3,31,4.91,0.0,0,ok,0.6,True,131.0,1.982,1.794
dataset6_CLINIC_0014_data,grupo 3,31,7.3,0.6627917289733887,1,ok,0.6,False,131.0,1.982,1.794
dataset6_CLINIC_0014_data,grupo 3,32,7.0,0.0,0,ok,0.5565217391304348,False,131.0,1.266,2.646
dataset6_CLINIC_0014_data,grupo 3,32,4.91,0.0,0,ok,0.5565217391304348,True,131.0,1.266,2.646
dataset6_CLINIC_0014_data,grupo 3,32,7.3,0.0,0,ok,0.5565217391304348,False,131.0,1.266,2.646
dataset6_CLINIC_0014_data,grupo 3,33,7.0,0.0,0,ok,0.5652173913043478,False,131.0,0.054,2.196
dataset6_CLINIC_0014_data,grupo 3,33,4.91,0.0,0,ok,0.5652173913043478,True,131.0,0.054,2.196
dataset6_CLINIC_0014_data,grupo 3,33,7.3,0.0,0,ok,0.5652173913043478,False,131.0,0.054,2.196
dataset6_CLINIC_0014_data,grupo 3,34,7.0,1.9965009689331055,1,ok,0.5391304347826087,False,131.0,0.257,4.237
dataset6_CLINIC_0014_data,grupo 3,34,4.91,0.9515008926391602,1,ok,0.5391304347826087,True,131.0,0.257,4.237
dataset6_CLINIC_0014_data,grupo 3,34,7.3,2.146501064300537,2,ok,0.5391304347826087,False,131.0,0.257,4.237
dataset6_CLINIC_0014_data,grupo 3,35,7.0,4.686908721923828,3,ok,0.22321428571428573,False,131.0,6.722,1.343
dataset6_CLINIC_0014_data,grupo 3,35,4.91,3.641908645629883,2,ok,0.22321428571428573,True,131.0,6.722,1.343
dataset6_CLINIC_0014_data,grupo 3,35,7.3,4.83690881729126,3,ok,0.22321428571428573,False,131.0,6.722,1.343
dataset6_CLINIC_0014_data,grupo 3,36,7.0,0.0,0,ok,0.5304347826086957,False,131.0,0.801,0.781
dataset6_CLINIC_0014_data,grupo 3,36,4.91,0.0,0,ok,0.5304347826086957,True,131.0,0.801,0.781
dataset6_CLINIC_0014_data,grupo 3,36,7.3,0.0,0,ok,0.5304347826086957,False,131.0,0.801,0.781
dataset6_CLINIC_0014_data,grupo 3,37,7.0,1.689331293106079,1,ok,0.5565217391304348,False,131.0,0.951,3.336
dataset6_CLINIC_0014_data,grupo 3,37,4.91,0.6443312168121338,1,ok,0.5565217391304348,True,131.0,0.951,3.336
dataset6_CLINIC_0014_data,grupo 3,37,7.3,1.8393313884735107,1,ok,0.5565217391304348,False,131.0,0.951,3.336
dataset6_CLINIC_0014_data,grupo 3,38,7.0,1.2722547054290771,1,ok,0.5565217391304348,False,131.0,0.433,4.912
dataset6_CLINIC_0014_data,grupo 3,38,4.91,0.22725462913513184,1,ok,0.5565217391304348,True,131.0,0.433,4.912
dataset6_CLINIC_0014_data,grupo 3,38,7.3,1.4222548007965088,1,ok,0.5565217391304348,False,131.0,0.433,4.912
dataset6_CLINIC_0014_data,grupo 3,39,7.0,0.5238370895385742,1,ok,0.5826086956521739,False,131.0,0.388,5.311
dataset6_CLINIC_0014_data,grupo 3,39,4.91,0.0,0,ok,0.5826086956521739,True,131.0,0.388,5.311
dataset6_CLINIC_0014_data,grupo 3,39,7.3,0.6738371849060059,1,ok,0.5826086956521739,False,131.0,0.388,5.311
dataset6_CLINIC_0014_data,grupo 3,40,7.0,4.393918037414551,3,ok,0.5267857142857143,False,131.0,4.429,2.551
dataset6_CLINIC_0014_data,grupo 3,40,4.91,3.3489179611206055,2,ok,0.5267857142857143,True,131.0,4.429,2.551
dataset6_CLINIC_0014_data,grupo 3,40,7.3,4.543918132781982,3,ok,0.5267857142857143,False,131.0,4.429,2.551
dataset6_CLINIC_0014_data,grupo 3,41,7.0,0.8702867031097412,1,ok,0.5652173913043478,False,131.0,0.153,2.886
dataset6_CLINIC_0014_data,grupo 3,41,4.91,0.0,0,ok,0.5652173913043478,True,131.0,0.153,2.886
dataset6_CLINIC_0014_data,grupo 3,41,7.3,1.0202867984771729,1,ok,0.5652173913043478,False,131.0,0.153,2.886
dataset6_CLINIC_0014_data,grupo 3,42,7.0,0.9229400157928467,1,ok,0.48695652173913045,False,131.0,1.916,2.43
dataset6_CLINIC_0014_data,grupo 3,42,4.91,0.0,0,ok,0.48695652173913045,True,131.0,1.916,2.43
dataset6_CLINIC_0014_data,grupo 3,42,7.3,1.0729401111602783,1,ok,0.48695652173913045,False,131.0,1.916,2.43
dataset6_CLINIC_0014_data,grupo 3,43,7.0,1.6952615976333618,1,ok,0.5652173913043478,False,131.0,1.391,3.638
dataset6_CLINIC_0014_data,grupo 3,43,4.91,0.6502615213394165,1,ok,0.5652173913043478,True,131.0,1.391,3.638
dataset6_CLINIC_0014_data,grupo 3,43,7.3,1.8452616930007935,1,ok,0.5652173913043478,False,131.0,1.391,3.638
dataset6_CLINIC_0014_data,grupo 3,44,7.0,0.0,0,ok,0.5391304347826087,False,131.0,0.111,0.043
dataset6_CLINIC_0014_data,grupo 3,44,4.91,0.0,0,ok,0.5391304347826087,True,131.0,0.111,0.043
dataset6_CLINIC_0014_data,grupo 3,44,7.3,0.0,0,ok,0.5391304347826087,False,131.0,0.111,0.043
dataset6_CLINIC_0014_data,grupo 3,45,7.0,0.0,0,ok,0.5478260869565217,False,131.0,0.702,2.035
dataset6_CLINIC_0014_data,grupo 3,45,4.91,0.0,0,ok,0.5478260869565217,True,131.0,0.702,2.035
dataset6_CLINIC_0014_data,grupo 3,45,7.3,0.0,0,ok,0.5478260869565217,False,131.0,0.702,2.035
dataset6_CLINIC_0014_data,grupo 3,46,7.0,0.0,0,ok,0.5304347826086957,False,131.0,1.154,1.098
dataset6_CLINIC_0014_data,grupo 3,46,4.91,0.0,0,ok,0.5304347826086957,True,131.0,1.154,1.098
dataset6_CLINIC_0014_data,grupo 3,46,7.3,0.0,0,ok,0.5304347826086957,False,131.0,1.154,1.098
dataset6_CLINIC_0014_data,grupo 3,47,7.0,0.4428083896636963,1,ok,0.6,False,131.0,1.573,2.488
dataset6_CLINIC_0014_data,grupo 3,47,4.91,0.0,0,ok,0.6,True,131.0,1.573,2.488
dataset6_CLINIC_0014_data,grupo 3,47,7.3,0.5928084850311279,1,ok,0.6,False,131.0,1.573,2.488
dataset6_CLINIC_0014_data,grupo 3,48,7.0,5.054437160491943,3,ok,0.5596330275229358,False,131.0,5.668,3.935
dataset6_CLINIC_0014_data,grupo 3,48,4.91,4.009437084197998,3,ok,0.5596330275229358,True,131.0,5.668,3.935
dataset6_CLINIC_0014_data,grupo 3,48,7.3,5.204437255859375,3,ok,0.5596330275229358,False,131.0,5.668,3.935
dataset6_CLINIC_0014_data,grupo 3,49,7.0,0.011445760726928711,1,ok,0.591304347826087,False,131.0,0.863,3.571
dataset6_CLINIC_0014_data,grupo 3,49,4.91,0.0,0,ok,0.591304347826087,True,131.0,0.863,3.571
dataset6_CLINIC_0014_data,grupo 3,49,7.3,0.16144585609436035,1,ok,0.591304347826087,False,131.0,0.863,3.571
dataset6_CLINIC_0003_data,grupo 3,0,7.0,0.0,0,ok,0.2231404958677686,True,137.0,0.029,0.466
dataset6_CLINIC_0003_data,grupo 3,0,4.91,0.0,0,ok,0.2231404958677686,True,137.0,0.029,0.466
dataset6_CLINIC_0003_data,grupo 3,0,7.3,0.0,0,ok,0.2231404958677686,False,137.0,0.029,0.466
dataset6_CLINIC_0003_data,grupo 3,1,7.0,0.5929269790649414,1,ok,0.2396694214876033,True,137.0,2.571,0.594
dataset6_CLINIC_0003_data,grupo 3,1,4.91,0.0,0,ok,0.2396694214876033,True,137.0,2.571,0.594
dataset6_CLINIC_0003_data,grupo 3,1,7.3,0.742927074432373,1,ok,0.2396694214876033,False,137.0,2.571,0.594
dataset6_CLINIC_0003_data,grupo 3,2,7.0,0.05842185020446777,1,ok,0.2644628099173554,True,137.0,0.844,0.806
dataset6_CLINIC_0003_data,grupo 3,2,4.91,0.0,0,ok,0.2644628099173554,True,137.0,0.844,0.806
dataset6_CLINIC_0003_data,grupo 3,2,7.3,0.20842194557189941,1,ok,0.2644628099173554,False,137.0,0.844,0.806
dataset6_CLINIC_0003_data,grupo 3,3,7.0,0.0,0,ok,0.2975206611570248,True,137.0,1.66,2.092
dataset6_CLINIC_0003_data,grupo 3,3,4.91,0.0,0,ok,0.2975206611570248,True,137.0,1.66,2.092
dataset6_CLINIC_0003_data,grupo 3,3,7.3,0.09235000610351562,1,ok,0.2975206611570248,False,137.0,1.66,2.092
dataset6_CLINIC_0003_data,grupo 3,4,7.0,0.24438023567199707,1,ok,0.256198347107438,True,137.0,0.896,2.003
dataset6_CLINIC_0003_data,grupo 3,4,4.91,0.0,0,ok,0.256198347107438,True,137.0,0.896,2.003
dataset6_CLINIC_0003_data,grupo 3,4,7.3,0.3943803310394287,1,ok,0.256198347107438,False,137.0,0.896,2.003
dataset6_CLINIC_0003_data,grupo 3,5,7.0,0.5297324657440186,1,ok,0.3305785123966942,True,137.0,3.029,0.629
dataset6_CLINIC_0003_data,grupo 3,5,4.91,0.0,0,ok,0.3305785123966942,True,137.0,3.029,0.629
dataset6_CLINIC_0003_data,grupo 3,5,7.3,0.6797325611114502,1,ok,0.3305785123966942,False,137.0,3.029,0.629
dataset6_CLINIC_0003_data,grupo 3,6,7.0,0.0,0,ok,0.2644628099173554,True,137.0,0.154,0.374
dataset6_CLINIC_0003_data,grupo 3,6,4.91,0.0,0,ok,0.2644628099173554,True,137.0,0.154,0.374
dataset6_CLINIC_0003_data,grupo 3,6,7.3,0.0,0,ok,0.2644628099173554,False,137.0,0.154,0.374
dataset6_CLINIC_0003_data,grupo 3,7,7.0,0.1242361068725586,1,ok,0.2975206611570248,True,137.0,1.489,0.688
dataset6_CLINIC_0003_data,grupo 3,7,4.91,0.0,0,ok,0.2975206611570248,True,137.0,1.489,0.688
dataset6_CLINIC_0003_data,grupo 3,7,7.3,0.27423620223999023,1,ok,0.2975206611570248,False,137.0,1.489,0.688
dataset6_CLINIC_0003_data,grupo 3,8,7.0,0.0,0,ok,0.2975206611570248,True,137.0,0.883,0.315
dataset6_CLINIC_0003_data,grupo 3,8,4.91,0.0,0,ok,0.2975206611570248,True,137.0,0.883,0.315
dataset6_CLINIC_0003_data,grupo 3,8,7.3,0.0,0,ok,0.2975206611570248,False,137.0,0.883,0.315
dataset6_CLINIC_0003_data,grupo 3,9,7.0,0.984785795211792,1,ok,0.14049586776859505,True,137.0,3.076,1.894
dataset6_CLINIC_0003_data,grupo 3,9,4.91,0.0,0,ok,0.14049586776859505,True,137.0,3.076,1.894
dataset6_CLINIC_0003_data,grupo 3,9,7.3,1.1347858905792236,1,ok,0.14049586776859505,False,137.0,3.076,1.894
dataset6_CLINIC_0003_data,grupo 3,10,7.0,1.8645529747009277,1,ok,0.2892561983471074,True,137.0,3.759,1.351
dataset6_CLINIC_0003_data,grupo 3,10,4.91,0.8195528984069824,1,ok,0.2892561983471074,True,137.0,3.759,1.351
dataset6_CLINIC_0003_data,grupo 3,10,7.3,2.0145530700683594,2,ok,0.2892561983471074,False,137.0,3.759,1.351
dataset6_CLINIC_0003_data,grupo 3,11,7.0,0.0,0,ok,0.24793388429752067,True,137.0,0.163,2.128
dataset6_CLINIC_0003_data,grupo 3,11,4.91,0.0,0,ok,0.24793388429752067,True,137.0,0.163,2.128
dataset6_CLINIC_0003_data,grupo 3,11,7.3,0.0,0,ok,0.24793388429752067,False,137.0,0.163,2.128
dataset6_CLINIC_0003_data,grupo 3,12,7.0,2.5065038204193115,2,ok,0.23140495867768596,True,137.0,4.805,0.153
dataset6_CLINIC_0003_data,grupo 3,12,4.91,1.4615037441253662,1,ok,0.23140495867768596,True,137.0,4.805,0.153
dataset6_CLINIC_0003_data,grupo 3,12,7.3,2.656503915786743,2,ok,0.23140495867768596,False,137.0,4.805,0.153
dataset6_CLINIC_0003_data,grupo 3,13,7.0,1.2013750076293945,1,ok,0.2644628099173554,True,137.0,2.839,0.025
dataset6_CLINIC_0003_data,grupo 3,13,4.91,0.15637493133544922,1,ok,0.2644628099173554,True,137.0,2.839,0.025
dataset6_CLINIC_0003_data,grupo 3,13,7.3,1.3513751029968262,1,ok,0.2644628099173554,False,137.0,2.839,0.025
dataset6_CLINIC_0003_data,grupo 3,14,7.0,0.25129151344299316,1,ok,0.2644628099173554,True,137.0,1.792,2.963
dataset6_CLINIC_0003_data,grupo 3,14,4.91,0.0,0,ok,0.2644628099173554,True,137.0,1.792,2.963
dataset6_CLINIC_0003_data,grupo 3,14,7.3,0.4012916088104248,1,ok,0.2644628099173554,False,137.0,1.792,2.963
dataset6_CLINIC_0003_data,grupo 3,15,7.0,0.0,0,ok,0.2975206611570248,True,137.0,0.522,1.626
dataset6_CLINIC_0003_data,grupo 3,15,4.91,0.0,0,ok,0.2975206611570248,True,137.0,0.522,1.626
dataset6_CLINIC_0003_data,grupo 3,15,7.3,0.0,0,ok,0.2975206611570248,False,137.0,0.522,1.626
dataset6_CLINIC_0003_data,grupo 3,16,7.0,0.6567180156707764,1,ok,0.21487603305785125,True,137.0,1.886,0.111
dataset6_CLINIC_0003_data,grupo 3,16,4.91,0.0,0,ok,0.21487603305785125,True,137.0,1.886,0.111
dataset6_CLINIC_0003_data,grupo 3,16,7.3,0.806718111038208,1,ok,0.21487603305785125,False,137.0,1.886,0.111
dataset6_CLINIC_0003_data,grupo 3,17,7.0,0.6569223403930664,1,ok,0.2644628099173554,True,137.0,2.532,0.141
dataset6_CLINIC_0003_data,grupo 3,17,4.91,0.0,0,ok,0.2644628099173554,True,137.0,2.532,0.141
dataset6_CLINIC_0003_data,grupo 3,17,7.3,0.806922435760498,1,ok,0.2644628099173554,False,137.0,2.532,0.141
dataset6_CLINIC_0003_data,grupo 3,18,7.0,0.7034637928009033,1,ok,0.2975206611570248,True,137.0,2.838,2.665
dataset6_CLINIC_0003_data,grupo 3,18,4.91,0.0,0,ok,0.2975206611570248,True,137.0,2.838,2.665
dataset6_CLINIC_0003_data,grupo 3,18,7.3,0.853463888168335,1,ok,0.2975206611570248,False,137.0,2.838,2.665
dataset6_CLINIC_0003_data,grupo 3,19,7.0,3.8091557025909424,2,ok,0.2916666666666667,True,137.0,3.501,3.797
dataset6_CLINIC_0003_data,grupo 3,19,4.91,2.764155626296997,2,ok,0.2916666666666667,True,137.0,3.501,3.797
dataset6_CLINIC_0003_data,grupo 3,19,7.3,3.959155797958374,2,ok,0.2916666666666667,False,137.0,3.501,3.797
dataset6_CLINIC_0003_data,grupo 3,20,7.0,0.49133729934692383,1,ok,0.08264462809917356,True,137.0,3.494,1.266
dataset6_CLINIC_0003_data,grupo 3,20,4.91,0.0,0,ok,0.08264462809917356,True,137.0,3.494,1.266
dataset6_CLINIC_0003_data,grupo 3,20,7.3,0.6413373947143555,1,ok,0.08264462809917356,False,137.0,3.494,1.266
dataset6_CLINIC_0003_data,grupo 3,21,7.0,0.0,0,ok,0.2644628099173554,True,137.0,1.061,0.347
dataset6_CLINIC_0003_data,grupo 3,21,4.91,0.0,0,ok,0.2644628099173554,True,137.0,1.061,0.347
dataset6_CLINIC_0003_data,grupo 3,21,7.3,0.0,0,ok,0.2644628099173554,False,137.0,1.061,0.347
dataset6_CLINIC_0003_data,grupo 3,22,7.0,0.0,0,ok,0.24793388429752067,True,137.0,0.759,1.612
dataset6_CLINIC_0003_data,grupo 3,22,4.91,0.0,0,ok,0.24793388429752067,True,137.0,0.759,1.612
dataset6_CLINIC_0003_data,grupo 3,22,7.3,0.0,0,ok,0.24793388429752067,False,137.0,0.759,1.612
dataset6_CLINIC_0003_data,grupo 3,23,7.0,0.7523713111877441,1,ok,0.15702479338842976,True,137.0,2.203,1.727
dataset6_CLINIC_0003_data,grupo 3,23,4.91,0.0,0,ok,0.15702479338842976,True,137.0,2.203,1.727
dataset6_CLINIC_0003_data,grupo 3,23,7.3,0.9023714065551758,1,ok,0.15702479338842976,False,137.0,2.203,1.727
dataset6_CLINIC_0003_data,grupo 3,24,7.0,0.0,0,ok,0.2809917355371901,True,137.0,0.842,1.557
dataset6_CLINIC_0003_data,grupo 3,24,4.91,0.0,0,ok,0.2809917355371901,True,137.0,0.842,1.557
dataset6_CLINIC_0003_data,grupo 3,24,7.3,0.0,0,ok,0.2809917355371901,False,137.0,0.842,1.557
dataset6_CLINIC_0003_data,grupo 3,25,7.0,0.0,0,ok,0.2727272727272727,True,137.0,0.689,0.617
dataset6_CLINIC_0003_data,grupo 3,25,4.91,0.0,0,ok,0.2727272727272727,True,137.0,0.689,0.617
dataset6_CLINIC_0003_data,grupo 3,25,7.3,0.0,0,ok,0.2727272727272727,False,137.0,0.689,0.617
dataset6_CLINIC_0003_data,grupo 3,26,7.0,0.0,0,ok,0.2396694214876033,True,137.0,0.287,0.359
dataset6_CLINIC_0003_data,grupo 3,26,4.91,0.0,0,ok,0.2396694214876033,True,137.0,0.287,0.359
dataset6_CLINIC_0003_data,grupo 3,26,7.3,0.0,0,ok,0.2396694214876033,False,137.0,0.287,0.359
dataset6_CLINIC_0003_data,grupo 3,27,7.0,3.2777884006500244,2,ok,0.256198347107438,True,137.0,5.268,0.939
dataset6_CLINIC_0003_data,grupo 3,27,4.91,2.232788324356079,2,ok,0.256198347107438,True,137.0,5.268,0.939
dataset6_CLINIC_0003_data,grupo 3,27,7.3,3.427788496017456,2,ok,0.256198347107438,False,137.0,5.268,0.939
dataset6_CLINIC_0003_data,grupo 3,28,7.0,0.9054222106933594,1,ok,0.2396694214876033,True,137.0,1.239,1.471
dataset6_CLINIC_0003_data,grupo 3,28,4.91,0.0,0,ok,0.2396694214876033,True,137.0,1.239,1.471
dataset6_CLINIC_0003_data,grupo 3,28,7.3,1.055422306060791,1,ok,0.2396694214876033,False,137.0,1.239,1.471
dataset6_CLINIC_0003_data,grupo 3,29,7.0,1.9265564680099487,1,ok,0.17355371900826447,True,137.0,2.262,3.231
dataset6_CLINIC_0003_data,grupo 3,29,4.91,0.8815563917160034,1,ok,0.17355371900826447,True,137.0,2.262,3.231
dataset6_CLINIC_0003_data,grupo 3,29,7.3,2.07655668258667,2,ok,0.17355371900826447,False,137.0,2.262,3.231
dataset6_CLINIC_0003_data,grupo 3,30,7.0,3.539278745651245,2,ok,0.4380165289256198,True,137.0,5.475,1.519
dataset6_CLINIC_0003_data,grupo 3,30,4.91,2.4942786693573,2,ok,0.4380165289256198,True,137.0,5.475,1.519
dataset6_CLINIC_0003_data,grupo 3,30,7.3,3.6892788410186768,2,ok,0.4380165289256198,False,137.0,5.475,1.519
dataset6_CLINIC_0003_data,grupo 3,31,7.0,0.0,0,ok,0.14049586776859505,True,137.0,1.773,2.713
dataset6_CLINIC_0003_data,grupo 3,31,4.91,0.0,0,ok,0.14049586776859505,True,137.0,1.773,2.713
dataset6_CLINIC_0003_data,grupo 3,31,7.3,0.0,0,ok,0.14049586776859505,False,137.0,1.773,2.713
dataset6_CLINIC_0003_data,grupo 3,32,7.0,1.4958710670471191,1,ok,0.09090909090909091,True,137.0,3.968,0.359
dataset6_CLINIC_0003_data,grupo 3,32,4.91,0.45087099075317383,1,ok,0.09090909090909091,True,137.0,3.968,0.359
dataset6_CLINIC_0003_data,grupo 3,32,7.3,1.6458711624145508,1,ok,0.09090909090909091,False,137.0,3.968,0.359
dataset6_CLINIC_0003_data,grupo 3,33,7.0,2.2093305587768555,2,ok,0.3305785123966942,True,137.0,4.154,1.033
dataset6_CLINIC_0003_data,grupo 3,33,4.91,1.1643306016921997,1,ok,0.3305785123966942,True,137.0,4.154,1.033
dataset6_CLINIC_0003_data,grupo 3,33,7.3,2.359330654144287,2,ok,0.3305785123966942,False,137.0,4.154,1.033
dataset6_CLINIC_0003_data,grupo 3,34,7.0,0.23542022705078125,1,ok,0.2727272727272727,True,137.0,0.93,2.495
dataset6_CLINIC_0003_data,grupo 3,34,4.91,0.0,0,ok,0.2727272727272727,True,137.0,0.93,2.495
dataset6_CLINIC_0003_data,grupo 3,34,7.3,0.3854203224182129,1,ok,0.2727272727272727,False,137.0,0.93,2.495
dataset6_CLINIC_0003_data,grupo 3,35,7.0,0.980741024017334,1,ok,0.2809917355371901,True,137.0,2.614,1.253
dataset6_CLINIC_0003_data,grupo 3,35,4.91,0.0,0,ok,0.2809917355371901,True,137.0,2.614,1.253
dataset6_CLINIC_0003_data,grupo 3,35,7.3,1.1307411193847656,1,ok,0.2809917355371901,False,137.0,2.614,1.253
dataset6_CLINIC_0003_data,grupo 3,36,7.0,0.1532754898071289,1,ok,0.2809917355371901,True,137.0,0.311,3.42
dataset6_CLINIC_0003_data,grupo 3,36,4.91,0.0,0,ok,0.2809917355371901,True,137.0,0.311,3.42
dataset6_CLINIC_0003_data,grupo 3,36,7.3,0.30327558517456055,1,ok,0.2809917355371901,False,137.0,0.311,3.42
dataset6_CLINIC_0003_data,grupo 3,37,7.0,0.0,0,ok,0.21487603305785125,True,137.0,2.272,1.605
dataset6_CLINIC_0003_data,grupo 3,37,4.91,0.0,0,ok,0.21487603305785125,True,137.0,2.272,1.605
dataset6_CLINIC_0003_data,grupo 3,37,7.3,0.0,0,ok,0.21487603305785125,False,137.0,2.272,1.605
dataset6_CLINIC_0003_data,grupo 3,38,7.0,1.0844969749450684,1,ok,0.32231404958677684,True,137.0,3.503,2.403
dataset6_CLINIC_0003_data,grupo 3,38,4.91,0.03949689865112305,1,ok,0.32231404958677684,True,137.0,3.503,2.403
dataset6_CLINIC_0003_data,grupo 3,38,7.3,1.2344970703125,1,ok,0.32231404958677684,False,137.0,3.503,2.403
dataset6_CLINIC_0003_data,grupo 3,39,7.0,0.966170072555542,1,ok,0.30578512396694213,True,137.0,0.375,3.241
dataset6_CLINIC_0003_data,grupo 3,39,4.91,0.0,0,ok,0.30578512396694213,True,137.0,0.375,3.241
dataset6_CLINIC_0003_data,grupo 3,39,7.3,1.1161701679229736,1,ok,0.30578512396694213,False,137.0,0.375,3.241
dataset6_CLINIC_0003_data,grupo 3,40,7.0,0.0,0,ok,0.2396694214876033,True,137.0,0.231,2.866
dataset6_CLINIC_0003_data,grupo 3,40,4.91,0.0,0,ok,0.2396694214876033,True,137.0,0.231,2.866
dataset6_CLINIC_0003_data,grupo 3,40,7.3,0.0,0,ok,0.2396694214876033,False,137.0,0.231,2.866
dataset6_CLINIC_0003_data,grupo 3,41,7.0,0.6932497024536133,1,ok,0.23140495867768596,True,137.0,1.938,0.132
dataset6_CLINIC_0003_data,grupo 3,41,4.91,0.0,0,ok,0.23140495867768596,True,137.0,1.938,0.132
dataset6_CLINIC_0003_data,grupo 3,41,7.3,0.8432497978210449,1,ok,0.23140495867768596,False,137.0,1.938,0.132
dataset6_CLINIC_0003_data,grupo 3,42,7.0,0.0,0,ok,0.2727272727272727,True,137.0,0.755,2.407
dataset6_CLINIC_0003_data,grupo 3,42,4.91,0.0,0,ok,0.2727272727272727,True,137.0,0.755,2.407
dataset6_CLINIC_0003_data,grupo 3,42,7.3,0.0,0,ok,0.2727272727272727,False,137.0,0.755,2.407
dataset6_CLINIC_0003_data,grupo 3,43,7.0,1.7604578733444214,1,ok,0.39669421487603307,True,137.0,4.703,2.409
dataset6_CLINIC_0003_data,grupo 3,43,4.91,0.7154577970504761,1,ok,0.39669421487603307,True,137.0,4.703,2.409
dataset6_CLINIC_0003_data,grupo 3,43,7.3,1.910457968711853,1,ok,0.39669421487603307,False,137.0,4.703,2.409
dataset6_CLINIC_0003_data,grupo 3,44,7.0,0.0,0,ok,0.2892561983471074,True,137.0,0.256,1.222
dataset6_CLINIC_0003_data,grupo 3,44,4.91,0.0,0,ok,0.2892561983471074,True,137.0,0.256,1.222
dataset6_CLINIC_0003_data,grupo 3,44,7.3,0.0,0,ok,0.2892561983471074,False,137.0,0.256,1.222
dataset6_CLINIC_0003_data,grupo 3,45,7.0,1.9410494565963745,1,ok,0.2727272727272727,True,137.0,3.097,0.989
dataset6_CLINIC_0003_data,grupo 3,45,4.91,0.8960493803024292,1,ok,0.2727272727272727,True,137.0,3.097,0.989
dataset6_CLINIC_0003_data,grupo 3,45,7.3,2.0910496711730957,2,ok,0.2727272727272727,False,137.0,3.097,0.989
dataset6_CLINIC_0003_data,grupo 3,46,7.0,0.7078466415405273,1,ok,0.33884297520661155,True,137.0,1.395,3.819
dataset6_CLINIC_0003_data,grupo 3,46,4.91,0.0,0,ok,0.33884297520661155,True,137.0,1.395,3.819
dataset6_CLINIC_0003_data,grupo 3,46,7.3,0.857846736907959,1,ok,0.33884297520661155,False,137.0,1.395,3.819
dataset6_CLINIC_0003_data,grupo 3,47,7.0,0.0,0,ok,0.24793388429752067,True,137.0,1.087,1.589
dataset6_CLINIC_0003_data,grupo 3,47,4.91,0.0,0,ok,0.24793388429752067,True,137.0,1.087,1.589
dataset6_CLINIC_0003_data,grupo 3,47,7.3,0.0,0,ok,0.24793388429752067,False,137.0,1.087,1.589
dataset6_CLINIC_0003_data,grupo 3,48,7.0,3.9897308349609375,2,ok,0.21367521367521367,True,137.0,4.872,0.038
dataset6_CLINIC_0003_data,grupo 3,48,4.91,2.944730758666992,2,ok,0.21367521367521367,True,137.0,4.872,0.038
dataset6_CLINIC_0003_data,grupo 3,48,7.3,4.139730930328369,3,ok,0.21367521367521367,False,137.0,4.872,0.038
dataset6_CLINIC_0003_data,grupo 3,49,7.0,0.0,0,ok,0.30578512396694213,True,137.0,2.91,0.817
dataset6_CLINIC_0003_data,grupo 3,49,4.91,0.0,0,ok,0.30578512396694213,True,137.0,2.91,0.817
dataset6_CLINIC_0003_data,grupo 3,49,7.3,0.0,0,ok,0.30578512396694213,False,137.0,2.91,0.817
dataset6_CLINIC_0015_data,grupo 3,0,7.0,0.33381032943725586,1,ok,0.3883495145631068,False,118.0,1.561,1.341
dataset6_CLINIC_0015_data,grupo 3,0,4.91,0.0,0,ok,0.3883495145631068,True,118.0,1.561,1.341
dataset6_CLINIC_0015_data,grupo 3,0,7.3,0.4838104248046875,1,ok,0.3883495145631068,False,118.0,1.561,1.341
dataset6_CLINIC_0015_data,grupo 3,1,7.0,0.0,0,ok,0.4368932038834951,False,118.0,0.482,2.151
dataset6_CLINIC_0015_data,grupo 3,1,4.91,0.0,0,ok,0.4368932038834951,True,118.0,0.482,2.151
dataset6_CLINIC_0015_data,grupo 3,1,7.3,0.0,0,ok,0.4368932038834951,False,118.0,0.482,2.151
dataset6_CLINIC_0015_data,grupo 3,2,7.0,0.2768559455871582,1,ok,0.4174757281553398,False,118.0,0.683,1.322
dataset6_CLINIC_0015_data,grupo 3,2,4.91,0.0,0,ok,0.4174757281553398,True,118.0,0.683,1.322
dataset6_CLINIC_0015_data,grupo 3,2,7.3,0.42685604095458984,1,ok,0.4174757281553398,False,118.0,0.683,1.322
dataset6_CLINIC_0015_data,grupo 3,3,7.0,0.017398595809936523,1,ok,0.4077669902912621,False,118.0,1.596,0.686
dataset6_CLINIC_0015_data,grupo 3,3,4.91,0.0,0,ok,0.4077669902912621,True,118.0,1.596,0.686
dataset6_CLINIC_0015_data,grupo 3,3,7.3,0.16739869117736816,1,ok,0.4077669902912621,False,118.0,1.596,0.686
dataset6_CLINIC_0015_data,grupo 3,4,7.0,0.0,0,ok,0.3786407766990291,False,118.0,3.051,0.406
dataset6_CLINIC_0015_data,grupo 3,4,4.91,0.0,0,ok,0.3786407766990291,True,118.0,3.051,0.406
dataset6_CLINIC_0015_data,grupo 3,4,7.3,0.0,0,ok,0.3786407766990291,False,118.0,3.051,0.406
dataset6_CLINIC_0015_data,grupo 3,5,7.0,0.0,0,ok,0.30097087378640774,False,118.0,0.135,5.33
dataset6_CLINIC_0015_data,grupo 3,5,4.91,0.0,0,ok,0.30097087378640774,True,118.0,0.135,5.33
dataset6_CLINIC_0015_data,grupo 3,5,7.3,0.08211731910705566,1,ok,0.30097087378640774,False,118.0,0.135,5.33
dataset6_CLINIC_0015_data,grupo 3,6,7.0,0.0,0,ok,0.42718446601941745,False,118.0,2.42,0.066
dataset6_CLINIC_0015_data,grupo 3,6,4.91,0.0,0,ok,0.42718446601941745,True,118.0,2.42,0.066
dataset6_CLINIC_0015_data,grupo 3,6,7.3,0.0,0,ok,0.42718446601941745,False,118.0,2.42,0.066
dataset6_CLINIC_0015_data,grupo 3,7,7.0,0.0,0,ok,0.36893203883495146,False,118.0,2.028,2.517
dataset6_CLINIC_0015_data,grupo 3,7,4.91,0.0,0,ok,0.36893203883495146,True,118.0,2.028,2.517
dataset6_CLINIC_0015_data,grupo 3,7,7.3,0.13794898986816406,1,ok,0.36893203883495146,False,118.0,2.028,2.517
dataset6_CLINIC_0015_data,grupo 3,8,7.0,2.3293538093566895,2,ok,0.36893203883495146,False,118.0,5.38,2.291
dataset6_CLINIC_0015_data,grupo 3,8,4.91,1.2843537330627441,1,ok,0.36893203883495146,True,118.0,5.38,2.291
dataset6_CLINIC_0015_data,grupo 3,8,7.3,2.479353904724121,2,ok,0.36893203883495146,False,118.0,5.38,2.291
dataset6_CLINIC_0015_data,grupo 3,9,7.0,0.25250840187072754,1,ok,0.42718446601941745,False,118.0,1.641,2.223
dataset6_CLINIC_0015_data,grupo 3,9,4.91,0.0,0,ok,0.42718446601941745,True,118.0,1.641,2.223
dataset6_CLINIC_0015_data,grupo 3,9,7.3,0.4025084972381592,1,ok,0.42718446601941745,False,118.0,1.641,2.223
dataset6_CLINIC_0015_data,grupo 3,10,7.0,0.0,0,ok,0.3592233009708738,False,118.0,2.117,1.71
dataset6_CLINIC_0015_data,grupo 3,10,4.91,0.0,0,ok,0.3592233009708738,True,118.0,2.117,1.71
dataset6_CLINIC_0015_data,grupo 3,10,7.3,0.0,0,ok,0.3592233009708738,False,118.0,2.117,1.71
dataset6_CLINIC_0015_data,grupo 3,11,7.0,0.6950054168701172,1,ok,0.39805825242718446,False,118.0,1.155,0.136
dataset6_CLINIC_0015_data,grupo 3,11,4.91,0.0,0,ok,0.39805825242718446,True,118.0,1.155,0.136
dataset6_CLINIC_0015_data,grupo 3,11,7.3,0.8450055122375488,1,ok,0.39805825242718446,False,118.0,1.155,0.136
dataset6_CLINIC_0015_data,grupo 3,12,7.0,0.8256113529205322,1,ok,0.36893203883495146,False,118.0,1.41,2.359
dataset6_CLINIC_0015_data,grupo 3,12,4.91,0.0,0,ok,0.36893203883495146,True,118.0,1.41,2.359
dataset6_CLINIC_0015_data,grupo 3,12,7.3,0.9756114482879639,1,ok,0.36893203883495146,False,118.0,1.41,2.359
dataset6_CLINIC_0015_data,grupo 3,13,7.0,0.0,0,ok,0.42718446601941745,False,118.0,2.456,1.407
dataset6_CLINIC_0015_data,grupo 3,13,4.91,0.0,0,ok,0.42718446601941745,True,118.0,2.456,1.407
dataset6_CLINIC_0015_data,grupo 3,13,7.3,0.0,0,ok,0.42718446601941745,False,118.0,2.456,1.407
dataset6_CLINIC_0015_data,grupo 3,14,7.0,3.613646984100342,2,ok,0.5148514851485149,False,118.0,6.751,1.655
dataset6_CLINIC_0015_data,grupo 3,14,4.91,2.5686469078063965,2,ok,0.5148514851485149,True,118.0,6.751,1.655
dataset6_CLINIC_0015_data,grupo 3,14,7.3,3.7636470794677734,2,ok,0.5148514851485149,False,118.0,6.751,1.655
dataset6_CLINIC_0015_data,grupo 3,15,7.0,0.11892318725585938,1,ok,0.3592233009708738,False,118.0,0.219,2.549
dataset6_CLINIC_0015_data,grupo 3,15,4.91,0.0,0,ok,0.3592233009708738,True,118.0,0.219,2.549
dataset6_CLINIC_0015_data,grupo 3,15,7.3,0.268923282623291,1,ok,0.3592233009708738,False,118.0,0.219,2.549
dataset6_CLINIC_0015_data,grupo 3,16,7.0,0.8455379009246826,1,ok,0.39805825242718446,False,118.0,0.204,4.608
dataset6_CLINIC_0015_data,grupo 3,16,4.91,0.0,0,ok,0.39805825242718446,True,118.0,0.204,4.608
dataset6_CLINIC_0015_data,grupo 3,16,7.3,0.9955379962921143,1,ok,0.39805825242718446,False,118.0,0.204,4.608
dataset6_CLINIC_0015_data,grupo 3,17,7.0,5.103509426116943,3,ok,0.26881720430107525,False,118.0,5.269,6.646
dataset6_CLINIC_0015_data,grupo 3,17,4.91,4.058509349822998,3,ok,0.26881720430107525,True,118.0,5.269,6.646
dataset6_CLINIC_0015_data,grupo 3,17,7.3,5.253509521484375,3,ok,0.26881720430107525,False,118.0,5.269,6.646
dataset6_CLINIC_0015_data,grupo 3,18,7.0,0.6276965141296387,1,ok,0.3592233009708738,False,118.0,2.283,3.048
dataset6_CLINIC_0015_data,grupo 3,18,4.91,0.0,0,ok,0.3592233009708738,True,118.0,2.283,3.048
dataset6_CLINIC_0015_data,grupo 3,18,7.3,0.7776966094970703,1,ok,0.3592233009708738,False,118.0,2.283,3.048
dataset6_CLINIC_0015_data,grupo 3,19,7.0,0.0,0,ok,0.42718446601941745,False,118.0,0.654,5.934
dataset6_CLINIC_0015_data,grupo 3,19,4.91,0.0,0,ok,0.42718446601941745,True,118.0,0.654,5.934
dataset6_CLINIC_0015_data,grupo 3,19,7.3,0.0,0,ok,0.42718446601941745,False,118.0,0.654,5.934
dataset6_CLINIC_0015_data,grupo 3,20,7.0,0.0,0,ok,0.42718446601941745,False,118.0,0.305,0.692
dataset6_CLINIC_0015_data,grupo 3,20,4.91,0.0,0,ok,0.42718446601941745,True,118.0,0.305,0.692
dataset6_CLINIC_0015_data,grupo 3,20,7.3,0.0,0,ok,0.42718446601941745,False,118.0,0.305,0.692
dataset6_CLINIC_0015_data,grupo 3,21,7.0,0.0,0,ok,0.4077669902912621,False,118.0,0.098,1.891
dataset6_CLINIC_0015_data,grupo 3,21,4.91,0.0,0,ok,0.4077669902912621,True,118.0,0.098,1.891
dataset6_CLINIC_0015_data,grupo 3,21,7.3,0.0,0,ok,0.4077669902912621,False,118.0,0.098,1.891
dataset6_CLINIC_0015_data,grupo 3,22,7.0,0.0,0,ok,0.39805825242718446,False,118.0,0.11,1.193
dataset6_CLINIC_0015_data,grupo 3,22,4.91,0.0,0,ok,0.39805825242718446,True,118.0,0.11,1.193
dataset6_CLINIC_0015_data,grupo 3,22,7.3,0.0,0,ok,0.39805825242718446,False,118.0,0.11,1.193
dataset6_CLINIC_0015_data,grupo 3,23,7.0,0.0,0,ok,0.4368932038834951,False,118.0,0.537,2.54
dataset6_CLINIC_0015_data,grupo 3,23,4.91,0.0,0,ok,0.4368932038834951,True,118.0,0.537,2.54
dataset6_CLINIC_0015_data,grupo 3,23,7.3,0.0,0,ok,0.4368932038834951,False,118.0,0.537,2.54
dataset6_CLINIC_0015_data,grupo 3,24,7.0,0.0,0,ok,0.4077669902912621,False,118.0,0.323,1.604
dataset6_CLINIC_0015_data,grupo 3,24,4.91,0.0,0,ok,0.4077669902912621,True,118.0,0.323,1.604
dataset6_CLINIC_0015_data,grupo 3,24,7.3,0.0,0,ok,0.4077669902912621,False,118.0,0.323,1.604
dataset6_CLINIC_0015_data,grupo 3,25,7.0,2.3297412395477295,2,ok,0.33980582524271846,False,118.0,3.096,2.497
dataset6_CLINIC_0015_data,grupo 3,25,4.91,1.2847411632537842,1,ok,0.33980582524271846,True,118.0,3.096,2.497
dataset6_CLINIC_0015_data,grupo 3,25,7.3,2.479741334915161,2,ok,0.33980582524271846,False,118.0,3.096,2.497
dataset6_CLINIC_0015_data,grupo 3,26,7.0,0.8085315227508545,1,ok,0.3592233009708738,False,118.0,1.978,4.955
dataset6_CLINIC_0015_data,grupo 3,26,4.91,0.0,0,ok,0.3592233009708738,True,118.0,1.978,4.955
dataset6_CLINIC_0015_data,grupo 3,26,7.3,0.9585316181182861,1,ok,0.3592233009708738,False,118.0,1.978,4.955
dataset6_CLINIC_0015_data,grupo 3,27,7.0,1.573279619216919,1,ok,0.3786407766990291,False,118.0,2.506,1.323
dataset6_CLINIC_0015_data,grupo 3,27,4.91,0.5282795429229736,1,ok,0.3786407766990291,True,118.0,2.506,1.323
dataset6_CLINIC_0015_data,grupo 3,27,7.3,1.7232797145843506,1,ok,0.3786407766990291,False,118.0,2.506,1.323
dataset6_CLINIC_0015_data,grupo 3,28,7.0,0.0,0,ok,0.42718446601941745,False,118.0,0.734,1.797
dataset6_CLINIC_0015_data,grupo 3,28,4.91,0.0,0,ok,0.42718446601941745,True,118.0,0.734,1.797
dataset6_CLINIC_0015_data,grupo 3,28,7.3,0.0,0,ok,0.42718446601941745,False,118.0,0.734,1.797
dataset6_CLINIC_0015_data,grupo 3,29,7.0,0.0,0,ok,0.42718446601941745,False,118.0,0.032,0.246
dataset6_CLINIC_0015_data,grupo 3,29,4.91,0.0,0,ok,0.42718446601941745,True,118.0,0.032,0.246
dataset6_CLINIC_0015_data,grupo 3,29,7.3,0.0,0,ok,0.42718446601941745,False,118.0,0.032,0.246
dataset6_CLINIC_0015_data,grupo 3,30,7.0,0.0,0,ok,0.42718446601941745,False,118.0,1.52,0.832
dataset6_CLINIC_0015_data,grupo 3,30,4.91,0.0,0,ok,0.42718446601941745,True,118.0,1.52,0.832
dataset6_CLINIC_0015_data,grupo 3,30,7.3,0.0,0,ok,0.42718446601941745,False,118.0,1.52,0.832
dataset6_CLINIC_0015_data,grupo 3,31,7.0,0.0,0,ok,0.3592233009708738,False,118.0,3.165,0.148
dataset6_CLINIC_0015_data,grupo 3,31,4.91,0.0,0,ok,0.3592233009708738,True,118.0,3.165,0.148
dataset6_CLINIC_0015_data,grupo 3,31,7.3,0.10644364356994629,1,ok,0.3592233009708738,False,118.0,3.165,0.148
dataset6_CLINIC_0015_data,grupo 3,32,7.0,0.0,0,ok,0.3786407766990291,False,118.0,3.724,4.811
dataset6_CLINIC_0015_data,grupo 3,32,4.91,0.0,0,ok,0.3786407766990291,True,118.0,3.724,4.811
dataset6_CLINIC_0015_data,grupo 3,32,7.3,0.0,0,ok,0.3786407766990291,False,118.0,3.724,4.811
dataset6_CLINIC_0015_data,grupo 3,33,7.0,0.0,0,ok,0.42718446601941745,False,118.0,0.955,0.962
dataset6_CLINIC_0015_data,grupo 3,33,4.91,0.0,0,ok,0.42718446601941745,True,118.0,0.955,0.962
dataset6_CLINIC_0015_data,grupo 3,33,7.3,0.0,0,ok,0.42718446601941745,False,118.0,0.955,0.962
dataset6_CLINIC_0015_data,grupo 3,34,7.0,0.0,0,ok,0.39805825242718446,False,118.0,2.047,1.498
dataset6_CLINIC_0015_data,grupo 3,34,4.91,0.0,0,ok,0.39805825242718446,True,118.0,2.047,1.498
dataset6_CLINIC_0015_data,grupo 3,34,7.3,0.0,0,ok,0.39805825242718446,False,118.0,2.047,1.498
dataset6_CLINIC_0015_data,grupo 3,35,7.0,0.22422146797180176,1,ok,0.3883495145631068,False,118.0,1.714,1.819
dataset6_CLINIC_0015_data,grupo 3,35,4.91,0.0,0,ok,0.3883495145631068,True,118.0,1.714,1.819
dataset6_CLINIC_0015_data,grupo 3,35,7.3,0.3742215633392334,1,ok,0.3883495145631068,False,118.0,1.714,1.819
dataset6_CLINIC_0015_data,grupo 3,36,7.0,4.734705924987793,3,ok,0.4845360824742268,False,118.0,4.478,0.042
dataset6_CLINIC_0015_data,grupo 3,36,4.91,3.6897060871124268,2,ok,0.4845360824742268,True,118.0,4.478,0.042
dataset6_CLINIC_0015_data,grupo 3,36,7.3,4.884706497192383,3,ok,0.4845360824742268,False,118.0,4.478,0.042
dataset6_CLINIC_0015_data,grupo 3,37,7.0,0.0,0,ok,0.3883495145631068,False,118.0,0.663,2.18
dataset6_CLINIC_0015_data,grupo 3,37,4.91,0.0,0,ok,0.3883495145631068,True,118.0,0.663,2.18
dataset6_CLINIC_0015_data,grupo 3,37,7.3,0.0,0,ok,0.3883495145631068,False,118.0,0.663,2.18
dataset6_CLINIC_0015_data,grupo 3,38,7.0,0.7459042072296143,1,ok,0.3786407766990291,False,118.0,3.623,1.981
dataset6_CLINIC_0015_data,grupo 3,38,4.91,0.0,0,ok,0.3786407766990291,True,118.0,3.623,1.981
dataset6_CLINIC_0015_data,grupo 3,38,7.3,0.8959043025970459,1,ok,0.3786407766990291,False,118.0,3.623,1.981
dataset6_CLINIC_0015_data,grupo 3,39,7.0,0.0,0,ok,0.4077669902912621,False,118.0,1.363,3.107
dataset6_CLINIC_0015_data,grupo 3,39,4.91,0.0,0,ok,0.4077669902912621,True,118.0,1.363,3.107
dataset6_CLINIC_0015_data,grupo 3,39,7.3,0.06543350219726562,1,ok,0.4077669902912621,False,118.0,1.363,3.107
dataset6_CLINIC_0015_data,grupo 3,40,7.0,0.0,0,ok,0.4174757281553398,False,118.0,0.1,1.721
dataset6_CLINIC_0015_data,grupo 3,40,4.91,0.0,0,ok,0.4174757281553398,True,118.0,0.1,1.721
dataset6_CLINIC_0015_data,grupo 3,40,7.3,0.0,0,ok,0.4174757281553398,False,118.0,0.1,1.721
dataset6_CLINIC_0015_data,grupo 3,41,7.0,1.6574021577835083,1,ok,0.3592233009708738,False,118.0,2.478,0.491
dataset6_CLINIC_0015_data,grupo 3,41,4.91,0.612402081489563,1,ok,0.3592233009708738,True,118.0,2.478,0.491
dataset6_CLINIC_0015_data,grupo 3,41,7.3,1.80740225315094,1,ok,0.3592233009708738,False,118.0,2.478,0.491
dataset6_CLINIC_0015_data,grupo 3,42,7.0,0.6973400115966797,1,ok,0.39805825242718446,False,118.0,1.173,0.03
dataset6_CLINIC_0015_data,grupo 3,42,4.91,0.0,0,ok,0.39805825242718446,True,118.0,1.173,0.03
dataset6_CLINIC_0015_data,grupo 3,42,7.3,0.8473401069641113,1,ok,0.39805825242718446,False,118.0,1.173,0.03
dataset6_CLINIC_0015_data,grupo 3,43,7.0,0.17147088050842285,1,ok,0.34951456310679613,False,118.0,0.906,1.42
dataset6_CLINIC_0015_data,grupo 3,43,4.91,0.0,0,ok,0.34951456310679613,True,118.0,0.906,1.42
dataset6_CLINIC_0015_data,grupo 3,43,7.3,0.3214709758758545,1,ok,0.34951456310679613,False,118.0,0.906,1.42
dataset6_CLINIC_0015_data,grupo 3,44,7.0,0.0,0,ok,0.42718446601941745,False,118.0,1.98,0.584
dataset6_CLINIC_0015_data,grupo 3,44,4.91,0.0,0,ok,0.42718446601941745,True,118.0,1.98,0.584
dataset6_CLINIC_0015_data,grupo 3,44,7.3,0.0,0,ok,0.42718446601941745,False,118.0,1.98,0.584
dataset6_CLINIC_0015_data,grupo 3,45,7.0,0.0,0,ok,0.4174757281553398,False,118.0,3.104,1.791
dataset6_CLINIC_0015_data,grupo 3,45,4.91,0.0,0,ok,0.4174757281553398,True,118.0,3.104,1.791
dataset6_CLINIC_0015_data,grupo 3,45,7.3,0.07861566543579102,1,ok,0.4174757281553398,False,118.0,3.104,1.791
dataset6_CLINIC_0015_data,grupo 3,46,7.0,2.0883636474609375,2,ok,0.3883495145631068,False,118.0,2.755,0.789
dataset6_CLINIC_0015_data,grupo 3,46,4.91,1.0433636903762817,1,ok,0.3883495145631068,True,118.0,2.755,0.789
dataset6_CLINIC_0015_data,grupo 3,46,7.3,2.238363742828369,2,ok,0.3883495145631068,False,118.0,2.755,0.789
dataset6_CLINIC_0015_data,grupo 3,47,7.0,0.0,0,ok,0.3592233009708738,False,118.0,3.185,3.099
dataset6_CLINIC_0015_data,grupo 3,47,4.91,0.0,0,ok,0.3592233009708738,True,118.0,3.185,3.099
dataset6_CLINIC_0015_data,grupo 3,47,7.3,0.0,0,ok,0.3592233009708738,False,118.0,3.185,3.099
dataset6_CLINIC_0015_data,grupo 3,48,7.0,1.806228518486023,1,ok,0.2912621359223301,False,118.0,3.536,1.279
dataset6_CLINIC_0015_data,grupo 3,48,4.91,0.7612284421920776,1,ok,0.2912621359223301,True,118.0,3.536,1.279
dataset6_CLINIC_0015_data,grupo 3,48,7.3,1.9562286138534546,1,ok,0.2912621359223301,False,118.0,3.536,1.279
dataset6_CLINIC_0015_data,grupo 3,49,7.0,0.0,0,ok,0.4174757281553398,False,118.0,1.196,0.082
dataset6_CLINIC_0015_data,grupo 3,49,4.91,0.0,0,ok,0.4174757281553398,True,118.0,1.196,0.082
dataset6_CLINIC_0015_data,grupo 3,49,7.3,0.0,0,ok,0.4174757281553398,False,118.0,1.196,0.082
dataset6_CLINIC_0016_data,grupo 3,0,7.0,2.7046234607696533,2,ok,0.5504587155963303,False,125.0,1.105,2.231
dataset6_CLINIC_0016_data,grupo 3,0,4.91,1.659623384475708,1,ok,0.5504587155963303,False,125.0,1.105,2.231
dataset6_CLINIC_0016_data,grupo 3,0,7.3,2.854623556137085,2,ok,0.5504587155963303,False,125.0,1.105,2.231
dataset6_CLINIC_0016_data,grupo 3,1,7.0,5.848820209503174,3,ok,0.5869565217391305,False,125.0,5.016,4.141
dataset6_CLINIC_0016_data,grupo 3,1,4.91,4.8038201332092285,3,ok,0.5869565217391305,False,125.0,5.016,4.141
dataset6_CLINIC_0016_data,grupo 3,1,7.3,5.9988203048706055,3,ok,0.5869565217391305,False,125.0,5.016,4.141
dataset6_CLINIC_0016_data,grupo 3,2,7.0,5.925698280334473,3,ok,0.5978260869565217,False,125.0,3.539,2.229
dataset6_CLINIC_0016_data,grupo 3,2,4.91,4.880698204040527,3,ok,0.5978260869565217,False,125.0,3.539,2.229
dataset6_CLINIC_0016_data,grupo 3,2,7.3,6.0756988525390625,3,ok,0.5978260869565217,False,125.0,3.539,2.229
dataset6_CLINIC_0016_data,grupo 3,3,7.0,2.2109322547912598,2,ok,0.6788990825688074,False,125.0,3.049,2.031
dataset6_CLINIC_0016_data,grupo 3,3,4.91,1.165932297706604,1,ok,0.6788990825688074,False,125.0,3.049,2.031
dataset6_CLINIC_0016_data,grupo 3,3,7.3,2.3609323501586914,2,ok,0.6788990825688074,False,125.0,3.049,2.031
dataset6_CLINIC_0016_data,grupo 3,4,7.0,3.421393871307373,2,ok,0.5233644859813084,False,125.0,0.073,4.46
dataset6_CLINIC_0016_data,grupo 3,4,4.91,2.3763937950134277,2,ok,0.5233644859813084,False,125.0,0.073,4.46
dataset6_CLINIC_0016_data,grupo 3,4,7.3,3.5713939666748047,2,ok,0.5233644859813084,False,125.0,0.073,4.46
dataset6_CLINIC_0016_data,grupo 3,5,7.0,6.569553375244141,3,ok,0.4782608695652174,False,125.0,5.293,0.839
dataset6_CLINIC_0016_data,grupo 3,5,4.91,5.524553298950195,3,ok,0.4782608695652174,False,125.0,5.293,0.839
dataset6_CLINIC_0016_data,grupo 3,5,7.3,6.7195539474487305,3,ok,0.4782608695652174,False,125.0,5.293,0.839
dataset6_CLINIC_0016_data,grupo 3,6,7.0,1.9165372848510742,1,ok,0.5871559633027523,False,125.0,0.568,2.114
dataset6_CLINIC_0016_data,grupo 3,6,4.91,0.8715372085571289,1,ok,0.5871559633027523,False,125.0,0.568,2.114
dataset6_CLINIC_0016_data,grupo 3,6,7.3,2.066537380218506,2,ok,0.5871559633027523,False,125.0,0.568,2.114
dataset6_CLINIC_0016_data,grupo 3,7,7.0,2.194831371307373,2,ok,0.6146788990825688,False,125.0,0.097,0.924
dataset6_CLINIC_0016_data,grupo 3,7,4.91,1.1498312950134277,1,ok,0.6146788990825688,False,125.0,0.097,0.924
dataset6_CLINIC_0016_data,grupo 3,7,7.3,2.3448314666748047,2,ok,0.6146788990825688,False,125.0,0.097,0.924
dataset6_CLINIC_0016_data,grupo 3,8,7.0,2.1996889114379883,2,ok,0.5871559633027523,False,125.0,0.917,0.809
dataset6_CLINIC_0016_data,grupo 3,8,4.91,1.1546889543533325,1,ok,0.5871559633027523,False,125.0,0.917,0.809
dataset6_CLINIC_0016_data,grupo 3,8,7.3,2.34968900680542,2,ok,0.5871559633027523,False,125.0,0.917,0.809
dataset6_CLINIC_0016_data,grupo 3,9,7.0,2.2575790882110596,2,ok,0.6513761467889908,False,125.0,1.631,1.449
dataset6_CLINIC_0016_data,grupo 3,9,4.91,1.2125790119171143,1,ok,0.6513761467889908,False,125.0,1.631,1.449
dataset6_CLINIC_0016_data,grupo 3,9,7.3,2.407579183578491,2,ok,0.6513761467889908,False,125.0,1.631,1.449
dataset6_CLINIC_0016_data,grupo 3,10,7.0,5.027790069580078,3,ok,0.5904761904761905,False,125.0,0.728,3.727
dataset6_CLINIC_0016_data,grupo 3,10,4.91,3.982790231704712,2,ok,0.5904761904761905,False,125.0,0.728,3.727
dataset6_CLINIC_0016_data,grupo 3,10,7.3,5.177790641784668,3,ok,0.5904761904761905,False,125.0,0.728,3.727
dataset6_CLINIC_0016_data,grupo 3,11,7.0,4.623440265655518,3,ok,0.6764705882352942,False,125.0,3.108,0.924
dataset6_CLINIC_0016_data,grupo 3,11,4.91,3.5784401893615723,2,ok,0.6764705882352942,False,125.0,3.108,0.924
dataset6_CLINIC_0016_data,grupo 3,11,7.3,4.773440361022949,3,ok,0.6764705882352942,False,125.0,3.108,0.924
dataset6_CLINIC_0016_data,grupo 3,12,7.0,2.2535977363586426,2,ok,0.5871559633027523,False,125.0,0.674,0.185
dataset6_CLINIC_0016_data,grupo 3,12,4.91,1.2085976600646973,1,ok,0.5871559633027523,False,125.0,0.674,0.185
dataset6_CLINIC_0016_data,grupo 3,12,7.3,2.403597831726074,2,ok,0.5871559633027523,False,125.0,0.674,0.185
dataset6_CLINIC_0016_data,grupo 3,13,7.0,3.3600802421569824,2,ok,0.5833333333333334,False,125.0,1.871,0.752
dataset6_CLINIC_0016_data,grupo 3,13,4.91,2.315080165863037,2,ok,0.5833333333333334,False,125.0,1.871,0.752
dataset6_CLINIC_0016_data,grupo 3,13,7.3,3.510080337524414,2,ok,0.5833333333333334,False,125.0,1.871,0.752
dataset6_CLINIC_0016_data,grupo 3,14,7.0,3.7760226726531982,2,ok,0.5887850467289719,False,125.0,1.501,0.503
dataset6_CLINIC_0016_data,grupo 3,14,4.91,2.731022596359253,2,ok,0.5887850467289719,False,125.0,1.501,0.503
dataset6_CLINIC_0016_data,grupo 3,14,7.3,3.92602276802063,2,ok,0.5887850467289719,False,125.0,1.501,0.503
dataset6_CLINIC_0016_data,grupo 3,15,7.0,4.198723793029785,3,ok,0.5333333333333333,False,125.0,1.903,1.643
dataset6_CLINIC_0016_data,grupo 3,15,4.91,3.15372371673584,2,ok,0.5333333333333333,False,125.0,1.903,1.643
dataset6_CLINIC_0016_data,grupo 3,15,7.3,4.348723888397217,3,ok,0.5333333333333333,False,125.0,1.903,1.643
dataset6_CLINIC_0016_data,grupo 3,16,7.0,4.366605281829834,3,ok,0.5981308411214953,False,125.0,0.547,3.213
dataset6_CLINIC_0016_data,grupo 3,16,4.91,3.3216052055358887,2,ok,0.5981308411214953,False,125.0,0.547,3.213
dataset6_CLINIC_0016_data,grupo 3,16,7.3,4.516605377197266,3,ok,0.5981308411214953,False,125.0,0.547,3.213
dataset6_CLINIC_0016_data,grupo 3,17,7.0,1.8247337341308594,1,ok,0.5779816513761468,False,125.0,0.601,1.393
dataset6_CLINIC_0016_data,grupo 3,17,4.91,0.7797336578369141,1,ok,0.5779816513761468,False,125.0,0.601,1.393
dataset6_CLINIC_0016_data,grupo 3,17,7.3,1.974733829498291,1,ok,0.5779816513761468,False,125.0,0.601,1.393
dataset6_CLINIC_0016_data,grupo 3,18,7.0,4.380646705627441,3,ok,0.5961538461538461,False,125.0,2.213,2.742
dataset6_CLINIC_0016_data,grupo 3,18,4.91,3.335646629333496,2,ok,0.5961538461538461,False,125.0,2.213,2.742
dataset6_CLINIC_0016_data,grupo 3,18,7.3,4.530646800994873,3,ok,0.5961538461538461,False,125.0,2.213,2.742
dataset6_CLINIC_0016_data,grupo 3,19,7.0,5.900958061218262,3,ok,0.7195121951219512,False,125.0,6.623,2.33
dataset6_CLINIC_0016_data,grupo 3,19,4.91,4.855957984924316,3,ok,0.7195121951219512,False,125.0,6.623,2.33
dataset6_CLINIC_0016_data,grupo 3,19,7.3,6.050957679748535,3,ok,0.7195121951219512,False,125.0,6.623,2.33
dataset6_CLINIC_0016_data,grupo 3,20,7.0,5.621580600738525,3,ok,0.6947368421052632,False,125.0,4.032,1.904
dataset6_CLINIC_0016_data,grupo 3,20,4.91,4.57658052444458,3,ok,0.6947368421052632,False,125.0,4.032,1.904
dataset6_CLINIC_0016_data,grupo 3,20,7.3,5.771580696105957,3,ok,0.6947368421052632,False,125.0,4.032,1.904
dataset6_CLINIC_0016_data,grupo 3,21,7.0,2.31844162940979,2,ok,0.6605504587155964,False,125.0,1.834,2.335
dataset6_CLINIC_0016_data,grupo 3,21,4.91,1.2734415531158447,1,ok,0.6605504587155964,False,125.0,1.834,2.335
dataset6_CLINIC_0016_data,grupo 3,21,7.3,2.4684417247772217,2,ok,0.6605504587155964,False,125.0,1.834,2.335
dataset6_CLINIC_0016_data,grupo 3,22,7.0,3.0004074573516846,2,ok,0.6330275229357798,False,125.0,0.913,3.321
dataset6_CLINIC_0016_data,grupo 3,22,4.91,1.9554075002670288,1,ok,0.6330275229357798,False,125.0,0.913,3.321
dataset6_CLINIC_0016_data,grupo 3,22,7.3,3.150407552719116,2,ok,0.6330275229357798,False,125.0,0.913,3.321
dataset6_CLINIC_0016_data,grupo 3,23,7.0,2.8554186820983887,2,ok,0.5871559633027523,False,125.0,0.39,2.511
dataset6_CLINIC_0016_data,grupo 3,23,4.91,1.8104186058044434,1,ok,0.5871559633027523,False,125.0,0.39,2.511
dataset6_CLINIC_0016_data,grupo 3,23,7.3,3.0054187774658203,2,ok,0.5871559633027523,False,125.0,0.39,2.511
dataset6_CLINIC_0016_data,grupo 3,24,7.0,6.351727485656738,3,ok,0.2631578947368421,False,125.0,4.859,1.354
dataset6_CLINIC_0016_data,grupo 3,24,4.91,5.306727409362793,3,ok,0.2631578947368421,False,125.0,4.859,1.354
dataset6_CLINIC_0016_data,grupo 3,24,7.3,6.50172758102417,3,ok,0.2631578947368421,False,125.0,4.859,1.354
dataset6_CLINIC_0016_data,grupo 3,25,7.0,4.908026218414307,3,ok,0.5619047619047619,False,125.0,0.273,4.368
dataset6_CLINIC_0016_data,grupo 3,25,4.91,3.8630261421203613,2,ok,0.5619047619047619,False,125.0,0.273,4.368
dataset6_CLINIC_0016_data,grupo 3,25,7.3,5.058026313781738,3,ok,0.5619047619047619,False,125.0,0.273,4.368
dataset6_CLINIC_0016_data,grupo 3,26,7.0,3.9904966354370117,2,ok,0.5849056603773585,False,125.0,2.672,1.454
dataset6_CLINIC_0016_data,grupo 3,26,4.91,2.9454965591430664,2,ok,0.5849056603773585,False,125.0,2.672,1.454
dataset6_CLINIC_0016_data,grupo 3,26,7.3,4.140496730804443,3,ok,0.5849056603773585,False,125.0,2.672,1.454
dataset6_CLINIC_0016_data,grupo 3,27,7.0,5.125750541687012,3,ok,0.5339805825242718,False,125.0,2.518,4.978
dataset6_CLINIC_0016_data,grupo 3,27,4.91,4.080750465393066,3,ok,0.5339805825242718,False,125.0,2.518,4.978
dataset6_CLINIC_0016_data,grupo 3,27,7.3,5.275750160217285,3,ok,0.5339805825242718,False,125.0,2.518,4.978
dataset6_CLINIC_0016_data,grupo 3,28,7.0,2.1465625762939453,2,ok,0.5779816513761468,False,125.0,0.03,0.1
dataset6_CLINIC_0016_data,grupo 3,28,4.91,1.1015626192092896,1,ok,0.5779816513761468,False,125.0,0.03,0.1
dataset6_CLINIC_0016_data,grupo 3,28,7.3,2.296562671661377,2,ok,0.5779816513761468,False,125.0,0.03,0.1
dataset6_CLINIC_0016_data,grupo 3,29,7.0,1.6511353254318237,1,ok,0.6330275229357798,False,125.0,1.38,0.314
dataset6_CLINIC_0016_data,grupo 3,29,4.91,0.6061352491378784,1,ok,0.6330275229357798,False,125.0,1.38,0.314
dataset6_CLINIC_0016_data,grupo 3,29,7.3,1.8011354207992554,1,ok,0.6330275229357798,False,125.0,1.38,0.314
dataset6_CLINIC_0016_data,grupo 3,30,7.0,3.0918991565704346,2,ok,0.7431192660550459,False,125.0,2.673,0.754
dataset6_CLINIC_0016_data,grupo 3,30,4.91,2.0468990802764893,2,ok,0.7431192660550459,False,125.0,2.673,0.754
dataset6_CLINIC_0016_data,grupo 3,30,7.3,3.241899251937866,2,ok,0.7431192660550459,False,125.0,2.673,0.754
dataset6_CLINIC_0016_data,grupo 3,31,7.0,1.5760341882705688,1,ok,0.5963302752293578,False,125.0,0.638,0.366
dataset6_CLINIC_0016_data,grupo 3,31,4.91,0.5310341119766235,1,ok,0.5963302752293578,False,125.0,0.638,0.366
dataset6_CLINIC_0016_data,grupo 3,31,7.3,1.7260342836380005,1,ok,0.5963302752293578,False,125.0,0.638,0.366
dataset6_CLINIC_0016_data,grupo 3,32,7.0,3.188119888305664,2,ok,0.6513761467889908,False,125.0,1.153,0.299
dataset6_CLINIC_0016_data,grupo 3,32,4.91,2.1431198120117188,2,ok,0.6513761467889908,False,125.0,1.153,0.299
dataset6_CLINIC_0016_data,grupo 3,32,7.3,3.3381199836730957,2,ok,0.6513761467889908,False,125.0,1.153,0.299
dataset6_CLINIC_0016_data,grupo 3,33,7.0,2.177055835723877,2,ok,0.6238532110091743,False,125.0,1.784,3.028
dataset6_CLINIC_0016_data,grupo 3,33,4.91,1.132055640220642,1,ok,0.6238532110091743,False,125.0,1.784,3.028
dataset6_CLINIC_0016_data,grupo 3,33,7.3,2.3270559310913086,2,ok,0.6238532110091743,False,125.0,1.784,3.028
dataset6_CLINIC_0016_data,grupo 3,34,7.0,2.023928642272949,2,ok,0.5779816513761468,False,125.0,2.105,2.162
dataset6_CLINIC_0016_data,grupo 3,34,4.91,0.9789285659790039,1,ok,0.5779816513761468,False,125.0,2.105,2.162
dataset6_CLINIC_0016_data,grupo 3,34,7.3,2.173928737640381,2,ok,0.5779816513761468,False,125.0,2.105,2.162
dataset6_CLINIC_0016_data,grupo 3,35,7.0,4.6598358154296875,3,ok,0.17307692307692307,False,125.0,4.915,2.737
dataset6_CLINIC_0016_data,grupo 3,35,4.91,3.6148359775543213,2,ok,0.17307692307692307,False,125.0,4.915,2.737
dataset6_CLINIC_0016_data,grupo 3,35,7.3,4.809836387634277,3,ok,0.17307692307692307,False,125.0,4.915,2.737
dataset6_CLINIC_0016_data,grupo 3,36,7.0,3.5889222621917725,2,ok,0.5,False,125.0,2.805,1.171
dataset6_CLINIC_0016_data,grupo 3,36,4.91,2.543922185897827,2,ok,0.5,False,125.0,2.805,1.171
dataset6_CLINIC_0016_data,grupo 3,36,7.3,3.738922357559204,2,ok,0.5,False,125.0,2.805,1.171
dataset6_CLINIC_0016_data,grupo 3,37,7.0,3.6225719451904297,2,ok,0.616822429906542,False,125.0,1.012,1.357
dataset6_CLINIC_0016_data,grupo 3,37,4.91,2.5775718688964844,2,ok,0.616822429906542,False,125.0,1.012,1.357
dataset6_CLINIC_0016_data,grupo 3,37,7.3,3.7725720405578613,2,ok,0.616822429906542,False,125.0,1.012,1.357
dataset6_CLINIC_0016_data,grupo 3,38,7.0,3.887514114379883,2,ok,0.6759259259259259,False,125.0,1.61,2.703
dataset6_CLINIC_0016_data,grupo 3,38,4.91,2.8425140380859375,2,ok,0.6759259259259259,False,125.0,1.61,2.703
dataset6_CLINIC_0016_data,grupo 3,38,7.3,4.0375142097473145,3,ok,0.6759259259259259,False,125.0,1.61,2.703
dataset6_CLINIC_0016_data,grupo 3,39,7.0,4.1372294425964355,3,ok,0.6132075471698113,False,125.0,1.33,0.667
dataset6_CLINIC_0016_data,grupo 3,39,4.91,3.092229127883911,2,ok,0.6132075471698113,False,125.0,1.33,0.667
dataset6_CLINIC_0016_data,grupo 3,39,7.3,4.287229537963867,3,ok,0.6132075471698113,False,125.0,1.33,0.667
dataset6_CLINIC_0016_data,grupo 3,40,7.0,1.6033039093017578,1,ok,0.5963302752293578,False,125.0,0.67,0.867
dataset6_CLINIC_0016_data,grupo 3,40,4.91,0.5583038330078125,1,ok,0.5963302752293578,False,125.0,0.67,0.867
dataset6_CLINIC_0016_data,grupo 3,40,7.3,1.7533040046691895,1,ok,0.5963302752293578,False,125.0,0.67,0.867
dataset6_CLINIC_0016_data,grupo 3,41,7.0,1.8772737979888916,1,ok,0.5688073394495413,False,125.0,0.527,2.302
dataset6_CLINIC_0016_data,grupo 3,41,4.91,0.8322737216949463,1,ok,0.5688073394495413,False,125.0,0.527,2.302
dataset6_CLINIC_0016_data,grupo 3,41,7.3,2.0272738933563232,2,ok,0.5688073394495413,False,125.0,0.527,2.302
dataset6_CLINIC_0016_data,grupo 3,42,7.0,4.325685977935791,3,ok,0.6886792452830188,False,125.0,1.549,1.141
dataset6_CLINIC_0016_data,grupo 3,42,4.91,3.2806859016418457,2,ok,0.6886792452830188,False,125.0,1.549,1.141
dataset6_CLINIC_0016_data,grupo 3,42,7.3,4.475686073303223,3,ok,0.6886792452830188,False,125.0,1.549,1.141
dataset6_CLINIC_0016_data,grupo 3,43,7.0,3.9519412517547607,2,ok,0.7830188679245284,False,125.0,3.668,0.394
dataset6_CLINIC_0016_data,grupo 3,43,4.91,2.9069411754608154,2,ok,0.7830188679245284,False,125.0,3.668,0.394
dataset6_CLINIC_0016_data,grupo 3,43,7.3,4.101941108703613,3,ok,0.7830188679245284,False,125.0,3.668,0.394
dataset6_CLINIC_0016_data,grupo 3,44,7.0,2.409310817718506,2,ok,0.6422018348623854,False,125.0,1.256,0.31
dataset6_CLINIC_0016_data,grupo 3,44,4.91,1.364310622215271,1,ok,0.6422018348623854,False,125.0,1.256,0.31
dataset6_CLINIC_0016_data,grupo 3,44,7.3,2.5593109130859375,2,ok,0.6422018348623854,False,125.0,1.256,0.31
dataset6_CLINIC_0016_data,grupo 3,45,7.0,4.592325210571289,3,ok,0.6442307692307693,False,125.0,2.199,0.437
dataset6_CLINIC_0016_data,grupo 3,45,4.91,3.5473251342773438,2,ok,0.6442307692307693,False,125.0,2.199,0.437
dataset6_CLINIC_0016_data,grupo 3,45,7.3,4.742325305938721,3,ok,0.6442307692307693,False,125.0,2.199,0.437
dataset6_CLINIC_0016_data,grupo 3,46,7.0,3.9656412601470947,2,ok,0.7476635514018691,False,125.0,3.716,1.945
dataset6_CLINIC_0016_data,grupo 3,46,4.91,2.9206411838531494,2,ok,0.7476635514018691,False,125.0,3.716,1.945
dataset6_CLINIC_0016_data,grupo 3,46,7.3,4.115641117095947,3,ok,0.7476635514018691,False,125.0,3.716,1.945
dataset6_CLINIC_0016_data,grupo 3,47,7.0,6.306529521942139,3,ok,0.7125,False,125.0,6.383,0.083
dataset6_CLINIC_0016_data,grupo 3,47,4.91,5.261529445648193,3,ok,0.7125,False,125.0,6.383,0.083
dataset6_CLINIC_0016_data,grupo 3,47,7.3,6.45652961730957,3,ok,0.7125,False,125.0,6.383,0.083
dataset6_CLINIC_0016_data,grupo 3,48,7.0,7.252091407775879,3,ok,0.11702127659574468,False,125.0,6.32,0.709
dataset6_CLINIC_0016_data,grupo 3,48,4.91,6.207091331481934,3,ok,0.11702127659574468,False,125.0,6.32,0.709
dataset6_CLINIC_0016_data,grupo 3,48,7.3,7.4020915031433105,3,ok,0.11702127659574468,False,125.0,6.32,0.709
dataset6_CLINIC_0016_data,grupo 3,49,7.0,3.118262529373169,2,ok,0.5963302752293578,False,125.0,1.162,1.417
dataset6_CLINIC_0016_data,grupo 3,49,4.91,2.0732624530792236,2,ok,0.5963302752293578,False,125.0,1.162,1.417
dataset6_CLINIC_0016_data,grupo 3,49,7.3,3.2682626247406006,2,ok,0.5963302752293578,False,125.0,1.162,1.417
dataset6_CLINIC_0004_data,grupo 3,0,7.0,0.3456709384918213,1,ok,0.5555555555555556,True,132.0,0.894,1.811
dataset6_CLINIC_0004_data,grupo 3,0,4.91,0.0,0,ok,0.5555555555555556,True,132.0,0.894,1.811
dataset6_CLINIC_0004_data,grupo 3,0,7.3,0.49567103385925293,1,ok,0.5555555555555556,True,132.0,0.894,1.811
dataset6_CLINIC_0004_data,grupo 3,1,7.0,2.015861988067627,2,ok,0.5555555555555556,True,132.0,1.323,3.96
dataset6_CLINIC_0004_data,grupo 3,1,4.91,0.9708619117736816,1,ok,0.5555555555555556,True,132.0,1.323,3.96
dataset6_CLINIC_0004_data,grupo 3,1,7.3,2.1658620834350586,2,ok,0.5555555555555556,True,132.0,1.323,3.96
dataset6_CLINIC_0004_data,grupo 3,2,7.0,0.002393484115600586,1,ok,0.5384615384615384,True,132.0,1.928,1.36
dataset6_CLINIC_0004_data,grupo 3,2,4.91,0.0,0,ok,0.5384615384615384,True,132.0,1.928,1.36
dataset6_CLINIC_0004_data,grupo 3,2,7.3,0.15239357948303223,1,ok,0.5384615384615384,True,132.0,1.928,1.36
dataset6_CLINIC_0004_data,grupo 3,3,7.0,0.0,0,ok,0.5811965811965812,True,132.0,0.334,1.207
dataset6_CLINIC_0004_data,grupo 3,3,4.91,0.0,0,ok,0.5811965811965812,True,132.0,0.334,1.207
dataset6_CLINIC_0004_data,grupo 3,3,7.3,0.0,0,ok,0.5811965811965812,True,132.0,0.334,1.207
dataset6_CLINIC_0004_data,grupo 3,4,7.0,0.2398526668548584,1,ok,0.5726495726495726,True,132.0,0.394,2.117
dataset6_CLINIC_0004_data,grupo 3,4,4.91,0.0,0,ok,0.5726495726495726,True,132.0,0.394,2.117
dataset6_CLINIC_0004_data,grupo 3,4,7.3,0.38985276222229004,1,ok,0.5726495726495726,True,132.0,0.394,2.117
dataset6_CLINIC_0004_data,grupo 3,5,7.0,0.0,0,ok,0.5982905982905983,True,132.0,1.631,2.16
dataset6_CLINIC_0004_data,grupo 3,5,4.91,0.0,0,ok,0.5982905982905983,True,132.0,1.631,2.16
dataset6_CLINIC_0004_data,grupo 3,5,7.3,0.0,0,ok,0.5982905982905983,True,132.0,1.631,2.16
dataset6_CLINIC_0004_data,grupo 3,6,7.0,2.0865116119384766,2,ok,0.4700854700854701,True,132.0,2.347,2.478
dataset6_CLINIC_0004_data,grupo 3,6,4.91,1.0415116548538208,1,ok,0.4700854700854701,True,132.0,2.347,2.478
dataset6_CLINIC_0004_data,grupo 3,6,7.3,2.236511707305908,2,ok,0.4700854700854701,True,132.0,2.347,2.478
dataset6_CLINIC_0004_data,grupo 3,7,7.0,0.0,0,ok,0.5641025641025641,True,132.0,3.411,1.037
dataset6_CLINIC_0004_data,grupo 3,7,4.91,0.0,0,ok,0.5641025641025641,True,132.0,3.411,1.037
dataset6_CLINIC_0004_data,grupo 3,7,7.3,0.010696887969970703,1,ok,0.5641025641025641,True,132.0,3.411,1.037
dataset6_CLINIC_0004_data,grupo 3,8,7.0,0.0019450187683105469,1,ok,0.5555555555555556,True,132.0,1.831,3.122
dataset6_CLINIC_0004_data,grupo 3,8,4.91,0.0,0,ok,0.5555555555555556,True,132.0,1.831,3.122
dataset6_CLINIC_0004_data,grupo 3,8,7.3,0.1519451141357422,1,ok,0.5555555555555556,True,132.0,1.831,3.122
dataset6_CLINIC_0004_data,grupo 3,9,7.0,1.3286569118499756,1,ok,0.4444444444444444,True,132.0,2.775,1.995
dataset6_CLINIC_0004_data,grupo 3,9,4.91,0.2836568355560303,1,ok,0.4444444444444444,True,132.0,2.775,1.995
dataset6_CLINIC_0004_data,grupo 3,9,7.3,1.4786570072174072,1,ok,0.4444444444444444,True,132.0,2.775,1.995
dataset6_CLINIC_0004_data,grupo 3,10,7.0,0.0,0,ok,0.5811965811965812,True,132.0,1.125,0.536
dataset6_CLINIC_0004_data,grupo 3,10,4.91,0.0,0,ok,0.5811965811965812,True,132.0,1.125,0.536
dataset6_CLINIC_0004_data,grupo 3,10,7.3,0.0,0,ok,0.5811965811965812,True,132.0,1.125,0.536
dataset6_CLINIC_0004_data,grupo 3,11,7.0,0.0,0,ok,0.5641025641025641,True,132.0,0.914,2.509
dataset6_CLINIC_0004_data,grupo 3,11,4.91,0.0,0,ok,0.5641025641025641,True,132.0,0.914,2.509
dataset6_CLINIC_0004_data,grupo 3,11,7.3,0.0,0,ok,0.5641025641025641,True,132.0,0.914,2.509
dataset6_CLINIC_0004_data,grupo 3,12,7.0,0.0,0,ok,0.5299145299145299,True,132.0,3.68,0.774
dataset6_CLINIC_0004_data,grupo 3,12,4.91,0.0,0,ok,0.5299145299145299,True,132.0,3.68,0.774
dataset6_CLINIC_0004_data,grupo 3,12,7.3,0.0,0,ok,0.5299145299145299,True,132.0,3.68,0.774
dataset6_CLINIC_0004_data,grupo 3,13,7.0,0.0,0,ok,0.5213675213675214,True,132.0,0.138,2.983
dataset6_CLINIC_0004_data,grupo 3,13,4.91,0.0,0,ok,0.5213675213675214,True,132.0,0.138,2.983
dataset6_CLINIC_0004_data,grupo 3,13,7.3,0.0,0,ok,0.5213675213675214,True,132.0,0.138,2.983
dataset6_CLINIC_0004_data,grupo 3,14,7.0,0.003857135772705078,1,ok,0.5641025641025641,True,132.0,0.258,5.786
dataset6_CLINIC_0004_data,grupo 3,14,4.91,0.0,0,ok,0.5641025641025641,True,132.0,0.258,5.786
dataset6_CLINIC_0004_data,grupo 3,14,7.3,0.15385723114013672,1,ok,0.5641025641025641,True,132.0,0.258,5.786
dataset6_CLINIC_0004_data,grupo 3,15,7.0,1.4855096340179443,1,ok,0.5811965811965812,True,132.0,2.941,1.361
dataset6_CLINIC_0004_data,grupo 3,15,4.91,0.440509557723999,1,ok,0.5811965811965812,True,132.0,2.941,1.361
dataset6_CLINIC_0004_data,grupo 3,15,7.3,1.635509729385376,1,ok,0.5811965811965812,True,132.0,2.941,1.361
dataset6_CLINIC_0004_data,grupo 3,16,7.0,0.0,0,ok,0.5811965811965812,True,132.0,0.723,0.482
dataset6_CLINIC_0004_data,grupo 3,16,4.91,0.0,0,ok,0.5811965811965812,True,132.0,0.723,0.482
dataset6_CLINIC_0004_data,grupo 3,16,7.3,0.0,0,ok,0.5811965811965812,True,132.0,0.723,0.482
dataset6_CLINIC_0004_data,grupo 3,17,7.0,0.0,0,ok,0.5811965811965812,True,132.0,0.68,0.136
dataset6_CLINIC_0004_data,grupo 3,17,4.91,0.0,0,ok,0.5811965811965812,True,132.0,0.68,0.136
dataset6_CLINIC_0004_data,grupo 3,17,7.3,0.0,0,ok,0.5811965811965812,True,132.0,0.68,0.136
dataset6_CLINIC_0004_data,grupo 3,18,7.0,0.0,0,ok,0.5470085470085471,True,132.0,1.857,4.172
dataset6_CLINIC_0004_data,grupo 3,18,4.91,0.0,0,ok,0.5470085470085471,True,132.0,1.857,4.172
dataset6_CLINIC_0004_data,grupo 3,18,7.3,0.05243945121765137,1,ok,0.5470085470085471,True,132.0,1.857,4.172
dataset6_CLINIC_0004_data,grupo 3,19,7.0,0.0,0,ok,0.5811965811965812,True,132.0,1.831,2.439
dataset6_CLINIC_0004_data,grupo 3,19,4.91,0.0,0,ok,0.5811965811965812,True,132.0,1.831,2.439
dataset6_CLINIC_0004_data,grupo 3,19,7.3,0.0,0,ok,0.5811965811965812,True,132.0,1.831,2.439
dataset6_CLINIC_0004_data,grupo 3,20,7.0,0.0,0,ok,0.5811965811965812,True,132.0,1.612,2.626
dataset6_CLINIC_0004_data,grupo 3,20,4.91,0.0,0,ok,0.5811965811965812,True,132.0,1.612,2.626
dataset6_CLINIC_0004_data,grupo 3,20,7.3,0.0,0,ok,0.5811965811965812,True,132.0,1.612,2.626
dataset6_CLINIC_0004_data,grupo 3,21,7.0,0.2821497917175293,1,ok,0.48717948717948717,True,132.0,0.977,2.166
dataset6_CLINIC_0004_data,grupo 3,21,4.91,0.0,0,ok,0.48717948717948717,True,132.0,0.977,2.166
dataset6_CLINIC_0004_data,grupo 3,21,7.3,0.43214988708496094,1,ok,0.48717948717948717,True,132.0,0.977,2.166
dataset6_CLINIC_0004_data,grupo 3,22,7.0,1.2831642627716064,1,ok,0.5897435897435898,True,132.0,2.894,2.66
dataset6_CLINIC_0004_data,grupo 3,22,4.91,0.23816418647766113,1,ok,0.5897435897435898,True,132.0,2.894,2.66
dataset6_CLINIC_0004_data,grupo 3,22,7.3,1.433164358139038,1,ok,0.5897435897435898,True,132.0,2.894,2.66
dataset6_CLINIC_0004_data,grupo 3,23,7.0,0.0,0,ok,0.5897435897435898,True,132.0,4.004,1.633
dataset6_CLINIC_0004_data,grupo 3,23,4.91,0.0,0,ok,0.5897435897435898,True,132.0,4.004,1.633
dataset6_CLINIC_0004_data,grupo 3,23,7.3,0.0,0,ok,0.5897435897435898,True,132.0,4.004,1.633
dataset6_CLINIC_0004_data,grupo 3,24,7.0,0.0,0,ok,0.5641025641025641,True,132.0,1.57,3.554
dataset6_CLINIC_0004_data,grupo 3,24,4.91,0.0,0,ok,0.5641025641025641,True,132.0,1.57,3.554
dataset6_CLINIC_0004_data,grupo 3,24,7.3,0.0,0,ok,0.5641025641025641,True,132.0,1.57,3.554
dataset6_CLINIC_0004_data,grupo 3,25,7.0,0.22299504280090332,1,ok,0.5982905982905983,True,132.0,2.435,0.621
dataset6_CLINIC_0004_data,grupo 3,25,4.91,0.0,0,ok,0.5982905982905983,True,132.0,2.435,0.621
dataset6_CLINIC_0004_data,grupo 3,25,7.3,0.37299513816833496,1,ok,0.5982905982905983,True,132.0,2.435,0.621
dataset6_CLINIC_0004_data,grupo 3,26,7.0,0.0,0,ok,0.5384615384615384,True,132.0,2.822,2.005
dataset6_CLINIC_0004_data,grupo 3,26,4.91,0.0,0,ok,0.5384615384615384,True,132.0,2.822,2.005
dataset6_CLINIC_0004_data,grupo 3,26,7.3,0.0,0,ok,0.5384615384615384,True,132.0,2.822,2.005
dataset6_CLINIC_0004_data,grupo 3,27,7.0,0.0,0,ok,0.5811965811965812,True,132.0,0.725,1.135
dataset6_CLINIC_0004_data,grupo 3,27,4.91,0.0,0,ok,0.5811965811965812,True,132.0,0.725,1.135
dataset6_CLINIC_0004_data,grupo 3,27,7.3,0.0,0,ok,0.5811965811965812,True,132.0,0.725,1.135
dataset6_CLINIC_0004_data,grupo 3,28,7.0,0.07206487655639648,1,ok,0.5982905982905983,True,132.0,1.05,0.642
dataset6_CLINIC_0004_data,grupo 3,28,4.91,0.0,0,ok,0.5982905982905983,True,132.0,1.05,0.642
dataset6_CLINIC_0004_data,grupo 3,28,7.3,0.22206497192382812,1,ok,0.5982905982905983,True,132.0,1.05,0.642
dataset6_CLINIC_0004_data,grupo 3,29,7.0,0.3669137954711914,1,ok,0.5982905982905983,True,132.0,3.16,0.619
dataset6_CLINIC_0004_data,grupo 3,29,4.91,0.0,0,ok,0.5982905982905983,True,132.0,3.16,0.619
dataset6_CLINIC_0004_data,grupo 3,29,7.3,0.516913890838623,1,ok,0.5982905982905983,True,132.0,3.16,0.619
dataset6_CLINIC_0004_data,grupo 3,30,7.0,0.0,0,ok,0.5897435897435898,True,132.0,2.217,2.306
dataset6_CLINIC_0004_data,grupo 3,30,4.91,0.0,0,ok,0.5897435897435898,True,132.0,2.217,2.306
dataset6_CLINIC_0004_data,grupo 3,30,7.3,0.0,0,ok,0.5897435897435898,True,132.0,2.217,2.306
dataset6_CLINIC_0004_data,grupo 3,31,7.0,0.15735793113708496,1,ok,0.5299145299145299,True,132.0,0.465,2.685
dataset6_CLINIC_0004_data,grupo 3,31,4.91,0.0,0,ok,0.5299145299145299,True,132.0,0.465,2.685
dataset6_CLINIC_0004_data,grupo 3,31,7.3,0.3073580265045166,1,ok,0.5299145299145299,True,132.0,0.465,2.685
dataset6_CLINIC_0004_data,grupo 3,32,7.0,3.2855868339538574,2,ok,0.43103448275862066,True,132.0,4.69,1.15
dataset6_CLINIC_0004_data,grupo 3,32,4.91,2.240586757659912,2,ok,0.43103448275862066,True,132.0,4.69,1.15
dataset6_CLINIC_0004_data,grupo 3,32,7.3,3.435586929321289,2,ok,0.43103448275862066,True,132.0,4.69,1.15
dataset6_CLINIC_0004_data,grupo 3,33,7.0,0.630591869354248,1,ok,0.5470085470085471,True,132.0,1.764,2.064
dataset6_CLINIC_0004_data,grupo 3,33,4.91,0.0,0,ok,0.5470085470085471,True,132.0,1.764,2.064
dataset6_CLINIC_0004_data,grupo 3,33,7.3,0.7805919647216797,1,ok,0.5470085470085471,True,132.0,1.764,2.064
dataset6_CLINIC_0004_data,grupo 3,34,7.0,0.028827667236328125,1,ok,0.5726495726495726,True,132.0,0.875,3.044
dataset6_CLINIC_0004_data,grupo 3,34,4.91,0.0,0,ok,0.5726495726495726,True,132.0,0.875,3.044
dataset6_CLINIC_0004_data,grupo 3,34,7.3,0.17882776260375977,1,ok,0.5726495726495726,True,132.0,0.875,3.044
dataset6_CLINIC_0004_data,grupo 3,35,7.0,1.0400400161743164,1,ok,0.5384615384615384,True,132.0,1.669,1.827
dataset6_CLINIC_0004_data,grupo 3,35,4.91,0.0,0,ok,0.5384615384615384,True,132.0,1.669,1.827
dataset6_CLINIC_0004_data,grupo 3,35,7.3,1.190040111541748,1,ok,0.5384615384615384,True,132.0,1.669,1.827
dataset6_CLINIC_0004_data,grupo 3,36,7.0,0.08351659774780273,1,ok,0.5897435897435898,True,132.0,2.427,0.279
dataset6_CLINIC_0004_data,grupo 3,36,4.91,0.0,0,ok,0.5897435897435898,True,132.0,2.427,0.279
dataset6_CLINIC_0004_data,grupo 3,36,7.3,0.23351669311523438,1,ok,0.5897435897435898,True,132.0,2.427,0.279
dataset6_CLINIC_0004_data,grupo 3,37,7.0,0.5851190090179443,1,ok,0.5555555555555556,True,132.0,1.887,0.993
dataset6_CLINIC_0004_data,grupo 3,37,4.91,0.0,0,ok,0.5555555555555556,True,132.0,1.887,0.993
dataset6_CLINIC_0004_data,grupo 3,37,7.3,0.735119104385376,1,ok,0.5555555555555556,True,132.0,1.887,0.993
dataset6_CLINIC_0004_data,grupo 3,38,7.0,0.7864961624145508,1,ok,0.5299145299145299,True,132.0,2.355,0.71
dataset6_CLINIC_0004_data,grupo 3,38,4.91,0.0,0,ok,0.5299145299145299,True,132.0,2.355,0.71
dataset6_CLINIC_0004_data,grupo 3,38,7.3,0.9364962577819824,1,ok,0.5299145299145299,True,132.0,2.355,0.71
dataset6_CLINIC_0004_data,grupo 3,39,7.0,0.0,0,ok,0.5641025641025641,True,132.0,0.971,1.024
dataset6_CLINIC_0004_data,grupo 3,39,4.91,0.0,0,ok,0.5641025641025641,True,132.0,0.971,1.024
dataset6_CLINIC_0004_data,grupo 3,39,7.3,0.0,0,ok,0.5641025641025641,True,132.0,0.971,1.024
dataset6_CLINIC_0004_data,grupo 3,40,7.0,1.888814926147461,1,ok,0.5128205128205128,True,132.0,2.668,1.652
dataset6_CLINIC_0004_data,grupo 3,40,4.91,0.8438148498535156,1,ok,0.5128205128205128,True,132.0,2.668,1.652
dataset6_CLINIC_0004_data,grupo 3,40,7.3,2.0388150215148926,2,ok,0.5128205128205128,True,132.0,2.668,1.652
dataset6_CLINIC_0004_data,grupo 3,41,7.0,1.3822946548461914,1,ok,0.5128205128205128,True,132.0,2.506,0.527
dataset6_CLINIC_0004_data,grupo 3,41,4.91,0.3372945785522461,1,ok,0.5128205128205128,True,132.0,2.506,0.527
dataset6_CLINIC_0004_data,grupo 3,41,7.3,1.532294750213623,1,ok,0.5128205128205128,True,132.0,2.506,0.527
dataset6_CLINIC_0004_data,grupo 3,42,7.0,0.0,0,ok,0.5726495726495726,True,132.0,0.849,1.399
dataset6_CLINIC_0004_data,grupo 3,42,4.91,0.0,0,ok,0.5726495726495726,True,132.0,0.849,1.399
dataset6_CLINIC_0004_data,grupo 3,42,7.3,0.0,0,ok,0.5726495726495726,True,132.0,0.849,1.399
dataset6_CLINIC_0004_data,grupo 3,43,7.0,1.8655370473861694,1,ok,0.5811965811965812,True,132.0,0.362,4.17
dataset6_CLINIC_0004_data,grupo 3,43,4.91,0.8205369710922241,1,ok,0.5811965811965812,True,132.0,0.362,4.17
dataset6_CLINIC_0004_data,grupo 3,43,7.3,2.0155372619628906,2,ok,0.5811965811965812,True,132.0,0.362,4.17
dataset6_CLINIC_0004_data,grupo 3,44,7.0,0.0,0,ok,0.5213675213675214,True,132.0,1.365,0.129
dataset6_CLINIC_0004_data,grupo 3,44,4.91,0.0,0,ok,0.5213675213675214,True,132.0,1.365,0.129
dataset6_CLINIC_0004_data,grupo 3,44,7.3,0.0,0,ok,0.5213675213675214,True,132.0,1.365,0.129
dataset6_CLINIC_0004_data,grupo 3,45,7.0,1.851685881614685,1,ok,0.46153846153846156,True,132.0,3.22,0.352
dataset6_CLINIC_0004_data,grupo 3,45,4.91,0.8066858053207397,1,ok,0.46153846153846156,True,132.0,3.22,0.352
dataset6_CLINIC_0004_data,grupo 3,45,7.3,2.0016860961914062,2,ok,0.46153846153846156,True,132.0,3.22,0.352
dataset6_CLINIC_0004_data,grupo 3,46,7.0,1.5808751583099365,1,ok,0.5726495726495726,True,132.0,1.451,4.161
dataset6_CLINIC_0004_data,grupo 3,46,4.91,0.5358750820159912,1,ok,0.5726495726495726,True,132.0,1.451,4.161
dataset6_CLINIC_0004_data,grupo 3,46,7.3,1.7308752536773682,1,ok,0.5726495726495726,True,132.0,1.451,4.161
dataset6_CLINIC_0004_data,grupo 3,47,7.0,0.11939597129821777,1,ok,0.5641025641025641,True,132.0,2.988,0.522
dataset6_CLINIC_0004_data,grupo 3,47,4.91,0.0,0,ok,0.5641025641025641,True,132.0,2.988,0.522
dataset6_CLINIC_0004_data,grupo 3,47,7.3,0.2693960666656494,1,ok,0.5641025641025641,True,132.0,2.988,0.522
dataset6_CLINIC_0004_data,grupo 3,48,7.0,0.0,0,ok,0.5384615384615384,True,132.0,1.46,4.304
dataset6_CLINIC_0004_data,grupo 3,48,4.91,0.0,0,ok,0.5384615384615384,True,132.0,1.46,4.304
dataset6_CLINIC_0004_data,grupo 3,48,7.3,0.0,0,ok,0.5384615384615384,True,132.0,1.46,4.304
dataset6_CLINIC_0004_data,grupo 3,49,7.0,0.7456045150756836,1,ok,0.5042735042735043,True,132.0,2.436,1.392
dataset6_CLINIC_0004_data,grupo 3,49,4.91,0.0,0,ok,0.5042735042735043,True,132.0,2.436,1.392
dataset6_CLINIC_0004_data,grupo 3,49,7.3,0.8956046104431152,1,ok,0.5042735042735043,True,132.0,2.436,1.392
dataset6_CLINIC_0023_data,grupo 3,0,7.0,0.0,0,ok,0.41237113402061853,True,112.0,0.21,0.313
dataset6_CLINIC_0023_data,grupo 3,0,4.91,0.0,0,ok,0.41237113402061853,True,112.0,0.21,0.313
dataset6_CLINIC_0023_data,grupo 3,0,7.3,0.0,0,ok,0.41237113402061853,True,112.0,0.21,0.313
dataset6_CLINIC_0023_data,grupo 3,1,7.0,0.0,0,ok,0.3711340206185567,True,112.0,1.23,2.283
dataset6_CLINIC_0023_data,grupo 3,1,4.91,0.0,0,ok,0.3711340206185567,True,112.0,1.23,2.283
dataset6_CLINIC_0023_data,grupo 3,1,7.3,0.0,0,ok,0.3711340206185567,True,112.0,1.23,2.283
dataset6_CLINIC_0023_data,grupo 3,2,7.0,0.0,0,ok,0.3711340206185567,True,112.0,1.396,0.21
dataset6_CLINIC_0023_data,grupo 3,2,4.91,0.0,0,ok,0.3711340206185567,True,112.0,1.396,0.21
dataset6_CLINIC_0023_data,grupo 3,2,7.3,0.0,0,ok,0.3711340206185567,True,112.0,1.396,0.21
dataset6_CLINIC_0023_data,grupo 3,3,7.0,0.0,0,ok,0.4329896907216495,True,112.0,5.976,0.863
dataset6_CLINIC_0023_data,grupo 3,3,4.91,0.0,0,ok,0.4329896907216495,True,112.0,5.976,0.863
dataset6_CLINIC_0023_data,grupo 3,3,7.3,0.0,0,ok,0.4329896907216495,True,112.0,5.976,0.863
dataset6_CLINIC_0023_data,grupo 3,4,7.0,0.0,0,ok,0.422680412371134,True,112.0,4.998,3.924
dataset6_CLINIC_0023_data,grupo 3,4,4.91,0.0,0,ok,0.422680412371134,True,112.0,4.998,3.924
dataset6_CLINIC_0023_data,grupo 3,4,7.3,0.0,0,ok,0.422680412371134,True,112.0,4.998,3.924
dataset6_CLINIC_0023_data,grupo 3,5,7.0,0.0,0,ok,0.3917525773195876,True,112.0,1.674,1.694
dataset6_CLINIC_0023_data,grupo 3,5,4.91,0.0,0,ok,0.3917525773195876,True,112.0,1.674,1.694
dataset6_CLINIC_0023_data,grupo 3,5,7.3,0.0,0,ok,0.3917525773195876,True,112.0,1.674,1.694
dataset6_CLINIC_0023_data,grupo 3,6,7.0,0.0,0,ok,0.4020618556701031,True,112.0,0.981,1.961
dataset6_CLINIC_0023_data,grupo 3,6,4.91,0.0,0,ok,0.4020618556701031,True,112.0,0.981,1.961
dataset6_CLINIC_0023_data,grupo 3,6,7.3,0.0,0,ok,0.4020618556701031,True,112.0,0.981,1.961
dataset6_CLINIC_0023_data,grupo 3,7,7.0,0.0,0,ok,0.4329896907216495,True,112.0,2.13,1.826
dataset6_CLINIC_0023_data,grupo 3,7,4.91,0.0,0,ok,0.4329896907216495,True,112.0,2.13,1.826
dataset6_CLINIC_0023_data,grupo 3,7,7.3,0.0,0,ok,0.4329896907216495,True,112.0,2.13,1.826
dataset6_CLINIC_0023_data,grupo 3,8,7.0,0.0,0,ok,0.4020618556701031,True,112.0,0.106,1.153
dataset6_CLINIC_0023_data,grupo 3,8,4.91,0.0,0,ok,0.4020618556701031,True,112.0,0.106,1.153
dataset6_CLINIC_0023_data,grupo 3,8,7.3,0.0,0,ok,0.4020618556701031,True,112.0,0.106,1.153
dataset6_CLINIC_0023_data,grupo 3,9,7.0,0.0,0,ok,0.3711340206185567,True,112.0,1.125,1.302
dataset6_CLINIC_0023_data,grupo 3,9,4.91,0.0,0,ok,0.3711340206185567,True,112.0,1.125,1.302
dataset6_CLINIC_0023_data,grupo 3,9,7.3,0.0,0,ok,0.3711340206185567,True,112.0,1.125,1.302
dataset6_CLINIC_0023_data,grupo 3,10,7.0,0.0,0,ok,0.35051546391752575,True,112.0,0.587,2.976
dataset6_CLINIC_0023_data,grupo 3,10,4.91,0.0,0,ok,0.35051546391752575,True,112.0,0.587,2.976
dataset6_CLINIC_0023_data,grupo 3,10,7.3,0.0,0,ok,0.35051546391752575,True,112.0,0.587,2.976
dataset6_CLINIC_0023_data,grupo 3,11,7.0,0.0,0,ok,0.4020618556701031,True,112.0,1.024,1.955
dataset6_CLINIC_0023_data,grupo 3,11,4.91,0.0,0,ok,0.4020618556701031,True,112.0,1.024,1.955
dataset6_CLINIC_0023_data,grupo 3,11,7.3,0.0,0,ok,0.4020618556701031,True,112.0,1.024,1.955
dataset6_CLINIC_0023_data,grupo 3,12,7.0,0.0,0,ok,0.3402061855670103,True,112.0,0.367,2.341
dataset6_CLINIC_0023_data,grupo 3,12,4.91,0.0,0,ok,0.3402061855670103,True,112.0,0.367,2.341
dataset6_CLINIC_0023_data,grupo 3,12,7.3,0.0,0,ok,0.3402061855670103,True,112.0,0.367,2.341
dataset6_CLINIC_0023_data,grupo 3,13,7.0,0.0,0,ok,0.3711340206185567,True,112.0,2.332,3.492
dataset6_CLINIC_0023_data,grupo 3,13,4.91,0.0,0,ok,0.3711340206185567,True,112.0,2.332,3.492
dataset6_CLINIC_0023_data,grupo 3,13,7.3,0.0,0,ok,0.3711340206185567,True,112.0,2.332,3.492
dataset6_CLINIC_0023_data,grupo 3,14,7.0,0.0,0,ok,0.41237113402061853,True,112.0,1.46,5.225
dataset6_CLINIC_0023_data,grupo 3,14,4.91,0.0,0,ok,0.41237113402061853,True,112.0,1.46,5.225
dataset6_CLINIC_0023_data,grupo 3,14,7.3,0.0,0,ok,0.41237113402061853,True,112.0,1.46,5.225
dataset6_CLINIC_0023_data,grupo 3,15,7.0,0.0,0,ok,0.32989690721649484,True,112.0,1.436,0.024
dataset6_CLINIC_0023_data,grupo 3,15,4.91,0.0,0,ok,0.32989690721649484,True,112.0,1.436,0.024
dataset6_CLINIC_0023_data,grupo 3,15,7.3,0.0,0,ok,0.32989690721649484,True,112.0,1.436,0.024
dataset6_CLINIC_0023_data,grupo 3,16,7.0,0.0,0,ok,0.3917525773195876,True,112.0,0.039,0.621
dataset6_CLINIC_0023_data,grupo 3,16,4.91,0.0,0,ok,0.3917525773195876,True,112.0,0.039,0.621
dataset6_CLINIC_0023_data,grupo 3,16,7.3,0.0,0,ok,0.3917525773195876,True,112.0,0.039,0.621
dataset6_CLINIC_0023_data,grupo 3,17,7.0,1.4238660335540771,1,ok,0.30927835051546393,True,112.0,4.209,3.603
dataset6_CLINIC_0023_data,grupo 3,17,4.91,0.37886595726013184,1,ok,0.30927835051546393,True,112.0,4.209,3.603
dataset6_CLINIC_0023_data,grupo 3,17,7.3,1.5738661289215088,1,ok,0.30927835051546393,True,112.0,4.209,3.603
dataset6_CLINIC_0023_data,grupo 3,18,7.0,0.0,0,ok,0.30927835051546393,True,112.0,2.755,3.298
dataset6_CLINIC_0023_data,grupo 3,18,4.91,0.0,0,ok,0.30927835051546393,True,112.0,2.755,3.298
dataset6_CLINIC_0023_data,grupo 3,18,7.3,0.0,0,ok,0.30927835051546393,True,112.0,2.755,3.298
dataset6_CLINIC_0023_data,grupo 3,19,7.0,0.0,0,ok,0.36082474226804123,True,112.0,3.476,1.002
dataset6_CLINIC_0023_data,grupo 3,19,4.91,0.0,0,ok,0.36082474226804123,True,112.0,3.476,1.002
dataset6_CLINIC_0023_data,grupo 3,19,7.3,0.0,0,ok,0.36082474226804123,True,112.0,3.476,1.002
dataset6_CLINIC_0023_data,grupo 3,20,7.0,0.0,0,ok,0.4020618556701031,True,112.0,0.349,3.287
dataset6_CLINIC_0023_data,grupo 3,20,4.91,0.0,0,ok,0.4020618556701031,True,112.0,0.349,3.287
dataset6_CLINIC_0023_data,grupo 3,20,7.3,0.0,0,ok,0.4020618556701031,True,112.0,0.349,3.287
dataset6_CLINIC_0023_data,grupo 3,21,7.0,0.0,0,ok,0.27835051546391754,True,112.0,4.378,1.95
dataset6_CLINIC_0023_data,grupo 3,21,4.91,0.0,0,ok,0.27835051546391754,True,112.0,4.378,1.95
dataset6_CLINIC_0023_data,grupo 3,21,7.3,0.0,0,ok,0.27835051546391754,True,112.0,4.378,1.95
dataset6_CLINIC_0023_data,grupo 3,22,7.0,0.0,0,ok,0.3711340206185567,True,112.0,1.153,0.661
dataset6_CLINIC_0023_data,grupo 3,22,4.91,0.0,0,ok,0.3711340206185567,True,112.0,1.153,0.661
dataset6_CLINIC_0023_data,grupo 3,22,7.3,0.0,0,ok,0.3711340206185567,True,112.0,1.153,0.661
dataset6_CLINIC_0023_data,grupo 3,23,7.0,1.2599985599517822,1,ok,0.29896907216494845,True,112.0,2.702,7.473
dataset6_CLINIC_0023_data,grupo 3,23,4.91,0.21499848365783691,1,ok,0.29896907216494845,True,112.0,2.702,7.473
dataset6_CLINIC_0023_data,grupo 3,23,7.3,1.4099986553192139,1,ok,0.29896907216494845,True,112.0,2.702,7.473
dataset6_CLINIC_0023_data,grupo 3,24,7.0,0.0,0,ok,0.41237113402061853,True,112.0,1.56,0.493
dataset6_CLINIC_0023_data,grupo 3,24,4.91,0.0,0,ok,0.41237113402061853,True,112.0,1.56,0.493
dataset6_CLINIC_0023_data,grupo 3,24,7.3,0.0,0,ok,0.41237113402061853,True,112.0,1.56,0.493
dataset6_CLINIC_0023_data,grupo 3,25,7.0,0.0,0,ok,0.4329896907216495,True,112.0,2.273,0.879
dataset6_CLINIC_0023_data,grupo 3,25,4.91,0.0,0,ok,0.4329896907216495,True,112.0,2.273,0.879
dataset6_CLINIC_0023_data,grupo 3,25,7.3,0.0,0,ok,0.4329896907216495,True,112.0,2.273,0.879
dataset6_CLINIC_0023_data,grupo 3,26,7.0,0.0,0,ok,0.4020618556701031,True,112.0,0.972,0.229
dataset6_CLINIC_0023_data,grupo 3,26,4.91,0.0,0,ok,0.4020618556701031,True,112.0,0.972,0.229
dataset6_CLINIC_0023_data,grupo 3,26,7.3,0.0,0,ok,0.4020618556701031,True,112.0,0.972,0.229
dataset6_CLINIC_0023_data,grupo 3,27,7.0,0.0,0,ok,0.4020618556701031,True,112.0,1.145,0.311
dataset6_CLINIC_0023_data,grupo 3,27,4.91,0.0,0,ok,0.4020618556701031,True,112.0,1.145,0.311
dataset6_CLINIC_0023_data,grupo 3,27,7.3,0.0,0,ok,0.4020618556701031,True,112.0,1.145,0.311
dataset6_CLINIC_0023_data,grupo 3,28,7.0,0.0,0,ok,0.36082474226804123,True,112.0,4.76,1.261
dataset6_CLINIC_0023_data,grupo 3,28,4.91,0.0,0,ok,0.36082474226804123,True,112.0,4.76,1.261
dataset6_CLINIC_0023_data,grupo 3,28,7.3,0.0,0,ok,0.36082474226804123,True,112.0,4.76,1.261
dataset6_CLINIC_0023_data,grupo 3,29,7.0,0.0,0,ok,0.3711340206185567,True,112.0,0.705,0.817
dataset6_CLINIC_0023_data,grupo 3,29,4.91,0.0,0,ok,0.3711340206185567,True,112.0,0.705,0.817
dataset6_CLINIC_0023_data,grupo 3,29,7.3,0.0,0,ok,0.3711340206185567,True,112.0,0.705,0.817
dataset6_CLINIC_0023_data,grupo 3,30,7.0,0.0,0,ok,0.38144329896907214,True,112.0,0.969,2.439
dataset6_CLINIC_0023_data,grupo 3,30,4.91,0.0,0,ok,0.38144329896907214,True,112.0,0.969,2.439
dataset6_CLINIC_0023_data,grupo 3,30,7.3,0.0,0,ok,0.38144329896907214,True,112.0,0.969,2.439
dataset6_CLINIC_0023_data,grupo 3,31,7.0,0.0,0,ok,0.32989690721649484,True,112.0,0.771,2.14
dataset6_CLINIC_0023_data,grupo 3,31,4.91,0.0,0,ok,0.32989690721649484,True,112.0,0.771,2.14
dataset6_CLINIC_0023_data,grupo 3,31,7.3,0.0,0,ok,0.32989690721649484,True,112.0,0.771,2.14
dataset6_CLINIC_0023_data,grupo 3,32,7.0,0.0,0,ok,0.3711340206185567,True,112.0,0.594,0.059
dataset6_CLINIC_0023_data,grupo 3,32,4.91,0.0,0,ok,0.3711340206185567,True,112.0,0.594,0.059
dataset6_CLINIC_0023_data,grupo 3,32,7.3,0.0,0,ok,0.3711340206185567,True,112.0,0.594,0.059
dataset6_CLINIC_0023_data,grupo 3,33,7.0,0.0,0,ok,0.3711340206185567,True,112.0,1.099,0.996
dataset6_CLINIC_0023_data,grupo 3,33,4.91,0.0,0,ok,0.3711340206185567,True,112.0,1.099,0.996
dataset6_CLINIC_0023_data,grupo 3,33,7.3,0.0,0,ok,0.3711340206185567,True,112.0,1.099,0.996
dataset6_CLINIC_0023_data,grupo 3,34,7.0,0.0,0,ok,0.41237113402061853,True,112.0,1.64,0.838
dataset6_CLINIC_0023_data,grupo 3,34,4.91,0.0,0,ok,0.41237113402061853,True,112.0,1.64,0.838
dataset6_CLINIC_0023_data,grupo 3,34,7.3,0.0,0,ok,0.41237113402061853,True,112.0,1.64,0.838
dataset6_CLINIC_0023_data,grupo 3,35,7.0,0.0,0,ok,0.4329896907216495,True,112.0,2.802,1.455
dataset6_CLINIC_0023_data,grupo 3,35,4.91,0.0,0,ok,0.4329896907216495,True,112.0,2.802,1.455
dataset6_CLINIC_0023_data,grupo 3,35,7.3,0.0,0,ok,0.4329896907216495,True,112.0,2.802,1.455
dataset6_CLINIC_0023_data,grupo 3,36,7.0,0.0,0,ok,0.422680412371134,True,112.0,1.539,2.195
dataset6_CLINIC_0023_data,grupo 3,36,4.91,0.0,0,ok,0.422680412371134,True,112.0,1.539,2.195
dataset6_CLINIC_0023_data,grupo 3,36,7.3,0.0,0,ok,0.422680412371134,True,112.0,1.539,2.195
dataset6_CLINIC_0023_data,grupo 3,37,7.0,0.0,0,ok,0.41237113402061853,True,112.0,4.093,2.448
dataset6_CLINIC_0023_data,grupo 3,37,4.91,0.0,0,ok,0.41237113402061853,True,112.0,4.093,2.448
dataset6_CLINIC_0023_data,grupo 3,37,7.3,0.0,0,ok,0.41237113402061853,True,112.0,4.093,2.448
dataset6_CLINIC_0023_data,grupo 3,38,7.0,0.0,0,ok,0.4020618556701031,True,112.0,1.94,2.798
dataset6_CLINIC_0023_data,grupo 3,38,4.91,0.0,0,ok,0.4020618556701031,True,112.0,1.94,2.798
dataset6_CLINIC_0023_data,grupo 3,38,7.3,0.0,0,ok,0.4020618556701031,True,112.0,1.94,2.798
dataset6_CLINIC_0023_data,grupo 3,39,7.0,0.0,0,ok,0.3917525773195876,True,112.0,1.343,4.311
dataset6_CLINIC_0023_data,grupo 3,39,4.91,0.0,0,ok,0.3917525773195876,True,112.0,1.343,4.311
dataset6_CLINIC_0023_data,grupo 3,39,7.3,0.0,0,ok,0.3917525773195876,True,112.0,1.343,4.311
dataset6_CLINIC_0023_data,grupo 3,40,7.0,0.0,0,ok,0.3917525773195876,True,112.0,3.072,1.249
dataset6_CLINIC_0023_data,grupo 3,40,4.91,0.0,0,ok,0.3917525773195876,True,112.0,3.072,1.249
dataset6_CLINIC_0023_data,grupo 3,40,7.3,0.0,0,ok,0.3917525773195876,True,112.0,3.072,1.249
dataset6_CLINIC_0023_data,grupo 3,41,7.0,0.0,0,ok,0.3711340206185567,True,112.0,2.295,0.627
dataset6_CLINIC_0023_data,grupo 3,41,4.91,0.0,0,ok,0.3711340206185567,True,112.0,2.295,0.627
dataset6_CLINIC_0023_data,grupo 3,41,7.3,0.0,0,ok,0.3711340206185567,True,112.0,2.295,0.627
dataset6_CLINIC_0023_data,grupo 3,42,7.0,0.0,0,ok,0.35051546391752575,True,112.0,0.789,0.494
dataset6_CLINIC_0023_data,grupo 3,42,4.91,0.0,0,ok,0.35051546391752575,True,112.0,0.789,0.494
dataset6_CLINIC_0023_data,grupo 3,42,7.3,0.0,0,ok,0.35051546391752575,True,112.0,0.789,0.494
dataset6_CLINIC_0023_data,grupo 3,43,7.0,0.0,0,ok,0.38144329896907214,True,112.0,1.88,0.991
dataset6_CLINIC_0023_data,grupo 3,43,4.91,0.0,0,ok,0.38144329896907214,True,112.0,1.88,0.991
dataset6_CLINIC_0023_data,grupo 3,43,7.3,0.0,0,ok,0.38144329896907214,True,112.0,1.88,0.991
dataset6_CLINIC_0023_data,grupo 3,44,7.0,0.0,0,ok,0.422680412371134,True,112.0,0.379,4.304
dataset6_CLINIC_0023_data,grupo 3,44,4.91,0.0,0,ok,0.422680412371134,True,112.0,0.379,4.304
dataset6_CLINIC_0023_data,grupo 3,44,7.3,0.0,0,ok,0.422680412371134,True,112.0,0.379,4.304
dataset6_CLINIC_0023_data,grupo 3,45,7.0,0.8316144943237305,1,ok,0.3711340206185567,True,112.0,4.505,1.974
dataset6_CLINIC_0023_data,grupo 3,45,4.91,0.0,0,ok,0.3711340206185567,True,112.0,4.505,1.974
dataset6_CLINIC_0023_data,grupo 3,45,7.3,0.9816145896911621,1,ok,0.3711340206185567,True,112.0,4.505,1.974
dataset6_CLINIC_0023_data,grupo 3,46,7.0,0.0,0,ok,0.36082474226804123,True,112.0,1.735,0.913
dataset6_CLINIC_0023_data,grupo 3,46,4.91,0.0,0,ok,0.36082474226804123,True,112.0,1.735,0.913
dataset6_CLINIC_0023_data,grupo 3,46,7.3,0.0,0,ok,0.36082474226804123,True,112.0,1.735,0.913
dataset6_CLINIC_0023_data,grupo 3,47,7.0,0.0,0,ok,0.422680412371134,True,112.0,3.976,0.649
dataset6_CLINIC_0023_data,grupo 3,47,4.91,0.0,0,ok,0.422680412371134,True,112.0,3.976,0.649
dataset6_CLINIC_0023_data,grupo 3,47,7.3,0.0,0,ok,0.422680412371134,True,112.0,3.976,0.649
dataset6_CLINIC_0023_data,grupo 3,48,7.0,0.0,0,ok,0.3711340206185567,True,112.0,2.919,0.05
dataset6_CLINIC_0023_data,grupo 3,48,4.91,0.0,0,ok,0.3711340206185567,True,112.0,2.919,0.05
dataset6_CLINIC_0023_data,grupo 3,48,7.3,0.0,0,ok,0.3711340206185567,True,112.0,2.919,0.05
dataset6_CLINIC_0023_data,grupo 3,49,7.0,0.0,0,ok,0.35051546391752575,True,112.0,1.304,1.899
dataset6_CLINIC_0023_data,grupo 3,49,4.91,0.0,0,ok,0.35051546391752575,True,112.0,1.304,1.899
dataset6_CLINIC_0023_data,grupo 3,49,7.3,0.0,0,ok,0.35051546391752575,True,112.0,1.304,1.899
dataset6_CLINIC_0020_data,grupo 3,0,7.0,0.0,0,ok,0.2815533980582524,True,119.0,2.171,0.762
dataset6_CLINIC_0020_data,grupo 3,0,4.91,0.0,0,ok,0.2815533980582524,True,119.0,2.171,0.762
dataset6_CLINIC_0020_data,grupo 3,0,7.3,0.0,0,ok,0.2815533980582524,True,119.0,2.171,0.762
dataset6_CLINIC_0020_data,grupo 3,1,7.0,0.0,0,ok,0.2912621359223301,True,119.0,2.069,3.063
dataset6_CLINIC_0020_data,grupo 3,1,4.91,0.0,0,ok,0.2912621359223301,True,119.0,2.069,3.063
dataset6_CLINIC_0020_data,grupo 3,1,7.3,0.0,0,ok,0.2912621359223301,True,119.0,2.069,3.063
dataset6_CLINIC_0020_data,grupo 3,2,7.0,0.0,0,ok,0.32038834951456313,True,119.0,2.371,0.858
dataset6_CLINIC_0020_data,grupo 3,2,4.91,0.0,0,ok,0.32038834951456313,True,119.0,2.371,0.858
dataset6_CLINIC_0020_data,grupo 3,2,7.3,0.0,0,ok,0.32038834951456313,True,119.0,2.371,0.858
dataset6_CLINIC_0020_data,grupo 3,3,7.0,0.0,0,ok,0.24271844660194175,True,119.0,2.555,0.244
dataset6_CLINIC_0020_data,grupo 3,3,4.91,0.0,0,ok,0.24271844660194175,True,119.0,2.555,0.244
dataset6_CLINIC_0020_data,grupo 3,3,7.3,0.0,0,ok,0.24271844660194175,True,119.0,2.555,0.244
dataset6_CLINIC_0020_data,grupo 3,4,7.0,0.0,0,ok,0.30097087378640774,True,119.0,0.272,1.382
dataset6_CLINIC_0020_data,grupo 3,4,4.91,0.0,0,ok,0.30097087378640774,True,119.0,0.272,1.382
dataset6_CLINIC_0020_data,grupo 3,4,7.3,0.0,0,ok,0.30097087378640774,True,119.0,0.272,1.382
dataset6_CLINIC_0020_data,grupo 3,5,7.0,0.0,0,ok,0.3592233009708738,True,119.0,1.32,5.01
dataset6_CLINIC_0020_data,grupo 3,5,4.91,0.0,0,ok,0.3592233009708738,True,119.0,1.32,5.01
dataset6_CLINIC_0020_data,grupo 3,5,7.3,0.0,0,ok,0.3592233009708738,True,119.0,1.32,5.01
dataset6_CLINIC_0020_data,grupo 3,6,7.0,0.0,0,ok,0.3106796116504854,True,119.0,1.976,0.34
dataset6_CLINIC_0020_data,grupo 3,6,4.91,0.0,0,ok,0.3106796116504854,True,119.0,1.976,0.34
dataset6_CLINIC_0020_data,grupo 3,6,7.3,0.0,0,ok,0.3106796116504854,True,119.0,1.976,0.34
dataset6_CLINIC_0020_data,grupo 3,7,7.0,0.0,0,ok,0.34951456310679613,True,119.0,1.418,0.009
dataset6_CLINIC_0020_data,grupo 3,7,4.91,0.0,0,ok,0.34951456310679613,True,119.0,1.418,0.009
dataset6_CLINIC_0020_data,grupo 3,7,7.3,0.0,0,ok,0.34951456310679613,True,119.0,1.418,0.009
dataset6_CLINIC_0020_data,grupo 3,8,7.0,0.0,0,ok,0.32038834951456313,True,119.0,0.88,4.675
dataset6_CLINIC_0020_data,grupo 3,8,4.91,0.0,0,ok,0.32038834951456313,True,119.0,0.88,4.675
dataset6_CLINIC_0020_data,grupo 3,8,7.3,0.0,0,ok,0.32038834951456313,True,119.0,0.88,4.675
dataset6_CLINIC_0020_data,grupo 3,9,7.0,0.0,0,ok,0.3106796116504854,True,119.0,1.143,3.844
dataset6_CLINIC_0020_data,grupo 3,9,4.91,0.0,0,ok,0.3106796116504854,True,119.0,1.143,3.844
dataset6_CLINIC_0020_data,grupo 3,9,7.3,0.0,0,ok,0.3106796116504854,True,119.0,1.143,3.844
dataset6_CLINIC_0020_data,grupo 3,10,7.0,0.0,0,ok,0.3106796116504854,True,119.0,3.879,0.703
dataset6_CLINIC_0020_data,grupo 3,10,4.91,0.0,0,ok,0.3106796116504854,True,119.0,3.879,0.703
dataset6_CLINIC_0020_data,grupo 3,10,7.3,0.0,0,ok,0.3106796116504854,True,119.0,3.879,0.703
dataset6_CLINIC_0020_data,grupo 3,11,7.0,0.2975437641143799,1,ok,0.3300970873786408,True,119.0,1.722,2.513
dataset6_CLINIC_0020_data,grupo 3,11,4.91,0.0,0,ok,0.3300970873786408,True,119.0,1.722,2.513
dataset6_CLINIC_0020_data,grupo 3,11,7.3,0.4475438594818115,1,ok,0.3300970873786408,True,119.0,1.722,2.513
dataset6_CLINIC_0020_data,grupo 3,12,7.0,1.5125657320022583,1,ok,0.3300970873786408,True,119.0,3.154,0.968
dataset6_CLINIC_0020_data,grupo 3,12,4.91,0.467565655708313,1,ok,0.3300970873786408,True,119.0,3.154,0.968
dataset6_CLINIC_0020_data,grupo 3,12,7.3,1.66256582736969,1,ok,0.3300970873786408,True,119.0,3.154,0.968
dataset6_CLINIC_0020_data,grupo 3,13,7.0,0.0,0,ok,0.1650485436893204,True,119.0,4.062,5.561
dataset6_CLINIC_0020_data,grupo 3,13,4.91,0.0,0,ok,0.1650485436893204,True,119.0,4.062,5.561
dataset6_CLINIC_0020_data,grupo 3,13,7.3,0.0,0,ok,0.1650485436893204,True,119.0,4.062,5.561
dataset6_CLINIC_0020_data,grupo 3,14,7.0,0.0,0,ok,0.33980582524271846,True,119.0,0.038,3.362
dataset6_CLINIC_0020_data,grupo 3,14,4.91,0.0,0,ok,0.33980582524271846,True,119.0,0.038,3.362
dataset6_CLINIC_0020_data,grupo 3,14,7.3,0.0,0,ok,0.33980582524271846,True,119.0,0.038,3.362
dataset6_CLINIC_0020_data,grupo 3,15,7.0,2.0259292125701904,2,ok,0.3106796116504854,True,119.0,4.177,1.605
dataset6_CLINIC_0020_data,grupo 3,15,4.91,0.9809291362762451,1,ok,0.3106796116504854,True,119.0,4.177,1.605
dataset6_CLINIC_0020_data,grupo 3,15,7.3,2.175929307937622,2,ok,0.3106796116504854,True,119.0,4.177,1.605
dataset6_CLINIC_0020_data,grupo 3,16,7.0,0.0,0,ok,0.2912621359223301,True,119.0,1.963,1.469
dataset6_CLINIC_0020_data,grupo 3,16,4.91,0.0,0,ok,0.2912621359223301,True,119.0,1.963,1.469
dataset6_CLINIC_0020_data,grupo 3,16,7.3,0.0,0,ok,0.2912621359223301,True,119.0,1.963,1.469
dataset6_CLINIC_0020_data,grupo 3,17,7.0,1.6818095445632935,1,ok,0.33980582524271846,True,119.0,4.655,2.42
dataset6_CLINIC_0020_data,grupo 3,17,4.91,0.6368094682693481,1,ok,0.33980582524271846,True,119.0,4.655,2.42
dataset6_CLINIC_0020_data,grupo 3,17,7.3,1.831809639930725,1,ok,0.33980582524271846,True,119.0,4.655,2.42
dataset6_CLINIC_0020_data,grupo 3,18,7.0,3.2177486419677734,2,ok,0.23529411764705882,True,119.0,5.044,2.306
dataset6_CLINIC_0020_data,grupo 3,18,4.91,2.172748565673828,2,ok,0.23529411764705882,True,119.0,5.044,2.306
dataset6_CLINIC_0020_data,grupo 3,18,7.3,3.367748737335205,2,ok,0.23529411764705882,True,119.0,5.044,2.306
dataset6_CLINIC_0020_data,grupo 3,19,7.0,0.0,0,ok,0.30097087378640774,True,119.0,2.154,3.651
dataset6_CLINIC_0020_data,grupo 3,19,4.91,0.0,0,ok,0.30097087378640774,True,119.0,2.154,3.651
dataset6_CLINIC_0020_data,grupo 3,19,7.3,0.02154088020324707,1,ok,0.30097087378640774,True,119.0,2.154,3.651
dataset6_CLINIC_0020_data,grupo 3,20,7.0,0.0,0,ok,0.3106796116504854,True,119.0,0.468,1.561
dataset6_CLINIC_0020_data,grupo 3,20,4.91,0.0,0,ok,0.3106796116504854,True,119.0,0.468,1.561
dataset6_CLINIC_0020_data,grupo 3,20,7.3,0.0,0,ok,0.3106796116504854,True,119.0,0.468,1.561
dataset6_CLINIC_0020_data,grupo 3,21,7.0,0.0,0,ok,0.3592233009708738,True,119.0,0.899,0.93
dataset6_CLINIC_0020_data,grupo 3,21,4.91,0.0,0,ok,0.3592233009708738,True,119.0,0.899,0.93
dataset6_CLINIC_0020_data,grupo 3,21,7.3,0.0,0,ok,0.3592233009708738,True,119.0,0.899,0.93
dataset6_CLINIC_0020_data,grupo 3,22,7.0,0.0,0,ok,0.2912621359223301,True,119.0,2.324,1.098
dataset6_CLINIC_0020_data,grupo 3,22,4.91,0.0,0,ok,0.2912621359223301,True,119.0,2.324,1.098
dataset6_CLINIC_0020_data,grupo 3,22,7.3,0.0,0,ok,0.2912621359223301,True,119.0,2.324,1.098
dataset6_CLINIC_0020_data,grupo 3,23,7.0,0.0,0,ok,0.2621359223300971,True,119.0,2.293,1.541
dataset6_CLINIC_0020_data,grupo 3,23,4.91,0.0,0,ok,0.2621359223300971,True,119.0,2.293,1.541
dataset6_CLINIC_0020_data,grupo 3,23,7.3,0.0,0,ok,0.2621359223300971,True,119.0,2.293,1.541
dataset6_CLINIC_0020_data,grupo 3,24,7.0,0.0,0,ok,0.32038834951456313,True,119.0,1.299,1.179
dataset6_CLINIC_0020_data,grupo 3,24,4.91,0.0,0,ok,0.32038834951456313,True,119.0,1.299,1.179
dataset6_CLINIC_0020_data,grupo 3,24,7.3,0.0,0,ok,0.32038834951456313,True,119.0,1.299,1.179
dataset6_CLINIC_0020_data,grupo 3,25,7.0,0.0,0,ok,0.33980582524271846,True,119.0,1.094,2.846
dataset6_CLINIC_0020_data,grupo 3,25,4.91,0.0,0,ok,0.33980582524271846,True,119.0,1.094,2.846
dataset6_CLINIC_0020_data,grupo 3,25,7.3,0.0,0,ok,0.33980582524271846,True,119.0,1.094,2.846
dataset6_CLINIC_0020_data,grupo 3,26,7.0,0.0,0,ok,0.32038834951456313,True,119.0,0.224,2.046
dataset6_CLINIC_0020_data,grupo 3,26,4.91,0.0,0,ok,0.32038834951456313,True,119.0,0.224,2.046
dataset6_CLINIC_0020_data,grupo 3,26,7.3,0.0,0,ok,0.32038834951456313,True,119.0,0.224,2.046
dataset6_CLINIC_0020_data,grupo 3,27,7.0,0.0,0,ok,0.24271844660194175,True,119.0,3.254,2.113
dataset6_CLINIC_0020_data,grupo 3,27,4.91,0.0,0,ok,0.24271844660194175,True,119.0,3.254,2.113
dataset6_CLINIC_0020_data,grupo 3,27,7.3,0.0,0,ok,0.24271844660194175,True,119.0,3.254,2.113
dataset6_CLINIC_0020_data,grupo 3,28,7.0,0.0,0,ok,0.30097087378640774,True,119.0,1.449,1.06
dataset6_CLINIC_0020_data,grupo 3,28,4.91,0.0,0,ok,0.30097087378640774,True,119.0,1.449,1.06
dataset6_CLINIC_0020_data,grupo 3,28,7.3,0.0,0,ok,0.30097087378640774,True,119.0,1.449,1.06
dataset6_CLINIC_0020_data,grupo 3,29,7.0,0.0,0,ok,0.3786407766990291,True,119.0,1.347,0.984
dataset6_CLINIC_0020_data,grupo 3,29,4.91,0.0,0,ok,0.3786407766990291,True,119.0,1.347,0.984
dataset6_CLINIC_0020_data,grupo 3,29,7.3,0.0,0,ok,0.3786407766990291,True,119.0,1.347,0.984
dataset6_CLINIC_0020_data,grupo 3,30,7.0,0.0,0,ok,0.3106796116504854,True,119.0,2.197,0.509
dataset6_CLINIC_0020_data,grupo 3,30,4.91,0.0,0,ok,0.3106796116504854,True,119.0,2.197,0.509
dataset6_CLINIC_0020_data,grupo 3,30,7.3,0.10987186431884766,1,ok,0.3106796116504854,True,119.0,2.197,0.509
dataset6_CLINIC_0020_data,grupo 3,31,7.0,0.0,0,ok,0.3106796116504854,True,119.0,0.28,2.034
dataset6_CLINIC_0020_data,grupo 3,31,4.91,0.0,0,ok,0.3106796116504854,True,119.0,0.28,2.034
dataset6_CLINIC_0020_data,grupo 3,31,7.3,0.0,0,ok,0.3106796116504854,True,119.0,0.28,2.034
dataset6_CLINIC_0020_data,grupo 3,32,7.0,0.5295944213867188,1,ok,0.21359223300970873,True,119.0,4.621,0.313
dataset6_CLINIC_0020_data,grupo 3,32,4.91,0.0,0,ok,0.21359223300970873,True,119.0,4.621,0.313
dataset6_CLINIC_0020_data,grupo 3,32,7.3,0.6795945167541504,1,ok,0.21359223300970873,True,119.0,4.621,0.313
dataset6_CLINIC_0020_data,grupo 3,33,7.0,0.0,0,ok,0.3300970873786408,True,119.0,5.36,2.829
dataset6_CLINIC_0020_data,grupo 3,33,4.91,0.0,0,ok,0.3300970873786408,True,119.0,5.36,2.829
dataset6_CLINIC_0020_data,grupo 3,33,7.3,0.0,0,ok,0.3300970873786408,True,119.0,5.36,2.829
dataset6_CLINIC_0020_data,grupo 3,34,7.0,0.0,0,ok,0.3300970873786408,True,119.0,0.391,5.33
dataset6_CLINIC_0020_data,grupo 3,34,4.91,0.0,0,ok,0.3300970873786408,True,119.0,0.391,5.33
dataset6_CLINIC_0020_data,grupo 3,34,7.3,0.0,0,ok,0.3300970873786408,True,119.0,0.391,5.33
dataset6_CLINIC_0020_data,grupo 3,35,7.0,0.0,0,ok,0.3592233009708738,True,119.0,0.875,1.552
dataset6_CLINIC_0020_data,grupo 3,35,4.91,0.0,0,ok,0.3592233009708738,True,119.0,0.875,1.552
dataset6_CLINIC_0020_data,grupo 3,35,7.3,0.0,0,ok,0.3592233009708738,True,119.0,0.875,1.552
dataset6_CLINIC_0020_data,grupo 3,36,7.0,1.2895240783691406,1,ok,0.3300970873786408,True,119.0,3.046,0.989
dataset6_CLINIC_0020_data,grupo 3,36,4.91,0.2445240020751953,1,ok,0.3300970873786408,True,119.0,3.046,0.989
dataset6_CLINIC_0020_data,grupo 3,36,7.3,1.4395241737365723,1,ok,0.3300970873786408,True,119.0,3.046,0.989
dataset6_CLINIC_0020_data,grupo 3,37,7.0,0.0,0,ok,0.3106796116504854,True,119.0,0.581,1.276
dataset6_CLINIC_0020_data,grupo 3,37,4.91,0.0,0,ok,0.3106796116504854,True,119.0,0.581,1.276
dataset6_CLINIC_0020_data,grupo 3,37,7.3,0.0,0,ok,0.3106796116504854,True,119.0,0.581,1.276
dataset6_CLINIC_0020_data,grupo 3,38,7.0,0.0,0,ok,0.32038834951456313,True,119.0,0.124,0.6
dataset6_CLINIC_0020_data,grupo 3,38,4.91,0.0,0,ok,0.32038834951456313,True,119.0,0.124,0.6
dataset6_CLINIC_0020_data,grupo 3,38,7.3,0.0,0,ok,0.32038834951456313,True,119.0,0.124,0.6
dataset6_CLINIC_0020_data,grupo 3,39,7.0,0.0,0,ok,0.2912621359223301,True,119.0,0.196,0.197
dataset6_CLINIC_0020_data,grupo 3,39,4.91,0.0,0,ok,0.2912621359223301,True,119.0,0.196,0.197
dataset6_CLINIC_0020_data,grupo 3,39,7.3,0.0,0,ok,0.2912621359223301,True,119.0,0.196,0.197
dataset6_CLINIC_0020_data,grupo 3,40,7.0,0.0,0,ok,0.3106796116504854,True,119.0,0.019,1.451
dataset6_CLINIC_0020_data,grupo 3,40,4.91,0.0,0,ok,0.3106796116504854,True,119.0,0.019,1.451
dataset6_CLINIC_0020_data,grupo 3,40,7.3,0.0,0,ok,0.3106796116504854,True,119.0,0.019,1.451
dataset6_CLINIC_0020_data,grupo 3,41,7.0,0.0,0,ok,0.34951456310679613,True,119.0,1.073,2.757
dataset6_CLINIC_0020_data,grupo 3,41,4.91,0.0,0,ok,0.34951456310679613,True,119.0,1.073,2.757
dataset6_CLINIC_0020_data,grupo 3,41,7.3,0.0,0,ok,0.34951456310679613,True,119.0,1.073,2.757
dataset6_CLINIC_0020_data,grupo 3,42,7.0,0.0,0,ok,0.3106796116504854,True,119.0,1.361,2.333
dataset6_CLINIC_0020_data,grupo 3,42,4.91,0.0,0,ok,0.3106796116504854,True,119.0,1.361,2.333
dataset6_CLINIC_0020_data,grupo 3,42,7.3,0.0,0,ok,0.3106796116504854,True,119.0,1.361,2.333
dataset6_CLINIC_0020_data,grupo 3,43,7.0,0.0,0,ok,0.3300970873786408,True,119.0,1.146,1.575
dataset6_CLINIC_0020_data,grupo 3,43,4.91,0.0,0,ok,0.3300970873786408,True,119.0,1.146,1.575
dataset6_CLINIC_0020_data,grupo 3,43,7.3,0.0,0,ok,0.3300970873786408,True,119.0,1.146,1.575
dataset6_CLINIC_0020_data,grupo 3,44,7.0,0.350452184677124,1,ok,0.3592233009708738,True,119.0,2.526,4.533
dataset6_CLINIC_0020_data,grupo 3,44,4.91,0.0,0,ok,0.3592233009708738,True,119.0,2.526,4.533
dataset6_CLINIC_0020_data,grupo 3,44,7.3,0.5004522800445557,1,ok,0.3592233009708738,True,119.0,2.526,4.533
dataset6_CLINIC_0020_data,grupo 3,45,7.0,0.0,0,ok,0.3106796116504854,True,119.0,0.034,1.196
dataset6_CLINIC_0020_data,grupo 3,45,4.91,0.0,0,ok,0.3106796116504854,True,119.0,0.034,1.196
dataset6_CLINIC_0020_data,grupo 3,45,7.3,0.0,0,ok,0.3106796116504854,True,119.0,0.034,1.196
dataset6_CLINIC_0020_data,grupo 3,46,7.0,0.0,0,ok,0.3786407766990291,True,119.0,3.743,2.064
dataset6_CLINIC_0020_data,grupo 3,46,4.91,0.0,0,ok,0.3786407766990291,True,119.0,3.743,2.064
dataset6_CLINIC_0020_data,grupo 3,46,7.3,0.0,0,ok,0.3786407766990291,True,119.0,3.743,2.064
dataset6_CLINIC_0020_data,grupo 3,47,7.0,0.0,0,ok,0.3106796116504854,True,119.0,0.239,1.96
dataset6_CLINIC_0020_data,grupo 3,47,4.91,0.0,0,ok,0.3106796116504854,True,119.0,0.239,1.96
dataset6_CLINIC_0020_data,grupo 3,47,7.3,0.0,0,ok,0.3106796116504854,True,119.0,0.239,1.96
dataset6_CLINIC_0020_data,grupo 3,48,7.0,0.0,0,ok,0.34951456310679613,True,119.0,1.113,2.377
dataset6_CLINIC_0020_data,grupo 3,48,4.91,0.0,0,ok,0.34951456310679613,True,119.0,1.113,2.377
dataset6_CLINIC_0020_data,grupo 3,48,7.3,0.0,0,ok,0.34951456310679613,True,119.0,1.113,2.377
dataset6_CLINIC_0020_data,grupo 3,49,7.0,0.0,0,ok,0.3300970873786408,True,119.0,0.4,3.302
dataset6_CLINIC_0020_data,grupo 3,49,4.91,0.0,0,ok,0.3300970873786408,True,119.0,0.4,3.302
dataset6_CLINIC_0020_data,grupo 3,49,7.3,0.0,0,ok,0.3300970873786408,True,119.0,0.4,3.302
dataset6_CLINIC_0030_data,grupo 3,0,7.0,0.0,0,ok,0.6880733944954128,False,125.0,1.232,1.684
dataset6_CLINIC_0030_data,grupo 3,0,4.91,0.0,0,ok,0.6880733944954128,True,125.0,1.232,1.684
dataset6_CLINIC_0030_data,grupo 3,0,7.3,0.0,0,ok,0.6880733944954128,False,125.0,1.232,1.684
dataset6_CLINIC_0030_data,grupo 3,1,7.0,0.0,0,ok,0.5321100917431193,False,125.0,1.757,1.879
dataset6_CLINIC_0030_data,grupo 3,1,4.91,0.0,0,ok,0.5321100917431193,True,125.0,1.757,1.879
dataset6_CLINIC_0030_data,grupo 3,1,7.3,0.0,0,ok,0.5321100917431193,False,125.0,1.757,1.879
dataset6_CLINIC_0030_data,grupo 3,2,7.0,0.0,0,ok,0.7247706422018348,False,125.0,1.857,0.314
dataset6_CLINIC_0030_data,grupo 3,2,4.91,0.0,0,ok,0.7247706422018348,True,125.0,1.857,0.314
dataset6_CLINIC_0030_data,grupo 3,2,7.3,0.0,0,ok,0.7247706422018348,False,125.0,1.857,0.314
dataset6_CLINIC_0030_data,grupo 3,3,7.0,0.0,0,ok,0.7247706422018348,False,125.0,2.303,1.957
dataset6_CLINIC_0030_data,grupo 3,3,4.91,0.0,0,ok,0.7247706422018348,True,125.0,2.303,1.957
dataset6_CLINIC_0030_data,grupo 3,3,7.3,0.0,0,ok,0.7247706422018348,False,125.0,2.303,1.957
dataset6_CLINIC_0030_data,grupo 3,4,7.0,0.5853416919708252,1,ok,0.5963302752293578,False,125.0,2.336,1.773
dataset6_CLINIC_0030_data,grupo 3,4,4.91,0.0,0,ok,0.5963302752293578,True,125.0,2.336,1.773
dataset6_CLINIC_0030_data,grupo 3,4,7.3,0.7353417873382568,1,ok,0.5963302752293578,False,125.0,2.336,1.773
dataset6_CLINIC_0030_data,grupo 3,5,7.0,0.5873348712921143,1,ok,0.6513761467889908,False,125.0,0.24,5.089
dataset6_CLINIC_0030_data,grupo 3,5,4.91,0.0,0,ok,0.6513761467889908,True,125.0,0.24,5.089
dataset6_CLINIC_0030_data,grupo 3,5,7.3,0.7373349666595459,1,ok,0.6513761467889908,False,125.0,0.24,5.089
dataset6_CLINIC_0030_data,grupo 3,6,7.0,0.0,0,ok,0.7155963302752294,False,125.0,0.372,1.942
dataset6_CLINIC_0030_data,grupo 3,6,4.91,0.0,0,ok,0.7155963302752294,True,125.0,0.372,1.942
dataset6_CLINIC_0030_data,grupo 3,6,7.3,0.0,0,ok,0.7155963302752294,False,125.0,0.372,1.942
dataset6_CLINIC_0030_data,grupo 3,7,7.0,0.7549355030059814,1,ok,0.5779816513761468,False,125.0,1.811,0.143
dataset6_CLINIC_0030_data,grupo 3,7,4.91,0.0,0,ok,0.5779816513761468,True,125.0,1.811,0.143
dataset6_CLINIC_0030_data,grupo 3,7,7.3,0.9049355983734131,1,ok,0.5779816513761468,False,125.0,1.811,0.143
dataset6_CLINIC_0030_data,grupo 3,8,7.0,3.902249813079834,2,ok,0.42452830188679247,False,125.0,2.454,4.586
dataset6_CLINIC_0030_data,grupo 3,8,4.91,2.8572497367858887,2,ok,0.42452830188679247,True,125.0,2.454,4.586
dataset6_CLINIC_0030_data,grupo 3,8,7.3,4.052249908447266,3,ok,0.42452830188679247,False,125.0,2.454,4.586
dataset6_CLINIC_0030_data,grupo 3,9,7.0,0.0,0,ok,0.7155963302752294,False,125.0,1.124,1.069
dataset6_CLINIC_0030_data,grupo 3,9,4.91,0.0,0,ok,0.7155963302752294,True,125.0,1.124,1.069
dataset6_CLINIC_0030_data,grupo 3,9,7.3,0.0,0,ok,0.7155963302752294,False,125.0,1.124,1.069
dataset6_CLINIC_0030_data,grupo 3,10,7.0,0.0,0,ok,0.7247706422018348,False,125.0,0.57,0.746
dataset6_CLINIC_0030_data,grupo 3,10,4.91,0.0,0,ok,0.7247706422018348,True,125.0,0.57,0.746
dataset6_CLINIC_0030_data,grupo 3,10,7.3,0.0,0,ok,0.7247706422018348,False,125.0,0.57,0.746
dataset6_CLINIC_0030_data,grupo 3,11,7.0,4.292909622192383,3,ok,0.7307692307692307,False,125.0,5.558,2.024
dataset6_CLINIC_0030_data,grupo 3,11,4.91,3.2479093074798584,2,ok,0.7307692307692307,True,125.0,5.558,2.024
dataset6_CLINIC_0030_data,grupo 3,11,7.3,4.442909240722656,3,ok,0.7307692307692307,False,125.0,5.558,2.024
dataset6_CLINIC_0030_data,grupo 3,12,7.0,0.2677643299102783,1,ok,0.6880733944954128,False,125.0,1.141,0.936
dataset6_CLINIC_0030_data,grupo 3,12,4.91,0.0,0,ok,0.6880733944954128,True,125.0,1.141,0.936
dataset6_CLINIC_0030_data,grupo 3,12,7.3,0.41776442527770996,1,ok,0.6880733944954128,False,125.0,1.141,0.936
dataset6_CLINIC_0030_data,grupo 3,13,7.0,3.099341869354248,2,ok,0.7614678899082569,False,125.0,2.731,5.112
dataset6_CLINIC_0030_data,grupo 3,13,4.91,2.0543417930603027,2,ok,0.7614678899082569,True,125.0,2.731,5.112
dataset6_CLINIC_0030_data,grupo 3,13,7.3,3.2493419647216797,2,ok,0.7614678899082569,False,125.0,2.731,5.112
dataset6_CLINIC_0030_data,grupo 3,14,7.0,0.0,0,ok,0.7522935779816514,False,125.0,0.409,3.164
dataset6_CLINIC_0030_data,grupo 3,14,4.91,0.0,0,ok,0.7522935779816514,True,125.0,0.409,3.164
dataset6_CLINIC_0030_data,grupo 3,14,7.3,0.0,0,ok,0.7522935779816514,False,125.0,0.409,3.164
dataset6_CLINIC_0030_data,grupo 3,15,7.0,0.0,0,ok,0.5871559633027523,False,125.0,1.368,1.623
dataset6_CLINIC_0030_data,grupo 3,15,4.91,0.0,0,ok,0.5871559633027523,True,125.0,1.368,1.623
dataset6_CLINIC_0030_data,grupo 3,15,7.3,0.0,0,ok,0.5871559633027523,False,125.0,1.368,1.623
dataset6_CLINIC_0030_data,grupo 3,16,7.0,0.0,0,ok,0.6513761467889908,False,125.0,2.342,0.017
dataset6_CLINIC_0030_data,grupo 3,16,4.91,0.0,0,ok,0.6513761467889908,True,125.0,2.342,0.017
dataset6_CLINIC_0030_data,grupo 3,16,7.3,0.0,0,ok,0.6513761467889908,False,125.0,2.342,0.017
dataset6_CLINIC_0030_data,grupo 3,17,7.0,0.5086743831634521,1,ok,0.5963302752293578,False,125.0,1.684,0.005
dataset6_CLINIC_0030_data,grupo 3,17,4.91,0.0,0,ok,0.5963302752293578,True,125.0,1.684,0.005
dataset6_CLINIC_0030_data,grupo 3,17,7.3,0.6586744785308838,1,ok,0.5963302752293578,False,125.0,1.684,0.005
dataset6_CLINIC_0030_data,grupo 3,18,7.0,0.20058870315551758,1,ok,0.6513761467889908,False,125.0,1.232,2.075
dataset6_CLINIC_0030_data,grupo 3,18,4.91,0.0,0,ok,0.6513761467889908,True,125.0,1.232,2.075
dataset6_CLINIC_0030_data,grupo 3,18,7.3,0.3505887985229492,1,ok,0.6513761467889908,False,125.0,1.232,2.075
dataset6_CLINIC_0030_data,grupo 3,19,7.0,0.653151273727417,1,ok,0.7155963302752294,False,125.0,1.464,0.695
dataset6_CLINIC_0030_data,grupo 3,19,4.91,0.0,0,ok,0.7155963302752294,True,125.0,1.464,0.695
dataset6_CLINIC_0030_data,grupo 3,19,7.3,0.8031513690948486,1,ok,0.7155963302752294,False,125.0,1.464,0.695
dataset6_CLINIC_0030_data,grupo 3,20,7.0,3.287997007369995,2,ok,0.7870370370370371,False,125.0,3.981,3.546
dataset6_CLINIC_0030_data,grupo 3,20,4.91,2.24299693107605,2,ok,0.7870370370370371,True,125.0,3.981,3.546
dataset6_CLINIC_0030_data,grupo 3,20,7.3,3.4379971027374268,2,ok,0.7870370370370371,False,125.0,3.981,3.546
dataset6_CLINIC_0030_data,grupo 3,21,7.0,0.0,0,ok,0.6880733944954128,False,125.0,0.22,0.579
dataset6_CLINIC_0030_data,grupo 3,21,4.91,0.0,0,ok,0.6880733944954128,True,125.0,0.22,0.579
dataset6_CLINIC_0030_data,grupo 3,21,7.3,0.0,0,ok,0.6880733944954128,False,125.0,0.22,0.579
dataset6_CLINIC_0030_data,grupo 3,22,7.0,1.7225724458694458,1,ok,0.26605504587155965,False,125.0,4.02,4.071
dataset6_CLINIC_0030_data,grupo 3,22,4.91,0.6775723695755005,1,ok,0.26605504587155965,True,125.0,4.02,4.071
dataset6_CLINIC_0030_data,grupo 3,22,7.3,1.8725725412368774,1,ok,0.26605504587155965,False,125.0,4.02,4.071
dataset6_CLINIC_0030_data,grupo 3,23,7.0,0.5352294445037842,1,ok,0.5871559633027523,False,125.0,0.019,4.534
dataset6_CLINIC_0030_data,grupo 3,23,4.91,0.0,0,ok,0.5871559633027523,True,125.0,0.019,4.534
dataset6_CLINIC_0030_data,grupo 3,23,7.3,0.6852295398712158,1,ok,0.5871559633027523,False,125.0,0.019,4.534
dataset6_CLINIC_0030_data,grupo 3,24,7.0,0.0,0,ok,0.6422018348623854,False,125.0,0.734,1.851
dataset6_CLINIC_0030_data,grupo 3,24,4.91,0.0,0,ok,0.6422018348623854,True,125.0,0.734,1.851
dataset6_CLINIC_0030_data,grupo 3,24,7.3,0.0,0,ok,0.6422018348623854,False,125.0,0.734,1.851
dataset6_CLINIC_0030_data,grupo 3,25,7.0,0.0,0,ok,0.5963302752293578,False,125.0,2.616,0.282
dataset6_CLINIC_0030_data,grupo 3,25,4.91,0.0,0,ok,0.5963302752293578,True,125.0,2.616,0.282
dataset6_CLINIC_0030_data,grupo 3,25,7.3,0.0,0,ok,0.5963302752293578,False,125.0,2.616,0.282
dataset6_CLINIC_0030_data,grupo 3,26,7.0,4.750554084777832,3,ok,0.13541666666666666,False,125.0,5.259,0.475
dataset6_CLINIC_0030_data,grupo 3,26,4.91,3.7055540084838867,2,ok,0.13541666666666666,True,125.0,5.259,0.475
dataset6_CLINIC_0030_data,grupo 3,26,7.3,4.900554180145264,3,ok,0.13541666666666666,False,125.0,5.259,0.475
dataset6_CLINIC_0030_data,grupo 3,27,7.0,0.0,0,ok,0.7064220183486238,False,125.0,0.064,0.577
dataset6_CLINIC_0030_data,grupo 3,27,4.91,0.0,0,ok,0.7064220183486238,True,125.0,0.064,0.577
dataset6_CLINIC_0030_data,grupo 3,27,7.3,0.0,0,ok,0.7064220183486238,False,125.0,0.064,0.577
dataset6_CLINIC_0030_data,grupo 3,28,7.0,0.0,0,ok,0.7064220183486238,False,125.0,0.968,1.303
dataset6_CLINIC_0030_data,grupo 3,28,4.91,0.0,0,ok,0.7064220183486238,True,125.0,0.968,1.303
dataset6_CLINIC_0030_data,grupo 3,28,7.3,0.0,0,ok,0.7064220183486238,False,125.0,0.968,1.303
dataset6_CLINIC_0030_data,grupo 3,29,7.0,2.486128330230713,2,ok,0.3486238532110092,False,125.0,2.823,1.924
dataset6_CLINIC_0030_data,grupo 3,29,4.91,1.441128134727478,1,ok,0.3486238532110092,True,125.0,2.823,1.924
dataset6_CLINIC_0030_data,grupo 3,29,7.3,2.6361284255981445,2,ok,0.3486238532110092,False,125.0,2.823,1.924
dataset6_CLINIC_0030_data,grupo 3,30,7.0,0.0,0,ok,0.7064220183486238,False,125.0,1.808,0.376
dataset6_CLINIC_0030_data,grupo 3,30,4.91,0.0,0,ok,0.7064220183486238,True,125.0,1.808,0.376
dataset6_CLINIC_0030_data,grupo 3,30,7.3,0.0,0,ok,0.7064220183486238,False,125.0,1.808,0.376
dataset6_CLINIC_0030_data,grupo 3,31,7.0,0.0,0,ok,0.6330275229357798,False,125.0,1.264,1.554
dataset6_CLINIC_0030_data,grupo 3,31,4.91,0.0,0,ok,0.6330275229357798,True,125.0,1.264,1.554
dataset6_CLINIC_0030_data,grupo 3,31,7.3,0.13402652740478516,1,ok,0.6330275229357798,False,125.0,1.264,1.554
dataset6_CLINIC_0030_data,grupo 3,32,7.0,0.0858917236328125,1,ok,0.6880733944954128,False,125.0,3.624,1.056
dataset6_CLINIC_0030_data,grupo 3,32,4.91,0.0,0,ok,0.6880733944954128,True,125.0,3.624,1.056
dataset6_CLINIC_0030_data,grupo 3,32,7.3,0.23589181900024414,1,ok,0.6880733944954128,False,125.0,3.624,1.056
dataset6_CLINIC_0030_data,grupo 3,33,7.0,0.5721220970153809,1,ok,0.6788990825688074,False,125.0,1.03,3.845
dataset6_CLINIC_0030_data,grupo 3,33,4.91,0.0,0,ok,0.6788990825688074,True,125.0,1.03,3.845
dataset6_CLINIC_0030_data,grupo 3,33,7.3,0.7221221923828125,1,ok,0.6788990825688074,False,125.0,1.03,3.845
dataset6_CLINIC_0030_data,grupo 3,34,7.0,0.4811718463897705,1,ok,0.6055045871559633,False,125.0,1.587,1.212
dataset6_CLINIC_0030_data,grupo 3,34,4.91,0.0,0,ok,0.6055045871559633,True,125.0,1.587,1.212
dataset6_CLINIC_0030_data,grupo 3,34,7.3,0.6311719417572021,1,ok,0.6055045871559633,False,125.0,1.587,1.212
dataset6_CLINIC_0030_data,grupo 3,35,7.0,0.0,0,ok,0.7614678899082569,False,125.0,0.467,2.081
dataset6_CLINIC_0030_data,grupo 3,35,4.91,0.0,0,ok,0.7614678899082569,True,125.0,0.467,2.081
dataset6_CLINIC_0030_data,grupo 3,35,7.3,0.0,0,ok,0.7614678899082569,False,125.0,0.467,2.081
dataset6_CLINIC_0030_data,grupo 3,36,7.0,0.0,0,ok,0.6238532110091743,False,125.0,0.588,1.284
dataset6_CLINIC_0030_data,grupo 3,36,4.91,0.0,0,ok,0.6238532110091743,True,125.0,0.588,1.284
dataset6_CLINIC_0030_data,grupo 3,36,7.3,0.0,0,ok,0.6238532110091743,False,125.0,0.588,1.284
dataset6_CLINIC_0030_data,grupo 3,37,7.0,4.391022682189941,3,ok,0.7142857142857143,False,125.0,5.962,3.713
dataset6_CLINIC_0030_data,grupo 3,37,4.91,3.346022367477417,2,ok,0.7142857142857143,True,125.0,5.962,3.713
dataset6_CLINIC_0030_data,grupo 3,37,7.3,4.541022777557373,3,ok,0.7142857142857143,False,125.0,5.962,3.713
dataset6_CLINIC_0030_data,grupo 3,38,7.0,0.0,0,ok,0.7155963302752294,False,125.0,0.57,1.51
dataset6_CLINIC_0030_data,grupo 3,38,4.91,0.0,0,ok,0.7155963302752294,True,125.0,0.57,1.51
dataset6_CLINIC_0030_data,grupo 3,38,7.3,0.0,0,ok,0.7155963302752294,False,125.0,0.57,1.51
dataset6_CLINIC_0030_data,grupo 3,39,7.0,0.0,0,ok,0.6605504587155964,False,125.0,0.597,0.417
dataset6_CLINIC_0030_data,grupo 3,39,4.91,0.0,0,ok,0.6605504587155964,True,125.0,0.597,0.417
dataset6_CLINIC_0030_data,grupo 3,39,7.3,0.0,0,ok,0.6605504587155964,False,125.0,0.597,0.417
dataset6_CLINIC_0030_data,grupo 3,40,7.0,1.004777193069458,1,ok,0.44036697247706424,False,125.0,2.668,1.365
dataset6_CLINIC_0030_data,grupo 3,40,4.91,0.0,0,ok,0.44036697247706424,True,125.0,2.668,1.365
dataset6_CLINIC_0030_data,grupo 3,40,7.3,1.1547772884368896,1,ok,0.44036697247706424,False,125.0,2.668,1.365
dataset6_CLINIC_0030_data,grupo 3,41,7.0,1.8623228073120117,1,ok,0.8073394495412844,False,125.0,5.4,0.475
dataset6_CLINIC_0030_data,grupo 3,41,4.91,0.8173227310180664,1,ok,0.8073394495412844,True,125.0,5.4,0.475
dataset6_CLINIC_0030_data,grupo 3,41,7.3,2.0123229026794434,2,ok,0.8073394495412844,False,125.0,5.4,0.475
dataset6_CLINIC_0030_data,grupo 3,42,7.0,1.0066404342651367,1,ok,0.7247706422018348,False,125.0,1.713,0.72
dataset6_CLINIC_0030_data,grupo 3,42,4.91,0.0,0,ok,0.7247706422018348,True,125.0,1.713,0.72
dataset6_CLINIC_0030_data,grupo 3,42,7.3,1.1566405296325684,1,ok,0.7247706422018348,False,125.0,1.713,0.72
dataset6_CLINIC_0030_data,grupo 3,43,7.0,0.0,0,ok,0.7431192660550459,False,125.0,1.893,0.608
dataset6_CLINIC_0030_data,grupo 3,43,4.91,0.0,0,ok,0.7431192660550459,True,125.0,1.893,0.608
dataset6_CLINIC_0030_data,grupo 3,43,7.3,0.0,0,ok,0.7431192660550459,False,125.0,1.893,0.608
dataset6_CLINIC_0030_data,grupo 3,44,7.0,0.0,0,ok,0.6422018348623854,False,125.0,1.628,2.229
dataset6_CLINIC_0030_data,grupo 3,44,4.91,0.0,0,ok,0.6422018348623854,True,125.0,1.628,2.229
dataset6_CLINIC_0030_data,grupo 3,44,7.3,0.0,0,ok,0.6422018348623854,False,125.0,1.628,2.229
dataset6_CLINIC_0030_data,grupo 3,45,7.0,2.547031879425049,2,ok,0.8073394495412844,False,125.0,3.311,3.149
dataset6_CLINIC_0030_data,grupo 3,45,4.91,1.5020318031311035,1,ok,0.8073394495412844,True,125.0,3.311,3.149
dataset6_CLINIC_0030_data,grupo 3,45,7.3,2.6970319747924805,2,ok,0.8073394495412844,False,125.0,3.311,3.149
dataset6_CLINIC_0030_data,grupo 3,46,7.0,0.0,0,ok,0.6880733944954128,False,125.0,0.761,1.746
dataset6_CLINIC_0030_data,grupo 3,46,4.91,0.0,0,ok,0.6880733944954128,True,125.0,0.761,1.746
dataset6_CLINIC_0030_data,grupo 3,46,7.3,0.07463526725769043,1,ok,0.6880733944954128,False,125.0,0.761,1.746
dataset6_CLINIC_0030_data,grupo 3,47,7.0,0.0,0,ok,0.7155963302752294,False,125.0,1.449,0.795
dataset6_CLINIC_0030_data,grupo 3,47,4.91,0.0,0,ok,0.7155963302752294,True,125.0,1.449,0.795
dataset6_CLINIC_0030_data,grupo 3,47,7.3,0.07772064208984375,1,ok,0.7155963302752294,False,125.0,1.449,0.795
dataset6_CLINIC_0030_data,grupo 3,48,7.0,1.2905163764953613,1,ok,0.5688073394495413,False,125.0,0.599,4.112
dataset6_CLINIC_0030_data,grupo 3,48,4.91,0.24551630020141602,1,ok,0.5688073394495413,True,125.0,0.599,4.112
dataset6_CLINIC_0030_data,grupo 3,48,7.3,1.440516471862793,1,ok,0.5688073394495413,False,125.0,0.599,4.112
dataset6_CLINIC_0030_data,grupo 3,49,7.0,4.009888648986816,3,ok,0.5887850467289719,False,125.0,4.205,0.067
dataset6_CLINIC_0030_data,grupo 3,49,4.91,2.964888572692871,2,ok,0.5887850467289719,True,125.0,4.205,0.067
dataset6_CLINIC_0030_data,grupo 3,49,7.3,4.159888744354248,3,ok,0.5887850467289719,False,125.0,4.205,0.067
dataset6_CLINIC_0021_data,grupo 3,0,7.0,3.357137680053711,2,ok,0.34814814814814815,False,151.0,2.619,1.678
dataset6_CLINIC_0021_data,grupo 3,0,4.91,2.3121376037597656,2,ok,0.34814814814814815,True,151.0,2.619,1.678
dataset6_CLINIC_0021_data,grupo 3,0,7.3,3.5071377754211426,2,ok,0.34814814814814815,False,151.0,2.619,1.678
dataset6_CLINIC_0021_data,grupo 3,1,7.0,1.2770354747772217,1,ok,0.3925925925925926,False,151.0,2.442,1.296
dataset6_CLINIC_0021_data,grupo 3,1,4.91,0.23203539848327637,1,ok,0.3925925925925926,True,151.0,2.442,1.296
dataset6_CLINIC_0021_data,grupo 3,1,7.3,1.4270355701446533,1,ok,0.3925925925925926,False,151.0,2.442,1.296
dataset6_CLINIC_0021_data,grupo 3,2,7.0,4.604851245880127,3,ok,0.3709677419354839,False,151.0,4.875,1.452
dataset6_CLINIC_0021_data,grupo 3,2,4.91,3.5598511695861816,2,ok,0.3709677419354839,True,151.0,4.875,1.452
dataset6_CLINIC_0021_data,grupo 3,2,7.3,4.754851341247559,3,ok,0.3709677419354839,False,151.0,4.875,1.452
dataset6_CLINIC_0021_data,grupo 3,3,7.0,1.6591448783874512,1,ok,0.35555555555555557,False,151.0,2.32,0.699
dataset6_CLINIC_0021_data,grupo 3,3,4.91,0.6141448020935059,1,ok,0.35555555555555557,True,151.0,2.32,0.699
dataset6_CLINIC_0021_data,grupo 3,3,7.3,1.8091449737548828,1,ok,0.35555555555555557,False,151.0,2.32,0.699
dataset6_CLINIC_0021_data,grupo 3,4,7.0,1.9924955368041992,1,ok,0.37037037037037035,False,151.0,1.983,1.212
dataset6_CLINIC_0021_data,grupo 3,4,4.91,0.9474954605102539,1,ok,0.37037037037037035,True,151.0,1.983,1.212
dataset6_CLINIC_0021_data,grupo 3,4,7.3,2.142495632171631,2,ok,0.37037037037037035,False,151.0,1.983,1.212
dataset6_CLINIC_0021_data,grupo 3,5,7.0,0.0,0,ok,0.37037037037037035,False,151.0,1.415,2.965
dataset6_CLINIC_0021_data,grupo 3,5,4.91,0.0,0,ok,0.37037037037037035,True,151.0,1.415,2.965
dataset6_CLINIC_0021_data,grupo 3,5,7.3,0.11611795425415039,1,ok,0.37037037037037035,False,151.0,1.415,2.965
dataset6_CLINIC_0021_data,grupo 3,6,7.0,0.946270227432251,1,ok,0.23703703703703705,False,151.0,2.271,1.186
dataset6_CLINIC_0021_data,grupo 3,6,4.91,0.0,0,ok,0.23703703703703705,True,151.0,2.271,1.186
dataset6_CLINIC_0021_data,grupo 3,6,7.3,1.0962703227996826,1,ok,0.23703703703703705,False,151.0,2.271,1.186
dataset6_CLINIC_0021_data,grupo 3,7,7.0,0.0,0,ok,0.3333333333333333,False,151.0,0.488,1.491
dataset6_CLINIC_0021_data,grupo 3,7,4.91,0.0,0,ok,0.3333333333333333,True,151.0,0.488,1.491
dataset6_CLINIC_0021_data,grupo 3,7,7.3,0.0497589111328125,1,ok,0.3333333333333333,False,151.0,0.488,1.491
dataset6_CLINIC_0021_data,grupo 3,8,7.0,1.12703275680542,1,ok,0.35555555555555557,False,151.0,2.356,1.151
dataset6_CLINIC_0021_data,grupo 3,8,4.91,0.08203268051147461,1,ok,0.35555555555555557,True,151.0,2.356,1.151
dataset6_CLINIC_0021_data,grupo 3,8,7.3,1.2770328521728516,1,ok,0.35555555555555557,False,151.0,2.356,1.151
dataset6_CLINIC_0021_data,grupo 3,9,7.0,2.153372049331665,2,ok,0.35555555555555557,False,151.0,1.073,2.349
dataset6_CLINIC_0021_data,grupo 3,9,4.91,1.1083719730377197,1,ok,0.35555555555555557,True,151.0,1.073,2.349
dataset6_CLINIC_0021_data,grupo 3,9,7.3,2.3033721446990967,2,ok,0.35555555555555557,False,151.0,1.073,2.349
dataset6_CLINIC_0021_data,grupo 3,10,7.0,1.2333531379699707,1,ok,0.4,False,151.0,0.277,3.164
dataset6_CLINIC_0021_data,grupo 3,10,4.91,0.1883530616760254,1,ok,0.4,True,151.0,0.277,3.164
dataset6_CLINIC_0021_data,grupo 3,10,7.3,1.3833532333374023,1,ok,0.4,False,151.0,0.277,3.164
dataset6_CLINIC_0021_data,grupo 3,11,7.0,1.618159294128418,1,ok,0.2222222222222222,False,151.0,2.029,2.996
dataset6_CLINIC_0021_data,grupo 3,11,4.91,0.5731592178344727,1,ok,0.2222222222222222,True,151.0,2.029,2.996
dataset6_CLINIC_0021_data,grupo 3,11,7.3,1.7681593894958496,1,ok,0.2222222222222222,False,151.0,2.029,2.996
dataset6_CLINIC_0021_data,grupo 3,12,7.0,0.7679843902587891,1,ok,0.37037037037037035,False,151.0,1.584,0.509
dataset6_CLINIC_0021_data,grupo 3,12,4.91,0.0,0,ok,0.37037037037037035,True,151.0,1.584,0.509
dataset6_CLINIC_0021_data,grupo 3,12,7.3,0.9179844856262207,1,ok,0.37037037037037035,False,151.0,1.584,0.509
dataset6_CLINIC_0021_data,grupo 3,13,7.0,4.5579304695129395,3,ok,0.3939393939393939,False,151.0,4.878,0.076
dataset6_CLINIC_0021_data,grupo 3,13,4.91,3.512930393218994,2,ok,0.3939393939393939,True,151.0,4.878,0.076
dataset6_CLINIC_0021_data,grupo 3,13,7.3,4.707930564880371,3,ok,0.3939393939393939,False,151.0,4.878,0.076
dataset6_CLINIC_0021_data,grupo 3,14,7.0,0.0,0,ok,0.37037037037037035,False,151.0,1.094,1.202
dataset6_CLINIC_0021_data,grupo 3,14,4.91,0.0,0,ok,0.37037037037037035,True,151.0,1.094,1.202
dataset6_CLINIC_0021_data,grupo 3,14,7.3,0.0,0,ok,0.37037037037037035,False,151.0,1.094,1.202
dataset6_CLINIC_0021_data,grupo 3,15,7.0,0.16702699661254883,1,ok,0.4,False,151.0,0.264,2.058
dataset6_CLINIC_0021_data,grupo 3,15,4.91,0.0,0,ok,0.4,True,151.0,0.264,2.058
dataset6_CLINIC_0021_data,grupo 3,15,7.3,0.31702709197998047,1,ok,0.4,False,151.0,0.264,2.058
dataset6_CLINIC_0021_data,grupo 3,16,7.0,2.468878984451294,2,ok,0.2814814814814815,False,151.0,4.857,0.366
dataset6_CLINIC_0021_data,grupo 3,16,4.91,1.4238789081573486,1,ok,0.2814814814814815,True,151.0,4.857,0.366
dataset6_CLINIC_0021_data,grupo 3,16,7.3,2.6188790798187256,2,ok,0.2814814814814815,False,151.0,4.857,0.366
dataset6_CLINIC_0021_data,grupo 3,17,7.0,2.560666561126709,2,ok,0.3925925925925926,False,151.0,2.085,3.622
dataset6_CLINIC_0021_data,grupo 3,17,4.91,1.5156664848327637,1,ok,0.3925925925925926,True,151.0,2.085,3.622
dataset6_CLINIC_0021_data,grupo 3,17,7.3,2.7106666564941406,2,ok,0.3925925925925926,False,151.0,2.085,3.622
dataset6_CLINIC_0021_data,grupo 3,18,7.0,4.403402805328369,3,ok,0.3484848484848485,False,151.0,0.864,4.874
dataset6_CLINIC_0021_data,grupo 3,18,4.91,3.3584024906158447,2,ok,0.3484848484848485,True,151.0,0.864,4.874
dataset6_CLINIC_0021_data,grupo 3,18,7.3,4.553402900695801,3,ok,0.3484848484848485,False,151.0,0.864,4.874
dataset6_CLINIC_0021_data,grupo 3,19,7.0,0.6896419525146484,1,ok,0.3037037037037037,False,151.0,1.13,1.5
dataset6_CLINIC_0021_data,grupo 3,19,4.91,0.0,0,ok,0.3037037037037037,True,151.0,1.13,1.5
dataset6_CLINIC_0021_data,grupo 3,19,7.3,0.8396420478820801,1,ok,0.3037037037037037,False,151.0,1.13,1.5
dataset6_CLINIC_0021_data,grupo 3,20,7.0,2.498502731323242,2,ok,0.2962962962962963,False,151.0,3.175,0.161
dataset6_CLINIC_0021_data,grupo 3,20,4.91,1.4535027742385864,1,ok,0.2962962962962963,True,151.0,3.175,0.161
dataset6_CLINIC_0021_data,grupo 3,20,7.3,2.648502826690674,2,ok,0.2962962962962963,False,151.0,3.175,0.161
dataset6_CLINIC_0021_data,grupo 3,21,7.0,0.2202157974243164,1,ok,0.37777777777777777,False,151.0,2.526,1.778
dataset6_CLINIC_0021_data,grupo 3,21,4.91,0.0,0,ok,0.37777777777777777,True,151.0,2.526,1.778
dataset6_CLINIC_0021_data,grupo 3,21,7.3,0.37021589279174805,1,ok,0.37777777777777777,False,151.0,2.526,1.778
dataset6_CLINIC_0021_data,grupo 3,22,7.0,0.0,0,ok,0.4074074074074074,False,151.0,2.702,2.78
dataset6_CLINIC_0021_data,grupo 3,22,4.91,0.0,0,ok,0.4074074074074074,True,151.0,2.702,2.78
dataset6_CLINIC_0021_data,grupo 3,22,7.3,0.0,0,ok,0.4074074074074074,False,151.0,2.702,2.78
dataset6_CLINIC_0021_data,grupo 3,23,7.0,0.16562104225158691,1,ok,0.37037037037037035,False,151.0,0.613,1.671
dataset6_CLINIC_0021_data,grupo 3,23,4.91,0.0,0,ok,0.37037037037037035,True,151.0,0.613,1.671
dataset6_CLINIC_0021_data,grupo 3,23,7.3,0.31562113761901855,1,ok,0.37037037037037035,False,151.0,0.613,1.671
dataset6_CLINIC_0021_data,grupo 3,24,7.0,1.5066531896591187,1,ok,0.3925925925925926,False,151.0,1.776,0.207
dataset6_CLINIC_0021_data,grupo 3,24,4.91,0.46165311336517334,1,ok,0.3925925925925926,True,151.0,1.776,0.207
dataset6_CLINIC_0021_data,grupo 3,24,7.3,1.6566532850265503,1,ok,0.3925925925925926,False,151.0,1.776,0.207
dataset6_CLINIC_0021_data,grupo 3,25,7.0,2.280273675918579,2,ok,0.2518518518518518,False,151.0,3.005,1.457
dataset6_CLINIC_0021_data,grupo 3,25,4.91,1.2352735996246338,1,ok,0.2518518518518518,True,151.0,3.005,1.457
dataset6_CLINIC_0021_data,grupo 3,25,7.3,2.4302737712860107,2,ok,0.2518518518518518,False,151.0,3.005,1.457
dataset6_CLINIC_0021_data,grupo 3,26,7.0,1.7466055154800415,1,ok,0.34814814814814815,False,151.0,1.614,2.302
dataset6_CLINIC_0021_data,grupo 3,26,4.91,0.7016054391860962,1,ok,0.34814814814814815,True,151.0,1.614,2.302
dataset6_CLINIC_0021_data,grupo 3,26,7.3,1.8966056108474731,1,ok,0.34814814814814815,False,151.0,1.614,2.302
dataset6_CLINIC_0021_data,grupo 3,27,7.0,0.0,0,ok,0.2740740740740741,False,151.0,0.266,2.451
dataset6_CLINIC_0021_data,grupo 3,27,4.91,0.0,0,ok,0.2740740740740741,True,151.0,0.266,2.451
dataset6_CLINIC_0021_data,grupo 3,27,7.3,0.1432812213897705,1,ok,0.2740740740740741,False,151.0,0.266,2.451
dataset6_CLINIC_0021_data,grupo 3,28,7.0,3.882094383239746,2,ok,0.24812030075187969,False,151.0,3.571,2.26
dataset6_CLINIC_0021_data,grupo 3,28,4.91,2.837094306945801,2,ok,0.24812030075187969,True,151.0,3.571,2.26
dataset6_CLINIC_0021_data,grupo 3,28,7.3,4.032094478607178,3,ok,0.24812030075187969,False,151.0,3.571,2.26
dataset6_CLINIC_0021_data,grupo 3,29,7.0,1.0647544860839844,1,ok,0.3851851851851852,False,151.0,1.525,2.237
dataset6_CLINIC_0021_data,grupo 3,29,4.91,0.019754409790039062,1,ok,0.3851851851851852,True,151.0,1.525,2.237
dataset6_CLINIC_0021_data,grupo 3,29,7.3,1.214754581451416,1,ok,0.3851851851851852,False,151.0,1.525,2.237
dataset6_CLINIC_0021_data,grupo 3,30,7.0,2.953608274459839,2,ok,0.25925925925925924,False,151.0,4.359,0.077
dataset6_CLINIC_0021_data,grupo 3,30,4.91,1.9086081981658936,1,ok,0.25925925925925924,True,151.0,4.359,0.077
dataset6_CLINIC_0021_data,grupo 3,30,7.3,3.1036083698272705,2,ok,0.25925925925925924,False,151.0,4.359,0.077
dataset6_CLINIC_0021_data,grupo 3,31,7.0,0.0,0,ok,0.35555555555555557,False,151.0,0.149,1.931
dataset6_CLINIC_0021_data,grupo 3,31,4.91,0.0,0,ok,0.35555555555555557,True,151.0,0.149,1.931
dataset6_CLINIC_0021_data,grupo 3,31,7.3,0.03279590606689453,1,ok,0.35555555555555557,False,151.0,0.149,1.931
dataset6_CLINIC_0021_data,grupo 3,32,7.0,3.6514368057250977,2,ok,0.291044776119403,False,151.0,4.118,0.029
dataset6_CLINIC_0021_data,grupo 3,32,4.91,2.6064367294311523,2,ok,0.291044776119403,True,151.0,4.118,0.029
dataset6_CLINIC_0021_data,grupo 3,32,7.3,3.8014369010925293,2,ok,0.291044776119403,False,151.0,4.118,0.029
dataset6_CLINIC_0021_data,grupo 3,33,7.0,0.9293673038482666,1,ok,0.26666666666666666,False,151.0,0.39,3.856
dataset6_CLINIC_0021_data,grupo 3,33,4.91,0.0,0,ok,0.26666666666666666,True,151.0,0.39,3.856
dataset6_CLINIC_0021_data,grupo 3,33,7.3,1.0793673992156982,1,ok,0.26666666666666666,False,151.0,0.39,3.856
dataset6_CLINIC_0021_data,grupo 3,34,7.0,0.34287261962890625,1,ok,0.26666666666666666,False,151.0,0.577,2.632
dataset6_CLINIC_0021_data,grupo 3,34,4.91,0.0,0,ok,0.26666666666666666,True,151.0,0.577,2.632
dataset6_CLINIC_0021_data,grupo 3,34,7.3,0.4928727149963379,1,ok,0.26666666666666666,False,151.0,0.577,2.632
dataset6_CLINIC_0021_data,grupo 3,35,7.0,1.9618628025054932,1,ok,0.23703703703703705,False,151.0,2.096,4.082
dataset6_CLINIC_0021_data,grupo 3,35,4.91,0.9168627262115479,1,ok,0.23703703703703705,True,151.0,2.096,4.082
dataset6_CLINIC_0021_data,grupo 3,35,7.3,2.111862897872925,2,ok,0.23703703703703705,False,151.0,2.096,4.082
dataset6_CLINIC_0021_data,grupo 3,36,7.0,1.0908396244049072,1,ok,0.37037037037037035,False,151.0,0.94,0.666
dataset6_CLINIC_0021_data,grupo 3,36,4.91,0.045839548110961914,1,ok,0.37037037037037035,True,151.0,0.94,0.666
dataset6_CLINIC_0021_data,grupo 3,36,7.3,1.2408397197723389,1,ok,0.37037037037037035,False,151.0,0.94,0.666
dataset6_CLINIC_0021_data,grupo 3,37,7.0,1.0836291313171387,1,ok,0.3851851851851852,False,151.0,1.244,0.786
dataset6_CLINIC_0021_data,grupo 3,37,4.91,0.03862905502319336,1,ok,0.3851851851851852,True,151.0,1.244,0.786
dataset6_CLINIC_0021_data,grupo 3,37,7.3,1.2336292266845703,1,ok,0.3851851851851852,False,151.0,1.244,0.786
dataset6_CLINIC_0021_data,grupo 3,38,7.0,2.284543752670288,2,ok,0.2740740740740741,False,151.0,3.588,0.619
dataset6_CLINIC_0021_data,grupo 3,38,4.91,1.2395436763763428,1,ok,0.2740740740740741,True,151.0,3.588,0.619
dataset6_CLINIC_0021_data,grupo 3,38,7.3,2.4345438480377197,2,ok,0.2740740740740741,False,151.0,3.588,0.619
dataset6_CLINIC_0021_data,grupo 3,39,7.0,0.0,0,ok,0.34074074074074073,False,151.0,0.35,0.459
dataset6_CLINIC_0021_data,grupo 3,39,4.91,0.0,0,ok,0.34074074074074073,True,151.0,0.35,0.459
dataset6_CLINIC_0021_data,grupo 3,39,7.3,0.0,0,ok,0.34074074074074073,False,151.0,0.35,0.459
dataset6_CLINIC_0021_data,grupo 3,40,7.0,0.5974726676940918,1,ok,0.3851851851851852,False,151.0,0.806,2.382
dataset6_CLINIC_0021_data,grupo 3,40,4.91,0.0,0,ok,0.3851851851851852,True,151.0,0.806,2.382
dataset6_CLINIC_0021_data,grupo 3,40,7.3,0.7474727630615234,1,ok,0.3851851851851852,False,151.0,0.806,2.382
dataset6_CLINIC_0021_data,grupo 3,41,7.0,1.3177571296691895,1,ok,0.1925925925925926,False,151.0,2.656,0.997
dataset6_CLINIC_0021_data,grupo 3,41,4.91,0.27275705337524414,1,ok,0.1925925925925926,True,151.0,2.656,0.997
dataset6_CLINIC_0021_data,grupo 3,41,7.3,1.467757225036621,1,ok,0.1925925925925926,False,151.0,2.656,0.997
dataset6_CLINIC_0021_data,grupo 3,42,7.0,2.7058591842651367,2,ok,0.2814814814814815,False,151.0,4.162,1.365
dataset6_CLINIC_0021_data,grupo 3,42,4.91,1.6608591079711914,1,ok,0.2814814814814815,True,151.0,4.162,1.365
dataset6_CLINIC_0021_data,grupo 3,42,7.3,2.8558592796325684,2,ok,0.2814814814814815,False,151.0,4.162,1.365
dataset6_CLINIC_0021_data,grupo 3,43,7.0,1.4804730415344238,1,ok,0.3333333333333333,False,151.0,2.646,0.6
dataset6_CLINIC_0021_data,grupo 3,43,4.91,0.4354729652404785,1,ok,0.3333333333333333,True,151.0,2.646,0.6
dataset6_CLINIC_0021_data,grupo 3,43,7.3,1.6304731369018555,1,ok,0.3333333333333333,False,151.0,2.646,0.6
dataset6_CLINIC_0021_data,grupo 3,44,7.0,0.0,0,ok,0.37777777777777777,False,151.0,0.008,1.742
dataset6_CLINIC_0021_data,grupo 3,44,4.91,0.0,0,ok,0.37777777777777777,True,151.0,0.008,1.742
dataset6_CLINIC_0021_data,grupo 3,44,7.3,0.031220197677612305,1,ok,0.37777777777777777,False,151.0,0.008,1.742
dataset6_CLINIC_0021_data,grupo 3,45,7.0,0.0,0,ok,0.31851851851851853,False,151.0,0.227,1.775
dataset6_CLINIC_0021_data,grupo 3,45,4.91,0.0,0,ok,0.31851851851851853,True,151.0,0.227,1.775
dataset6_CLINIC_0021_data,grupo 3,45,7.3,0.0,0,ok,0.31851851851851853,False,151.0,0.227,1.775
dataset6_CLINIC_0021_data,grupo 3,46,7.0,0.0,0,ok,0.3333333333333333,False,151.0,0.038,1.648
dataset6_CLINIC_0021_data,grupo 3,46,4.91,0.0,0,ok,0.3333333333333333,True,151.0,0.038,1.648
dataset6_CLINIC_0021_data,grupo 3,46,7.3,0.0,0,ok,0.3333333333333333,False,151.0,0.038,1.648
dataset6_CLINIC_0021_data,grupo 3,47,7.0,0.0,0,ok,0.34074074074074073,False,151.0,0.336,0.108
dataset6_CLINIC_0021_data,grupo 3,47,4.91,0.0,0,ok,0.34074074074074073,True,151.0,0.336,0.108
dataset6_CLINIC_0021_data,grupo 3,47,7.3,0.0,0,ok,0.34074074074074073,False,151.0,0.336,0.108
dataset6_CLINIC_0021_data,grupo 3,48,7.0,2.6907715797424316,2,ok,0.3111111111111111,False,151.0,1.574,5.404
dataset6_CLINIC_0021_data,grupo 3,48,4.91,1.6457715034484863,1,ok,0.3111111111111111,True,151.0,1.574,5.404
dataset6_CLINIC_0021_data,grupo 3,48,7.3,2.8407716751098633,2,ok,0.3111111111111111,False,151.0,1.574,5.404
dataset6_CLINIC_0021_data,grupo 3,49,7.0,0.0,0,ok,0.37777777777777777,False,151.0,0.601,1.779
dataset6_CLINIC_0021_data,grupo 3,49,4.91,0.0,0,ok,0.37777777777777777,True,151.0,0.601,1.779
dataset6_CLINIC_0021_data,grupo 3,49,7.3,0.0,0,ok,0.37777777777777777,False,151.0,0.601,1.779
dataset6_CLINIC_0026_data,grupo 3,0,7.0,0.0,0,ok,0.36585365853658536,True,138.0,0.094,2.282
dataset6_CLINIC_0026_data,grupo 3,0,4.91,0.0,0,ok,0.36585365853658536,True,138.0,0.094,2.282
dataset6_CLINIC_0026_data,grupo 3,0,7.3,0.0,0,ok,0.36585365853658536,True,138.0,0.094,2.282
dataset6_CLINIC_0026_data,grupo 3,1,7.0,0.0,0,ok,0.3902439024390244,True,138.0,1.344,3.527
dataset6_CLINIC_0026_data,grupo 3,1,4.91,0.0,0,ok,0.3902439024390244,True,138.0,1.344,3.527
dataset6_CLINIC_0026_data,grupo 3,1,7.3,0.0,0,ok,0.3902439024390244,True,138.0,1.344,3.527
dataset6_CLINIC_0026_data,grupo 3,2,7.0,1.990146279335022,1,ok,0.3170731707317073,True,138.0,4.488,4.78
dataset6_CLINIC_0026_data,grupo 3,2,4.91,0.9451462030410767,1,ok,0.3170731707317073,True,138.0,4.488,4.78
dataset6_CLINIC_0026_data,grupo 3,2,7.3,2.140146255493164,2,ok,0.3170731707317073,True,138.0,4.488,4.78
dataset6_CLINIC_0026_data,grupo 3,3,7.0,0.0,0,ok,0.3821138211382114,True,138.0,0.167,0.098
dataset6_CLINIC_0026_data,grupo 3,3,4.91,0.0,0,ok,0.3821138211382114,True,138.0,0.167,0.098
dataset6_CLINIC_0026_data,grupo 3,3,7.3,0.0,0,ok,0.3821138211382114,True,138.0,0.167,0.098
dataset6_CLINIC_0026_data,grupo 3,4,7.0,0.0,0,ok,0.3821138211382114,True,138.0,0.236,0.718
dataset6_CLINIC_0026_data,grupo 3,4,4.91,0.0,0,ok,0.3821138211382114,True,138.0,0.236,0.718
dataset6_CLINIC_0026_data,grupo 3,4,7.3,0.0,0,ok,0.3821138211382114,True,138.0,0.236,0.718
dataset6_CLINIC_0026_data,grupo 3,5,7.0,0.0,0,ok,0.4146341463414634,True,138.0,0.797,0.844
dataset6_CLINIC_0026_data,grupo 3,5,4.91,0.0,0,ok,0.4146341463414634,True,138.0,0.797,0.844
dataset6_CLINIC_0026_data,grupo 3,5,7.3,0.0,0,ok,0.4146341463414634,True,138.0,0.797,0.844
dataset6_CLINIC_0026_data,grupo 3,6,7.0,0.0,0,ok,0.3008130081300813,True,138.0,2.83,0.471
dataset6_CLINIC_0026_data,grupo 3,6,4.91,0.0,0,ok,0.3008130081300813,True,138.0,2.83,0.471
dataset6_CLINIC_0026_data,grupo 3,6,7.3,0.0,0,ok,0.3008130081300813,True,138.0,2.83,0.471
dataset6_CLINIC_0026_data,grupo 3,7,7.0,0.0,0,ok,0.3983739837398374,True,138.0,0.002,0.433
dataset6_CLINIC_0026_data,grupo 3,7,4.91,0.0,0,ok,0.3983739837398374,True,138.0,0.002,0.433
dataset6_CLINIC_0026_data,grupo 3,7,7.3,0.0,0,ok,0.3983739837398374,True,138.0,0.002,0.433
dataset6_CLINIC_0026_data,grupo 3,8,7.0,0.0,0,ok,0.3983739837398374,True,138.0,0.7,1.837
dataset6_CLINIC_0026_data,grupo 3,8,4.91,0.0,0,ok,0.3983739837398374,True,138.0,0.7,1.837
dataset6_CLINIC_0026_data,grupo 3,8,7.3,0.0,0,ok,0.3983739837398374,True,138.0,0.7,1.837
dataset6_CLINIC_0026_data,grupo 3,9,7.0,0.0,0,ok,0.36585365853658536,True,138.0,1.194,0.552
dataset6_CLINIC_0026_data,grupo 3,9,4.91,0.0,0,ok,0.36585365853658536,True,138.0,1.194,0.552
dataset6_CLINIC_0026_data,grupo 3,9,7.3,0.0,0,ok,0.36585365853658536,True,138.0,1.194,0.552
dataset6_CLINIC_0026_data,grupo 3,10,7.0,0.0,0,ok,0.42276422764227645,True,138.0,0.555,1.829
dataset6_CLINIC_0026_data,grupo 3,10,4.91,0.0,0,ok,0.42276422764227645,True,138.0,0.555,1.829
dataset6_CLINIC_0026_data,grupo 3,10,7.3,0.0,0,ok,0.42276422764227645,True,138.0,0.555,1.829
dataset6_CLINIC_0026_data,grupo 3,11,7.0,0.0,0,ok,0.4146341463414634,True,138.0,1.161,3.502
dataset6_CLINIC_0026_data,grupo 3,11,4.91,0.0,0,ok,0.4146341463414634,True,138.0,1.161,3.502
dataset6_CLINIC_0026_data,grupo 3,11,7.3,0.0,0,ok,0.4146341463414634,True,138.0,1.161,3.502
dataset6_CLINIC_0026_data,grupo 3,12,7.0,0.0,0,ok,0.37398373983739835,True,138.0,0.292,0.664
dataset6_CLINIC_0026_data,grupo 3,12,4.91,0.0,0,ok,0.37398373983739835,True,138.0,0.292,0.664
dataset6_CLINIC_0026_data,grupo 3,12,7.3,0.0,0,ok,0.37398373983739835,True,138.0,0.292,0.664
dataset6_CLINIC_0026_data,grupo 3,13,7.0,0.0,0,ok,0.35772357723577236,True,138.0,4.111,2.61
dataset6_CLINIC_0026_data,grupo 3,13,4.91,0.0,0,ok,0.35772357723577236,True,138.0,4.111,2.61
dataset6_CLINIC_0026_data,grupo 3,13,7.3,0.0,0,ok,0.35772357723577236,True,138.0,4.111,2.61
dataset6_CLINIC_0026_data,grupo 3,14,7.0,0.0,0,ok,0.4146341463414634,True,138.0,0.643,0.442
dataset6_CLINIC_0026_data,grupo 3,14,4.91,0.0,0,ok,0.4146341463414634,True,138.0,0.643,0.442
dataset6_CLINIC_0026_data,grupo 3,14,7.3,0.0,0,ok,0.4146341463414634,True,138.0,0.643,0.442
dataset6_CLINIC_0026_data,grupo 3,15,7.0,0.6711859703063965,1,ok,0.34959349593495936,True,138.0,2.797,3.273
dataset6_CLINIC_0026_data,grupo 3,15,4.91,0.0,0,ok,0.34959349593495936,True,138.0,2.797,3.273
dataset6_CLINIC_0026_data,grupo 3,15,7.3,0.8211860656738281,1,ok,0.34959349593495936,True,138.0,2.797,3.273
dataset6_CLINIC_0026_data,grupo 3,16,7.0,0.0,0,ok,0.36585365853658536,True,138.0,1.207,1.135
dataset6_CLINIC_0026_data,grupo 3,16,4.91,0.0,0,ok,0.36585365853658536,True,138.0,1.207,1.135
dataset6_CLINIC_0026_data,grupo 3,16,7.3,0.0,0,ok,0.36585365853658536,True,138.0,1.207,1.135
dataset6_CLINIC_0026_data,grupo 3,17,7.0,0.3530709743499756,1,ok,0.3008130081300813,True,138.0,6.145,0.208
dataset6_CLINIC_0026_data,grupo 3,17,4.91,0.0,0,ok,0.3008130081300813,True,138.0,6.145,0.208
dataset6_CLINIC_0026_data,grupo 3,17,7.3,0.5030710697174072,1,ok,0.3008130081300813,True,138.0,6.145,0.208
dataset6_CLINIC_0026_data,grupo 3,18,7.0,0.0,0,ok,0.35772357723577236,True,138.0,1.285,2.518
dataset6_CLINIC_0026_data,grupo 3,18,4.91,0.0,0,ok,0.35772357723577236,True,138.0,1.285,2.518
dataset6_CLINIC_0026_data,grupo 3,18,7.3,0.0,0,ok,0.35772357723577236,True,138.0,1.285,2.518
dataset6_CLINIC_0026_data,grupo 3,19,7.0,0.0,0,ok,0.3983739837398374,True,138.0,1.113,1.845
dataset6_CLINIC_0026_data,grupo 3,19,4.91,0.0,0,ok,0.3983739837398374,True,138.0,1.113,1.845
dataset6_CLINIC_0026_data,grupo 3,19,7.3,0.0,0,ok,0.3983739837398374,True,138.0,1.113,1.845
dataset6_CLINIC_0026_data,grupo 3,20,7.0,0.0,0,ok,0.3983739837398374,True,138.0,1.785,1.007
dataset6_CLINIC_0026_data,grupo 3,20,4.91,0.0,0,ok,0.3983739837398374,True,138.0,1.785,1.007
dataset6_CLINIC_0026_data,grupo 3,20,7.3,0.0,0,ok,0.3983739837398374,True,138.0,1.785,1.007
dataset6_CLINIC_0026_data,grupo 3,21,7.0,0.05106306076049805,1,ok,0.35772357723577236,True,138.0,1.846,4.146
dataset6_CLINIC_0026_data,grupo 3,21,4.91,0.0,0,ok,0.35772357723577236,True,138.0,1.846,4.146
dataset6_CLINIC_0026_data,grupo 3,21,7.3,0.2010631561279297,1,ok,0.35772357723577236,True,138.0,1.846,4.146
dataset6_CLINIC_0026_data,grupo 3,22,7.0,0.0,0,ok,0.3902439024390244,True,138.0,2.651,1.426
dataset6_CLINIC_0026_data,grupo 3,22,4.91,0.0,0,ok,0.3902439024390244,True,138.0,2.651,1.426
dataset6_CLINIC_0026_data,grupo 3,22,7.3,0.0,0,ok,0.3902439024390244,True,138.0,2.651,1.426
dataset6_CLINIC_0026_data,grupo 3,23,7.0,0.0,0,ok,0.4146341463414634,True,138.0,0.291,3.981
dataset6_CLINIC_0026_data,grupo 3,23,4.91,0.0,0,ok,0.4146341463414634,True,138.0,0.291,3.981
dataset6_CLINIC_0026_data,grupo 3,23,7.3,0.0,0,ok,0.4146341463414634,True,138.0,0.291,3.981
dataset6_CLINIC_0026_data,grupo 3,24,7.0,0.44843482971191406,1,ok,0.43089430894308944,True,138.0,5.469,2.384
dataset6_CLINIC_0026_data,grupo 3,24,4.91,0.0,0,ok,0.43089430894308944,True,138.0,5.469,2.384
dataset6_CLINIC_0026_data,grupo 3,24,7.3,0.5984349250793457,1,ok,0.43089430894308944,True,138.0,5.469,2.384
dataset6_CLINIC_0026_data,grupo 3,25,7.0,0.0,0,ok,0.3902439024390244,True,138.0,0.657,0.562
dataset6_CLINIC_0026_data,grupo 3,25,4.91,0.0,0,ok,0.3902439024390244,True,138.0,0.657,0.562
dataset6_CLINIC_0026_data,grupo 3,25,7.3,0.0,0,ok,0.3902439024390244,True,138.0,0.657,0.562
dataset6_CLINIC_0026_data,grupo 3,26,7.0,0.0827028751373291,1,ok,0.24390243902439024,True,138.0,3.513,1.57
dataset6_CLINIC_0026_data,grupo 3,26,4.91,0.0,0,ok,0.24390243902439024,True,138.0,3.513,1.57
dataset6_CLINIC_0026_data,grupo 3,26,7.3,0.23270297050476074,1,ok,0.24390243902439024,True,138.0,3.513,1.57
dataset6_CLINIC_0026_data,grupo 3,27,7.0,0.0,0,ok,0.37398373983739835,True,138.0,0.454,2.703
dataset6_CLINIC_0026_data,grupo 3,27,4.91,0.0,0,ok,0.37398373983739835,True,138.0,0.454,2.703
dataset6_CLINIC_0026_data,grupo 3,27,7.3,0.0,0,ok,0.37398373983739835,True,138.0,0.454,2.703
dataset6_CLINIC_0026_data,grupo 3,28,7.0,0.0,0,ok,0.42276422764227645,True,138.0,0.303,2.313
dataset6_CLINIC_0026_data,grupo 3,28,4.91,0.0,0,ok,0.42276422764227645,True,138.0,0.303,2.313
dataset6_CLINIC_0026_data,grupo 3,28,7.3,0.0,0,ok,0.42276422764227645,True,138.0,0.303,2.313
dataset6_CLINIC_0026_data,grupo 3,29,7.0,0.0,0,ok,0.3170731707317073,True,138.0,2.361,0.026
dataset6_CLINIC_0026_data,grupo 3,29,4.91,0.0,0,ok,0.3170731707317073,True,138.0,2.361,0.026
dataset6_CLINIC_0026_data,grupo 3,29,7.3,0.0,0,ok,0.3170731707317073,True,138.0,2.361,0.026
dataset6_CLINIC_0026_data,grupo 3,30,7.0,0.0,0,ok,0.36585365853658536,True,138.0,2.12,0.501
dataset6_CLINIC_0026_data,grupo 3,30,4.91,0.0,0,ok,0.36585365853658536,True,138.0,2.12,0.501
dataset6_CLINIC_0026_data,grupo 3,30,7.3,0.0,0,ok,0.36585365853658536,True,138.0,2.12,0.501
dataset6_CLINIC_0026_data,grupo 3,31,7.0,0.0,0,ok,0.4065040650406504,True,138.0,1.234,1.486
dataset6_CLINIC_0026_data,grupo 3,31,4.91,0.0,0,ok,0.4065040650406504,True,138.0,1.234,1.486
dataset6_CLINIC_0026_data,grupo 3,31,7.3,0.0,0,ok,0.4065040650406504,True,138.0,1.234,1.486
dataset6_CLINIC_0026_data,grupo 3,32,7.0,0.0,0,ok,0.42276422764227645,True,138.0,1.217,1.79
dataset6_CLINIC_0026_data,grupo 3,32,4.91,0.0,0,ok,0.42276422764227645,True,138.0,1.217,1.79
dataset6_CLINIC_0026_data,grupo 3,32,7.3,0.0,0,ok,0.42276422764227645,True,138.0,1.217,1.79
dataset6_CLINIC_0026_data,grupo 3,33,7.0,0.0,0,ok,0.3902439024390244,True,138.0,0.991,2.108
dataset6_CLINIC_0026_data,grupo 3,33,4.91,0.0,0,ok,0.3902439024390244,True,138.0,0.991,2.108
dataset6_CLINIC_0026_data,grupo 3,33,7.3,0.0,0,ok,0.3902439024390244,True,138.0,0.991,2.108
dataset6_CLINIC_0026_data,grupo 3,34,7.0,0.0,0,ok,0.3821138211382114,True,138.0,2.328,4.203
dataset6_CLINIC_0026_data,grupo 3,34,4.91,0.0,0,ok,0.3821138211382114,True,138.0,2.328,4.203
dataset6_CLINIC_0026_data,grupo 3,34,7.3,0.0,0,ok,0.3821138211382114,True,138.0,2.328,4.203
dataset6_CLINIC_0026_data,grupo 3,35,7.0,0.0,0,ok,0.3902439024390244,True,138.0,1.341,3.974
dataset6_CLINIC_0026_data,grupo 3,35,4.91,0.0,0,ok,0.3902439024390244,True,138.0,1.341,3.974
dataset6_CLINIC_0026_data,grupo 3,35,7.3,0.0,0,ok,0.3902439024390244,True,138.0,1.341,3.974
dataset6_CLINIC_0026_data,grupo 3,36,7.0,0.0,0,ok,0.44715447154471544,True,138.0,1.266,1.069
dataset6_CLINIC_0026_data,grupo 3,36,4.91,0.0,0,ok,0.44715447154471544,True,138.0,1.266,1.069
dataset6_CLINIC_0026_data,grupo 3,36,7.3,0.0,0,ok,0.44715447154471544,True,138.0,1.266,1.069
dataset6_CLINIC_0026_data,grupo 3,37,7.0,0.0,0,ok,0.3983739837398374,True,138.0,1.993,0.216
dataset6_CLINIC_0026_data,grupo 3,37,4.91,0.0,0,ok,0.3983739837398374,True,138.0,1.993,0.216
dataset6_CLINIC_0026_data,grupo 3,37,7.3,0.0,0,ok,0.3983739837398374,True,138.0,1.993,0.216
dataset6_CLINIC_0026_data,grupo 3,38,7.0,0.0,0,ok,0.3821138211382114,True,138.0,0.987,1.793
dataset6_CLINIC_0026_data,grupo 3,38,4.91,0.0,0,ok,0.3821138211382114,True,138.0,0.987,1.793
dataset6_CLINIC_0026_data,grupo 3,38,7.3,0.0,0,ok,0.3821138211382114,True,138.0,0.987,1.793
dataset6_CLINIC_0026_data,grupo 3,39,7.0,0.0,0,ok,0.37398373983739835,True,138.0,3.808,4.076
dataset6_CLINIC_0026_data,grupo 3,39,4.91,0.0,0,ok,0.37398373983739835,True,138.0,3.808,4.076
dataset6_CLINIC_0026_data,grupo 3,39,7.3,0.0,0,ok,0.37398373983739835,True,138.0,3.808,4.076
dataset6_CLINIC_0026_data,grupo 3,40,7.0,0.0,0,ok,0.3983739837398374,True,138.0,0.278,2.109
dataset6_CLINIC_0026_data,grupo 3,40,4.91,0.0,0,ok,0.3983739837398374,True,138.0,0.278,2.109
dataset6_CLINIC_0026_data,grupo 3,40,7.3,0.0,0,ok,0.3983739837398374,True,138.0,0.278,2.109
dataset6_CLINIC_0026_data,grupo 3,41,7.0,0.0,0,ok,0.4065040650406504,True,138.0,3.599,2.684
dataset6_CLINIC_0026_data,grupo 3,41,4.91,0.0,0,ok,0.4065040650406504,True,138.0,3.599,2.684
dataset6_CLINIC_0026_data,grupo 3,41,7.3,0.0,0,ok,0.4065040650406504,True,138.0,3.599,2.684
dataset6_CLINIC_0026_data,grupo 3,42,7.0,0.0,0,ok,0.2845528455284553,True,138.0,2.817,0.181
dataset6_CLINIC_0026_data,grupo 3,42,4.91,0.0,0,ok,0.2845528455284553,True,138.0,2.817,0.181
dataset6_CLINIC_0026_data,grupo 3,42,7.3,0.0,0,ok,0.2845528455284553,True,138.0,2.817,0.181
dataset6_CLINIC_0026_data,grupo 3,43,7.0,0.0,0,ok,0.3902439024390244,True,138.0,0.706,1.641
dataset6_CLINIC_0026_data,grupo 3,43,4.91,0.0,0,ok,0.3902439024390244,True,138.0,0.706,1.641
dataset6_CLINIC_0026_data,grupo 3,43,7.3,0.0,0,ok,0.3902439024390244,True,138.0,0.706,1.641
dataset6_CLINIC_0026_data,grupo 3,44,7.0,0.0,0,ok,0.3983739837398374,True,138.0,1.76,1.105
dataset6_CLINIC_0026_data,grupo 3,44,4.91,0.0,0,ok,0.3983739837398374,True,138.0,1.76,1.105
dataset6_CLINIC_0026_data,grupo 3,44,7.3,0.0,0,ok,0.3983739837398374,True,138.0,1.76,1.105
dataset6_CLINIC_0026_data,grupo 3,45,7.0,0.0,0,ok,0.4065040650406504,True,138.0,3.517,1.57
dataset6_CLINIC_0026_data,grupo 3,45,4.91,0.0,0,ok,0.4065040650406504,True,138.0,3.517,1.57
dataset6_CLINIC_0026_data,grupo 3,45,7.3,0.0,0,ok,0.4065040650406504,True,138.0,3.517,1.57
dataset6_CLINIC_0026_data,grupo 3,46,7.0,0.0,0,ok,0.3821138211382114,True,138.0,0.295,1.769
dataset6_CLINIC_0026_data,grupo 3,46,4.91,0.0,0,ok,0.3821138211382114,True,138.0,0.295,1.769
dataset6_CLINIC_0026_data,grupo 3,46,7.3,0.0,0,ok,0.3821138211382114,True,138.0,0.295,1.769
dataset6_CLINIC_0026_data,grupo 3,47,7.0,0.0,0,ok,0.4146341463414634,True,138.0,5.805,1.334
dataset6_CLINIC_0026_data,grupo 3,47,4.91,0.0,0,ok,0.4146341463414634,True,138.0,5.805,1.334
dataset6_CLINIC_0026_data,grupo 3,47,7.3,0.0,0,ok,0.4146341463414634,True,138.0,5.805,1.334
dataset6_CLINIC_0026_data,grupo 3,48,7.0,0.0,0,ok,0.3983739837398374,True,138.0,0.417,0.525
dataset6_CLINIC_0026_data,grupo 3,48,4.91,0.0,0,ok,0.3983739837398374,True,138.0,0.417,0.525
dataset6_CLINIC_0026_data,grupo 3,48,7.3,0.0,0,ok,0.3983739837398374,True,138.0,0.417,0.525
dataset6_CLINIC_0026_data,grupo 3,49,7.0,0.0,0,ok,0.37398373983739835,True,138.0,2.239,1.577
dataset6_CLINIC_0026_data,grupo 3,49,4.91,0.0,0,ok,0.37398373983739835,True,138.0,2.239,1.577
dataset6_CLINIC_0026_data,grupo 3,49,7.3,0.0,0,ok,0.37398373983739835,True,138.0,2.239,1.577
dataset6_CLINIC_0022_data,grupo 3,0,7.0,0.7800958156585693,1,ok,0.392,False,140.0,1.435,2.148
dataset6_CLINIC_0022_data,grupo 3,0,4.91,0.0,0,ok,0.392,False,140.0,1.435,2.148
dataset6_CLINIC_0022_data,grupo 3,0,7.3,0.930095911026001,1,ok,0.392,False,140.0,1.435,2.148
dataset6_CLINIC_0022_data,grupo 3,1,7.0,2.0153026580810547,2,ok,0.352,False,140.0,1.111,2.276
dataset6_CLINIC_0022_data,grupo 3,1,4.91,0.9703024625778198,1,ok,0.352,False,140.0,1.111,2.276
dataset6_CLINIC_0022_data,grupo 3,1,7.3,2.1653027534484863,2,ok,0.352,False,140.0,1.111,2.276
dataset6_CLINIC_0022_data,grupo 3,2,7.0,2.509359359741211,2,ok,0.384,False,140.0,2.001,0.372
dataset6_CLINIC_0022_data,grupo 3,2,4.91,1.4643592834472656,1,ok,0.384,False,140.0,2.001,0.372
dataset6_CLINIC_0022_data,grupo 3,2,7.3,2.6593594551086426,2,ok,0.384,False,140.0,2.001,0.372
dataset6_CLINIC_0022_data,grupo 3,3,7.0,4.078300952911377,3,ok,0.35772357723577236,False,140.0,5.382,4.154
dataset6_CLINIC_0022_data,grupo 3,3,4.91,3.0333011150360107,2,ok,0.35772357723577236,False,140.0,5.382,4.154
dataset6_CLINIC_0022_data,grupo 3,3,7.3,4.228301048278809,3,ok,0.35772357723577236,False,140.0,5.382,4.154
dataset6_CLINIC_0022_data,grupo 3,4,7.0,1.6355146169662476,1,ok,0.36,False,140.0,1.794,1.097
dataset6_CLINIC_0022_data,grupo 3,4,4.91,0.5905145406723022,1,ok,0.36,False,140.0,1.794,1.097
dataset6_CLINIC_0022_data,grupo 3,4,7.3,1.7855147123336792,1,ok,0.36,False,140.0,1.794,1.097
dataset6_CLINIC_0022_data,grupo 3,5,7.0,5.021418571472168,3,ok,0.39622641509433965,False,140.0,3.677,2.237
dataset6_CLINIC_0022_data,grupo 3,5,4.91,3.9764187335968018,2,ok,0.39622641509433965,False,140.0,3.677,2.237
dataset6_CLINIC_0022_data,grupo 3,5,7.3,5.171419143676758,3,ok,0.39622641509433965,False,140.0,3.677,2.237
dataset6_CLINIC_0022_data,grupo 3,6,7.0,5.331245422363281,3,ok,0.37735849056603776,False,140.0,3.417,2.5
dataset6_CLINIC_0022_data,grupo 3,6,4.91,4.286245346069336,3,ok,0.37735849056603776,False,140.0,3.417,2.5
dataset6_CLINIC_0022_data,grupo 3,6,7.3,5.481245040893555,3,ok,0.37735849056603776,False,140.0,3.417,2.5
dataset6_CLINIC_0022_data,grupo 3,7,7.0,4.565680503845215,3,ok,0.39344262295081966,False,140.0,5.71,1.53
dataset6_CLINIC_0022_data,grupo 3,7,4.91,3.5206806659698486,2,ok,0.39344262295081966,False,140.0,5.71,1.53
dataset6_CLINIC_0022_data,grupo 3,7,7.3,4.715681076049805,3,ok,0.39344262295081966,False,140.0,5.71,1.53
dataset6_CLINIC_0022_data,grupo 3,8,7.0,1.9207006692886353,1,ok,0.376,False,140.0,3.425,0.183
dataset6_CLINIC_0022_data,grupo 3,8,4.91,0.8757005929946899,1,ok,0.376,False,140.0,3.425,0.183
dataset6_CLINIC_0022_data,grupo 3,8,7.3,2.0707006454467773,2,ok,0.376,False,140.0,3.425,0.183
dataset6_CLINIC_0022_data,grupo 3,9,7.0,2.26230525970459,2,ok,0.328,False,140.0,2.271,1.426
dataset6_CLINIC_0022_data,grupo 3,9,4.91,1.2173051834106445,1,ok,0.328,False,140.0,2.271,1.426
dataset6_CLINIC_0022_data,grupo 3,9,7.3,2.4123053550720215,2,ok,0.328,False,140.0,2.271,1.426
dataset6_CLINIC_0022_data,grupo 3,10,7.0,1.3571205139160156,1,ok,0.36,False,140.0,0.035,0.796
dataset6_CLINIC_0022_data,grupo 3,10,4.91,0.3121204376220703,1,ok,0.36,False,140.0,0.035,0.796
dataset6_CLINIC_0022_data,grupo 3,10,7.3,1.5071206092834473,1,ok,0.36,False,140.0,0.035,0.796
dataset6_CLINIC_0022_data,grupo 3,11,7.0,1.7091869115829468,1,ok,0.376,False,140.0,1.005,0.982
dataset6_CLINIC_0022_data,grupo 3,11,4.91,0.6641868352890015,1,ok,0.376,False,140.0,1.005,0.982
dataset6_CLINIC_0022_data,grupo 3,11,7.3,1.8591870069503784,1,ok,0.376,False,140.0,1.005,0.982
dataset6_CLINIC_0022_data,grupo 3,12,7.0,1.040043592453003,1,ok,0.36,False,140.0,0.105,0.124
dataset6_CLINIC_0022_data,grupo 3,12,4.91,0.0,0,ok,0.36,False,140.0,0.105,0.124
dataset6_CLINIC_0022_data,grupo 3,12,7.3,1.1900436878204346,1,ok,0.36,False,140.0,0.105,0.124
dataset6_CLINIC_0022_data,grupo 3,13,7.0,2.3120810985565186,2,ok,0.368,False,140.0,0.444,1.44
dataset6_CLINIC_0022_data,grupo 3,13,4.91,1.2670810222625732,1,ok,0.368,False,140.0,0.444,1.44
dataset6_CLINIC_0022_data,grupo 3,13,7.3,2.46208119392395,2,ok,0.368,False,140.0,0.444,1.44
dataset6_CLINIC_0022_data,grupo 3,14,7.0,1.100965976715088,1,ok,0.344,False,140.0,1.106,0.643
dataset6_CLINIC_0022_data,grupo 3,14,4.91,0.05596590042114258,1,ok,0.344,False,140.0,1.106,0.643
dataset6_CLINIC_0022_data,grupo 3,14,7.3,1.2509660720825195,1,ok,0.344,False,140.0,1.106,0.643
dataset6_CLINIC_0022_data,grupo 3,15,7.0,1.4905543327331543,1,ok,0.376,False,140.0,3.537,0.04
dataset6_CLINIC_0022_data,grupo 3,15,4.91,0.445554256439209,1,ok,0.376,False,140.0,3.537,0.04
dataset6_CLINIC_0022_data,grupo 3,15,7.3,1.640554428100586,1,ok,0.376,False,140.0,3.537,0.04
dataset6_CLINIC_0022_data,grupo 3,16,7.0,0.9877755641937256,1,ok,0.368,False,140.0,0.675,1.304
dataset6_CLINIC_0022_data,grupo 3,16,4.91,0.0,0,ok,0.368,False,140.0,0.675,1.304
dataset6_CLINIC_0022_data,grupo 3,16,7.3,1.1377756595611572,1,ok,0.368,False,140.0,0.675,1.304
dataset6_CLINIC_0022_data,grupo 3,17,7.0,2.065446376800537,2,ok,0.32,False,140.0,2.995,1.352
dataset6_CLINIC_0022_data,grupo 3,17,4.91,1.0204461812973022,1,ok,0.32,False,140.0,2.995,1.352
dataset6_CLINIC_0022_data,grupo 3,17,7.3,2.2154464721679688,2,ok,0.32,False,140.0,2.995,1.352
dataset6_CLINIC_0022_data,grupo 3,18,7.0,7.859515190124512,3,ok,0.19718309859154928,False,140.0,6.302,2.019
dataset6_CLINIC_0022_data,grupo 3,18,4.91,6.814515113830566,3,ok,0.19718309859154928,False,140.0,6.302,2.019
dataset6_CLINIC_0022_data,grupo 3,18,7.3,8.009515762329102,3,ok,0.19718309859154928,False,140.0,6.302,2.019
dataset6_CLINIC_0022_data,grupo 3,19,7.0,1.9255027770996094,1,ok,0.368,False,140.0,1.209,1.04
dataset6_CLINIC_0022_data,grupo 3,19,4.91,0.8805027008056641,1,ok,0.368,False,140.0,1.209,1.04
dataset6_CLINIC_0022_data,grupo 3,19,7.3,2.075502872467041,2,ok,0.368,False,140.0,1.209,1.04
dataset6_CLINIC_0022_data,grupo 3,20,7.0,1.596911907196045,1,ok,0.36,False,140.0,1.411,1.048
dataset6_CLINIC_0022_data,grupo 3,20,4.91,0.5519118309020996,1,ok,0.36,False,140.0,1.411,1.048
dataset6_CLINIC_0022_data,grupo 3,20,7.3,1.7469120025634766,1,ok,0.36,False,140.0,1.411,1.048
dataset6_CLINIC_0022_data,grupo 3,21,7.0,1.0085968971252441,1,ok,0.336,False,140.0,1.19,1.424
dataset6_CLINIC_0022_data,grupo 3,21,4.91,0.0,0,ok,0.336,False,140.0,1.19,1.424
dataset6_CLINIC_0022_data,grupo 3,21,7.3,1.1585969924926758,1,ok,0.336,False,140.0,1.19,1.424
dataset6_CLINIC_0022_data,grupo 3,22,7.0,5.512480735778809,3,ok,0.39655172413793105,False,140.0,6.045,2.456
dataset6_CLINIC_0022_data,grupo 3,22,4.91,4.467480659484863,3,ok,0.39655172413793105,False,140.0,6.045,2.456
dataset6_CLINIC_0022_data,grupo 3,22,7.3,5.662481307983398,3,ok,0.39655172413793105,False,140.0,6.045,2.456
dataset6_CLINIC_0022_data,grupo 3,23,7.0,4.806576251983643,3,ok,0.34710743801652894,False,140.0,4.222,3.057
dataset6_CLINIC_0022_data,grupo 3,23,4.91,3.7615761756896973,2,ok,0.34710743801652894,False,140.0,4.222,3.057
dataset6_CLINIC_0022_data,grupo 3,23,7.3,4.956576347351074,3,ok,0.34710743801652894,False,140.0,4.222,3.057
dataset6_CLINIC_0022_data,grupo 3,24,7.0,4.118649005889893,3,ok,0.3467741935483871,False,140.0,3.421,1.698
dataset6_CLINIC_0022_data,grupo 3,24,4.91,3.0736491680145264,2,ok,0.3467741935483871,False,140.0,3.421,1.698
dataset6_CLINIC_0022_data,grupo 3,24,7.3,4.268649101257324,3,ok,0.3467741935483871,False,140.0,3.421,1.698
dataset6_CLINIC_0022_data,grupo 3,25,7.0,4.6798224449157715,3,ok,0.38392857142857145,False,140.0,4.08,1.328
dataset6_CLINIC_0022_data,grupo 3,25,4.91,3.634822368621826,2,ok,0.38392857142857145,False,140.0,4.08,1.328
dataset6_CLINIC_0022_data,grupo 3,25,7.3,4.829822540283203,3,ok,0.38392857142857145,False,140.0,4.08,1.328
dataset6_CLINIC_0022_data,grupo 3,26,7.0,6.739035606384277,3,ok,0.45132743362831856,False,140.0,6.26,1.785
dataset6_CLINIC_0022_data,grupo 3,26,4.91,5.694035530090332,3,ok,0.45132743362831856,False,140.0,6.26,1.785
dataset6_CLINIC_0022_data,grupo 3,26,7.3,6.889035224914551,3,ok,0.45132743362831856,False,140.0,6.26,1.785
dataset6_CLINIC_0022_data,grupo 3,27,7.0,2.608893871307373,2,ok,0.4,False,140.0,3.933,0.401
dataset6_CLINIC_0022_data,grupo 3,27,4.91,1.5638939142227173,1,ok,0.4,False,140.0,3.933,0.401
dataset6_CLINIC_0022_data,grupo 3,27,7.3,2.7588939666748047,2,ok,0.4,False,140.0,3.933,0.401
dataset6_CLINIC_0022_data,grupo 3,28,7.0,1.667569875717163,1,ok,0.336,False,140.0,1.639,0.318
dataset6_CLINIC_0022_data,grupo 3,28,4.91,0.6225697994232178,1,ok,0.336,False,140.0,1.639,0.318
dataset6_CLINIC_0022_data,grupo 3,28,7.3,1.8175699710845947,1,ok,0.336,False,140.0,1.639,0.318
dataset6_CLINIC_0022_data,grupo 3,29,7.0,1.1483240127563477,1,ok,0.344,False,140.0,0.036,3.86
dataset6_CLINIC_0022_data,grupo 3,29,4.91,0.10332393646240234,1,ok,0.344,False,140.0,0.036,3.86
dataset6_CLINIC_0022_data,grupo 3,29,7.3,1.2983241081237793,1,ok,0.344,False,140.0,0.036,3.86
dataset6_CLINIC_0022_data,grupo 3,30,7.0,2.708942413330078,2,ok,0.312,False,140.0,1.865,0.248
dataset6_CLINIC_0022_data,grupo 3,30,4.91,1.6639423370361328,1,ok,0.312,False,140.0,1.865,0.248
dataset6_CLINIC_0022_data,grupo 3,30,7.3,2.8589425086975098,2,ok,0.312,False,140.0,1.865,0.248
dataset6_CLINIC_0022_data,grupo 3,31,7.0,5.715864658355713,3,ok,0.3983050847457627,False,140.0,4.61,1.959
dataset6_CLINIC_0022_data,grupo 3,31,4.91,4.670864582061768,3,ok,0.3983050847457627,False,140.0,4.61,1.959
dataset6_CLINIC_0022_data,grupo 3,31,7.3,5.8658647537231445,3,ok,0.3983050847457627,False,140.0,4.61,1.959
dataset6_CLINIC_0022_data,grupo 3,32,7.0,1.1283984184265137,1,ok,0.36,False,140.0,0.001,0.695
dataset6_CLINIC_0022_data,grupo 3,32,4.91,0.08339834213256836,1,ok,0.36,False,140.0,0.001,0.695
dataset6_CLINIC_0022_data,grupo 3,32,7.3,1.2783985137939453,1,ok,0.36,False,140.0,0.001,0.695
dataset6_CLINIC_0022_data,grupo 3,33,7.0,1.5301408767700195,1,ok,0.344,False,140.0,1.588,1.704
dataset6_CLINIC_0022_data,grupo 3,33,4.91,0.4851408004760742,1,ok,0.344,False,140.0,1.588,1.704
dataset6_CLINIC_0022_data,grupo 3,33,7.3,1.6801409721374512,1,ok,0.344,False,140.0,1.588,1.704
dataset6_CLINIC_0022_data,grupo 3,34,7.0,2.4517054557800293,2,ok,0.36,False,140.0,1.223,3.061
dataset6_CLINIC_0022_data,grupo 3,34,4.91,1.406705379486084,1,ok,0.36,False,140.0,1.223,3.061
dataset6_CLINIC_0022_data,grupo 3,34,7.3,2.601705551147461,2,ok,0.36,False,140.0,1.223,3.061
dataset6_CLINIC_0022_data,grupo 3,35,7.0,1.6950621604919434,1,ok,0.376,False,140.0,0.454,3.14
dataset6_CLINIC_0022_data,grupo 3,35,4.91,0.650062084197998,1,ok,0.376,False,140.0,0.454,3.14
dataset6_CLINIC_0022_data,grupo 3,35,7.3,1.845062255859375,1,ok,0.376,False,140.0,0.454,3.14
dataset6_CLINIC_0022_data,grupo 3,36,7.0,1.1512250900268555,1,ok,0.36,False,140.0,0.095,0.348
dataset6_CLINIC_0022_data,grupo 3,36,4.91,0.10622501373291016,1,ok,0.36,False,140.0,0.095,0.348
dataset6_CLINIC_0022_data,grupo 3,36,7.3,1.301225185394287,1,ok,0.36,False,140.0,0.095,0.348
dataset6_CLINIC_0022_data,grupo 3,37,7.0,1.5892822742462158,1,ok,0.368,False,140.0,0.103,3.066
dataset6_CLINIC_0022_data,grupo 3,37,4.91,0.5442821979522705,1,ok,0.368,False,140.0,0.103,3.066
dataset6_CLINIC_0022_data,grupo 3,37,7.3,1.7392823696136475,1,ok,0.368,False,140.0,0.103,3.066
dataset6_CLINIC_0022_data,grupo 3,38,7.0,2.573012351989746,2,ok,0.368,False,140.0,1.908,3.3
dataset6_CLINIC_0022_data,grupo 3,38,4.91,1.5280121564865112,1,ok,0.368,False,140.0,1.908,3.3
dataset6_CLINIC_0022_data,grupo 3,38,7.3,2.7230124473571777,2,ok,0.368,False,140.0,1.908,3.3
dataset6_CLINIC_0022_data,grupo 3,39,7.0,1.3867034912109375,1,ok,0.336,False,140.0,0.956,0.616
dataset6_CLINIC_0022_data,grupo 3,39,4.91,0.3417034149169922,1,ok,0.336,False,140.0,0.956,0.616
dataset6_CLINIC_0022_data,grupo 3,39,7.3,1.5367035865783691,1,ok,0.336,False,140.0,0.956,0.616
dataset6_CLINIC_0022_data,grupo 3,40,7.0,1.015486478805542,1,ok,0.4,False,140.0,2.907,1.181
dataset6_CLINIC_0022_data,grupo 3,40,4.91,0.0,0,ok,0.4,False,140.0,2.907,1.181
dataset6_CLINIC_0022_data,grupo 3,40,7.3,1.1654865741729736,1,ok,0.4,False,140.0,2.907,1.181
dataset6_CLINIC_0022_data,grupo 3,41,7.0,6.515953540802002,3,ok,0.48695652173913045,False,140.0,6.854,0.181
dataset6_CLINIC_0022_data,grupo 3,41,4.91,5.470953464508057,3,ok,0.48695652173913045,False,140.0,6.854,0.181
dataset6_CLINIC_0022_data,grupo 3,41,7.3,6.665953636169434,3,ok,0.48695652173913045,False,140.0,6.854,0.181
dataset6_CLINIC_0022_data,grupo 3,42,7.0,1.335139513015747,1,ok,0.344,False,140.0,0.502,1.243
dataset6_CLINIC_0022_data,grupo 3,42,4.91,0.29013943672180176,1,ok,0.344,False,140.0,0.502,1.243
dataset6_CLINIC_0022_data,grupo 3,42,7.3,1.4851396083831787,1,ok,0.344,False,140.0,0.502,1.243
dataset6_CLINIC_0022_data,grupo 3,43,7.0,2.9825692176818848,2,ok,0.288,False,140.0,3.259,0.048
dataset6_CLINIC_0022_data,grupo 3,43,4.91,1.9375691413879395,1,ok,0.288,False,140.0,3.259,0.048
dataset6_CLINIC_0022_data,grupo 3,43,7.3,3.1325693130493164,2,ok,0.288,False,140.0,3.259,0.048
dataset6_CLINIC_0022_data,grupo 3,44,7.0,1.750921368598938,1,ok,0.336,False,140.0,1.408,0.598
dataset6_CLINIC_0022_data,grupo 3,44,4.91,0.7059212923049927,1,ok,0.336,False,140.0,1.408,0.598
dataset6_CLINIC_0022_data,grupo 3,44,7.3,1.9009214639663696,1,ok,0.336,False,140.0,1.408,0.598
dataset6_CLINIC_0022_data,grupo 3,45,7.0,4.3812665939331055,3,ok,0.3333333333333333,False,140.0,1.818,4.005
dataset6_CLINIC_0022_data,grupo 3,45,4.91,3.336266279220581,2,ok,0.3333333333333333,False,140.0,1.818,4.005
dataset6_CLINIC_0022_data,grupo 3,45,7.3,4.531266689300537,3,ok,0.3333333333333333,False,140.0,1.818,4.005
dataset6_CLINIC_0022_data,grupo 3,46,7.0,1.0026142597198486,1,ok,0.344,False,140.0,0.34,1.101
dataset6_CLINIC_0022_data,grupo 3,46,4.91,0.0,0,ok,0.344,False,140.0,0.34,1.101
dataset6_CLINIC_0022_data,grupo 3,46,7.3,1.1526143550872803,1,ok,0.344,False,140.0,0.34,1.101
dataset6_CLINIC_0022_data,grupo 3,47,7.0,2.3357558250427246,2,ok,0.328,False,140.0,1.674,2.847
dataset6_CLINIC_0022_data,grupo 3,47,4.91,1.2907556295394897,1,ok,0.328,False,140.0,1.674,2.847
dataset6_CLINIC_0022_data,grupo 3,47,7.3,2.4857559204101562,2,ok,0.328,False,140.0,1.674,2.847
dataset6_CLINIC_0022_data,grupo 3,48,7.0,5.967805862426758,3,ok,0.42016806722689076,False,140.0,4.765,2.033
dataset6_CLINIC_0022_data,grupo 3,48,4.91,4.9228057861328125,3,ok,0.42016806722689076,False,140.0,4.765,2.033
dataset6_CLINIC_0022_data,grupo 3,48,7.3,6.117805480957031,3,ok,0.42016806722689076,False,140.0,4.765,2.033
dataset6_CLINIC_0022_data,grupo 3,49,7.0,1.9450007677078247,1,ok,0.352,False,140.0,1.951,2.454
dataset6_CLINIC_0022_data,grupo 3,49,4.91,0.9000006914138794,1,ok,0.352,False,140.0,1.951,2.454
dataset6_CLINIC_0022_data,grupo 3,49,7.3,2.095000743865967,2,ok,0.352,False,140.0,1.951,2.454
dataset6_CLINIC_0025_data,grupo 3,0,7.0,0.0,0,ok,0.48226950354609927,True,156.0,2.667,2.109
dataset6_CLINIC_0025_data,grupo 3,0,4.91,0.0,0,ok,0.48226950354609927,True,156.0,2.667,2.109
dataset6_CLINIC_0025_data,grupo 3,0,7.3,0.0,0,ok,0.48226950354609927,True,156.0,2.667,2.109
dataset6_CLINIC_0025_data,grupo 3,1,7.0,0.0,0,ok,0.41843971631205673,True,156.0,0.083,0.053
dataset6_CLINIC_0025_data,grupo 3,1,4.91,0.0,0,ok,0.41843971631205673,True,156.0,0.083,0.053
dataset6_CLINIC_0025_data,grupo 3,1,7.3,0.0,0,ok,0.41843971631205673,True,156.0,0.083,0.053
dataset6_CLINIC_0025_data,grupo 3,2,7.0,0.0,0,ok,0.3971631205673759,True,156.0,3.055,0.534
dataset6_CLINIC_0025_data,grupo 3,2,4.91,0.0,0,ok,0.3971631205673759,True,156.0,3.055,0.534
dataset6_CLINIC_0025_data,grupo 3,2,7.3,0.0,0,ok,0.3971631205673759,True,156.0,3.055,0.534
dataset6_CLINIC_0025_data,grupo 3,3,7.0,1.750618815422058,1,ok,0.3546099290780142,True,156.0,4.966,0.208
dataset6_CLINIC_0025_data,grupo 3,3,4.91,0.7056187391281128,1,ok,0.3546099290780142,True,156.0,4.966,0.208
dataset6_CLINIC_0025_data,grupo 3,3,7.3,1.9006189107894897,1,ok,0.3546099290780142,True,156.0,4.966,0.208
dataset6_CLINIC_0025_data,grupo 3,4,7.0,0.0,0,ok,0.425531914893617,True,156.0,0.294,2.348
dataset6_CLINIC_0025_data,grupo 3,4,4.91,0.0,0,ok,0.425531914893617,True,156.0,0.294,2.348
dataset6_CLINIC_0025_data,grupo 3,4,7.3,0.0,0,ok,0.425531914893617,True,156.0,0.294,2.348
dataset6_CLINIC_0025_data,grupo 3,5,7.0,0.0,0,ok,0.45390070921985815,True,156.0,1.217,0.561
dataset6_CLINIC_0025_data,grupo 3,5,4.91,0.0,0,ok,0.45390070921985815,True,156.0,1.217,0.561
dataset6_CLINIC_0025_data,grupo 3,5,7.3,0.0,0,ok,0.45390070921985815,True,156.0,1.217,0.561
dataset6_CLINIC_0025_data,grupo 3,6,7.0,0.0,0,ok,0.3829787234042553,True,156.0,1.777,2.695
dataset6_CLINIC_0025_data,grupo 3,6,4.91,0.0,0,ok,0.3829787234042553,True,156.0,1.777,2.695
dataset6_CLINIC_0025_data,grupo 3,6,7.3,0.0,0,ok,0.3829787234042553,True,156.0,1.777,2.695
dataset6_CLINIC_0025_data,grupo 3,7,7.0,0.0,0,ok,0.4326241134751773,True,156.0,0.181,1.425
dataset6_CLINIC_0025_data,grupo 3,7,4.91,0.0,0,ok,0.4326241134751773,True,156.0,0.181,1.425
dataset6_CLINIC_0025_data,grupo 3,7,7.3,0.0,0,ok,0.4326241134751773,True,156.0,0.181,1.425
dataset6_CLINIC_0025_data,grupo 3,8,7.0,0.0,0,ok,0.425531914893617,True,156.0,0.787,0.927
dataset6_CLINIC_0025_data,grupo 3,8,4.91,0.0,0,ok,0.425531914893617,True,156.0,0.787,0.927
dataset6_CLINIC_0025_data,grupo 3,8,7.3,0.0,0,ok,0.425531914893617,True,156.0,0.787,0.927
dataset6_CLINIC_0025_data,grupo 3,9,7.0,1.3875181674957275,1,ok,0.5106382978723404,True,156.0,4.229,0.296
dataset6_CLINIC_0025_data,grupo 3,9,4.91,0.3425180912017822,1,ok,0.5106382978723404,True,156.0,4.229,0.296
dataset6_CLINIC_0025_data,grupo 3,9,7.3,1.5375182628631592,1,ok,0.5106382978723404,True,156.0,4.229,0.296
dataset6_CLINIC_0025_data,grupo 3,10,7.0,1.1243369579315186,1,ok,0.5673758865248227,True,156.0,4.63,0.548
dataset6_CLINIC_0025_data,grupo 3,10,4.91,0.07933688163757324,1,ok,0.5673758865248227,True,156.0,4.63,0.548
dataset6_CLINIC_0025_data,grupo 3,10,7.3,1.2743370532989502,1,ok,0.5673758865248227,True,156.0,4.63,0.548
dataset6_CLINIC_0025_data,grupo 3,11,7.0,0.0,0,ok,0.4326241134751773,True,156.0,0.031,1.427
dataset6_CLINIC_0025_data,grupo 3,11,4.91,0.0,0,ok,0.4326241134751773,True,156.0,0.031,1.427
dataset6_CLINIC_0025_data,grupo 3,11,7.3,0.0,0,ok,0.4326241134751773,True,156.0,0.031,1.427
dataset6_CLINIC_0025_data,grupo 3,12,7.0,0.0,0,ok,0.44680851063829785,True,156.0,0.165,2.666
dataset6_CLINIC_0025_data,grupo 3,12,4.91,0.0,0,ok,0.44680851063829785,True,156.0,0.165,2.666
dataset6_CLINIC_0025_data,grupo 3,12,7.3,0.0,0,ok,0.44680851063829785,True,156.0,0.165,2.666
dataset6_CLINIC_0025_data,grupo 3,13,7.0,0.0,0,ok,0.3900709219858156,True,156.0,0.767,0.14
dataset6_CLINIC_0025_data,grupo 3,13,4.91,0.0,0,ok,0.3900709219858156,True,156.0,0.767,0.14
dataset6_CLINIC_0025_data,grupo 3,13,7.3,0.0,0,ok,0.3900709219858156,True,156.0,0.767,0.14
dataset6_CLINIC_0025_data,grupo 3,14,7.0,2.467893123626709,2,ok,0.6028368794326241,True,156.0,5.373,1.097
dataset6_CLINIC_0025_data,grupo 3,14,4.91,1.4228930473327637,1,ok,0.6028368794326241,True,156.0,5.373,1.097
dataset6_CLINIC_0025_data,grupo 3,14,7.3,2.6178932189941406,2,ok,0.6028368794326241,True,156.0,5.373,1.097
dataset6_CLINIC_0025_data,grupo 3,15,7.0,0.0,0,ok,0.46099290780141844,True,156.0,0.997,0.143
dataset6_CLINIC_0025_data,grupo 3,15,4.91,0.0,0,ok,0.46099290780141844,True,156.0,0.997,0.143
dataset6_CLINIC_0025_data,grupo 3,15,7.3,0.0,0,ok,0.46099290780141844,True,156.0,0.997,0.143
dataset6_CLINIC_0025_data,grupo 3,16,7.0,0.0,0,ok,0.41843971631205673,True,156.0,2.499,2.266
dataset6_CLINIC_0025_data,grupo 3,16,4.91,0.0,0,ok,0.41843971631205673,True,156.0,2.499,2.266
dataset6_CLINIC_0025_data,grupo 3,16,7.3,0.0,0,ok,0.41843971631205673,True,156.0,2.499,2.266
dataset6_CLINIC_0025_data,grupo 3,17,7.0,0.0,0,ok,0.375886524822695,True,156.0,2.152,0.069
dataset6_CLINIC_0025_data,grupo 3,17,4.91,0.0,0,ok,0.375886524822695,True,156.0,2.152,0.069
dataset6_CLINIC_0025_data,grupo 3,17,7.3,0.0,0,ok,0.375886524822695,True,156.0,2.152,0.069
dataset6_CLINIC_0025_data,grupo 3,18,7.0,0.0,0,ok,0.3546099290780142,True,156.0,1.857,0.436
dataset6_CLINIC_0025_data,grupo 3,18,4.91,0.0,0,ok,0.3546099290780142,True,156.0,1.857,0.436
dataset6_CLINIC_0025_data,grupo 3,18,7.3,0.0,0,ok,0.3546099290780142,True,156.0,1.857,0.436
dataset6_CLINIC_0025_data,grupo 3,19,7.0,0.0,0,ok,0.49645390070921985,True,156.0,1.944,1.124
dataset6_CLINIC_0025_data,grupo 3,19,4.91,0.0,0,ok,0.49645390070921985,True,156.0,1.944,1.124
dataset6_CLINIC_0025_data,grupo 3,19,7.3,0.0,0,ok,0.49645390070921985,True,156.0,1.944,1.124
dataset6_CLINIC_0025_data,grupo 3,20,7.0,0.0,0,ok,0.375886524822695,True,156.0,1.26,0.732
dataset6_CLINIC_0025_data,grupo 3,20,4.91,0.0,0,ok,0.375886524822695,True,156.0,1.26,0.732
dataset6_CLINIC_0025_data,grupo 3,20,7.3,0.0,0,ok,0.375886524822695,True,156.0,1.26,0.732
dataset6_CLINIC_0025_data,grupo 3,21,7.0,0.0,0,ok,0.41843971631205673,True,156.0,1.719,0.344
dataset6_CLINIC_0025_data,grupo 3,21,4.91,0.0,0,ok,0.41843971631205673,True,156.0,1.719,0.344
dataset6_CLINIC_0025_data,grupo 3,21,7.3,0.0,0,ok,0.41843971631205673,True,156.0,1.719,0.344
dataset6_CLINIC_0025_data,grupo 3,22,7.0,0.0,0,ok,0.41134751773049644,True,156.0,2.16,2.013
dataset6_CLINIC_0025_data,grupo 3,22,4.91,0.0,0,ok,0.41134751773049644,True,156.0,2.16,2.013
dataset6_CLINIC_0025_data,grupo 3,22,7.3,0.10100531578063965,1,ok,0.41134751773049644,True,156.0,2.16,2.013
dataset6_CLINIC_0025_data,grupo 3,23,7.0,0.0,0,ok,0.475177304964539,True,156.0,1.013,1.906
dataset6_CLINIC_0025_data,grupo 3,23,4.91,0.0,0,ok,0.475177304964539,True,156.0,1.013,1.906
dataset6_CLINIC_0025_data,grupo 3,23,7.3,0.0,0,ok,0.475177304964539,True,156.0,1.013,1.906
dataset6_CLINIC_0025_data,grupo 3,24,7.0,2.0606284141540527,2,ok,0.375886524822695,True,156.0,4.174,2.489
dataset6_CLINIC_0025_data,grupo 3,24,4.91,1.0156282186508179,1,ok,0.375886524822695,True,156.0,4.174,2.489
dataset6_CLINIC_0025_data,grupo 3,24,7.3,2.2106285095214844,2,ok,0.375886524822695,True,156.0,4.174,2.489
dataset6_CLINIC_0025_data,grupo 3,25,7.0,0.0,0,ok,0.3971631205673759,True,156.0,1.309,2.662
dataset6_CLINIC_0025_data,grupo 3,25,4.91,0.0,0,ok,0.3971631205673759,True,156.0,1.309,2.662
dataset6_CLINIC_0025_data,grupo 3,25,7.3,0.0,0,ok,0.3971631205673759,True,156.0,1.309,2.662
dataset6_CLINIC_0025_data,grupo 3,26,7.0,0.0,0,ok,0.3971631205673759,True,156.0,1.993,1.527
dataset6_CLINIC_0025_data,grupo 3,26,4.91,0.0,0,ok,0.3971631205673759,True,156.0,1.993,1.527
dataset6_CLINIC_0025_data,grupo 3,26,7.3,0.0,0,ok,0.3971631205673759,True,156.0,1.993,1.527
dataset6_CLINIC_0025_data,grupo 3,27,7.0,0.0,0,ok,0.40425531914893614,True,156.0,1.843,2.889
dataset6_CLINIC_0025_data,grupo 3,27,4.91,0.0,0,ok,0.40425531914893614,True,156.0,1.843,2.889
dataset6_CLINIC_0025_data,grupo 3,27,7.3,0.0,0,ok,0.40425531914893614,True,156.0,1.843,2.889
dataset6_CLINIC_0025_data,grupo 3,28,7.0,0.0,0,ok,0.4326241134751773,True,156.0,0.742,2.363
dataset6_CLINIC_0025_data,grupo 3,28,4.91,0.0,0,ok,0.4326241134751773,True,156.0,0.742,2.363
dataset6_CLINIC_0025_data,grupo 3,28,7.3,0.0,0,ok,0.4326241134751773,True,156.0,0.742,2.363
dataset6_CLINIC_0025_data,grupo 3,29,7.0,1.0638294219970703,1,ok,0.41134751773049644,True,156.0,3.622,2.746
dataset6_CLINIC_0025_data,grupo 3,29,4.91,0.018829345703125,1,ok,0.41134751773049644,True,156.0,3.622,2.746
dataset6_CLINIC_0025_data,grupo 3,29,7.3,1.213829517364502,1,ok,0.41134751773049644,True,156.0,3.622,2.746
dataset6_CLINIC_0025_data,grupo 3,30,7.0,0.5450482368469238,1,ok,0.6099290780141844,True,156.0,4.424,1.076
dataset6_CLINIC_0025_data,grupo 3,30,4.91,0.0,0,ok,0.6099290780141844,True,156.0,4.424,1.076
dataset6_CLINIC_0025_data,grupo 3,30,7.3,0.6950483322143555,1,ok,0.6099290780141844,True,156.0,4.424,1.076
dataset6_CLINIC_0025_data,grupo 3,31,7.0,0.0,0,ok,0.46808510638297873,True,156.0,0.791,1.767
dataset6_CLINIC_0025_data,grupo 3,31,4.91,0.0,0,ok,0.46808510638297873,True,156.0,0.791,1.767
dataset6_CLINIC_0025_data,grupo 3,31,7.3,0.0,0,ok,0.46808510638297873,True,156.0,0.791,1.767
dataset6_CLINIC_0025_data,grupo 3,32,7.0,0.0,0,ok,0.44680851063829785,True,156.0,1.5,2.626
dataset6_CLINIC_0025_data,grupo 3,32,4.91,0.0,0,ok,0.44680851063829785,True,156.0,1.5,2.626
dataset6_CLINIC_0025_data,grupo 3,32,7.3,0.0,0,ok,0.44680851063829785,True,156.0,1.5,2.626
dataset6_CLINIC_0025_data,grupo 3,33,7.0,0.04056859016418457,1,ok,0.5035460992907801,True,156.0,2.984,0.03
dataset6_CLINIC_0025_data,grupo 3,33,4.91,0.0,0,ok,0.5035460992907801,True,156.0,2.984,0.03
dataset6_CLINIC_0025_data,grupo 3,33,7.3,0.1905686855316162,1,ok,0.5035460992907801,True,156.0,2.984,0.03
dataset6_CLINIC_0025_data,grupo 3,34,7.0,0.0,0,ok,0.5460992907801419,True,156.0,3.776,1.634
dataset6_CLINIC_0025_data,grupo 3,34,4.91,0.0,0,ok,0.5460992907801419,True,156.0,3.776,1.634
dataset6_CLINIC_0025_data,grupo 3,34,7.3,0.0,0,ok,0.5460992907801419,True,156.0,3.776,1.634
dataset6_CLINIC_0025_data,grupo 3,35,7.0,0.0,0,ok,0.524822695035461,True,156.0,3.146,1.606
dataset6_CLINIC_0025_data,grupo 3,35,4.91,0.0,0,ok,0.524822695035461,True,156.0,3.146,1.606
dataset6_CLINIC_0025_data,grupo 3,35,7.3,0.0,0,ok,0.524822695035461,True,156.0,3.146,1.606
dataset6_CLINIC_0025_data,grupo 3,36,7.0,0.0,0,ok,0.48936170212765956,True,156.0,0.769,4.094
dataset6_CLINIC_0025_data,grupo 3,36,4.91,0.0,0,ok,0.48936170212765956,True,156.0,0.769,4.094
dataset6_CLINIC_0025_data,grupo 3,36,7.3,0.0,0,ok,0.48936170212765956,True,156.0,0.769,4.094
dataset6_CLINIC_0025_data,grupo 3,37,7.0,0.0,0,ok,0.41134751773049644,True,156.0,2.261,0.283
dataset6_CLINIC_0025_data,grupo 3,37,4.91,0.0,0,ok,0.41134751773049644,True,156.0,2.261,0.283
dataset6_CLINIC_0025_data,grupo 3,37,7.3,0.0,0,ok,0.41134751773049644,True,156.0,2.261,0.283
dataset6_CLINIC_0025_data,grupo 3,38,7.0,0.36163783073425293,1,ok,0.5319148936170213,True,156.0,3.694,1.592
dataset6_CLINIC_0025_data,grupo 3,38,4.91,0.0,0,ok,0.5319148936170213,True,156.0,3.694,1.592
dataset6_CLINIC_0025_data,grupo 3,38,7.3,0.5116379261016846,1,ok,0.5319148936170213,True,156.0,3.694,1.592
dataset6_CLINIC_0025_data,grupo 3,39,7.0,0.7579829692840576,1,ok,0.3546099290780142,True,156.0,3.5,0.176
dataset6_CLINIC_0025_data,grupo 3,39,4.91,0.0,0,ok,0.3546099290780142,True,156.0,3.5,0.176
dataset6_CLINIC_0025_data,grupo 3,39,7.3,0.9079830646514893,1,ok,0.3546099290780142,True,156.0,3.5,0.176
dataset6_CLINIC_0025_data,grupo 3,40,7.0,0.0,0,ok,0.3829787234042553,True,156.0,1.08,1.041
dataset6_CLINIC_0025_data,grupo 3,40,4.91,0.0,0,ok,0.3829787234042553,True,156.0,1.08,1.041
dataset6_CLINIC_0025_data,grupo 3,40,7.3,0.0,0,ok,0.3829787234042553,True,156.0,1.08,1.041
dataset6_CLINIC_0025_data,grupo 3,41,7.0,0.9557132720947266,1,ok,0.2765957446808511,True,156.0,5.458,3.266
dataset6_CLINIC_0025_data,grupo 3,41,4.91,0.0,0,ok,0.2765957446808511,True,156.0,5.458,3.266
dataset6_CLINIC_0025_data,grupo 3,41,7.3,1.1057133674621582,1,ok,0.2765957446808511,True,156.0,5.458,3.266
dataset6_CLINIC_0025_data,grupo 3,42,7.0,0.0,0,ok,0.425531914893617,True,156.0,0.931,3.338
dataset6_CLINIC_0025_data,grupo 3,42,4.91,0.0,0,ok,0.425531914893617,True,156.0,0.931,3.338
dataset6_CLINIC_0025_data,grupo 3,42,7.3,0.0,0,ok,0.425531914893617,True,156.0,0.931,3.338
dataset6_CLINIC_0025_data,grupo 3,43,7.0,0.0,0,ok,0.475177304964539,True,156.0,1.4,1.847
dataset6_CLINIC_0025_data,grupo 3,43,4.91,0.0,0,ok,0.475177304964539,True,156.0,1.4,1.847
dataset6_CLINIC_0025_data,grupo 3,43,7.3,0.0,0,ok,0.475177304964539,True,156.0,1.4,1.847
dataset6_CLINIC_0025_data,grupo 3,44,7.0,0.0,0,ok,0.5460992907801419,True,156.0,2.554,1.886
dataset6_CLINIC_0025_data,grupo 3,44,4.91,0.0,0,ok,0.5460992907801419,True,156.0,2.554,1.886
dataset6_CLINIC_0025_data,grupo 3,44,7.3,0.0,0,ok,0.5460992907801419,True,156.0,2.554,1.886
dataset6_CLINIC_0025_data,grupo 3,45,7.0,0.0,0,ok,0.3900709219858156,True,156.0,2.295,3.001
dataset6_CLINIC_0025_data,grupo 3,45,4.91,0.0,0,ok,0.3900709219858156,True,156.0,2.295,3.001
dataset6_CLINIC_0025_data,grupo 3,45,7.3,0.0,0,ok,0.3900709219858156,True,156.0,2.295,3.001
dataset6_CLINIC_0025_data,grupo 3,46,7.0,0.0,0,ok,0.45390070921985815,True,156.0,0.798,0.017
dataset6_CLINIC_0025_data,grupo 3,46,4.91,0.0,0,ok,0.45390070921985815,True,156.0,0.798,0.017
dataset6_CLINIC_0025_data,grupo 3,46,7.3,0.0,0,ok,0.45390070921985815,True,156.0,0.798,0.017
dataset6_CLINIC_0025_data,grupo 3,47,7.0,0.0,0,ok,0.48226950354609927,True,156.0,1.53,0.446
dataset6_CLINIC_0025_data,grupo 3,47,4.91,0.0,0,ok,0.48226950354609927,True,156.0,1.53,0.446
dataset6_CLINIC_0025_data,grupo 3,47,7.3,0.0,0,ok,0.48226950354609927,True,156.0,1.53,0.446
dataset6_CLINIC_0025_data,grupo 3,48,7.0,0.15644121170043945,1,ok,0.3971631205673759,True,156.0,1.697,2.466
dataset6_CLINIC_0025_data,grupo 3,48,4.91,0.0,0,ok,0.3971631205673759,True,156.0,1.697,2.466
dataset6_CLINIC_0025_data,grupo 3,48,7.3,0.3064413070678711,1,ok,0.3971631205673759,True,156.0,1.697,2.466
dataset6_CLINIC_0025_data,grupo 3,49,7.0,0.0,0,ok,0.475177304964539,True,156.0,0.815,0.585
dataset6_CLINIC_0025_data,grupo 3,49,4.91,0.0,0,ok,0.475177304964539,True,156.0,0.815,0.585
dataset6_CLINIC_0025_data,grupo 3,49,7.3,0.0,0,ok,0.475177304964539,True,156.0,0.815,0.585
dataset6_CLINIC_0024_data,grupo 3,0,7.0,0.0,0,ok,0.6641221374045801,True,146.0,0.098,0.826
dataset6_CLINIC_0024_data,grupo 3,0,4.91,0.0,0,ok,0.6641221374045801,True,146.0,0.098,0.826
dataset6_CLINIC_0024_data,grupo 3,0,7.3,0.0,0,ok,0.6641221374045801,True,146.0,0.098,0.826
dataset6_CLINIC_0024_data,grupo 3,1,7.0,0.1573963165283203,1,ok,0.7557251908396947,True,146.0,2.436,1.93
dataset6_CLINIC_0024_data,grupo 3,1,4.91,0.0,0,ok,0.7557251908396947,True,146.0,2.436,1.93
dataset6_CLINIC_0024_data,grupo 3,1,7.3,0.30739641189575195,1,ok,0.7557251908396947,True,146.0,2.436,1.93
dataset6_CLINIC_0024_data,grupo 3,2,7.0,0.0,0,ok,0.6335877862595419,True,146.0,2.415,0.654
dataset6_CLINIC_0024_data,grupo 3,2,4.91,0.0,0,ok,0.6335877862595419,True,146.0,2.415,0.654
dataset6_CLINIC_0024_data,grupo 3,2,7.3,0.0,0,ok,0.6335877862595419,True,146.0,2.415,0.654
dataset6_CLINIC_0024_data,grupo 3,3,7.0,0.0,0,ok,0.6641221374045801,True,146.0,0.002,4.591
dataset6_CLINIC_0024_data,grupo 3,3,4.91,0.0,0,ok,0.6641221374045801,True,146.0,0.002,4.591
dataset6_CLINIC_0024_data,grupo 3,3,7.3,0.0,0,ok,0.6641221374045801,True,146.0,0.002,4.591
dataset6_CLINIC_0024_data,grupo 3,4,7.0,0.0,0,ok,0.6183206106870229,True,146.0,3.108,0.92
dataset6_CLINIC_0024_data,grupo 3,4,4.91,0.0,0,ok,0.6183206106870229,True,146.0,3.108,0.92
dataset6_CLINIC_0024_data,grupo 3,4,7.3,0.0,0,ok,0.6183206106870229,True,146.0,3.108,0.92
dataset6_CLINIC_0024_data,grupo 3,5,7.0,0.0,0,ok,0.5954198473282443,True,146.0,1.3,0.602
dataset6_CLINIC_0024_data,grupo 3,5,4.91,0.0,0,ok,0.5954198473282443,True,146.0,1.3,0.602
dataset6_CLINIC_0024_data,grupo 3,5,7.3,0.0,0,ok,0.5954198473282443,True,146.0,1.3,0.602
dataset6_CLINIC_0024_data,grupo 3,6,7.0,0.0,0,ok,0.816793893129771,True,146.0,4.767,0.796
dataset6_CLINIC_0024_data,grupo 3,6,4.91,0.0,0,ok,0.816793893129771,True,146.0,4.767,0.796
dataset6_CLINIC_0024_data,grupo 3,6,7.3,0.0,0,ok,0.816793893129771,True,146.0,4.767,0.796
dataset6_CLINIC_0024_data,grupo 3,7,7.0,0.0,0,ok,0.3969465648854962,True,146.0,2.508,2.853
dataset6_CLINIC_0024_data,grupo 3,7,4.91,0.0,0,ok,0.3969465648854962,True,146.0,2.508,2.853
dataset6_CLINIC_0024_data,grupo 3,7,7.3,0.0,0,ok,0.3969465648854962,True,146.0,2.508,2.853
dataset6_CLINIC_0024_data,grupo 3,8,7.0,0.0,0,ok,0.7633587786259542,True,146.0,1.22,2.675
dataset6_CLINIC_0024_data,grupo 3,8,4.91,0.0,0,ok,0.7633587786259542,True,146.0,1.22,2.675
dataset6_CLINIC_0024_data,grupo 3,8,7.3,0.0,0,ok,0.7633587786259542,True,146.0,1.22,2.675
dataset6_CLINIC_0024_data,grupo 3,9,7.0,0.6363978385925293,1,ok,0.7709923664122137,True,146.0,4.52,2.787
dataset6_CLINIC_0024_data,grupo 3,9,4.91,0.0,0,ok,0.7709923664122137,True,146.0,4.52,2.787
dataset6_CLINIC_0024_data,grupo 3,9,7.3,0.7863979339599609,1,ok,0.7709923664122137,True,146.0,4.52,2.787
dataset6_CLINIC_0024_data,grupo 3,10,7.0,0.0,0,ok,0.732824427480916,True,146.0,1.162,1.524
dataset6_CLINIC_0024_data,grupo 3,10,4.91,0.0,0,ok,0.732824427480916,True,146.0,1.162,1.524
dataset6_CLINIC_0024_data,grupo 3,10,7.3,0.0,0,ok,0.732824427480916,True,146.0,1.162,1.524
dataset6_CLINIC_0024_data,grupo 3,11,7.0,0.0,0,ok,0.7862595419847328,True,146.0,3.181,0.937
dataset6_CLINIC_0024_data,grupo 3,11,4.91,0.0,0,ok,0.7862595419847328,True,146.0,3.181,0.937
dataset6_CLINIC_0024_data,grupo 3,11,7.3,0.0,0,ok,0.7862595419847328,True,146.0,3.181,0.937
dataset6_CLINIC_0024_data,grupo 3,12,7.0,0.0,0,ok,0.6870229007633588,True,146.0,1.003,3.063
dataset6_CLINIC_0024_data,grupo 3,12,4.91,0.0,0,ok,0.6870229007633588,True,146.0,1.003,3.063
dataset6_CLINIC_0024_data,grupo 3,12,7.3,0.0,0,ok,0.6870229007633588,True,146.0,1.003,3.063
dataset6_CLINIC_0024_data,grupo 3,13,7.0,0.529660701751709,1,ok,0.7709923664122137,True,146.0,3.332,1.922
dataset6_CLINIC_0024_data,grupo 3,13,4.91,0.0,0,ok,0.7709923664122137,True,146.0,3.332,1.922
dataset6_CLINIC_0024_data,grupo 3,13,7.3,0.6796607971191406,1,ok,0.7709923664122137,True,146.0,3.332,1.922
dataset6_CLINIC_0024_data,grupo 3,14,7.0,0.0,0,ok,0.7786259541984732,True,146.0,3.775,0.438
dataset6_CLINIC_0024_data,grupo 3,14,4.91,0.0,0,ok,0.7786259541984732,True,146.0,3.775,0.438
dataset6_CLINIC_0024_data,grupo 3,14,7.3,0.0,0,ok,0.7786259541984732,True,146.0,3.775,0.438
dataset6_CLINIC_0024_data,grupo 3,15,7.0,0.03428030014038086,1,ok,0.6412213740458015,True,146.0,4.047,3.216
dataset6_CLINIC_0024_data,grupo 3,15,4.91,0.0,0,ok,0.6412213740458015,True,146.0,4.047,3.216
dataset6_CLINIC_0024_data,grupo 3,15,7.3,0.1842803955078125,1,ok,0.6412213740458015,True,146.0,4.047,3.216
dataset6_CLINIC_0024_data,grupo 3,16,7.0,0.0,0,ok,0.7099236641221374,True,146.0,0.42,1.174
dataset6_CLINIC_0024_data,grupo 3,16,4.91,0.0,0,ok,0.7099236641221374,True,146.0,0.42,1.174
dataset6_CLINIC_0024_data,grupo 3,16,7.3,0.0,0,ok,0.7099236641221374,True,146.0,0.42,1.174
dataset6_CLINIC_0024_data,grupo 3,17,7.0,0.9012417793273926,1,ok,0.7480916030534351,True,146.0,1.981,3.516
dataset6_CLINIC_0024_data,grupo 3,17,4.91,0.0,0,ok,0.7480916030534351,True,146.0,1.981,3.516
dataset6_CLINIC_0024_data,grupo 3,17,7.3,1.0512418746948242,1,ok,0.7480916030534351,True,146.0,1.981,3.516
dataset6_CLINIC_0024_data,grupo 3,18,7.0,0.0,0,ok,0.5572519083969466,True,146.0,1.54,0.343
dataset6_CLINIC_0024_data,grupo 3,18,4.91,0.0,0,ok,0.5572519083969466,True,146.0,1.54,0.343
dataset6_CLINIC_0024_data,grupo 3,18,7.3,0.0,0,ok,0.5572519083969466,True,146.0,1.54,0.343
dataset6_CLINIC_0024_data,grupo 3,19,7.0,0.0,0,ok,0.7480916030534351,True,146.0,4.864,1.183
dataset6_CLINIC_0024_data,grupo 3,19,4.91,0.0,0,ok,0.7480916030534351,True,146.0,4.864,1.183
dataset6_CLINIC_0024_data,grupo 3,19,7.3,0.0,0,ok,0.7480916030534351,True,146.0,4.864,1.183
dataset6_CLINIC_0024_data,grupo 3,20,7.0,0.0,0,ok,0.7480916030534351,True,146.0,1.763,2.738
dataset6_CLINIC_0024_data,grupo 3,20,4.91,0.0,0,ok,0.7480916030534351,True,146.0,1.763,2.738
dataset6_CLINIC_0024_data,grupo 3,20,7.3,0.0,0,ok,0.7480916030534351,True,146.0,1.763,2.738
dataset6_CLINIC_0024_data,grupo 3,21,7.0,0.9103779792785645,1,ok,0.7633587786259542,True,146.0,3.512,1.981
dataset6_CLINIC_0024_data,grupo 3,21,4.91,0.0,0,ok,0.7633587786259542,True,146.0,3.512,1.981
dataset6_CLINIC_0024_data,grupo 3,21,7.3,1.060378074645996,1,ok,0.7633587786259542,True,146.0,3.512,1.981
dataset6_CLINIC_0024_data,grupo 3,22,7.0,0.0,0,ok,0.6641221374045801,True,146.0,0.42,0.332
dataset6_CLINIC_0024_data,grupo 3,22,4.91,0.0,0,ok,0.6641221374045801,True,146.0,0.42,0.332
dataset6_CLINIC_0024_data,grupo 3,22,7.3,0.0,0,ok,0.6641221374045801,True,146.0,0.42,0.332
dataset6_CLINIC_0024_data,grupo 3,23,7.0,0.0,0,ok,0.6564885496183206,True,146.0,0.369,0.547
dataset6_CLINIC_0024_data,grupo 3,23,4.91,0.0,0,ok,0.6564885496183206,True,146.0,0.369,0.547
dataset6_CLINIC_0024_data,grupo 3,23,7.3,0.0,0,ok,0.6564885496183206,True,146.0,0.369,0.547
dataset6_CLINIC_0024_data,grupo 3,24,7.0,0.0,0,ok,0.6870229007633588,True,146.0,0.518,1.407
dataset6_CLINIC_0024_data,grupo 3,24,4.91,0.0,0,ok,0.6870229007633588,True,146.0,0.518,1.407
dataset6_CLINIC_0024_data,grupo 3,24,7.3,0.0,0,ok,0.6870229007633588,True,146.0,0.518,1.407
dataset6_CLINIC_0024_data,grupo 3,25,7.0,0.0,0,ok,0.5801526717557252,True,146.0,1.263,0.283
dataset6_CLINIC_0024_data,grupo 3,25,4.91,0.0,0,ok,0.5801526717557252,True,146.0,1.263,0.283
dataset6_CLINIC_0024_data,grupo 3,25,7.3,0.0,0,ok,0.5801526717557252,True,146.0,1.263,0.283
dataset6_CLINIC_0024_data,grupo 3,26,7.0,0.0,0,ok,0.7099236641221374,True,146.0,0.895,0.343
dataset6_CLINIC_0024_data,grupo 3,26,4.91,0.0,0,ok,0.7099236641221374,True,146.0,0.895,0.343
dataset6_CLINIC_0024_data,grupo 3,26,7.3,0.0,0,ok,0.7099236641221374,True,146.0,0.895,0.343
dataset6_CLINIC_0024_data,grupo 3,27,7.0,0.0,0,ok,0.7480916030534351,True,146.0,2.856,1.897
dataset6_CLINIC_0024_data,grupo 3,27,4.91,0.0,0,ok,0.7480916030534351,True,146.0,2.856,1.897
dataset6_CLINIC_0024_data,grupo 3,27,7.3,0.0,0,ok,0.7480916030534351,True,146.0,2.856,1.897
dataset6_CLINIC_0024_data,grupo 3,28,7.0,0.0,0,ok,0.6793893129770993,True,146.0,0.927,1.172
dataset6_CLINIC_0024_data,grupo 3,28,4.91,0.0,0,ok,0.6793893129770993,True,146.0,0.927,1.172
dataset6_CLINIC_0024_data,grupo 3,28,7.3,0.0,0,ok,0.6793893129770993,True,146.0,0.927,1.172
dataset6_CLINIC_0024_data,grupo 3,29,7.0,0.0,0,ok,0.549618320610687,True,146.0,2.049,0.049
dataset6_CLINIC_0024_data,grupo 3,29,4.91,0.0,0,ok,0.549618320610687,True,146.0,2.049,0.049
dataset6_CLINIC_0024_data,grupo 3,29,7.3,0.0,0,ok,0.549618320610687,True,146.0,2.049,0.049
dataset6_CLINIC_0024_data,grupo 3,30,7.0,0.0,0,ok,0.7633587786259542,True,146.0,3.43,3.119
dataset6_CLINIC_0024_data,grupo 3,30,4.91,0.0,0,ok,0.7633587786259542,True,146.0,3.43,3.119
dataset6_CLINIC_0024_data,grupo 3,30,7.3,0.0,0,ok,0.7633587786259542,True,146.0,3.43,3.119
dataset6_CLINIC_0024_data,grupo 3,31,7.0,0.0,0,ok,0.6793893129770993,True,146.0,0.908,1.184
dataset6_CLINIC_0024_data,grupo 3,31,4.91,0.0,0,ok,0.6793893129770993,True,146.0,0.908,1.184
dataset6_CLINIC_0024_data,grupo 3,31,7.3,0.0,0,ok,0.6793893129770993,True,146.0,0.908,1.184
dataset6_CLINIC_0024_data,grupo 3,32,7.0,0.20531821250915527,1,ok,0.5572519083969466,True,146.0,4.399,1.378
dataset6_CLINIC_0024_data,grupo 3,32,4.91,0.0,0,ok,0.5572519083969466,True,146.0,4.399,1.378
dataset6_CLINIC_0024_data,grupo 3,32,7.3,0.3553183078765869,1,ok,0.5572519083969466,True,146.0,4.399,1.378
dataset6_CLINIC_0024_data,grupo 3,33,7.0,0.0,0,ok,0.6030534351145038,True,146.0,2.093,1.641
dataset6_CLINIC_0024_data,grupo 3,33,4.91,0.0,0,ok,0.6030534351145038,True,146.0,2.093,1.641
dataset6_CLINIC_0024_data,grupo 3,33,7.3,0.0,0,ok,0.6030534351145038,True,146.0,2.093,1.641
dataset6_CLINIC_0024_data,grupo 3,34,7.0,0.0,0,ok,0.7938931297709924,True,146.0,2.603,0.447
dataset6_CLINIC_0024_data,grupo 3,34,4.91,0.0,0,ok,0.7938931297709924,True,146.0,2.603,0.447
dataset6_CLINIC_0024_data,grupo 3,34,7.3,0.0,0,ok,0.7938931297709924,True,146.0,2.603,0.447
dataset6_CLINIC_0024_data,grupo 3,35,7.0,0.0,0,ok,0.7480916030534351,True,146.0,0.641,1.413
dataset6_CLINIC_0024_data,grupo 3,35,4.91,0.0,0,ok,0.7480916030534351,True,146.0,0.641,1.413
dataset6_CLINIC_0024_data,grupo 3,35,7.3,0.0,0,ok,0.7480916030534351,True,146.0,0.641,1.413
dataset6_CLINIC_0024_data,grupo 3,36,7.0,0.0,0,ok,0.648854961832061,True,146.0,0.475,2.246
dataset6_CLINIC_0024_data,grupo 3,36,4.91,0.0,0,ok,0.648854961832061,True,146.0,0.475,2.246
dataset6_CLINIC_0024_data,grupo 3,36,7.3,0.0,0,ok,0.648854961832061,True,146.0,0.475,2.246
dataset6_CLINIC_0024_data,grupo 3,37,7.0,0.0,0,ok,0.6793893129770993,True,146.0,0.514,2.963
dataset6_CLINIC_0024_data,grupo 3,37,4.91,0.0,0,ok,0.6793893129770993,True,146.0,0.514,2.963
dataset6_CLINIC_0024_data,grupo 3,37,7.3,0.0,0,ok,0.6793893129770993,True,146.0,0.514,2.963
dataset6_CLINIC_0024_data,grupo 3,38,7.0,0.0,0,ok,0.6946564885496184,True,146.0,2.21,0.363
dataset6_CLINIC_0024_data,grupo 3,38,4.91,0.0,0,ok,0.6946564885496184,True,146.0,2.21,0.363
dataset6_CLINIC_0024_data,grupo 3,38,7.3,0.0,0,ok,0.6946564885496184,True,146.0,2.21,0.363
dataset6_CLINIC_0024_data,grupo 3,39,7.0,0.0,0,ok,0.7099236641221374,True,146.0,0.772,0.219
dataset6_CLINIC_0024_data,grupo 3,39,4.91,0.0,0,ok,0.7099236641221374,True,146.0,0.772,0.219
dataset6_CLINIC_0024_data,grupo 3,39,7.3,0.0,0,ok,0.7099236641221374,True,146.0,0.772,0.219
dataset6_CLINIC_0024_data,grupo 3,40,7.0,0.0,0,ok,0.6793893129770993,True,146.0,0.669,0.13
dataset6_CLINIC_0024_data,grupo 3,40,4.91,0.0,0,ok,0.6793893129770993,True,146.0,0.669,0.13
dataset6_CLINIC_0024_data,grupo 3,40,7.3,0.0,0,ok,0.6793893129770993,True,146.0,0.669,0.13
dataset6_CLINIC_0024_data,grupo 3,41,7.0,0.0,0,ok,0.6641221374045801,True,146.0,0.363,1.225
dataset6_CLINIC_0024_data,grupo 3,41,4.91,0.0,0,ok,0.6641221374045801,True,146.0,0.363,1.225
dataset6_CLINIC_0024_data,grupo 3,41,7.3,0.0,0,ok,0.6641221374045801,True,146.0,0.363,1.225
dataset6_CLINIC_0024_data,grupo 3,42,7.0,0.0,0,ok,0.7022900763358778,True,146.0,0.038,0.487
dataset6_CLINIC_0024_data,grupo 3,42,4.91,0.0,0,ok,0.7022900763358778,True,146.0,0.038,0.487
dataset6_CLINIC_0024_data,grupo 3,42,7.3,0.0,0,ok,0.7022900763358778,True,146.0,0.038,0.487
dataset6_CLINIC_0024_data,grupo 3,43,7.0,0.0,0,ok,0.6870229007633588,True,146.0,0.043,0.646
dataset6_CLINIC_0024_data,grupo 3,43,4.91,0.0,0,ok,0.6870229007633588,True,146.0,0.043,0.646
dataset6_CLINIC_0024_data,grupo 3,43,7.3,0.0,0,ok,0.6870229007633588,True,146.0,0.043,0.646
dataset6_CLINIC_0024_data,grupo 3,44,7.0,0.0,0,ok,0.7709923664122137,True,146.0,3.081,0.745
dataset6_CLINIC_0024_data,grupo 3,44,4.91,0.0,0,ok,0.7709923664122137,True,146.0,3.081,0.745
dataset6_CLINIC_0024_data,grupo 3,44,7.3,0.0,0,ok,0.7709923664122137,True,146.0,3.081,0.745
dataset6_CLINIC_0024_data,grupo 3,45,7.0,0.0,0,ok,0.6335877862595419,True,146.0,1.177,1.997
dataset6_CLINIC_0024_data,grupo 3,45,4.91,0.0,0,ok,0.6335877862595419,True,146.0,1.177,1.997
dataset6_CLINIC_0024_data,grupo 3,45,7.3,0.0,0,ok,0.6335877862595419,True,146.0,1.177,1.997
dataset6_CLINIC_0024_data,grupo 3,46,7.0,0.0,0,ok,0.6335877862595419,True,146.0,0.806,3.208
dataset6_CLINIC_0024_data,grupo 3,46,4.91,0.0,0,ok,0.6335877862595419,True,146.0,0.806,3.208
dataset6_CLINIC_0024_data,grupo 3,46,7.3,0.0,0,ok,0.6335877862595419,True,146.0,0.806,3.208
dataset6_CLINIC_0024_data,grupo 3,47,7.0,0.0,0,ok,0.6870229007633588,True,146.0,0.597,1.304
dataset6_CLINIC_0024_data,grupo 3,47,4.91,0.0,0,ok,0.6870229007633588,True,146.0,0.597,1.304
dataset6_CLINIC_0024_data,grupo 3,47,7.3,0.0,0,ok,0.6870229007633588,True,146.0,0.597,1.304
dataset6_CLINIC_0024_data,grupo 3,48,7.0,0.0,0,ok,0.6946564885496184,True,146.0,1.411,0.041
dataset6_CLINIC_0024_data,grupo 3,48,4.91,0.0,0,ok,0.6946564885496184,True,146.0,1.411,0.041
dataset6_CLINIC_0024_data,grupo 3,48,7.3,0.0,0,ok,0.6946564885496184,True,146.0,1.411,0.041
dataset6_CLINIC_0024_data,grupo 3,49,7.0,0.0,0,ok,0.6641221374045801,True,146.0,0.386,1.054
dataset6_CLINIC_0024_data,grupo 3,49,4.91,0.0,0,ok,0.6641221374045801,True,146.0,0.386,1.054
dataset6_CLINIC_0024_data,grupo 3,49,7.3,0.0,0,ok,0.6641221374045801,True,146.0,0.386,1.054
dataset6_CLINIC_0027_data,grupo 3,0,7.0,2.78239369392395,2,ok,0.7281553398058253,False,118.0,4.275,4.477
dataset6_CLINIC_0027_data,grupo 3,0,4.91,1.7373936176300049,1,ok,0.7281553398058253,False,118.0,4.275,4.477
dataset6_CLINIC_0027_data,grupo 3,0,7.3,2.932393789291382,2,ok,0.7281553398058253,False,118.0,4.275,4.477
dataset6_CLINIC_0027_data,grupo 3,1,7.0,1.827836275100708,1,ok,0.5631067961165048,False,118.0,0.44,2.258
dataset6_CLINIC_0027_data,grupo 3,1,4.91,0.7828361988067627,1,ok,0.5631067961165048,False,118.0,0.44,2.258
dataset6_CLINIC_0027_data,grupo 3,1,7.3,1.9778363704681396,1,ok,0.5631067961165048,False,118.0,0.44,2.258
dataset6_CLINIC_0027_data,grupo 3,2,7.0,2.46932315826416,2,ok,0.5048543689320388,False,118.0,1.067,6.289
dataset6_CLINIC_0027_data,grupo 3,2,4.91,1.4243230819702148,1,ok,0.5048543689320388,False,118.0,1.067,6.289
dataset6_CLINIC_0027_data,grupo 3,2,7.3,2.619323253631592,2,ok,0.5048543689320388,False,118.0,1.067,6.289
dataset6_CLINIC_0027_data,grupo 3,3,7.0,2.1605353355407715,2,ok,0.6019417475728155,False,118.0,0.453,2.83
dataset6_CLINIC_0027_data,grupo 3,3,4.91,1.1155351400375366,1,ok,0.6019417475728155,False,118.0,0.453,2.83
dataset6_CLINIC_0027_data,grupo 3,3,7.3,2.310535430908203,2,ok,0.6019417475728155,False,118.0,0.453,2.83
dataset6_CLINIC_0027_data,grupo 3,4,7.0,2.0992026329040527,2,ok,0.6310679611650486,False,118.0,0.892,3.126
dataset6_CLINIC_0027_data,grupo 3,4,4.91,1.0542025566101074,1,ok,0.6310679611650486,False,118.0,0.892,3.126
dataset6_CLINIC_0027_data,grupo 3,4,7.3,2.2492027282714844,2,ok,0.6310679611650486,False,118.0,0.892,3.126
dataset6_CLINIC_0027_data,grupo 3,5,7.0,2.545894145965576,2,ok,0.6310679611650486,False,118.0,1.974,5.056
dataset6_CLINIC_0027_data,grupo 3,5,4.91,1.5008940696716309,1,ok,0.6310679611650486,False,118.0,1.974,5.056
dataset6_CLINIC_0027_data,grupo 3,5,7.3,2.695894241333008,2,ok,0.6310679611650486,False,118.0,1.974,5.056
dataset6_CLINIC_0027_data,grupo 3,6,7.0,5.510527610778809,3,ok,0.4895833333333333,False,118.0,5.541,4.719
dataset6_CLINIC_0027_data,grupo 3,6,4.91,4.465527534484863,3,ok,0.4895833333333333,False,118.0,5.541,4.719
dataset6_CLINIC_0027_data,grupo 3,6,7.3,5.660528182983398,3,ok,0.4895833333333333,False,118.0,5.541,4.719
dataset6_CLINIC_0027_data,grupo 3,7,7.0,2.4293580055236816,2,ok,0.5728155339805825,False,118.0,1.588,0.478
dataset6_CLINIC_0027_data,grupo 3,7,4.91,1.3843580484390259,1,ok,0.5728155339805825,False,118.0,1.588,0.478
dataset6_CLINIC_0027_data,grupo 3,7,7.3,2.5793581008911133,2,ok,0.5728155339805825,False,118.0,1.588,0.478
dataset6_CLINIC_0027_data,grupo 3,8,7.0,1.6419739723205566,1,ok,0.5825242718446602,False,118.0,0.285,1.865
dataset6_CLINIC_0027_data,grupo 3,8,4.91,0.5969738960266113,1,ok,0.5825242718446602,False,118.0,0.285,1.865
dataset6_CLINIC_0027_data,grupo 3,8,7.3,1.7919740676879883,1,ok,0.5825242718446602,False,118.0,0.285,1.865
dataset6_CLINIC_0027_data,grupo 3,9,7.0,4.29025411605835,3,ok,0.37,False,118.0,2.834,4.075
dataset6_CLINIC_0027_data,grupo 3,9,4.91,3.245253801345825,2,ok,0.37,False,118.0,2.834,4.075
dataset6_CLINIC_0027_data,grupo 3,9,7.3,4.440254211425781,3,ok,0.37,False,118.0,2.834,4.075
dataset6_CLINIC_0027_data,grupo 3,10,7.0,1.9360240697860718,1,ok,0.6116504854368932,False,118.0,0.438,3.79
dataset6_CLINIC_0027_data,grupo 3,10,4.91,0.8910239934921265,1,ok,0.6116504854368932,False,118.0,0.438,3.79
dataset6_CLINIC_0027_data,grupo 3,10,7.3,2.086024284362793,2,ok,0.6116504854368932,False,118.0,0.438,3.79
dataset6_CLINIC_0027_data,grupo 3,11,7.0,1.447416067123413,1,ok,0.6990291262135923,False,118.0,1.48,1.085
dataset6_CLINIC_0027_data,grupo 3,11,4.91,0.4024159908294678,1,ok,0.6990291262135923,False,118.0,1.48,1.085
dataset6_CLINIC_0027_data,grupo 3,11,7.3,1.5974161624908447,1,ok,0.6990291262135923,False,118.0,1.48,1.085
dataset6_CLINIC_0027_data,grupo 3,12,7.0,4.615180492401123,3,ok,0.3958333333333333,False,118.0,3.509,1.232
dataset6_CLINIC_0027_data,grupo 3,12,4.91,3.5701804161071777,2,ok,0.3958333333333333,False,118.0,3.509,1.232
dataset6_CLINIC_0027_data,grupo 3,12,7.3,4.765180587768555,3,ok,0.3958333333333333,False,118.0,3.509,1.232
dataset6_CLINIC_0027_data,grupo 3,13,7.0,4.582566261291504,3,ok,0.76,False,118.0,3.859,0.708
dataset6_CLINIC_0027_data,grupo 3,13,4.91,3.5375664234161377,2,ok,0.76,False,118.0,3.859,0.708
dataset6_CLINIC_0027_data,grupo 3,13,7.3,4.732566833496094,3,ok,0.76,False,118.0,3.859,0.708
dataset6_CLINIC_0027_data,grupo 3,14,7.0,1.2095589637756348,1,ok,0.6310679611650486,False,118.0,0.089,0.18
dataset6_CLINIC_0027_data,grupo 3,14,4.91,0.16455888748168945,1,ok,0.6310679611650486,False,118.0,0.089,0.18
dataset6_CLINIC_0027_data,grupo 3,14,7.3,1.3595590591430664,1,ok,0.6310679611650486,False,118.0,0.089,0.18
dataset6_CLINIC_0027_data,grupo 3,15,7.0,4.490691661834717,3,ok,0.6666666666666666,False,118.0,1.473,5.626
dataset6_CLINIC_0027_data,grupo 3,15,4.91,3.4456913471221924,2,ok,0.6666666666666666,False,118.0,1.473,5.626
dataset6_CLINIC_0027_data,grupo 3,15,7.3,4.640691757202148,3,ok,0.6666666666666666,False,118.0,1.473,5.626
dataset6_CLINIC_0027_data,grupo 3,16,7.0,1.3245255947113037,1,ok,0.5631067961165048,False,118.0,1.188,0.474
dataset6_CLINIC_0027_data,grupo 3,16,4.91,0.2795255184173584,1,ok,0.5631067961165048,False,118.0,1.188,0.474
dataset6_CLINIC_0027_data,grupo 3,16,7.3,1.4745256900787354,1,ok,0.5631067961165048,False,118.0,1.188,0.474
dataset6_CLINIC_0027_data,grupo 3,17,7.0,4.957479476928711,3,ok,0.17777777777777778,False,118.0,5.104,1.291
dataset6_CLINIC_0027_data,grupo 3,17,4.91,3.9124794006347656,2,ok,0.17777777777777778,False,118.0,5.104,1.291
dataset6_CLINIC_0027_data,grupo 3,17,7.3,5.107479572296143,3,ok,0.17777777777777778,False,118.0,5.104,1.291
dataset6_CLINIC_0027_data,grupo 3,18,7.0,5.677062034606934,3,ok,0.08791208791208792,False,118.0,6.434,1.97
dataset6_CLINIC_0027_data,grupo 3,18,4.91,4.632061958312988,3,ok,0.08791208791208792,False,118.0,6.434,1.97
dataset6_CLINIC_0027_data,grupo 3,18,7.3,5.827061653137207,3,ok,0.08791208791208792,False,118.0,6.434,1.97
dataset6_CLINIC_0027_data,grupo 3,19,7.0,2.948094367980957,2,ok,0.5631067961165048,False,118.0,2.113,1.093
dataset6_CLINIC_0027_data,grupo 3,19,4.91,1.9030944108963013,1,ok,0.5631067961165048,False,118.0,2.113,1.093
dataset6_CLINIC_0027_data,grupo 3,19,7.3,3.0980944633483887,2,ok,0.5631067961165048,False,118.0,2.113,1.093
dataset6_CLINIC_0027_data,grupo 3,20,7.0,1.7393816709518433,1,ok,0.6699029126213593,False,118.0,1.996,0.887
dataset6_CLINIC_0027_data,grupo 3,20,4.91,0.694381594657898,1,ok,0.6699029126213593,False,118.0,1.996,0.887
dataset6_CLINIC_0027_data,grupo 3,20,7.3,1.889381766319275,1,ok,0.6699029126213593,False,118.0,1.996,0.887
dataset6_CLINIC_0027_data,grupo 3,21,7.0,1.6341391801834106,1,ok,0.5048543689320388,False,118.0,2.238,0.014
dataset6_CLINIC_0027_data,grupo 3,21,4.91,0.5891391038894653,1,ok,0.5048543689320388,False,118.0,2.238,0.014
dataset6_CLINIC_0027_data,grupo 3,21,7.3,1.7841392755508423,1,ok,0.5048543689320388,False,118.0,2.238,0.014
dataset6_CLINIC_0027_data,grupo 3,22,7.0,2.6322269439697266,2,ok,0.7378640776699029,False,118.0,2.595,1.147
dataset6_CLINIC_0027_data,grupo 3,22,4.91,1.5872268676757812,1,ok,0.7378640776699029,False,118.0,2.595,1.147
dataset6_CLINIC_0027_data,grupo 3,22,7.3,2.782227039337158,2,ok,0.7378640776699029,False,118.0,2.595,1.147
dataset6_CLINIC_0027_data,grupo 3,23,7.0,2.0695085525512695,2,ok,0.6699029126213593,False,118.0,0.488,3.381
dataset6_CLINIC_0027_data,grupo 3,23,4.91,1.0245084762573242,1,ok,0.6699029126213593,False,118.0,0.488,3.381
dataset6_CLINIC_0027_data,grupo 3,23,7.3,2.219508647918701,2,ok,0.6699029126213593,False,118.0,0.488,3.381
dataset6_CLINIC_0027_data,grupo 3,24,7.0,1.426072359085083,1,ok,0.6601941747572816,False,118.0,0.228,0.613
dataset6_CLINIC_0027_data,grupo 3,24,4.91,0.3810722827911377,1,ok,0.6601941747572816,False,118.0,0.228,0.613
dataset6_CLINIC_0027_data,grupo 3,24,7.3,1.5760724544525146,1,ok,0.6601941747572816,False,118.0,0.228,0.613
dataset6_CLINIC_0027_data,grupo 3,25,7.0,1.1077136993408203,1,ok,0.6796116504854369,False,118.0,0.893,0.583
dataset6_CLINIC_0027_data,grupo 3,25,4.91,0.062713623046875,1,ok,0.6796116504854369,False,118.0,0.893,0.583
dataset6_CLINIC_0027_data,grupo 3,25,7.3,1.257713794708252,1,ok,0.6796116504854369,False,118.0,0.893,0.583
dataset6_CLINIC_0027_data,grupo 3,26,7.0,0.9680838584899902,1,ok,0.5728155339805825,False,118.0,0.408,1.012
dataset6_CLINIC_0027_data,grupo 3,26,4.91,0.0,0,ok,0.5728155339805825,False,118.0,0.408,1.012
dataset6_CLINIC_0027_data,grupo 3,26,7.3,1.1180839538574219,1,ok,0.5728155339805825,False,118.0,0.408,1.012
dataset6_CLINIC_0027_data,grupo 3,27,7.0,1.5578359365463257,1,ok,0.6407766990291263,False,118.0,0.63,2.318
dataset6_CLINIC_0027_data,grupo 3,27,4.91,0.5128358602523804,1,ok,0.6407766990291263,False,118.0,0.63,2.318
dataset6_CLINIC_0027_data,grupo 3,27,7.3,1.7078360319137573,1,ok,0.6407766990291263,False,118.0,0.63,2.318
dataset6_CLINIC_0027_data,grupo 3,28,7.0,2.647472858428955,2,ok,0.3592233009708738,False,118.0,2.555,1.905
dataset6_CLINIC_0027_data,grupo 3,28,4.91,1.6024727821350098,1,ok,0.3592233009708738,False,118.0,2.555,1.905
dataset6_CLINIC_0027_data,grupo 3,28,7.3,2.7974729537963867,2,ok,0.3592233009708738,False,118.0,2.555,1.905
dataset6_CLINIC_0027_data,grupo 3,29,7.0,1.4883761405944824,1,ok,0.6601941747572816,False,118.0,0.6,1.726
dataset6_CLINIC_0027_data,grupo 3,29,4.91,0.4433760643005371,1,ok,0.6601941747572816,False,118.0,0.6,1.726
dataset6_CLINIC_0027_data,grupo 3,29,7.3,1.638376235961914,1,ok,0.6601941747572816,False,118.0,0.6,1.726
dataset6_CLINIC_0027_data,grupo 3,30,7.0,1.240295171737671,1,ok,0.6990291262135923,False,118.0,0.651,0.399
dataset6_CLINIC_0027_data,grupo 3,30,4.91,0.19529509544372559,1,ok,0.6990291262135923,False,118.0,0.651,0.399
dataset6_CLINIC_0027_data,grupo 3,30,7.3,1.3902952671051025,1,ok,0.6990291262135923,False,118.0,0.651,0.399
dataset6_CLINIC_0027_data,grupo 3,31,7.0,5.933979034423828,3,ok,0.7578947368421053,False,118.0,5.456,1.377
dataset6_CLINIC_0027_data,grupo 3,31,4.91,4.888978958129883,3,ok,0.7578947368421053,False,118.0,5.456,1.377
dataset6_CLINIC_0027_data,grupo 3,31,7.3,6.083978652954102,3,ok,0.7578947368421053,False,118.0,5.456,1.377
dataset6_CLINIC_0027_data,grupo 3,32,7.0,3.2679765224456787,2,ok,0.34951456310679613,False,118.0,2.645,0.707
dataset6_CLINIC_0027_data,grupo 3,32,4.91,2.2229764461517334,2,ok,0.34951456310679613,False,118.0,2.645,0.707
dataset6_CLINIC_0027_data,grupo 3,32,7.3,3.4179766178131104,2,ok,0.34951456310679613,False,118.0,2.645,0.707
dataset6_CLINIC_0027_data,grupo 3,33,7.0,3.9937689304351807,2,ok,0.6138613861386139,False,118.0,2.289,3.078
dataset6_CLINIC_0027_data,grupo 3,33,4.91,2.9487688541412354,2,ok,0.6138613861386139,False,118.0,2.289,3.078
dataset6_CLINIC_0027_data,grupo 3,33,7.3,4.143769264221191,3,ok,0.6138613861386139,False,118.0,2.289,3.078
dataset6_CLINIC_0027_data,grupo 3,34,7.0,2.973541021347046,2,ok,0.6601941747572816,False,118.0,3.03,4.365
dataset6_CLINIC_0027_data,grupo 3,34,4.91,1.9285409450531006,1,ok,0.6601941747572816,False,118.0,3.03,4.365
dataset6_CLINIC_0027_data,grupo 3,34,7.3,3.1235411167144775,2,ok,0.6601941747572816,False,118.0,3.03,4.365
dataset6_CLINIC_0027_data,grupo 3,35,7.0,4.898458480834961,3,ok,0.5816326530612245,False,118.0,3.098,2.42
dataset6_CLINIC_0027_data,grupo 3,35,4.91,3.8534584045410156,2,ok,0.5816326530612245,False,118.0,3.098,2.42
dataset6_CLINIC_0027_data,grupo 3,35,7.3,5.048458576202393,3,ok,0.5816326530612245,False,118.0,3.098,2.42
dataset6_CLINIC_0027_data,grupo 3,36,7.0,1.3830592632293701,1,ok,0.4854368932038835,False,118.0,0.743,2.68
dataset6_CLINIC_0027_data,grupo 3,36,4.91,0.3380591869354248,1,ok,0.4854368932038835,False,118.0,0.743,2.68
dataset6_CLINIC_0027_data,grupo 3,36,7.3,1.5330593585968018,1,ok,0.4854368932038835,False,118.0,0.743,2.68
dataset6_CLINIC_0027_data,grupo 3,37,7.0,2.0409796237945557,2,ok,0.6699029126213593,False,118.0,1.661,1.058
dataset6_CLINIC_0027_data,grupo 3,37,4.91,0.9959795475006104,1,ok,0.6699029126213593,False,118.0,1.661,1.058
dataset6_CLINIC_0027_data,grupo 3,37,7.3,2.1909797191619873,2,ok,0.6699029126213593,False,118.0,1.661,1.058
dataset6_CLINIC_0027_data,grupo 3,38,7.0,1.2677483558654785,1,ok,0.5825242718446602,False,118.0,1.104,1.672
dataset6_CLINIC_0027_data,grupo 3,38,4.91,0.2227482795715332,1,ok,0.5825242718446602,False,118.0,1.104,1.672
dataset6_CLINIC_0027_data,grupo 3,38,7.3,1.4177484512329102,1,ok,0.5825242718446602,False,118.0,1.104,1.672
dataset6_CLINIC_0027_data,grupo 3,39,7.0,4.226090431213379,3,ok,0.5841584158415841,False,118.0,2.768,2.999
dataset6_CLINIC_0027_data,grupo 3,39,4.91,3.1810905933380127,2,ok,0.5841584158415841,False,118.0,2.768,2.999
dataset6_CLINIC_0027_data,grupo 3,39,7.3,4.376091003417969,3,ok,0.5841584158415841,False,118.0,2.768,2.999
dataset6_CLINIC_0027_data,grupo 3,40,7.0,1.2777740955352783,1,ok,0.5242718446601942,False,118.0,1.187,0.649
dataset6_CLINIC_0027_data,grupo 3,40,4.91,0.232774019241333,1,ok,0.5242718446601942,False,118.0,1.187,0.649
dataset6_CLINIC_0027_data,grupo 3,40,7.3,1.42777419090271,1,ok,0.5242718446601942,False,118.0,1.187,0.649
dataset6_CLINIC_0027_data,grupo 3,41,7.0,2.3194260597229004,2,ok,0.34951456310679613,False,118.0,2.518,3.848
dataset6_CLINIC_0027_data,grupo 3,41,4.91,1.2744258642196655,1,ok,0.34951456310679613,False,118.0,2.518,3.848
dataset6_CLINIC_0027_data,grupo 3,41,7.3,2.469426155090332,2,ok,0.34951456310679613,False,118.0,2.518,3.848
dataset6_CLINIC_0027_data,grupo 3,42,7.0,1.0137231349945068,1,ok,0.6796116504854369,False,118.0,1.43,1.781
dataset6_CLINIC_0027_data,grupo 3,42,4.91,0.0,0,ok,0.6796116504854369,False,118.0,1.43,1.781
dataset6_CLINIC_0027_data,grupo 3,42,7.3,1.1637232303619385,1,ok,0.6796116504854369,False,118.0,1.43,1.781
dataset6_CLINIC_0027_data,grupo 3,43,7.0,2.1018459796905518,2,ok,0.5825242718446602,False,118.0,1.202,0.224
dataset6_CLINIC_0027_data,grupo 3,43,4.91,1.0568459033966064,1,ok,0.5825242718446602,False,118.0,1.202,0.224
dataset6_CLINIC_0027_data,grupo 3,43,7.3,2.2518460750579834,2,ok,0.5825242718446602,False,118.0,1.202,0.224
dataset6_CLINIC_0027_data,grupo 3,44,7.0,1.2229461669921875,1,ok,0.5145631067961165,False,118.0,0.218,2.49
dataset6_CLINIC_0027_data,grupo 3,44,4.91,0.1779460906982422,1,ok,0.5145631067961165,False,118.0,0.218,2.49
dataset6_CLINIC_0027_data,grupo 3,44,7.3,1.3729462623596191,1,ok,0.5145631067961165,False,118.0,0.218,2.49
dataset6_CLINIC_0027_data,grupo 3,45,7.0,1.5583159923553467,1,ok,0.6504854368932039,False,118.0,0.424,0.438
dataset6_CLINIC_0027_data,grupo 3,45,4.91,0.5133159160614014,1,ok,0.6504854368932039,False,118.0,0.424,0.438
dataset6_CLINIC_0027_data,grupo 3,45,7.3,1.7083160877227783,1,ok,0.6504854368932039,False,118.0,0.424,0.438
dataset6_CLINIC_0027_data,grupo 3,46,7.0,2.352224826812744,2,ok,0.5922330097087378,False,118.0,1.952,0.237
dataset6_CLINIC_0027_data,grupo 3,46,4.91,1.3072246313095093,1,ok,0.5922330097087378,False,118.0,1.952,0.237
dataset6_CLINIC_0027_data,grupo 3,46,7.3,2.502224922180176,2,ok,0.5922330097087378,False,118.0,1.952,0.237
dataset6_CLINIC_0027_data,grupo 3,47,7.0,1.6447237730026245,1,ok,0.6310679611650486,False,118.0,0.049,1.647
dataset6_CLINIC_0027_data,grupo 3,47,4.91,0.5997236967086792,1,ok,0.6310679611650486,False,118.0,0.049,1.647
dataset6_CLINIC_0027_data,grupo 3,47,7.3,1.7947238683700562,1,ok,0.6310679611650486,False,118.0,0.049,1.647
dataset6_CLINIC_0027_data,grupo 3,48,7.0,4.731454849243164,3,ok,0.6666666666666666,False,118.0,2.574,2.03
dataset6_CLINIC_0027_data,grupo 3,48,4.91,3.6864545345306396,2,ok,0.6666666666666666,False,118.0,2.574,2.03
dataset6_CLINIC_0027_data,grupo 3,48,7.3,4.8814544677734375,3,ok,0.6666666666666666,False,118.0,2.574,2.03
dataset6_CLINIC_0027_data,grupo 3,49,7.0,2.5510733127593994,2,ok,0.5533980582524272,False,118.0,1.61,2.224
dataset6_CLINIC_0027_data,grupo 3,49,4.91,1.506073236465454,1,ok,0.5533980582524272,False,118.0,1.61,2.224
dataset6_CLINIC_0027_data,grupo 3,49,7.3,2.701073408126831,2,ok,0.5533980582524272,False,118.0,1.61,2.224
dataset6_CLINIC_0035_data,grupo 3,0,7.0,0.0,0,ok,0.7027027027027027,True,126.0,1.72,2.794
dataset6_CLINIC_0035_data,grupo 3,0,4.91,0.0,0,ok,0.7027027027027027,True,126.0,1.72,2.794
dataset6_CLINIC_0035_data,grupo 3,0,7.3,0.0,0,ok,0.7027027027027027,False,126.0,1.72,2.794
dataset6_CLINIC_0035_data,grupo 3,1,7.0,0.4003720283508301,1,ok,0.7657657657657657,True,126.0,1.336,2.603
dataset6_CLINIC_0035_data,grupo 3,1,4.91,0.0,0,ok,0.7657657657657657,True,126.0,1.336,2.603
dataset6_CLINIC_0035_data,grupo 3,1,7.3,0.5503721237182617,1,ok,0.7657657657657657,False,126.0,1.336,2.603
dataset6_CLINIC_0035_data,grupo 3,2,7.0,0.14734363555908203,1,ok,0.7567567567567568,True,126.0,1.646,1.503
dataset6_CLINIC_0035_data,grupo 3,2,4.91,0.0,0,ok,0.7567567567567568,True,126.0,1.646,1.503
dataset6_CLINIC_0035_data,grupo 3,2,7.3,0.29734373092651367,1,ok,0.7567567567567568,False,126.0,1.646,1.503
dataset6_CLINIC_0035_data,grupo 3,3,7.0,0.5440487861633301,1,ok,0.7747747747747747,True,126.0,2.428,0.66
dataset6_CLINIC_0035_data,grupo 3,3,4.91,0.0,0,ok,0.7747747747747747,True,126.0,2.428,0.66
dataset6_CLINIC_0035_data,grupo 3,3,7.3,0.6940488815307617,1,ok,0.7747747747747747,False,126.0,2.428,0.66
dataset6_CLINIC_0035_data,grupo 3,4,7.0,1.379448652267456,1,ok,0.7927927927927928,True,126.0,2.149,3.326
dataset6_CLINIC_0035_data,grupo 3,4,4.91,0.33444857597351074,1,ok,0.7927927927927928,True,126.0,2.149,3.326
dataset6_CLINIC_0035_data,grupo 3,4,7.3,1.5294487476348877,1,ok,0.7927927927927928,False,126.0,2.149,3.326
dataset6_CLINIC_0035_data,grupo 3,5,7.0,2.5174148082733154,2,ok,0.7297297297297297,True,126.0,2.316,1.576
dataset6_CLINIC_0035_data,grupo 3,5,4.91,1.4724147319793701,1,ok,0.7297297297297297,True,126.0,2.316,1.576
dataset6_CLINIC_0035_data,grupo 3,5,7.3,2.667414903640747,2,ok,0.7297297297297297,False,126.0,2.316,1.576
dataset6_CLINIC_0035_data,grupo 3,6,7.0,2.147827625274658,2,ok,0.7747747747747747,True,126.0,2.637,3.662
dataset6_CLINIC_0035_data,grupo 3,6,4.91,1.1028274297714233,1,ok,0.7747747747747747,True,126.0,2.637,3.662
dataset6_CLINIC_0035_data,grupo 3,6,7.3,2.29782772064209,2,ok,0.7747747747747747,False,126.0,2.637,3.662
dataset6_CLINIC_0035_data,grupo 3,7,7.0,1.132110595703125,1,ok,0.7207207207207207,True,126.0,1.612,0.398
dataset6_CLINIC_0035_data,grupo 3,7,4.91,0.08711051940917969,1,ok,0.7207207207207207,True,126.0,1.612,0.398
dataset6_CLINIC_0035_data,grupo 3,7,7.3,1.2821106910705566,1,ok,0.7207207207207207,False,126.0,1.612,0.398
dataset6_CLINIC_0035_data,grupo 3,8,7.0,1.006096363067627,1,ok,0.7027027027027027,True,126.0,1.295,4.501
dataset6_CLINIC_0035_data,grupo 3,8,4.91,0.0,0,ok,0.7027027027027027,True,126.0,1.295,4.501
dataset6_CLINIC_0035_data,grupo 3,8,7.3,1.1560964584350586,1,ok,0.7027027027027027,False,126.0,1.295,4.501
dataset6_CLINIC_0035_data,grupo 3,9,7.0,1.1045899391174316,1,ok,0.8108108108108109,True,126.0,0.299,3.322
dataset6_CLINIC_0035_data,grupo 3,9,4.91,0.05958986282348633,1,ok,0.8108108108108109,True,126.0,0.299,3.322
dataset6_CLINIC_0035_data,grupo 3,9,7.3,1.2545900344848633,1,ok,0.8108108108108109,False,126.0,0.299,3.322
dataset6_CLINIC_0035_data,grupo 3,10,7.0,2.2830824851989746,2,ok,0.4954954954954955,True,126.0,5.89,3.061
dataset6_CLINIC_0035_data,grupo 3,10,4.91,1.2380824089050293,1,ok,0.4954954954954955,True,126.0,5.89,3.061
dataset6_CLINIC_0035_data,grupo 3,10,7.3,2.4330825805664062,2,ok,0.4954954954954955,False,126.0,5.89,3.061
dataset6_CLINIC_0035_data,grupo 3,11,7.0,3.353114366531372,2,ok,0.7387387387387387,True,126.0,5.083,0.117
dataset6_CLINIC_0035_data,grupo 3,11,4.91,2.3081142902374268,2,ok,0.7387387387387387,True,126.0,5.083,0.117
dataset6_CLINIC_0035_data,grupo 3,11,7.3,3.5031144618988037,2,ok,0.7387387387387387,False,126.0,5.083,0.117
dataset6_CLINIC_0035_data,grupo 3,12,7.0,1.429851770401001,1,ok,0.6936936936936937,True,126.0,2.99,0.592
dataset6_CLINIC_0035_data,grupo 3,12,4.91,0.38485169410705566,1,ok,0.6936936936936937,True,126.0,2.99,0.592
dataset6_CLINIC_0035_data,grupo 3,12,7.3,1.5798518657684326,1,ok,0.6936936936936937,False,126.0,2.99,0.592
dataset6_CLINIC_0035_data,grupo 3,13,7.0,0.0,0,ok,0.7657657657657657,True,126.0,0.296,0.69
dataset6_CLINIC_0035_data,grupo 3,13,4.91,0.0,0,ok,0.7657657657657657,True,126.0,0.296,0.69
dataset6_CLINIC_0035_data,grupo 3,13,7.3,0.0,0,ok,0.7657657657657657,False,126.0,0.296,0.69
dataset6_CLINIC_0035_data,grupo 3,14,7.0,0.0,0,ok,0.6936936936936937,True,126.0,0.488,1.501
dataset6_CLINIC_0035_data,grupo 3,14,4.91,0.0,0,ok,0.6936936936936937,True,126.0,0.488,1.501
dataset6_CLINIC_0035_data,grupo 3,14,7.3,0.0,0,ok,0.6936936936936937,False,126.0,0.488,1.501
dataset6_CLINIC_0035_data,grupo 3,15,7.0,0.3455631732940674,1,ok,0.7567567567567568,True,126.0,0.083,1.396
dataset6_CLINIC_0035_data,grupo 3,15,4.91,0.0,0,ok,0.7567567567567568,True,126.0,0.083,1.396
dataset6_CLINIC_0035_data,grupo 3,15,7.3,0.495563268661499,1,ok,0.7567567567567568,False,126.0,0.083,1.396
dataset6_CLINIC_0035_data,grupo 3,16,7.0,0.5261902809143066,1,ok,0.6486486486486487,True,126.0,2.01,0.693
dataset6_CLINIC_0035_data,grupo 3,16,4.91,0.0,0,ok,0.6486486486486487,True,126.0,2.01,0.693
dataset6_CLINIC_0035_data,grupo 3,16,7.3,0.6761903762817383,1,ok,0.6486486486486487,False,126.0,2.01,0.693
dataset6_CLINIC_0035_data,grupo 3,17,7.0,0.0,0,ok,0.7387387387387387,True,126.0,0.608,0.502
dataset6_CLINIC_0035_data,grupo 3,17,4.91,0.0,0,ok,0.7387387387387387,True,126.0,0.608,0.502
dataset6_CLINIC_0035_data,grupo 3,17,7.3,0.0,0,ok,0.7387387387387387,False,126.0,0.608,0.502
dataset6_CLINIC_0035_data,grupo 3,18,7.0,0.0,0,ok,0.7567567567567568,True,126.0,0.735,0.741
dataset6_CLINIC_0035_data,grupo 3,18,4.91,0.0,0,ok,0.7567567567567568,True,126.0,0.735,0.741
dataset6_CLINIC_0035_data,grupo 3,18,7.3,0.0,0,ok,0.7567567567567568,False,126.0,0.735,0.741
dataset6_CLINIC_0035_data,grupo 3,19,7.0,0.0,0,ok,0.7657657657657657,True,126.0,0.122,0.675
dataset6_CLINIC_0035_data,grupo 3,19,4.91,0.0,0,ok,0.7657657657657657,True,126.0,0.122,0.675
dataset6_CLINIC_0035_data,grupo 3,19,7.3,0.04555249214172363,1,ok,0.7657657657657657,False,126.0,0.122,0.675
dataset6_CLINIC_0035_data,grupo 3,20,7.0,3.529496431350708,2,ok,0.6216216216216216,True,126.0,4.149,0.773
dataset6_CLINIC_0035_data,grupo 3,20,4.91,2.4844963550567627,2,ok,0.6216216216216216,True,126.0,4.149,0.773
dataset6_CLINIC_0035_data,grupo 3,20,7.3,3.6794965267181396,2,ok,0.6216216216216216,False,126.0,4.149,0.773
dataset6_CLINIC_0035_data,grupo 3,21,7.0,0.03950238227844238,1,ok,0.7387387387387387,True,126.0,0.815,0.924
dataset6_CLINIC_0035_data,grupo 3,21,4.91,0.0,0,ok,0.7387387387387387,True,126.0,0.815,0.924
dataset6_CLINIC_0035_data,grupo 3,21,7.3,0.18950247764587402,1,ok,0.7387387387387387,False,126.0,0.815,0.924
dataset6_CLINIC_0035_data,grupo 3,22,7.0,1.9674996137619019,1,ok,0.5765765765765766,True,126.0,3.605,1.0
dataset6_CLINIC_0035_data,grupo 3,22,4.91,0.9224995374679565,1,ok,0.5765765765765766,True,126.0,3.605,1.0
dataset6_CLINIC_0035_data,grupo 3,22,7.3,2.117499828338623,2,ok,0.5765765765765766,False,126.0,3.605,1.0
dataset6_CLINIC_0035_data,grupo 3,23,7.0,0.3101813793182373,1,ok,0.6306306306306306,True,126.0,3.115,0.54
dataset6_CLINIC_0035_data,grupo 3,23,4.91,0.0,0,ok,0.6306306306306306,True,126.0,3.115,0.54
dataset6_CLINIC_0035_data,grupo 3,23,7.3,0.46018147468566895,1,ok,0.6306306306306306,False,126.0,3.115,0.54
dataset6_CLINIC_0035_data,grupo 3,24,7.0,2.4947502613067627,2,ok,0.7297297297297297,True,126.0,0.047,6.493
dataset6_CLINIC_0035_data,grupo 3,24,4.91,1.4497501850128174,1,ok,0.7297297297297297,True,126.0,0.047,6.493
dataset6_CLINIC_0035_data,grupo 3,24,7.3,2.6447503566741943,2,ok,0.7297297297297297,False,126.0,0.047,6.493
dataset6_CLINIC_0035_data,grupo 3,25,7.0,0.036759376525878906,1,ok,0.7387387387387387,True,126.0,1.775,0.12
dataset6_CLINIC_0035_data,grupo 3,25,4.91,0.0,0,ok,0.7387387387387387,True,126.0,1.775,0.12
dataset6_CLINIC_0035_data,grupo 3,25,7.3,0.18675947189331055,1,ok,0.7387387387387387,False,126.0,1.775,0.12
dataset6_CLINIC_0035_data,grupo 3,26,7.0,0.0,0,ok,0.6756756756756757,True,126.0,2.419,0.241
dataset6_CLINIC_0035_data,grupo 3,26,4.91,0.0,0,ok,0.6756756756756757,True,126.0,2.419,0.241
dataset6_CLINIC_0035_data,grupo 3,26,7.3,0.0,0,ok,0.6756756756756757,False,126.0,2.419,0.241
dataset6_CLINIC_0035_data,grupo 3,27,7.0,2.3529105186462402,2,ok,0.6306306306306306,True,126.0,3.444,0.114
dataset6_CLINIC_0035_data,grupo 3,27,4.91,1.3079105615615845,1,ok,0.6306306306306306,True,126.0,3.444,0.114
dataset6_CLINIC_0035_data,grupo 3,27,7.3,2.502910614013672,2,ok,0.6306306306306306,False,126.0,3.444,0.114
dataset6_CLINIC_0035_data,grupo 3,28,7.0,1.2683029174804688,1,ok,0.7207207207207207,True,126.0,1.345,3.171
dataset6_CLINIC_0035_data,grupo 3,28,4.91,0.22330284118652344,1,ok,0.7207207207207207,True,126.0,1.345,3.171
dataset6_CLINIC_0035_data,grupo 3,28,7.3,1.4183030128479004,1,ok,0.7207207207207207,False,126.0,1.345,3.171
dataset6_CLINIC_0035_data,grupo 3,29,7.0,1.3730595111846924,1,ok,0.7027027027027027,True,126.0,2.05,0.306
dataset6_CLINIC_0035_data,grupo 3,29,4.91,0.32805943489074707,1,ok,0.7027027027027027,True,126.0,2.05,0.306
dataset6_CLINIC_0035_data,grupo 3,29,7.3,1.523059606552124,1,ok,0.7027027027027027,False,126.0,2.05,0.306
dataset6_CLINIC_0035_data,grupo 3,30,7.0,3.6343886852264404,2,ok,0.5636363636363636,True,126.0,3.118,4.876
dataset6_CLINIC_0035_data,grupo 3,30,4.91,2.589388608932495,2,ok,0.5636363636363636,True,126.0,3.118,4.876
dataset6_CLINIC_0035_data,grupo 3,30,7.3,3.784388780593872,2,ok,0.5636363636363636,False,126.0,3.118,4.876
dataset6_CLINIC_0035_data,grupo 3,31,7.0,1.1148312091827393,1,ok,0.7387387387387387,True,126.0,3.323,2.43
dataset6_CLINIC_0035_data,grupo 3,31,4.91,0.06983113288879395,1,ok,0.7387387387387387,True,126.0,3.323,2.43
dataset6_CLINIC_0035_data,grupo 3,31,7.3,1.264831304550171,1,ok,0.7387387387387387,False,126.0,3.323,2.43
dataset6_CLINIC_0035_data,grupo 3,32,7.0,0.0,0,ok,0.7837837837837838,True,126.0,1.147,0.992
dataset6_CLINIC_0035_data,grupo 3,32,4.91,0.0,0,ok,0.7837837837837838,True,126.0,1.147,0.992
dataset6_CLINIC_0035_data,grupo 3,32,7.3,0.0,0,ok,0.7837837837837838,False,126.0,1.147,0.992
dataset6_CLINIC_0035_data,grupo 3,33,7.0,0.04538393020629883,1,ok,0.7567567567567568,True,126.0,0.003,2.584
dataset6_CLINIC_0035_data,grupo 3,33,4.91,0.0,0,ok,0.7567567567567568,True,126.0,0.003,2.584
dataset6_CLINIC_0035_data,grupo 3,33,7.3,0.19538402557373047,1,ok,0.7567567567567568,False,126.0,0.003,2.584
dataset6_CLINIC_0035_data,grupo 3,34,7.0,0.9491729736328125,1,ok,0.7747747747747747,True,126.0,2.846,3.664
dataset6_CLINIC_0035_data,grupo 3,34,4.91,0.0,0,ok,0.7747747747747747,True,126.0,2.846,3.664
dataset6_CLINIC_0035_data,grupo 3,34,7.3,1.0991730690002441,1,ok,0.7747747747747747,False,126.0,2.846,3.664
dataset6_CLINIC_0035_data,grupo 3,35,7.0,1.0055310726165771,1,ok,0.7297297297297297,True,126.0,1.577,3.531
dataset6_CLINIC_0035_data,grupo 3,35,4.91,0.0,0,ok,0.7297297297297297,True,126.0,1.577,3.531
dataset6_CLINIC_0035_data,grupo 3,35,7.3,1.1555311679840088,1,ok,0.7297297297297297,False,126.0,1.577,3.531
dataset6_CLINIC_0035_data,grupo 3,36,7.0,1.3861331939697266,1,ok,0.6576576576576577,True,126.0,2.887,4.46
dataset6_CLINIC_0035_data,grupo 3,36,4.91,0.34113311767578125,1,ok,0.6576576576576577,True,126.0,2.887,4.46
dataset6_CLINIC_0035_data,grupo 3,36,7.3,1.5361332893371582,1,ok,0.6576576576576577,False,126.0,2.887,4.46
dataset6_CLINIC_0035_data,grupo 3,37,7.0,0.0,0,ok,0.7207207207207207,True,126.0,0.897,1.03
dataset6_CLINIC_0035_data,grupo 3,37,4.91,0.0,0,ok,0.7207207207207207,True,126.0,0.897,1.03
dataset6_CLINIC_0035_data,grupo 3,37,7.3,0.0,0,ok,0.7207207207207207,False,126.0,0.897,1.03
dataset6_CLINIC_0035_data,grupo 3,38,7.0,2.0404207706451416,2,ok,0.5495495495495496,True,126.0,4.384,2.022
dataset6_CLINIC_0035_data,grupo 3,38,4.91,0.9954206943511963,1,ok,0.5495495495495496,True,126.0,4.384,2.022
dataset6_CLINIC_0035_data,grupo 3,38,7.3,2.1904208660125732,2,ok,0.5495495495495496,False,126.0,4.384,2.022
dataset6_CLINIC_0035_data,grupo 3,39,7.0,3.45520281791687,2,ok,0.7363636363636363,True,126.0,1.797,5.131
dataset6_CLINIC_0035_data,grupo 3,39,4.91,2.410202741622925,2,ok,0.7363636363636363,True,126.0,1.797,5.131
dataset6_CLINIC_0035_data,grupo 3,39,7.3,3.6052029132843018,2,ok,0.7363636363636363,False,126.0,1.797,5.131
dataset6_CLINIC_0035_data,grupo 3,40,7.0,0.0,0,ok,0.7747747747747747,True,126.0,0.965,0.784
dataset6_CLINIC_0035_data,grupo 3,40,4.91,0.0,0,ok,0.7747747747747747,True,126.0,0.965,0.784
dataset6_CLINIC_0035_data,grupo 3,40,7.3,0.03523397445678711,1,ok,0.7747747747747747,False,126.0,0.965,0.784
dataset6_CLINIC_0035_data,grupo 3,41,7.0,0.0,0,ok,0.8108108108108109,True,126.0,2.201,0.793
dataset6_CLINIC_0035_data,grupo 3,41,4.91,0.0,0,ok,0.8108108108108109,True,126.0,2.201,0.793
dataset6_CLINIC_0035_data,grupo 3,41,7.3,0.0,0,ok,0.8108108108108109,False,126.0,2.201,0.793
dataset6_CLINIC_0035_data,grupo 3,42,7.0,0.0,0,ok,0.7747747747747747,True,126.0,1.29,1.251
dataset6_CLINIC_0035_data,grupo 3,42,4.91,0.0,0,ok,0.7747747747747747,True,126.0,1.29,1.251
dataset6_CLINIC_0035_data,grupo 3,42,7.3,0.0,0,ok,0.7747747747747747,False,126.0,1.29,1.251
dataset6_CLINIC_0035_data,grupo 3,43,7.0,0.0,0,ok,0.7567567567567568,True,126.0,0.69,0.179
dataset6_CLINIC_0035_data,grupo 3,43,4.91,0.0,0,ok,0.7567567567567568,True,126.0,0.69,0.179
dataset6_CLINIC_0035_data,grupo 3,43,7.3,0.0,0,ok,0.7567567567567568,False,126.0,0.69,0.179
dataset6_CLINIC_0035_data,grupo 3,44,7.0,0.0,0,ok,0.7297297297297297,True,126.0,1.534,2.083
dataset6_CLINIC_0035_data,grupo 3,44,4.91,0.0,0,ok,0.7297297297297297,True,126.0,1.534,2.083
dataset6_CLINIC_0035_data,grupo 3,44,7.3,0.0,0,ok,0.7297297297297297,False,126.0,1.534,2.083
dataset6_CLINIC_0035_data,grupo 3,45,7.0,0.0,0,ok,0.7837837837837838,True,126.0,1.114,0.056
dataset6_CLINIC_0035_data,grupo 3,45,4.91,0.0,0,ok,0.7837837837837838,True,126.0,1.114,0.056
dataset6_CLINIC_0035_data,grupo 3,45,7.3,0.0,0,ok,0.7837837837837838,False,126.0,1.114,0.056
dataset6_CLINIC_0035_data,grupo 3,46,7.0,0.0,0,ok,0.7747747747747747,True,126.0,0.453,2.439
dataset6_CLINIC_0035_data,grupo 3,46,4.91,0.0,0,ok,0.7747747747747747,True,126.0,0.453,2.439
dataset6_CLINIC_0035_data,grupo 3,46,7.3,0.0,0,ok,0.7747747747747747,False,126.0,0.453,2.439
dataset6_CLINIC_0035_data,grupo 3,47,7.0,1.4207966327667236,1,ok,0.6936936936936937,True,126.0,1.11,3.963
dataset6_CLINIC_0035_data,grupo 3,47,4.91,0.3757965564727783,1,ok,0.6936936936936937,True,126.0,1.11,3.963
dataset6_CLINIC_0035_data,grupo 3,47,7.3,1.5707967281341553,1,ok,0.6936936936936937,False,126.0,1.11,3.963
dataset6_CLINIC_0035_data,grupo 3,48,7.0,0.0,0,ok,0.7837837837837838,True,126.0,0.974,1.325
dataset6_CLINIC_0035_data,grupo 3,48,4.91,0.0,0,ok,0.7837837837837838,True,126.0,0.974,1.325
dataset6_CLINIC_0035_data,grupo 3,48,7.3,0.0,0,ok,0.7837837837837838,False,126.0,0.974,1.325
dataset6_CLINIC_0035_data,grupo 3,49,7.0,0.0,0,ok,0.7837837837837838,True,126.0,0.403,0.436
dataset6_CLINIC_0035_data,grupo 3,49,4.91,0.0,0,ok,0.7837837837837838,True,126.0,0.403,0.436
dataset6_CLINIC_0035_data,grupo 3,49,7.3,0.0,0,ok,0.7837837837837838,False,126.0,0.403,0.436
dataset6_CLINIC_0033_data,grupo 3,0,7.0,0.0,0,ok,0.38620689655172413,True,161.0,0.911,0.415
dataset6_CLINIC_0033_data,grupo 3,0,4.91,0.0,0,ok,0.38620689655172413,True,161.0,0.911,0.415
dataset6_CLINIC_0033_data,grupo 3,0,7.3,0.0,0,ok,0.38620689655172413,True,161.0,0.911,0.415
dataset6_CLINIC_0033_data,grupo 3,1,7.0,0.2607762813568115,1,ok,0.296551724137931,True,161.0,3.003,0.436
dataset6_CLINIC_0033_data,grupo 3,1,4.91,0.0,0,ok,0.296551724137931,True,161.0,3.003,0.436
dataset6_CLINIC_0033_data,grupo 3,1,7.3,0.41077637672424316,1,ok,0.296551724137931,True,161.0,3.003,0.436
dataset6_CLINIC_0033_data,grupo 3,2,7.0,0.0,0,ok,0.43448275862068964,True,161.0,0.275,0.196
dataset6_CLINIC_0033_data,grupo 3,2,4.91,0.0,0,ok,0.43448275862068964,True,161.0,0.275,0.196
dataset6_CLINIC_0033_data,grupo 3,2,7.3,0.0,0,ok,0.43448275862068964,True,161.0,0.275,0.196
dataset6_CLINIC_0033_data,grupo 3,3,7.0,0.005345582962036133,1,ok,0.4896551724137931,True,161.0,2.11,0.935
dataset6_CLINIC_0033_data,grupo 3,3,4.91,0.0,0,ok,0.4896551724137931,True,161.0,2.11,0.935
dataset6_CLINIC_0033_data,grupo 3,3,7.3,0.15534567832946777,1,ok,0.4896551724137931,True,161.0,2.11,0.935
dataset6_CLINIC_0033_data,grupo 3,4,7.0,0.0,0,ok,0.4206896551724138,True,161.0,1.054,1.697
dataset6_CLINIC_0033_data,grupo 3,4,4.91,0.0,0,ok,0.4206896551724138,True,161.0,1.054,1.697
dataset6_CLINIC_0033_data,grupo 3,4,7.3,0.0,0,ok,0.4206896551724138,True,161.0,1.054,1.697
dataset6_CLINIC_0033_data,grupo 3,5,7.0,0.0,0,ok,0.41379310344827586,True,161.0,0.221,0.395
dataset6_CLINIC_0033_data,grupo 3,5,4.91,0.0,0,ok,0.41379310344827586,True,161.0,0.221,0.395
dataset6_CLINIC_0033_data,grupo 3,5,7.3,0.0,0,ok,0.41379310344827586,True,161.0,0.221,0.395
dataset6_CLINIC_0033_data,grupo 3,6,7.0,0.0,0,ok,0.4206896551724138,True,161.0,0.374,1.515
dataset6_CLINIC_0033_data,grupo 3,6,4.91,0.0,0,ok,0.4206896551724138,True,161.0,0.374,1.515
dataset6_CLINIC_0033_data,grupo 3,6,7.3,0.0,0,ok,0.4206896551724138,True,161.0,0.374,1.515
dataset6_CLINIC_0033_data,grupo 3,7,7.0,0.0,0,ok,0.4689655172413793,True,161.0,2.031,1.225
dataset6_CLINIC_0033_data,grupo 3,7,4.91,0.0,0,ok,0.4689655172413793,True,161.0,2.031,1.225
dataset6_CLINIC_0033_data,grupo 3,7,7.3,0.0,0,ok,0.4689655172413793,True,161.0,2.031,1.225
dataset6_CLINIC_0033_data,grupo 3,8,7.0,0.0,0,ok,0.3724137931034483,True,161.0,0.357,2.127
dataset6_CLINIC_0033_data,grupo 3,8,4.91,0.0,0,ok,0.3724137931034483,True,161.0,0.357,2.127
dataset6_CLINIC_0033_data,grupo 3,8,7.3,0.0,0,ok,0.3724137931034483,True,161.0,0.357,2.127
dataset6_CLINIC_0033_data,grupo 3,9,7.0,0.0,0,ok,0.42758620689655175,True,161.0,0.301,2.805
dataset6_CLINIC_0033_data,grupo 3,9,4.91,0.0,0,ok,0.42758620689655175,True,161.0,0.301,2.805
dataset6_CLINIC_0033_data,grupo 3,9,7.3,0.0,0,ok,0.42758620689655175,True,161.0,0.301,2.805
dataset6_CLINIC_0033_data,grupo 3,10,7.0,0.0,0,ok,0.4068965517241379,True,161.0,0.623,0.432
dataset6_CLINIC_0033_data,grupo 3,10,4.91,0.0,0,ok,0.4068965517241379,True,161.0,0.623,0.432
dataset6_CLINIC_0033_data,grupo 3,10,7.3,0.0,0,ok,0.4068965517241379,True,161.0,0.623,0.432
dataset6_CLINIC_0033_data,grupo 3,11,7.0,0.0,0,ok,0.4,True,161.0,1.086,1.865
dataset6_CLINIC_0033_data,grupo 3,11,4.91,0.0,0,ok,0.4,True,161.0,1.086,1.865
dataset6_CLINIC_0033_data,grupo 3,11,7.3,0.0,0,ok,0.4,True,161.0,1.086,1.865
dataset6_CLINIC_0033_data,grupo 3,12,7.0,2.923466205596924,2,ok,0.25517241379310346,True,161.0,2.71,3.747
dataset6_CLINIC_0033_data,grupo 3,12,4.91,1.878466010093689,1,ok,0.25517241379310346,True,161.0,2.71,3.747
dataset6_CLINIC_0033_data,grupo 3,12,7.3,3.0734663009643555,2,ok,0.25517241379310346,True,161.0,2.71,3.747
dataset6_CLINIC_0033_data,grupo 3,13,7.0,0.0,0,ok,0.4827586206896552,True,161.0,0.604,0.486
dataset6_CLINIC_0033_data,grupo 3,13,4.91,0.0,0,ok,0.4827586206896552,True,161.0,0.604,0.486
dataset6_CLINIC_0033_data,grupo 3,13,7.3,0.0,0,ok,0.4827586206896552,True,161.0,0.604,0.486
dataset6_CLINIC_0033_data,grupo 3,14,7.0,0.0,0,ok,0.43448275862068964,True,161.0,0.509,2.187
dataset6_CLINIC_0033_data,grupo 3,14,4.91,0.0,0,ok,0.43448275862068964,True,161.0,0.509,2.187
dataset6_CLINIC_0033_data,grupo 3,14,7.3,0.0,0,ok,0.43448275862068964,True,161.0,0.509,2.187
dataset6_CLINIC_0033_data,grupo 3,15,7.0,1.6713085174560547,1,ok,0.3724137931034483,True,161.0,3.887,0.031
dataset6_CLINIC_0033_data,grupo 3,15,4.91,0.6263084411621094,1,ok,0.3724137931034483,True,161.0,3.887,0.031
dataset6_CLINIC_0033_data,grupo 3,15,7.3,1.8213086128234863,1,ok,0.3724137931034483,True,161.0,3.887,0.031
dataset6_CLINIC_0033_data,grupo 3,16,7.0,0.0,0,ok,0.33793103448275863,True,161.0,0.824,0.138
dataset6_CLINIC_0033_data,grupo 3,16,4.91,0.0,0,ok,0.33793103448275863,True,161.0,0.824,0.138
dataset6_CLINIC_0033_data,grupo 3,16,7.3,0.0,0,ok,0.33793103448275863,True,161.0,0.824,0.138
dataset6_CLINIC_0033_data,grupo 3,17,7.0,0.0,0,ok,0.503448275862069,True,161.0,0.993,1.611
dataset6_CLINIC_0033_data,grupo 3,17,4.91,0.0,0,ok,0.503448275862069,True,161.0,0.993,1.611
dataset6_CLINIC_0033_data,grupo 3,17,7.3,0.0,0,ok,0.503448275862069,True,161.0,0.993,1.611
dataset6_CLINIC_0033_data,grupo 3,18,7.0,0.0,0,ok,0.46206896551724136,True,161.0,0.545,0.256
dataset6_CLINIC_0033_data,grupo 3,18,4.91,0.0,0,ok,0.46206896551724136,True,161.0,0.545,0.256
dataset6_CLINIC_0033_data,grupo 3,18,7.3,0.0,0,ok,0.46206896551724136,True,161.0,0.545,0.256
dataset6_CLINIC_0033_data,grupo 3,19,7.0,0.0,0,ok,0.5172413793103449,True,161.0,0.301,1.734
dataset6_CLINIC_0033_data,grupo 3,19,4.91,0.0,0,ok,0.5172413793103449,True,161.0,0.301,1.734
dataset6_CLINIC_0033_data,grupo 3,19,7.3,0.0,0,ok,0.5172413793103449,True,161.0,0.301,1.734
dataset6_CLINIC_0033_data,grupo 3,20,7.0,0.0,0,ok,0.38620689655172413,True,161.0,0.942,0.359
dataset6_CLINIC_0033_data,grupo 3,20,4.91,0.0,0,ok,0.38620689655172413,True,161.0,0.942,0.359
dataset6_CLINIC_0033_data,grupo 3,20,7.3,0.0,0,ok,0.38620689655172413,True,161.0,0.942,0.359
dataset6_CLINIC_0033_data,grupo 3,21,7.0,0.0,0,ok,0.5172413793103449,True,161.0,0.825,0.068
dataset6_CLINIC_0033_data,grupo 3,21,4.91,0.0,0,ok,0.5172413793103449,True,161.0,0.825,0.068
dataset6_CLINIC_0033_data,grupo 3,21,7.3,0.0,0,ok,0.5172413793103449,True,161.0,0.825,0.068
dataset6_CLINIC_0033_data,grupo 3,22,7.0,0.0,0,ok,0.32413793103448274,True,161.0,1.9,0.932
dataset6_CLINIC_0033_data,grupo 3,22,4.91,0.0,0,ok,0.32413793103448274,True,161.0,1.9,0.932
dataset6_CLINIC_0033_data,grupo 3,22,7.3,0.0,0,ok,0.32413793103448274,True,161.0,1.9,0.932
dataset6_CLINIC_0033_data,grupo 3,23,7.0,0.8315832614898682,1,ok,0.33793103448275863,True,161.0,2.062,1.588
dataset6_CLINIC_0033_data,grupo 3,23,4.91,0.0,0,ok,0.33793103448275863,True,161.0,2.062,1.588
dataset6_CLINIC_0033_data,grupo 3,23,7.3,0.9815833568572998,1,ok,0.33793103448275863,True,161.0,2.062,1.588
dataset6_CLINIC_0033_data,grupo 3,24,7.0,0.0,0,ok,0.496551724137931,True,161.0,0.193,1.605
dataset6_CLINIC_0033_data,grupo 3,24,4.91,0.0,0,ok,0.496551724137931,True,161.0,0.193,1.605
dataset6_CLINIC_0033_data,grupo 3,24,7.3,0.0,0,ok,0.496551724137931,True,161.0,0.193,1.605
dataset6_CLINIC_0033_data,grupo 3,25,7.0,0.0,0,ok,0.4482758620689655,True,161.0,1.291,2.145
dataset6_CLINIC_0033_data,grupo 3,25,4.91,0.0,0,ok,0.4482758620689655,True,161.0,1.291,2.145
dataset6_CLINIC_0033_data,grupo 3,25,7.3,0.0,0,ok,0.4482758620689655,True,161.0,1.291,2.145
dataset6_CLINIC_0033_data,grupo 3,26,7.0,0.0,0,ok,0.38620689655172413,True,161.0,0.374,0.525
dataset6_CLINIC_0033_data,grupo 3,26,4.91,0.0,0,ok,0.38620689655172413,True,161.0,0.374,0.525
dataset6_CLINIC_0033_data,grupo 3,26,7.3,0.0,0,ok,0.38620689655172413,True,161.0,0.374,0.525
dataset6_CLINIC_0033_data,grupo 3,27,7.0,0.16523122787475586,1,ok,0.3586206896551724,True,161.0,1.621,1.287
dataset6_CLINIC_0033_data,grupo 3,27,4.91,0.0,0,ok,0.3586206896551724,True,161.0,1.621,1.287
dataset6_CLINIC_0033_data,grupo 3,27,7.3,0.3152313232421875,1,ok,0.3586206896551724,True,161.0,1.621,1.287
dataset6_CLINIC_0033_data,grupo 3,28,7.0,0.0,0,ok,0.5103448275862069,True,161.0,0.372,2.304
dataset6_CLINIC_0033_data,grupo 3,28,4.91,0.0,0,ok,0.5103448275862069,True,161.0,0.372,2.304
dataset6_CLINIC_0033_data,grupo 3,28,7.3,0.0,0,ok,0.5103448275862069,True,161.0,0.372,2.304
dataset6_CLINIC_0033_data,grupo 3,29,7.0,0.0,0,ok,0.4689655172413793,True,161.0,0.11,2.001
dataset6_CLINIC_0033_data,grupo 3,29,4.91,0.0,0,ok,0.4689655172413793,True,161.0,0.11,2.001
dataset6_CLINIC_0033_data,grupo 3,29,7.3,0.0,0,ok,0.4689655172413793,True,161.0,0.11,2.001
dataset6_CLINIC_0033_data,grupo 3,30,7.0,0.8873798847198486,1,ok,0.3793103448275862,True,161.0,4.646,1.55
dataset6_CLINIC_0033_data,grupo 3,30,4.91,0.0,0,ok,0.3793103448275862,True,161.0,4.646,1.55
dataset6_CLINIC_0033_data,grupo 3,30,7.3,1.0373799800872803,1,ok,0.3793103448275862,True,161.0,4.646,1.55
dataset6_CLINIC_0033_data,grupo 3,31,7.0,0.7952408790588379,1,ok,0.4689655172413793,True,161.0,3.476,0.915
dataset6_CLINIC_0033_data,grupo 3,31,4.91,0.0,0,ok,0.4689655172413793,True,161.0,3.476,0.915
dataset6_CLINIC_0033_data,grupo 3,31,7.3,0.9452409744262695,1,ok,0.4689655172413793,True,161.0,3.476,0.915
dataset6_CLINIC_0033_data,grupo 3,32,7.0,0.0,0,ok,0.47586206896551725,True,161.0,1.269,0.597
dataset6_CLINIC_0033_data,grupo 3,32,4.91,0.0,0,ok,0.47586206896551725,True,161.0,1.269,0.597
dataset6_CLINIC_0033_data,grupo 3,32,7.3,0.0,0,ok,0.47586206896551725,True,161.0,1.269,0.597
dataset6_CLINIC_0033_data,grupo 3,33,7.0,0.0,0,ok,0.4482758620689655,True,161.0,0.592,1.747
dataset6_CLINIC_0033_data,grupo 3,33,4.91,0.0,0,ok,0.4482758620689655,True,161.0,0.592,1.747
dataset6_CLINIC_0033_data,grupo 3,33,7.3,0.0,0,ok,0.4482758620689655,True,161.0,0.592,1.747
dataset6_CLINIC_0033_data,grupo 3,34,7.0,0.0,0,ok,0.3448275862068966,True,161.0,1.376,0.174
dataset6_CLINIC_0033_data,grupo 3,34,4.91,0.0,0,ok,0.3448275862068966,True,161.0,1.376,0.174
dataset6_CLINIC_0033_data,grupo 3,34,7.3,0.0,0,ok,0.3448275862068966,True,161.0,1.376,0.174
dataset6_CLINIC_0033_data,grupo 3,35,7.0,1.5106701850891113,1,ok,0.20689655172413793,True,161.0,4.137,0.411
dataset6_CLINIC_0033_data,grupo 3,35,4.91,0.465670108795166,1,ok,0.20689655172413793,True,161.0,4.137,0.411
dataset6_CLINIC_0033_data,grupo 3,35,7.3,1.660670280456543,1,ok,0.20689655172413793,True,161.0,4.137,0.411
dataset6_CLINIC_0033_data,grupo 3,36,7.0,1.8806313276290894,1,ok,0.23448275862068965,True,161.0,5.423,3.736
dataset6_CLINIC_0033_data,grupo 3,36,4.91,0.835631251335144,1,ok,0.23448275862068965,True,161.0,5.423,3.736
dataset6_CLINIC_0033_data,grupo 3,36,7.3,2.0306315422058105,2,ok,0.23448275862068965,True,161.0,5.423,3.736
dataset6_CLINIC_0033_data,grupo 3,37,7.0,0.0,0,ok,0.4413793103448276,True,161.0,0.942,2.464
dataset6_CLINIC_0033_data,grupo 3,37,4.91,0.0,0,ok,0.4413793103448276,True,161.0,0.942,2.464
dataset6_CLINIC_0033_data,grupo 3,37,7.3,0.0,0,ok,0.4413793103448276,True,161.0,0.942,2.464
dataset6_CLINIC_0033_data,grupo 3,38,7.0,0.0,0,ok,0.4827586206896552,True,161.0,0.045,0.948
dataset6_CLINIC_0033_data,grupo 3,38,4.91,0.0,0,ok,0.4827586206896552,True,161.0,0.045,0.948
dataset6_CLINIC_0033_data,grupo 3,38,7.3,0.0,0,ok,0.4827586206896552,True,161.0,0.045,0.948
dataset6_CLINIC_0033_data,grupo 3,39,7.0,0.5976917743682861,1,ok,0.18620689655172415,True,161.0,2.971,2.832
dataset6_CLINIC_0033_data,grupo 3,39,4.91,0.0,0,ok,0.18620689655172415,True,161.0,2.971,2.832
dataset6_CLINIC_0033_data,grupo 3,39,7.3,0.7476918697357178,1,ok,0.18620689655172415,True,161.0,2.971,2.832
dataset6_CLINIC_0033_data,grupo 3,40,7.0,1.463392734527588,1,ok,0.5103448275862069,True,161.0,2.098,3.769
dataset6_CLINIC_0033_data,grupo 3,40,4.91,0.4183926582336426,1,ok,0.5103448275862069,True,161.0,2.098,3.769
dataset6_CLINIC_0033_data,grupo 3,40,7.3,1.6133928298950195,1,ok,0.5103448275862069,True,161.0,2.098,3.769
dataset6_CLINIC_0033_data,grupo 3,41,7.0,0.2895994186401367,1,ok,0.5241379310344828,True,161.0,2.848,0.218
dataset6_CLINIC_0033_data,grupo 3,41,4.91,0.0,0,ok,0.5241379310344828,True,161.0,2.848,0.218
dataset6_CLINIC_0033_data,grupo 3,41,7.3,0.43959951400756836,1,ok,0.5241379310344828,True,161.0,2.848,0.218
dataset6_CLINIC_0033_data,grupo 3,42,7.0,0.0,0,ok,0.3310344827586207,True,161.0,1.464,0.419
dataset6_CLINIC_0033_data,grupo 3,42,4.91,0.0,0,ok,0.3310344827586207,True,161.0,1.464,0.419
dataset6_CLINIC_0033_data,grupo 3,42,7.3,0.0,0,ok,0.3310344827586207,True,161.0,1.464,0.419
dataset6_CLINIC_0033_data,grupo 3,43,7.0,0.0,0,ok,0.5310344827586206,True,161.0,1.769,0.603
dataset6_CLINIC_0033_data,grupo 3,43,4.91,0.0,0,ok,0.5310344827586206,True,161.0,1.769,0.603
dataset6_CLINIC_0033_data,grupo 3,43,7.3,0.0,0,ok,0.5310344827586206,True,161.0,1.769,0.603
dataset6_CLINIC_0033_data,grupo 3,44,7.0,0.0,0,ok,0.4896551724137931,True,161.0,1.353,0.636
dataset6_CLINIC_0033_data,grupo 3,44,4.91,0.0,0,ok,0.4896551724137931,True,161.0,1.353,0.636
dataset6_CLINIC_0033_data,grupo 3,44,7.3,0.0,0,ok,0.4896551724137931,True,161.0,1.353,0.636
dataset6_CLINIC_0033_data,grupo 3,45,7.0,0.6926333904266357,1,ok,0.3310344827586207,True,161.0,2.425,2.315
dataset6_CLINIC_0033_data,grupo 3,45,4.91,0.0,0,ok,0.3310344827586207,True,161.0,2.425,2.315
dataset6_CLINIC_0033_data,grupo 3,45,7.3,0.8426334857940674,1,ok,0.3310344827586207,True,161.0,2.425,2.315
dataset6_CLINIC_0033_data,grupo 3,46,7.0,0.0,0,ok,0.36551724137931035,True,161.0,1.185,1.959
dataset6_CLINIC_0033_data,grupo 3,46,4.91,0.0,0,ok,0.36551724137931035,True,161.0,1.185,1.959
dataset6_CLINIC_0033_data,grupo 3,46,7.3,0.08483433723449707,1,ok,0.36551724137931035,True,161.0,1.185,1.959
dataset6_CLINIC_0033_data,grupo 3,47,7.0,3.0246024131774902,2,ok,0.496551724137931,True,161.0,4.81,1.055
dataset6_CLINIC_0033_data,grupo 3,47,4.91,1.9796022176742554,1,ok,0.496551724137931,True,161.0,4.81,1.055
dataset6_CLINIC_0033_data,grupo 3,47,7.3,3.174602508544922,2,ok,0.496551724137931,True,161.0,4.81,1.055
dataset6_CLINIC_0033_data,grupo 3,48,7.0,0.954862117767334,1,ok,0.3448275862068966,True,161.0,2.255,0.468
dataset6_CLINIC_0033_data,grupo 3,48,4.91,0.0,0,ok,0.3448275862068966,True,161.0,2.255,0.468
dataset6_CLINIC_0033_data,grupo 3,48,7.3,1.1048622131347656,1,ok,0.3448275862068966,True,161.0,2.255,0.468
dataset6_CLINIC_0033_data,grupo 3,49,7.0,0.41234755516052246,1,ok,0.32413793103448274,True,161.0,2.678,1.282
dataset6_CLINIC_0033_data,grupo 3,49,4.91,0.0,0,ok,0.32413793103448274,True,161.0,2.678,1.282
dataset6_CLINIC_0033_data,grupo 3,49,7.3,0.5623476505279541,1,ok,0.32413793103448274,True,161.0,2.678,1.282
dataset6_CLINIC_0043_data,grupo 3,0,7.0,0.0,0,ok,0.40145985401459855,True,153.0,0.34,2.274
dataset6_CLINIC_0043_data,grupo 3,0,4.91,0.0,0,ok,0.40145985401459855,True,153.0,0.34,2.274
dataset6_CLINIC_0043_data,grupo 3,0,7.3,0.0,0,ok,0.40145985401459855,True,153.0,0.34,2.274
dataset6_CLINIC_0043_data,grupo 3,1,7.0,0.0,0,ok,0.4233576642335766,True,153.0,1.234,0.593
dataset6_CLINIC_0043_data,grupo 3,1,4.91,0.0,0,ok,0.4233576642335766,True,153.0,1.234,0.593
dataset6_CLINIC_0043_data,grupo 3,1,7.3,0.0,0,ok,0.4233576642335766,True,153.0,1.234,0.593
dataset6_CLINIC_0043_data,grupo 3,2,7.0,0.0,0,ok,0.4233576642335766,True,153.0,1.783,0.203
dataset6_CLINIC_0043_data,grupo 3,2,4.91,0.0,0,ok,0.4233576642335766,True,153.0,1.783,0.203
dataset6_CLINIC_0043_data,grupo 3,2,7.3,0.0,0,ok,0.4233576642335766,True,153.0,1.783,0.203
dataset6_CLINIC_0043_data,grupo 3,3,7.0,0.0,0,ok,0.39416058394160586,True,153.0,0.457,1.978
dataset6_CLINIC_0043_data,grupo 3,3,4.91,0.0,0,ok,0.39416058394160586,True,153.0,0.457,1.978
dataset6_CLINIC_0043_data,grupo 3,3,7.3,0.0,0,ok,0.39416058394160586,True,153.0,0.457,1.978
dataset6_CLINIC_0043_data,grupo 3,4,7.0,0.0,0,ok,0.4233576642335766,True,153.0,0.594,1.264
dataset6_CLINIC_0043_data,grupo 3,4,4.91,0.0,0,ok,0.4233576642335766,True,153.0,0.594,1.264
dataset6_CLINIC_0043_data,grupo 3,4,7.3,0.0,0,ok,0.4233576642335766,True,153.0,0.594,1.264
dataset6_CLINIC_0043_data,grupo 3,5,7.0,0.0,0,ok,0.43795620437956206,True,153.0,1.881,1.62
dataset6_CLINIC_0043_data,grupo 3,5,4.91,0.0,0,ok,0.43795620437956206,True,153.0,1.881,1.62
dataset6_CLINIC_0043_data,grupo 3,5,7.3,0.0,0,ok,0.43795620437956206,True,153.0,1.881,1.62
dataset6_CLINIC_0043_data,grupo 3,6,7.0,0.0,0,ok,0.35766423357664234,True,153.0,2.265,1.998
dataset6_CLINIC_0043_data,grupo 3,6,4.91,0.0,0,ok,0.35766423357664234,True,153.0,2.265,1.998
dataset6_CLINIC_0043_data,grupo 3,6,7.3,0.0,0,ok,0.35766423357664234,True,153.0,2.265,1.998
dataset6_CLINIC_0043_data,grupo 3,7,7.0,0.0,0,ok,0.45985401459854014,True,153.0,2.568,1.245
dataset6_CLINIC_0043_data,grupo 3,7,4.91,0.0,0,ok,0.45985401459854014,True,153.0,2.568,1.245
dataset6_CLINIC_0043_data,grupo 3,7,7.3,0.0,0,ok,0.45985401459854014,True,153.0,2.568,1.245
dataset6_CLINIC_0043_data,grupo 3,8,7.0,0.0,0,ok,0.41605839416058393,True,153.0,0.121,0.067
dataset6_CLINIC_0043_data,grupo 3,8,4.91,0.0,0,ok,0.41605839416058393,True,153.0,0.121,0.067
dataset6_CLINIC_0043_data,grupo 3,8,7.3,0.0,0,ok,0.41605839416058393,True,153.0,0.121,0.067
dataset6_CLINIC_0043_data,grupo 3,9,7.0,0.0,0,ok,0.43795620437956206,True,153.0,1.051,1.868
dataset6_CLINIC_0043_data,grupo 3,9,4.91,0.0,0,ok,0.43795620437956206,True,153.0,1.051,1.868
dataset6_CLINIC_0043_data,grupo 3,9,7.3,0.0,0,ok,0.43795620437956206,True,153.0,1.051,1.868
dataset6_CLINIC_0043_data,grupo 3,10,7.0,0.0,0,ok,0.45985401459854014,True,153.0,2.667,1.38
dataset6_CLINIC_0043_data,grupo 3,10,4.91,0.0,0,ok,0.45985401459854014,True,153.0,2.667,1.38
dataset6_CLINIC_0043_data,grupo 3,10,7.3,0.020531177520751953,1,ok,0.45985401459854014,True,153.0,2.667,1.38
dataset6_CLINIC_0043_data,grupo 3,11,7.0,0.0,0,ok,0.29927007299270075,True,153.0,0.493,3.157
dataset6_CLINIC_0043_data,grupo 3,11,4.91,0.0,0,ok,0.29927007299270075,True,153.0,0.493,3.157
dataset6_CLINIC_0043_data,grupo 3,11,7.3,0.0,0,ok,0.29927007299270075,True,153.0,0.493,3.157
dataset6_CLINIC_0043_data,grupo 3,12,7.0,2.1437644958496094,2,ok,0.21897810218978103,True,153.0,4.377,1.765
dataset6_CLINIC_0043_data,grupo 3,12,4.91,1.0987645387649536,1,ok,0.21897810218978103,True,153.0,4.377,1.765
dataset6_CLINIC_0043_data,grupo 3,12,7.3,2.293764591217041,2,ok,0.21897810218978103,True,153.0,4.377,1.765
dataset6_CLINIC_0043_data,grupo 3,13,7.0,0.0,0,ok,0.1897810218978102,True,153.0,6.641,1.286
dataset6_CLINIC_0043_data,grupo 3,13,4.91,0.0,0,ok,0.1897810218978102,True,153.0,6.641,1.286
dataset6_CLINIC_0043_data,grupo 3,13,7.3,0.08062267303466797,1,ok,0.1897810218978102,True,153.0,6.641,1.286
dataset6_CLINIC_0043_data,grupo 3,14,7.0,0.0,0,ok,0.4233576642335766,True,153.0,1.987,1.312
dataset6_CLINIC_0043_data,grupo 3,14,4.91,0.0,0,ok,0.4233576642335766,True,153.0,1.987,1.312
dataset6_CLINIC_0043_data,grupo 3,14,7.3,0.0,0,ok,0.4233576642335766,True,153.0,1.987,1.312
dataset6_CLINIC_0043_data,grupo 3,15,7.0,0.0,0,ok,0.36496350364963503,True,153.0,1.958,2.759
dataset6_CLINIC_0043_data,grupo 3,15,4.91,0.0,0,ok,0.36496350364963503,True,153.0,1.958,2.759
dataset6_CLINIC_0043_data,grupo 3,15,7.3,0.0,0,ok,0.36496350364963503,True,153.0,1.958,2.759
dataset6_CLINIC_0043_data,grupo 3,16,7.0,0.0960228443145752,1,ok,0.4233576642335766,True,153.0,1.301,3.415
dataset6_CLINIC_0043_data,grupo 3,16,4.91,0.0,0,ok,0.4233576642335766,True,153.0,1.301,3.415
dataset6_CLINIC_0043_data,grupo 3,16,7.3,0.24602293968200684,1,ok,0.4233576642335766,True,153.0,1.301,3.415
dataset6_CLINIC_0043_data,grupo 3,17,7.0,1.950971007347107,1,ok,0.058394160583941604,True,153.0,5.321,0.953
dataset6_CLINIC_0043_data,grupo 3,17,4.91,0.9059709310531616,1,ok,0.058394160583941604,True,153.0,5.321,0.953
dataset6_CLINIC_0043_data,grupo 3,17,7.3,2.100971221923828,2,ok,0.058394160583941604,True,153.0,5.321,0.953
dataset6_CLINIC_0043_data,grupo 3,18,7.0,0.0,0,ok,0.40145985401459855,True,153.0,3.666,0.748
dataset6_CLINIC_0043_data,grupo 3,18,4.91,0.0,0,ok,0.40145985401459855,True,153.0,3.666,0.748
dataset6_CLINIC_0043_data,grupo 3,18,7.3,0.0,0,ok,0.40145985401459855,True,153.0,3.666,0.748
dataset6_CLINIC_0043_data,grupo 3,19,7.0,0.0,0,ok,0.32116788321167883,True,153.0,0.882,2.312
dataset6_CLINIC_0043_data,grupo 3,19,4.91,0.0,0,ok,0.32116788321167883,True,153.0,0.882,2.312
dataset6_CLINIC_0043_data,grupo 3,19,7.3,0.0,0,ok,0.32116788321167883,True,153.0,0.882,2.312
dataset6_CLINIC_0043_data,grupo 3,20,7.0,0.0,0,ok,0.4233576642335766,True,153.0,0.532,0.718
dataset6_CLINIC_0043_data,grupo 3,20,4.91,0.0,0,ok,0.4233576642335766,True,153.0,0.532,0.718
dataset6_CLINIC_0043_data,grupo 3,20,7.3,0.0,0,ok,0.4233576642335766,True,153.0,0.532,0.718
dataset6_CLINIC_0043_data,grupo 3,21,7.0,0.0,0,ok,0.48905109489051096,True,153.0,3.715,2.994
dataset6_CLINIC_0043_data,grupo 3,21,4.91,0.0,0,ok,0.48905109489051096,True,153.0,3.715,2.994
dataset6_CLINIC_0043_data,grupo 3,21,7.3,0.0,0,ok,0.48905109489051096,True,153.0,3.715,2.994
dataset6_CLINIC_0043_data,grupo 3,22,7.0,0.0,0,ok,0.43795620437956206,True,153.0,1.604,1.368
dataset6_CLINIC_0043_data,grupo 3,22,4.91,0.0,0,ok,0.43795620437956206,True,153.0,1.604,1.368
dataset6_CLINIC_0043_data,grupo 3,22,7.3,0.0,0,ok,0.43795620437956206,True,153.0,1.604,1.368
dataset6_CLINIC_0043_data,grupo 3,23,7.0,0.8916332721710205,1,ok,0.20437956204379562,True,153.0,3.004,2.045
dataset6_CLINIC_0043_data,grupo 3,23,4.91,0.0,0,ok,0.20437956204379562,True,153.0,3.004,2.045
dataset6_CLINIC_0043_data,grupo 3,23,7.3,1.0416333675384521,1,ok,0.20437956204379562,True,153.0,3.004,2.045
dataset6_CLINIC_0043_data,grupo 3,24,7.0,0.0,0,ok,0.4744525547445255,True,153.0,3.089,1.041
dataset6_CLINIC_0043_data,grupo 3,24,4.91,0.0,0,ok,0.4744525547445255,True,153.0,3.089,1.041
dataset6_CLINIC_0043_data,grupo 3,24,7.3,0.0,0,ok,0.4744525547445255,True,153.0,3.089,1.041
dataset6_CLINIC_0043_data,grupo 3,25,7.0,0.0,0,ok,0.3795620437956204,True,153.0,0.429,0.767
dataset6_CLINIC_0043_data,grupo 3,25,4.91,0.0,0,ok,0.3795620437956204,True,153.0,0.429,0.767
dataset6_CLINIC_0043_data,grupo 3,25,7.3,0.0,0,ok,0.3795620437956204,True,153.0,0.429,0.767
dataset6_CLINIC_0043_data,grupo 3,26,7.0,0.0,0,ok,0.39416058394160586,True,153.0,0.609,2.355
dataset6_CLINIC_0043_data,grupo 3,26,4.91,0.0,0,ok,0.39416058394160586,True,153.0,0.609,2.355
dataset6_CLINIC_0043_data,grupo 3,26,7.3,0.0,0,ok,0.39416058394160586,True,153.0,0.609,2.355
dataset6_CLINIC_0043_data,grupo 3,27,7.0,0.0,0,ok,0.34306569343065696,True,153.0,0.553,1.859
dataset6_CLINIC_0043_data,grupo 3,27,4.91,0.0,0,ok,0.34306569343065696,True,153.0,0.553,1.859
dataset6_CLINIC_0043_data,grupo 3,27,7.3,0.0,0,ok,0.34306569343065696,True,153.0,0.553,1.859
dataset6_CLINIC_0043_data,grupo 3,28,7.0,0.0,0,ok,0.4306569343065693,True,153.0,2.348,0.871
dataset6_CLINIC_0043_data,grupo 3,28,4.91,0.0,0,ok,0.4306569343065693,True,153.0,2.348,0.871
dataset6_CLINIC_0043_data,grupo 3,28,7.3,0.0,0,ok,0.4306569343065693,True,153.0,2.348,0.871
dataset6_CLINIC_0043_data,grupo 3,29,7.0,0.0,0,ok,0.35036496350364965,True,153.0,1.029,0.224
dataset6_CLINIC_0043_data,grupo 3,29,4.91,0.0,0,ok,0.35036496350364965,True,153.0,1.029,0.224
dataset6_CLINIC_0043_data,grupo 3,29,7.3,0.0,0,ok,0.35036496350364965,True,153.0,1.029,0.224
dataset6_CLINIC_0043_data,grupo 3,30,7.0,0.0,0,ok,0.3795620437956204,True,153.0,0.436,2.142
dataset6_CLINIC_0043_data,grupo 3,30,4.91,0.0,0,ok,0.3795620437956204,True,153.0,0.436,2.142
dataset6_CLINIC_0043_data,grupo 3,30,7.3,0.0,0,ok,0.3795620437956204,True,153.0,0.436,2.142
dataset6_CLINIC_0043_data,grupo 3,31,7.0,6.041705131530762,3,ok,0.03418803418803419,True,153.0,7.232,2.163
dataset6_CLINIC_0043_data,grupo 3,31,4.91,4.996705055236816,3,ok,0.03418803418803419,True,153.0,7.232,2.163
dataset6_CLINIC_0043_data,grupo 3,31,7.3,6.191705226898193,3,ok,0.03418803418803419,True,153.0,7.232,2.163
dataset6_CLINIC_0043_data,grupo 3,32,7.0,0.0,0,ok,0.3357664233576642,True,153.0,1.829,0.479
dataset6_CLINIC_0043_data,grupo 3,32,4.91,0.0,0,ok,0.3357664233576642,True,153.0,1.829,0.479
dataset6_CLINIC_0043_data,grupo 3,32,7.3,0.0,0,ok,0.3357664233576642,True,153.0,1.829,0.479
dataset6_CLINIC_0043_data,grupo 3,33,7.0,0.0,0,ok,0.4233576642335766,True,153.0,3.165,0.739
dataset6_CLINIC_0043_data,grupo 3,33,4.91,0.0,0,ok,0.4233576642335766,True,153.0,3.165,0.739
dataset6_CLINIC_0043_data,grupo 3,33,7.3,0.0,0,ok,0.4233576642335766,True,153.0,3.165,0.739
dataset6_CLINIC_0043_data,grupo 3,34,7.0,0.0,0,ok,0.36496350364963503,True,153.0,0.729,1.446
dataset6_CLINIC_0043_data,grupo 3,34,4.91,0.0,0,ok,0.36496350364963503,True,153.0,0.729,1.446
dataset6_CLINIC_0043_data,grupo 3,34,7.3,0.0,0,ok,0.36496350364963503,True,153.0,0.729,1.446
dataset6_CLINIC_0043_data,grupo 3,35,7.0,0.0,0,ok,0.43795620437956206,True,153.0,1.518,1.123
dataset6_CLINIC_0043_data,grupo 3,35,4.91,0.0,0,ok,0.43795620437956206,True,153.0,1.518,1.123
dataset6_CLINIC_0043_data,grupo 3,35,7.3,0.0,0,ok,0.43795620437956206,True,153.0,1.518,1.123
dataset6_CLINIC_0043_data,grupo 3,36,7.0,0.0,0,ok,0.38686131386861317,True,153.0,1.717,1.222
dataset6_CLINIC_0043_data,grupo 3,36,4.91,0.0,0,ok,0.38686131386861317,True,153.0,1.717,1.222
dataset6_CLINIC_0043_data,grupo 3,36,7.3,0.0,0,ok,0.38686131386861317,True,153.0,1.717,1.222
dataset6_CLINIC_0043_data,grupo 3,37,7.0,0.0,0,ok,0.35036496350364965,True,153.0,0.856,0.888
dataset6_CLINIC_0043_data,grupo 3,37,4.91,0.0,0,ok,0.35036496350364965,True,153.0,0.856,0.888
dataset6_CLINIC_0043_data,grupo 3,37,7.3,0.0,0,ok,0.35036496350364965,True,153.0,0.856,0.888
dataset6_CLINIC_0043_data,grupo 3,38,7.0,0.0,0,ok,0.45255474452554745,True,153.0,1.723,1.266
dataset6_CLINIC_0043_data,grupo 3,38,4.91,0.0,0,ok,0.45255474452554745,True,153.0,1.723,1.266
dataset6_CLINIC_0043_data,grupo 3,38,7.3,0.0,0,ok,0.45255474452554745,True,153.0,1.723,1.266
dataset6_CLINIC_0043_data,grupo 3,39,7.0,0.0,0,ok,0.3357664233576642,True,153.0,1.484,2.029
dataset6_CLINIC_0043_data,grupo 3,39,4.91,0.0,0,ok,0.3357664233576642,True,153.0,1.484,2.029
dataset6_CLINIC_0043_data,grupo 3,39,7.3,0.0,0,ok,0.3357664233576642,True,153.0,1.484,2.029
dataset6_CLINIC_0043_data,grupo 3,40,7.0,0.0,0,ok,0.35036496350364965,True,153.0,0.168,2.746
dataset6_CLINIC_0043_data,grupo 3,40,4.91,0.0,0,ok,0.35036496350364965,True,153.0,0.168,2.746
dataset6_CLINIC_0043_data,grupo 3,40,7.3,0.0,0,ok,0.35036496350364965,True,153.0,0.168,2.746
dataset6_CLINIC_0043_data,grupo 3,41,7.0,0.0,0,ok,0.40875912408759124,True,153.0,1.662,1.607
dataset6_CLINIC_0043_data,grupo 3,41,4.91,0.0,0,ok,0.40875912408759124,True,153.0,1.662,1.607
dataset6_CLINIC_0043_data,grupo 3,41,7.3,0.06707239151000977,1,ok,0.40875912408759124,True,153.0,1.662,1.607
dataset6_CLINIC_0043_data,grupo 3,42,7.0,0.0,0,ok,0.22627737226277372,True,153.0,2.703,0.204
dataset6_CLINIC_0043_data,grupo 3,42,4.91,0.0,0,ok,0.22627737226277372,True,153.0,2.703,0.204
dataset6_CLINIC_0043_data,grupo 3,42,7.3,0.0,0,ok,0.22627737226277372,True,153.0,2.703,0.204
dataset6_CLINIC_0043_data,grupo 3,43,7.0,0.0,0,ok,0.4233576642335766,True,153.0,2.78,0.024
dataset6_CLINIC_0043_data,grupo 3,43,4.91,0.0,0,ok,0.4233576642335766,True,153.0,2.78,0.024
dataset6_CLINIC_0043_data,grupo 3,43,7.3,0.0,0,ok,0.4233576642335766,True,153.0,2.78,0.024
dataset6_CLINIC_0043_data,grupo 3,44,7.0,3.561861991882324,2,ok,0.1450381679389313,True,153.0,5.464,0.312
dataset6_CLINIC_0043_data,grupo 3,44,4.91,2.516861915588379,2,ok,0.1450381679389313,True,153.0,5.464,0.312
dataset6_CLINIC_0043_data,grupo 3,44,7.3,3.711862087249756,2,ok,0.1450381679389313,True,153.0,5.464,0.312
dataset6_CLINIC_0043_data,grupo 3,45,7.0,0.0,0,ok,0.35036496350364965,True,153.0,1.185,1.662
dataset6_CLINIC_0043_data,grupo 3,45,4.91,0.0,0,ok,0.35036496350364965,True,153.0,1.185,1.662
dataset6_CLINIC_0043_data,grupo 3,45,7.3,0.0,0,ok,0.35036496350364965,True,153.0,1.185,1.662
dataset6_CLINIC_0043_data,grupo 3,46,7.0,1.4985606670379639,1,ok,0.021897810218978103,True,153.0,5.355,0.543
dataset6_CLINIC_0043_data,grupo 3,46,4.91,0.45356059074401855,1,ok,0.021897810218978103,True,153.0,5.355,0.543
dataset6_CLINIC_0043_data,grupo 3,46,7.3,1.6485607624053955,1,ok,0.021897810218978103,True,153.0,5.355,0.543
dataset6_CLINIC_0043_data,grupo 3,47,7.0,0.0,0,ok,0.4233576642335766,True,153.0,0.579,0.413
dataset6_CLINIC_0043_data,grupo 3,47,4.91,0.0,0,ok,0.4233576642335766,True,153.0,0.579,0.413
dataset6_CLINIC_0043_data,grupo 3,47,7.3,0.0,0,ok,0.4233576642335766,True,153.0,0.579,0.413
dataset6_CLINIC_0043_data,grupo 3,48,7.0,0.0,0,ok,0.3795620437956204,True,153.0,0.488,1.326
dataset6_CLINIC_0043_data,grupo 3,48,4.91,0.0,0,ok,0.3795620437956204,True,153.0,0.488,1.326
dataset6_CLINIC_0043_data,grupo 3,48,7.3,0.0,0,ok,0.3795620437956204,True,153.0,0.488,1.326
dataset6_CLINIC_0043_data,grupo 3,49,7.0,0.0,0,ok,0.32116788321167883,True,153.0,0.502,1.897
dataset6_CLINIC_0043_data,grupo 3,49,4.91,0.0,0,ok,0.32116788321167883,True,153.0,0.502,1.897
dataset6_CLINIC_0043_data,grupo 3,49,7.3,0.0,0,ok,0.32116788321167883,True,153.0,0.502,1.897
dataset6_CLINIC_0042_data,grupo 3,0,7.0,1.6577335596084595,1,ok,0.5126050420168067,False,134.0,1.826,0.243
dataset6_CLINIC_0042_data,grupo 3,0,4.91,0.6127334833145142,1,ok,0.5126050420168067,False,134.0,1.826,0.243
dataset6_CLINIC_0042_data,grupo 3,0,7.3,1.8077336549758911,1,ok,0.5126050420168067,False,134.0,1.826,0.243
dataset6_CLINIC_0042_data,grupo 3,1,7.0,0.8715994358062744,1,ok,0.5210084033613446,False,134.0,1.724,1.865
dataset6_CLINIC_0042_data,grupo 3,1,4.91,0.0,0,ok,0.5210084033613446,False,134.0,1.724,1.865
dataset6_CLINIC_0042_data,grupo 3,1,7.3,1.021599531173706,1,ok,0.5210084033613446,False,134.0,1.724,1.865
dataset6_CLINIC_0042_data,grupo 3,2,7.0,5.788412094116211,3,ok,0.4818181818181818,False,134.0,6.153,0.702
dataset6_CLINIC_0042_data,grupo 3,2,4.91,4.743412017822266,3,ok,0.4818181818181818,False,134.0,6.153,0.702
dataset6_CLINIC_0042_data,grupo 3,2,7.3,5.938411712646484,3,ok,0.4818181818181818,False,134.0,6.153,0.702
dataset6_CLINIC_0042_data,grupo 3,3,7.0,4.259570598602295,3,ok,0.5172413793103449,False,134.0,5.314,0.523
dataset6_CLINIC_0042_data,grupo 3,3,4.91,3.2145702838897705,2,ok,0.5172413793103449,False,134.0,5.314,0.523
dataset6_CLINIC_0042_data,grupo 3,3,7.3,4.409570693969727,3,ok,0.5172413793103449,False,134.0,5.314,0.523
dataset6_CLINIC_0042_data,grupo 3,4,7.0,0.9894161224365234,1,ok,0.5546218487394958,False,134.0,0.848,0.821
dataset6_CLINIC_0042_data,grupo 3,4,4.91,0.0,0,ok,0.5546218487394958,False,134.0,0.848,0.821
dataset6_CLINIC_0042_data,grupo 3,4,7.3,1.139416217803955,1,ok,0.5546218487394958,False,134.0,0.848,0.821
dataset6_CLINIC_0042_data,grupo 3,5,7.0,4.0169677734375,3,ok,0.3879310344827586,False,134.0,2.38,2.631
dataset6_CLINIC_0042_data,grupo 3,5,4.91,2.9719676971435547,2,ok,0.3879310344827586,False,134.0,2.38,2.631
dataset6_CLINIC_0042_data,grupo 3,5,7.3,4.166967868804932,3,ok,0.3879310344827586,False,134.0,2.38,2.631
dataset6_CLINIC_0042_data,grupo 3,6,7.0,1.176790714263916,1,ok,0.5210084033613446,False,134.0,0.842,1.766
dataset6_CLINIC_0042_data,grupo 3,6,4.91,0.1317906379699707,1,ok,0.5210084033613446,False,134.0,0.842,1.766
dataset6_CLINIC_0042_data,grupo 3,6,7.3,1.3267908096313477,1,ok,0.5210084033613446,False,134.0,0.842,1.766
dataset6_CLINIC_0042_data,grupo 3,7,7.0,1.158365249633789,1,ok,0.5210084033613446,False,134.0,1.382,0.895
dataset6_CLINIC_0042_data,grupo 3,7,4.91,0.11336517333984375,1,ok,0.5210084033613446,False,134.0,1.382,0.895
dataset6_CLINIC_0042_data,grupo 3,7,7.3,1.3083653450012207,1,ok,0.5210084033613446,False,134.0,1.382,0.895
dataset6_CLINIC_0042_data,grupo 3,8,7.0,1.9862267971038818,1,ok,0.46218487394957986,False,134.0,1.48,1.749
dataset6_CLINIC_0042_data,grupo 3,8,4.91,0.9412267208099365,1,ok,0.46218487394957986,False,134.0,1.48,1.749
dataset6_CLINIC_0042_data,grupo 3,8,7.3,2.1362268924713135,2,ok,0.46218487394957986,False,134.0,1.48,1.749
dataset6_CLINIC_0042_data,grupo 3,9,7.0,2.643799066543579,2,ok,0.5126050420168067,False,134.0,2.624,0.271
dataset6_CLINIC_0042_data,grupo 3,9,4.91,1.5987989902496338,1,ok,0.5126050420168067,False,134.0,2.624,0.271
dataset6_CLINIC_0042_data,grupo 3,9,7.3,2.7937991619110107,2,ok,0.5126050420168067,False,134.0,2.624,0.271
dataset6_CLINIC_0042_data,grupo 3,10,7.0,1.161487340927124,1,ok,0.5126050420168067,False,134.0,2.213,0.583
dataset6_CLINIC_0042_data,grupo 3,10,4.91,0.11648726463317871,1,ok,0.5126050420168067,False,134.0,2.213,0.583
dataset6_CLINIC_0042_data,grupo 3,10,7.3,1.3114874362945557,1,ok,0.5126050420168067,False,134.0,2.213,0.583
dataset6_CLINIC_0042_data,grupo 3,11,7.0,3.4641313552856445,2,ok,0.4745762711864407,False,134.0,2.983,1.954
dataset6_CLINIC_0042_data,grupo 3,11,4.91,2.419131278991699,2,ok,0.4745762711864407,False,134.0,2.983,1.954
dataset6_CLINIC_0042_data,grupo 3,11,7.3,3.614131450653076,2,ok,0.4745762711864407,False,134.0,2.983,1.954
dataset6_CLINIC_0042_data,grupo 3,12,7.0,2.170166492462158,2,ok,0.4957983193277311,False,134.0,4.093,0.907
dataset6_CLINIC_0042_data,grupo 3,12,4.91,1.125166416168213,1,ok,0.4957983193277311,False,134.0,4.093,0.907
dataset6_CLINIC_0042_data,grupo 3,12,7.3,2.32016658782959,2,ok,0.4957983193277311,False,134.0,4.093,0.907
dataset6_CLINIC_0042_data,grupo 3,13,7.0,1.9978152513504028,1,ok,0.47058823529411764,False,134.0,4.356,0.938
dataset6_CLINIC_0042_data,grupo 3,13,4.91,0.9528151750564575,1,ok,0.47058823529411764,False,134.0,4.356,0.938
dataset6_CLINIC_0042_data,grupo 3,13,7.3,2.147815227508545,2,ok,0.47058823529411764,False,134.0,4.356,0.938
dataset6_CLINIC_0042_data,grupo 3,14,7.0,1.4383609294891357,1,ok,0.4957983193277311,False,134.0,0.309,2.961
dataset6_CLINIC_0042_data,grupo 3,14,4.91,0.39336085319519043,1,ok,0.4957983193277311,False,134.0,0.309,2.961
dataset6_CLINIC_0042_data,grupo 3,14,7.3,1.5883610248565674,1,ok,0.4957983193277311,False,134.0,0.309,2.961
dataset6_CLINIC_0042_data,grupo 3,15,7.0,0.7784967422485352,1,ok,0.5294117647058824,False,134.0,0.221,2.602
dataset6_CLINIC_0042_data,grupo 3,15,4.91,0.0,0,ok,0.5294117647058824,False,134.0,0.221,2.602
dataset6_CLINIC_0042_data,grupo 3,15,7.3,0.9284968376159668,1,ok,0.5294117647058824,False,134.0,0.221,2.602
dataset6_CLINIC_0042_data,grupo 3,16,7.0,1.2168338298797607,1,ok,0.4957983193277311,False,134.0,0.978,0.108
dataset6_CLINIC_0042_data,grupo 3,16,4.91,0.17183375358581543,1,ok,0.4957983193277311,False,134.0,0.978,0.108
dataset6_CLINIC_0042_data,grupo 3,16,7.3,1.3668339252471924,1,ok,0.4957983193277311,False,134.0,0.978,0.108
dataset6_CLINIC_0042_data,grupo 3,17,7.0,5.835896968841553,3,ok,0.4954954954954955,False,134.0,5.624,2.059
dataset6_CLINIC_0042_data,grupo 3,17,4.91,4.790896892547607,3,ok,0.4954954954954955,False,134.0,5.624,2.059
dataset6_CLINIC_0042_data,grupo 3,17,7.3,5.985897064208984,3,ok,0.4954954954954955,False,134.0,5.624,2.059
dataset6_CLINIC_0042_data,grupo 3,18,7.0,1.9882949590682983,1,ok,0.5294117647058824,False,134.0,1.672,0.56
dataset6_CLINIC_0042_data,grupo 3,18,4.91,0.943294882774353,1,ok,0.5294117647058824,False,134.0,1.672,0.56
dataset6_CLINIC_0042_data,grupo 3,18,7.3,2.1382951736450195,2,ok,0.5294117647058824,False,134.0,1.672,0.56
dataset6_CLINIC_0042_data,grupo 3,19,7.0,3.171405792236328,2,ok,0.4957983193277311,False,134.0,3.083,3.78
dataset6_CLINIC_0042_data,grupo 3,19,4.91,2.126405715942383,2,ok,0.4957983193277311,False,134.0,3.083,3.78
dataset6_CLINIC_0042_data,grupo 3,19,7.3,3.3214058876037598,2,ok,0.4957983193277311,False,134.0,3.083,3.78
dataset6_CLINIC_0042_data,grupo 3,20,7.0,0.632549524307251,1,ok,0.5210084033613446,False,134.0,0.318,1.081
dataset6_CLINIC_0042_data,grupo 3,20,4.91,0.0,0,ok,0.5210084033613446,False,134.0,0.318,1.081
dataset6_CLINIC_0042_data,grupo 3,20,7.3,0.7825496196746826,1,ok,0.5210084033613446,False,134.0,0.318,1.081
dataset6_CLINIC_0042_data,grupo 3,21,7.0,0.6072998046875,1,ok,0.5630252100840336,False,134.0,0.906,2.025
dataset6_CLINIC_0042_data,grupo 3,21,4.91,0.0,0,ok,0.5630252100840336,False,134.0,0.906,2.025
dataset6_CLINIC_0042_data,grupo 3,21,7.3,0.7572999000549316,1,ok,0.5630252100840336,False,134.0,0.906,2.025
dataset6_CLINIC_0042_data,grupo 3,22,7.0,0.3588900566101074,1,ok,0.5294117647058824,False,134.0,0.278,1.552
dataset6_CLINIC_0042_data,grupo 3,22,4.91,0.0,0,ok,0.5294117647058824,False,134.0,0.278,1.552
dataset6_CLINIC_0042_data,grupo 3,22,7.3,0.5088901519775391,1,ok,0.5294117647058824,False,134.0,0.278,1.552
dataset6_CLINIC_0042_data,grupo 3,23,7.0,1.331690788269043,1,ok,0.5462184873949579,False,134.0,1.674,1.309
dataset6_CLINIC_0042_data,grupo 3,23,4.91,0.28669071197509766,1,ok,0.5462184873949579,False,134.0,1.674,1.309
dataset6_CLINIC_0042_data,grupo 3,23,7.3,1.4816908836364746,1,ok,0.5462184873949579,False,134.0,1.674,1.309
dataset6_CLINIC_0042_data,grupo 3,24,7.0,4.4180803298950195,3,ok,0.49122807017543857,False,134.0,4.264,2.19
dataset6_CLINIC_0042_data,grupo 3,24,4.91,3.373080253601074,2,ok,0.49122807017543857,False,134.0,4.264,2.19
dataset6_CLINIC_0042_data,grupo 3,24,7.3,4.568080425262451,3,ok,0.49122807017543857,False,134.0,4.264,2.19
dataset6_CLINIC_0042_data,grupo 3,25,7.0,1.2661690711975098,1,ok,0.5210084033613446,False,134.0,0.581,2.342
dataset6_CLINIC_0042_data,grupo 3,25,4.91,0.22116899490356445,1,ok,0.5210084033613446,False,134.0,0.581,2.342
dataset6_CLINIC_0042_data,grupo 3,25,7.3,1.4161691665649414,1,ok,0.5210084033613446,False,134.0,0.581,2.342
dataset6_CLINIC_0042_data,grupo 3,26,7.0,0.35555243492126465,1,ok,0.5294117647058824,False,134.0,0.12,0.364
dataset6_CLINIC_0042_data,grupo 3,26,4.91,0.0,0,ok,0.5294117647058824,False,134.0,0.12,0.364
dataset6_CLINIC_0042_data,grupo 3,26,7.3,0.5055525302886963,1,ok,0.5294117647058824,False,134.0,0.12,0.364
dataset6_CLINIC_0042_data,grupo 3,27,7.0,1.274702548980713,1,ok,0.5210084033613446,False,134.0,3.272,1.357
dataset6_CLINIC_0042_data,grupo 3,27,4.91,0.22970247268676758,1,ok,0.5210084033613446,False,134.0,3.272,1.357
dataset6_CLINIC_0042_data,grupo 3,27,7.3,1.4247026443481445,1,ok,0.5210084033613446,False,134.0,3.272,1.357
dataset6_CLINIC_0042_data,grupo 3,28,7.0,1.41245436668396,1,ok,0.5126050420168067,False,134.0,2.766,0.93
dataset6_CLINIC_0042_data,grupo 3,28,4.91,0.36745429039001465,1,ok,0.5126050420168067,False,134.0,2.766,0.93
dataset6_CLINIC_0042_data,grupo 3,28,7.3,1.5624544620513916,1,ok,0.5126050420168067,False,134.0,2.766,0.93
dataset6_CLINIC_0042_data,grupo 3,29,7.0,4.818570613861084,3,ok,0.4434782608695652,False,134.0,3.823,2.728
dataset6_CLINIC_0042_data,grupo 3,29,4.91,3.7735705375671387,2,ok,0.4434782608695652,False,134.0,3.823,2.728
dataset6_CLINIC_0042_data,grupo 3,29,7.3,4.968570709228516,3,ok,0.4434782608695652,False,134.0,3.823,2.728
dataset6_CLINIC_0042_data,grupo 3,30,7.0,3.9257116317749023,2,ok,0.4576271186440678,False,134.0,0.941,3.991
dataset6_CLINIC_0042_data,grupo 3,30,4.91,2.880711555480957,2,ok,0.4576271186440678,False,134.0,0.941,3.991
dataset6_CLINIC_0042_data,grupo 3,30,7.3,4.075711727142334,3,ok,0.4576271186440678,False,134.0,0.941,3.991
dataset6_CLINIC_0042_data,grupo 3,31,7.0,0.7149975299835205,1,ok,0.5294117647058824,False,134.0,1.019,2.188
dataset6_CLINIC_0042_data,grupo 3,31,4.91,0.0,0,ok,0.5294117647058824,False,134.0,1.019,2.188
dataset6_CLINIC_0042_data,grupo 3,31,7.3,0.8649976253509521,1,ok,0.5294117647058824,False,134.0,1.019,2.188
dataset6_CLINIC_0042_data,grupo 3,32,7.0,1.4370276927947998,1,ok,0.48739495798319327,False,134.0,1.033,1.543
dataset6_CLINIC_0042_data,grupo 3,32,4.91,0.3920276165008545,1,ok,0.48739495798319327,False,134.0,1.033,1.543
dataset6_CLINIC_0042_data,grupo 3,32,7.3,1.5870277881622314,1,ok,0.48739495798319327,False,134.0,1.033,1.543
dataset6_CLINIC_0042_data,grupo 3,33,7.0,1.8760714530944824,1,ok,0.5294117647058824,False,134.0,2.299,3.535
dataset6_CLINIC_0042_data,grupo 3,33,4.91,0.8310713768005371,1,ok,0.5294117647058824,False,134.0,2.299,3.535
dataset6_CLINIC_0042_data,grupo 3,33,7.3,2.026071548461914,2,ok,0.5294117647058824,False,134.0,2.299,3.535
dataset6_CLINIC_0042_data,grupo 3,34,7.0,2.2028937339782715,2,ok,0.4957983193277311,False,134.0,2.098,0.501
dataset6_CLINIC_0042_data,grupo 3,34,4.91,1.1578937768936157,1,ok,0.4957983193277311,False,134.0,2.098,0.501
dataset6_CLINIC_0042_data,grupo 3,34,7.3,2.352893829345703,2,ok,0.4957983193277311,False,134.0,2.098,0.501
dataset6_CLINIC_0042_data,grupo 3,35,7.0,5.0320844650268555,3,ok,0.5304347826086957,False,134.0,4.407,0.804
dataset6_CLINIC_0042_data,grupo 3,35,4.91,3.98708438873291,2,ok,0.5304347826086957,False,134.0,4.407,0.804
dataset6_CLINIC_0042_data,grupo 3,35,7.3,5.182084560394287,3,ok,0.5304347826086957,False,134.0,4.407,0.804
dataset6_CLINIC_0042_data,grupo 3,36,7.0,2.6114330291748047,2,ok,0.40336134453781514,False,134.0,3.388,0.257
dataset6_CLINIC_0042_data,grupo 3,36,4.91,1.5664329528808594,1,ok,0.40336134453781514,False,134.0,3.388,0.257
dataset6_CLINIC_0042_data,grupo 3,36,7.3,2.7614331245422363,2,ok,0.40336134453781514,False,134.0,3.388,0.257
dataset6_CLINIC_0042_data,grupo 3,37,7.0,1.4122323989868164,1,ok,0.5210084033613446,False,134.0,1.073,1.684
dataset6_CLINIC_0042_data,grupo 3,37,4.91,0.3672323226928711,1,ok,0.5210084033613446,False,134.0,1.073,1.684
dataset6_CLINIC_0042_data,grupo 3,37,7.3,1.562232494354248,1,ok,0.5210084033613446,False,134.0,1.073,1.684
dataset6_CLINIC_0042_data,grupo 3,38,7.0,0.7041687965393066,1,ok,0.5294117647058824,False,134.0,0.165,1.584
dataset6_CLINIC_0042_data,grupo 3,38,4.91,0.0,0,ok,0.5294117647058824,False,134.0,0.165,1.584
dataset6_CLINIC_0042_data,grupo 3,38,7.3,0.8541688919067383,1,ok,0.5294117647058824,False,134.0,0.165,1.584
dataset6_CLINIC_0042_data,grupo 3,39,7.0,2.131213665008545,2,ok,0.4957983193277311,False,134.0,0.562,4.258
dataset6_CLINIC_0042_data,grupo 3,39,4.91,1.0862135887145996,1,ok,0.4957983193277311,False,134.0,0.562,4.258
dataset6_CLINIC_0042_data,grupo 3,39,7.3,2.2812137603759766,2,ok,0.4957983193277311,False,134.0,0.562,4.258
dataset6_CLINIC_0042_data,grupo 3,40,7.0,1.3435497283935547,1,ok,0.4957983193277311,False,134.0,0.673,2.343
dataset6_CLINIC_0042_data,grupo 3,40,4.91,0.2985496520996094,1,ok,0.4957983193277311,False,134.0,0.673,2.343
dataset6_CLINIC_0042_data,grupo 3,40,7.3,1.4935498237609863,1,ok,0.4957983193277311,False,134.0,0.673,2.343
dataset6_CLINIC_0042_data,grupo 3,41,7.0,2.536614179611206,2,ok,0.3697478991596639,False,134.0,2.332,2.882
dataset6_CLINIC_0042_data,grupo 3,41,4.91,1.4916141033172607,1,ok,0.3697478991596639,False,134.0,2.332,2.882
dataset6_CLINIC_0042_data,grupo 3,41,7.3,2.6866142749786377,2,ok,0.3697478991596639,False,134.0,2.332,2.882
dataset6_CLINIC_0042_data,grupo 3,42,7.0,3.015643358230591,2,ok,0.3697478991596639,False,134.0,0.919,4.418
dataset6_CLINIC_0042_data,grupo 3,42,4.91,1.970643401145935,1,ok,0.3697478991596639,False,134.0,0.919,4.418
dataset6_CLINIC_0042_data,grupo 3,42,7.3,3.1656434535980225,2,ok,0.3697478991596639,False,134.0,0.919,4.418
dataset6_CLINIC_0042_data,grupo 3,43,7.0,0.9854495525360107,1,ok,0.5294117647058824,False,134.0,1.323,1.91
dataset6_CLINIC_0042_data,grupo 3,43,4.91,0.0,0,ok,0.5294117647058824,False,134.0,1.323,1.91
dataset6_CLINIC_0042_data,grupo 3,43,7.3,1.1354496479034424,1,ok,0.5294117647058824,False,134.0,1.323,1.91
dataset6_CLINIC_0042_data,grupo 3,44,7.0,0.7092440128326416,1,ok,0.5294117647058824,False,134.0,0.488,1.358
dataset6_CLINIC_0042_data,grupo 3,44,4.91,0.0,0,ok,0.5294117647058824,False,134.0,0.488,1.358
dataset6_CLINIC_0042_data,grupo 3,44,7.3,0.8592441082000732,1,ok,0.5294117647058824,False,134.0,0.488,1.358
dataset6_CLINIC_0042_data,grupo 3,45,7.0,1.2984349727630615,1,ok,0.4957983193277311,False,134.0,1.933,2.478
dataset6_CLINIC_0042_data,grupo 3,45,4.91,0.2534348964691162,1,ok,0.4957983193277311,False,134.0,1.933,2.478
dataset6_CLINIC_0042_data,grupo 3,45,7.3,1.4484350681304932,1,ok,0.4957983193277311,False,134.0,1.933,2.478
dataset6_CLINIC_0042_data,grupo 3,46,7.0,1.2428882122039795,1,ok,0.5378151260504201,False,134.0,0.794,2.079
dataset6_CLINIC_0042_data,grupo 3,46,4.91,0.19788813591003418,1,ok,0.5378151260504201,False,134.0,0.794,2.079
dataset6_CLINIC_0042_data,grupo 3,46,7.3,1.3928883075714111,1,ok,0.5378151260504201,False,134.0,0.794,2.079
dataset6_CLINIC_0042_data,grupo 3,47,7.0,0.9397685527801514,1,ok,0.5462184873949579,False,134.0,2.399,1.654
dataset6_CLINIC_0042_data,grupo 3,47,4.91,0.0,0,ok,0.5462184873949579,False,134.0,2.399,1.654
dataset6_CLINIC_0042_data,grupo 3,47,7.3,1.089768648147583,1,ok,0.5462184873949579,False,134.0,2.399,1.654
dataset6_CLINIC_0042_data,grupo 3,48,7.0,5.585582733154297,3,ok,0.4105263157894737,False,134.0,5.035,2.217
dataset6_CLINIC_0042_data,grupo 3,48,4.91,4.540582656860352,3,ok,0.4105263157894737,False,134.0,5.035,2.217
dataset6_CLINIC_0042_data,grupo 3,48,7.3,5.73558235168457,3,ok,0.4105263157894737,False,134.0,5.035,2.217
dataset6_CLINIC_0042_data,grupo 3,49,7.0,3.078059673309326,2,ok,0.5294117647058824,False,134.0,3.15,3.881
dataset6_CLINIC_0042_data,grupo 3,49,4.91,2.033059597015381,2,ok,0.5294117647058824,False,134.0,3.15,3.881
dataset6_CLINIC_0042_data,grupo 3,49,7.3,3.228059768676758,2,ok,0.5294117647058824,False,134.0,3.15,3.881
dataset6_CLINIC_0050_data,grupo 3,0,7.0,0.0,0,ok,0.7175572519083969,True,147.0,0.824,0.036
dataset6_CLINIC_0050_data,grupo 3,0,4.91,0.0,0,ok,0.7175572519083969,True,147.0,0.824,0.036
dataset6_CLINIC_0050_data,grupo 3,0,7.3,0.0,0,ok,0.7175572519083969,False,147.0,0.824,0.036
dataset6_CLINIC_0050_data,grupo 3,1,7.0,0.0,0,ok,0.7099236641221374,True,147.0,0.899,0.031
dataset6_CLINIC_0050_data,grupo 3,1,4.91,0.0,0,ok,0.7099236641221374,True,147.0,0.899,0.031
dataset6_CLINIC_0050_data,grupo 3,1,7.3,0.017528295516967773,1,ok,0.7099236641221374,False,147.0,0.899,0.031
dataset6_CLINIC_0050_data,grupo 3,2,7.0,1.721996545791626,1,ok,0.6870229007633588,True,147.0,3.208,1.454
dataset6_CLINIC_0050_data,grupo 3,2,4.91,0.6769964694976807,1,ok,0.6870229007633588,True,147.0,3.208,1.454
dataset6_CLINIC_0050_data,grupo 3,2,7.3,1.8719966411590576,1,ok,0.6870229007633588,False,147.0,3.208,1.454
dataset6_CLINIC_0050_data,grupo 3,3,7.0,0.655207633972168,1,ok,0.7022900763358778,True,147.0,1.096,1.537
dataset6_CLINIC_0050_data,grupo 3,3,4.91,0.0,0,ok,0.7022900763358778,True,147.0,1.096,1.537
dataset6_CLINIC_0050_data,grupo 3,3,7.3,0.8052077293395996,1,ok,0.7022900763358778,False,147.0,1.096,1.537
dataset6_CLINIC_0050_data,grupo 3,4,7.0,0.0,0,ok,0.7022900763358778,True,147.0,0.629,0.405
dataset6_CLINIC_0050_data,grupo 3,4,4.91,0.0,0,ok,0.7022900763358778,True,147.0,0.629,0.405
dataset6_CLINIC_0050_data,grupo 3,4,7.3,0.0,0,ok,0.7022900763358778,False,147.0,0.629,0.405
dataset6_CLINIC_0050_data,grupo 3,5,7.0,0.0,0,ok,0.7175572519083969,True,147.0,0.183,0.808
dataset6_CLINIC_0050_data,grupo 3,5,4.91,0.0,0,ok,0.7175572519083969,True,147.0,0.183,0.808
dataset6_CLINIC_0050_data,grupo 3,5,7.3,0.0,0,ok,0.7175572519083969,False,147.0,0.183,0.808
dataset6_CLINIC_0050_data,grupo 3,6,7.0,0.0,0,ok,0.7175572519083969,True,147.0,1.066,0.871
dataset6_CLINIC_0050_data,grupo 3,6,4.91,0.0,0,ok,0.7175572519083969,True,147.0,1.066,0.871
dataset6_CLINIC_0050_data,grupo 3,6,7.3,0.0,0,ok,0.7175572519083969,False,147.0,1.066,0.871
dataset6_CLINIC_0050_data,grupo 3,7,7.0,4.274009704589844,3,ok,0.576,True,147.0,6.256,1.808
dataset6_CLINIC_0050_data,grupo 3,7,4.91,3.2290096282958984,2,ok,0.576,True,147.0,6.256,1.808
dataset6_CLINIC_0050_data,grupo 3,7,7.3,4.424009799957275,3,ok,0.576,False,147.0,6.256,1.808
dataset6_CLINIC_0050_data,grupo 3,8,7.0,0.1533370018005371,1,ok,0.6870229007633588,True,147.0,1.936,0.113
dataset6_CLINIC_0050_data,grupo 3,8,4.91,0.0,0,ok,0.6870229007633588,True,147.0,1.936,0.113
dataset6_CLINIC_0050_data,grupo 3,8,7.3,0.30333709716796875,1,ok,0.6870229007633588,False,147.0,1.936,0.113
dataset6_CLINIC_0050_data,grupo 3,9,7.0,0.0,0,ok,0.7175572519083969,True,147.0,0.474,1.012
dataset6_CLINIC_0050_data,grupo 3,9,4.91,0.0,0,ok,0.7175572519083969,True,147.0,0.474,1.012
dataset6_CLINIC_0050_data,grupo 3,9,7.3,0.0,0,ok,0.7175572519083969,False,147.0,0.474,1.012
dataset6_CLINIC_0050_data,grupo 3,10,7.0,0.0,0,ok,0.7251908396946565,True,147.0,0.054,1.466
dataset6_CLINIC_0050_data,grupo 3,10,4.91,0.0,0,ok,0.7251908396946565,True,147.0,0.054,1.466
dataset6_CLINIC_0050_data,grupo 3,10,7.3,0.0,0,ok,0.7251908396946565,False,147.0,0.054,1.466
dataset6_CLINIC_0050_data,grupo 3,11,7.0,0.5031528472900391,1,ok,0.6641221374045801,True,147.0,3.036,0.141
dataset6_CLINIC_0050_data,grupo 3,11,4.91,0.0,0,ok,0.6641221374045801,True,147.0,3.036,0.141
dataset6_CLINIC_0050_data,grupo 3,11,7.3,0.6531529426574707,1,ok,0.6641221374045801,False,147.0,3.036,0.141
dataset6_CLINIC_0050_data,grupo 3,12,7.0,0.8334355354309082,1,ok,0.7099236641221374,True,147.0,2.466,2.536
dataset6_CLINIC_0050_data,grupo 3,12,4.91,0.0,0,ok,0.7099236641221374,True,147.0,2.466,2.536
dataset6_CLINIC_0050_data,grupo 3,12,7.3,0.9834356307983398,1,ok,0.7099236641221374,False,147.0,2.466,2.536
dataset6_CLINIC_0050_data,grupo 3,13,7.0,0.02667522430419922,1,ok,0.6793893129770993,True,147.0,0.958,4.196
dataset6_CLINIC_0050_data,grupo 3,13,4.91,0.0,0,ok,0.6793893129770993,True,147.0,0.958,4.196
dataset6_CLINIC_0050_data,grupo 3,13,7.3,0.17667531967163086,1,ok,0.6793893129770993,False,147.0,0.958,4.196
dataset6_CLINIC_0050_data,grupo 3,14,7.0,0.0,0,ok,0.6717557251908397,True,147.0,1.7,0.161
dataset6_CLINIC_0050_data,grupo 3,14,4.91,0.0,0,ok,0.6717557251908397,True,147.0,1.7,0.161
dataset6_CLINIC_0050_data,grupo 3,14,7.3,0.0,0,ok,0.6717557251908397,False,147.0,1.7,0.161
dataset6_CLINIC_0050_data,grupo 3,15,7.0,0.3751063346862793,1,ok,0.6564885496183206,True,147.0,1.833,2.887
dataset6_CLINIC_0050_data,grupo 3,15,4.91,0.0,0,ok,0.6564885496183206,True,147.0,1.833,2.887
dataset6_CLINIC_0050_data,grupo 3,15,7.3,0.5251064300537109,1,ok,0.6564885496183206,False,147.0,1.833,2.887
dataset6_CLINIC_0050_data,grupo 3,16,7.0,0.0,0,ok,0.7251908396946565,True,147.0,3.557,1.434
dataset6_CLINIC_0050_data,grupo 3,16,4.91,0.0,0,ok,0.7251908396946565,True,147.0,3.557,1.434
dataset6_CLINIC_0050_data,grupo 3,16,7.3,0.0,0,ok,0.7251908396946565,False,147.0,3.557,1.434
dataset6_CLINIC_0050_data,grupo 3,17,7.0,0.0,0,ok,0.7251908396946565,True,147.0,0.829,2.101
dataset6_CLINIC_0050_data,grupo 3,17,4.91,0.0,0,ok,0.7251908396946565,True,147.0,0.829,2.101
dataset6_CLINIC_0050_data,grupo 3,17,7.3,0.0,0,ok,0.7251908396946565,False,147.0,0.829,2.101
dataset6_CLINIC_0050_data,grupo 3,18,7.0,0.7623453140258789,1,ok,0.6870229007633588,True,147.0,2.91,2.941
dataset6_CLINIC_0050_data,grupo 3,18,4.91,0.0,0,ok,0.6870229007633588,True,147.0,2.91,2.941
dataset6_CLINIC_0050_data,grupo 3,18,7.3,0.9123454093933105,1,ok,0.6870229007633588,False,147.0,2.91,2.941
dataset6_CLINIC_0050_data,grupo 3,19,7.0,0.0,0,ok,0.7099236641221374,True,147.0,0.922,2.084
dataset6_CLINIC_0050_data,grupo 3,19,4.91,0.0,0,ok,0.7099236641221374,True,147.0,0.922,2.084
dataset6_CLINIC_0050_data,grupo 3,19,7.3,0.0,0,ok,0.7099236641221374,False,147.0,0.922,2.084
dataset6_CLINIC_0050_data,grupo 3,20,7.0,0.46189093589782715,1,ok,0.6412213740458015,True,147.0,2.826,3.404
dataset6_CLINIC_0050_data,grupo 3,20,4.91,0.0,0,ok,0.6412213740458015,True,147.0,2.826,3.404
dataset6_CLINIC_0050_data,grupo 3,20,7.3,0.6118910312652588,1,ok,0.6412213740458015,False,147.0,2.826,3.404
dataset6_CLINIC_0050_data,grupo 3,21,7.0,0.8257715702056885,1,ok,0.6717557251908397,True,147.0,3.874,1.086
dataset6_CLINIC_0050_data,grupo 3,21,4.91,0.0,0,ok,0.6717557251908397,True,147.0,3.874,1.086
dataset6_CLINIC_0050_data,grupo 3,21,7.3,0.9757716655731201,1,ok,0.6717557251908397,False,147.0,3.874,1.086
dataset6_CLINIC_0050_data,grupo 3,22,7.0,0.0,0,ok,0.6946564885496184,True,147.0,0.201,3.708
dataset6_CLINIC_0050_data,grupo 3,22,4.91,0.0,0,ok,0.6946564885496184,True,147.0,0.201,3.708
dataset6_CLINIC_0050_data,grupo 3,22,7.3,0.0,0,ok,0.6946564885496184,False,147.0,0.201,3.708
dataset6_CLINIC_0050_data,grupo 3,23,7.0,0.0,0,ok,0.7099236641221374,True,147.0,0.924,2.464
dataset6_CLINIC_0050_data,grupo 3,23,4.91,0.0,0,ok,0.7099236641221374,True,147.0,0.924,2.464
dataset6_CLINIC_0050_data,grupo 3,23,7.3,0.0,0,ok,0.7099236641221374,False,147.0,0.924,2.464
dataset6_CLINIC_0050_data,grupo 3,24,7.0,0.803511381149292,1,ok,0.6030534351145038,True,147.0,2.573,2.597
dataset6_CLINIC_0050_data,grupo 3,24,4.91,0.0,0,ok,0.6030534351145038,True,147.0,2.573,2.597
dataset6_CLINIC_0050_data,grupo 3,24,7.3,0.9535114765167236,1,ok,0.6030534351145038,False,147.0,2.573,2.597
dataset6_CLINIC_0050_data,grupo 3,25,7.0,0.0,0,ok,0.6870229007633588,True,147.0,1.388,1.313
dataset6_CLINIC_0050_data,grupo 3,25,4.91,0.0,0,ok,0.6870229007633588,True,147.0,1.388,1.313
dataset6_CLINIC_0050_data,grupo 3,25,7.3,0.0,0,ok,0.6870229007633588,False,147.0,1.388,1.313
dataset6_CLINIC_0050_data,grupo 3,26,7.0,0.0,0,ok,0.6717557251908397,True,147.0,1.735,1.329
dataset6_CLINIC_0050_data,grupo 3,26,4.91,0.0,0,ok,0.6717557251908397,True,147.0,1.735,1.329
dataset6_CLINIC_0050_data,grupo 3,26,7.3,0.0,0,ok,0.6717557251908397,False,147.0,1.735,1.329
dataset6_CLINIC_0050_data,grupo 3,27,7.0,0.0,0,ok,0.6870229007633588,True,147.0,0.287,1.383
dataset6_CLINIC_0050_data,grupo 3,27,4.91,0.0,0,ok,0.6870229007633588,True,147.0,0.287,1.383
dataset6_CLINIC_0050_data,grupo 3,27,7.3,0.0,0,ok,0.6870229007633588,False,147.0,0.287,1.383
dataset6_CLINIC_0050_data,grupo 3,28,7.0,0.0,0,ok,0.6793893129770993,True,147.0,0.964,1.415
dataset6_CLINIC_0050_data,grupo 3,28,4.91,0.0,0,ok,0.6793893129770993,True,147.0,0.964,1.415
dataset6_CLINIC_0050_data,grupo 3,28,7.3,0.0,0,ok,0.6793893129770993,False,147.0,0.964,1.415
dataset6_CLINIC_0050_data,grupo 3,29,7.0,0.0,0,ok,0.7099236641221374,True,147.0,1.281,0.333
dataset6_CLINIC_0050_data,grupo 3,29,4.91,0.0,0,ok,0.7099236641221374,True,147.0,1.281,0.333
dataset6_CLINIC_0050_data,grupo 3,29,7.3,0.0,0,ok,0.7099236641221374,False,147.0,1.281,0.333
dataset6_CLINIC_0050_data,grupo 3,30,7.0,0.0,0,ok,0.6717557251908397,True,147.0,1.879,0.45
dataset6_CLINIC_0050_data,grupo 3,30,4.91,0.0,0,ok,0.6717557251908397,True,147.0,1.879,0.45
dataset6_CLINIC_0050_data,grupo 3,30,7.3,0.0,0,ok,0.6717557251908397,False,147.0,1.879,0.45
dataset6_CLINIC_0050_data,grupo 3,31,7.0,1.3580000400543213,1,ok,0.31297709923664124,True,147.0,3.617,2.037
dataset6_CLINIC_0050_data,grupo 3,31,4.91,0.312999963760376,1,ok,0.31297709923664124,True,147.0,3.617,2.037
dataset6_CLINIC_0050_data,grupo 3,31,7.3,1.508000135421753,1,ok,0.31297709923664124,False,147.0,3.617,2.037
dataset6_CLINIC_0050_data,grupo 3,32,7.0,0.0,0,ok,0.7099236641221374,True,147.0,1.065,0.866
dataset6_CLINIC_0050_data,grupo 3,32,4.91,0.0,0,ok,0.7099236641221374,True,147.0,1.065,0.866
dataset6_CLINIC_0050_data,grupo 3,32,7.3,0.022493600845336914,1,ok,0.7099236641221374,False,147.0,1.065,0.866
dataset6_CLINIC_0050_data,grupo 3,33,7.0,0.0,0,ok,0.6793893129770993,True,147.0,0.672,1.331
dataset6_CLINIC_0050_data,grupo 3,33,4.91,0.0,0,ok,0.6793893129770993,True,147.0,0.672,1.331
dataset6_CLINIC_0050_data,grupo 3,33,7.3,0.0,0,ok,0.6793893129770993,False,147.0,0.672,1.331
dataset6_CLINIC_0050_data,grupo 3,34,7.0,0.2318873405456543,1,ok,0.7557251908396947,True,147.0,2.177,2.121
dataset6_CLINIC_0050_data,grupo 3,34,4.91,0.0,0,ok,0.7557251908396947,True,147.0,2.177,2.121
dataset6_CLINIC_0050_data,grupo 3,34,7.3,0.38188743591308594,1,ok,0.7557251908396947,False,147.0,2.177,2.121
dataset6_CLINIC_0050_data,grupo 3,35,7.0,0.0,0,ok,0.7175572519083969,True,147.0,0.48,1.551
dataset6_CLINIC_0050_data,grupo 3,35,4.91,0.0,0,ok,0.7175572519083969,True,147.0,0.48,1.551
dataset6_CLINIC_0050_data,grupo 3,35,7.3,0.0,0,ok,0.7175572519083969,False,147.0,0.48,1.551
dataset6_CLINIC_0050_data,grupo 3,36,7.0,1.0563795566558838,1,ok,0.4961832061068702,True,147.0,3.547,3.139
dataset6_CLINIC_0050_data,grupo 3,36,4.91,0.011379480361938477,1,ok,0.4961832061068702,True,147.0,3.547,3.139
dataset6_CLINIC_0050_data,grupo 3,36,7.3,1.2063796520233154,1,ok,0.4961832061068702,False,147.0,3.547,3.139
dataset6_CLINIC_0050_data,grupo 3,37,7.0,0.0,0,ok,0.6793893129770993,True,147.0,1.541,1.562
dataset6_CLINIC_0050_data,grupo 3,37,4.91,0.0,0,ok,0.6793893129770993,True,147.0,1.541,1.562
dataset6_CLINIC_0050_data,grupo 3,37,7.3,0.0,0,ok,0.6793893129770993,False,147.0,1.541,1.562
dataset6_CLINIC_0050_data,grupo 3,38,7.0,0.4707024097442627,1,ok,0.732824427480916,True,147.0,3.866,0.001
dataset6_CLINIC_0050_data,grupo 3,38,4.91,0.0,0,ok,0.732824427480916,True,147.0,3.866,0.001
dataset6_CLINIC_0050_data,grupo 3,38,7.3,0.6207025051116943,1,ok,0.732824427480916,False,147.0,3.866,0.001
dataset6_CLINIC_0050_data,grupo 3,39,7.0,0.0,0,ok,0.7099236641221374,True,147.0,0.868,0.875
dataset6_CLINIC_0050_data,grupo 3,39,4.91,0.0,0,ok,0.7099236641221374,True,147.0,0.868,0.875
dataset6_CLINIC_0050_data,grupo 3,39,7.3,0.0,0,ok,0.7099236641221374,False,147.0,0.868,0.875
dataset6_CLINIC_0050_data,grupo 3,40,7.0,1.1203083992004395,1,ok,0.5038167938931297,True,147.0,2.852,0.908
dataset6_CLINIC_0050_data,grupo 3,40,4.91,0.07530832290649414,1,ok,0.5038167938931297,True,147.0,2.852,0.908
dataset6_CLINIC_0050_data,grupo 3,40,7.3,1.270308494567871,1,ok,0.5038167938931297,False,147.0,2.852,0.908
dataset6_CLINIC_0050_data,grupo 3,41,7.0,0.0,0,ok,0.7099236641221374,True,147.0,0.015,1.253
dataset6_CLINIC_0050_data,grupo 3,41,4.91,0.0,0,ok,0.7099236641221374,True,147.0,0.015,1.253
dataset6_CLINIC_0050_data,grupo 3,41,7.3,0.0,0,ok,0.7099236641221374,False,147.0,0.015,1.253
dataset6_CLINIC_0050_data,grupo 3,42,7.0,1.8158223628997803,1,ok,0.44274809160305345,True,147.0,3.262,2.201
dataset6_CLINIC_0050_data,grupo 3,42,4.91,0.770822286605835,1,ok,0.44274809160305345,True,147.0,3.262,2.201
dataset6_CLINIC_0050_data,grupo 3,42,7.3,1.965822458267212,1,ok,0.44274809160305345,False,147.0,3.262,2.201
dataset6_CLINIC_0050_data,grupo 3,43,7.0,2.391606092453003,2,ok,0.6335877862595419,True,147.0,2.833,2.703
dataset6_CLINIC_0050_data,grupo 3,43,4.91,1.3466060161590576,1,ok,0.6335877862595419,True,147.0,2.833,2.703
dataset6_CLINIC_0050_data,grupo 3,43,7.3,2.5416061878204346,2,ok,0.6335877862595419,False,147.0,2.833,2.703
dataset6_CLINIC_0050_data,grupo 3,44,7.0,1.8407825231552124,1,ok,0.26717557251908397,True,147.0,3.896,0.256
dataset6_CLINIC_0050_data,grupo 3,44,4.91,0.7957824468612671,1,ok,0.26717557251908397,True,147.0,3.896,0.256
dataset6_CLINIC_0050_data,grupo 3,44,7.3,1.990782618522644,1,ok,0.26717557251908397,False,147.0,3.896,0.256
dataset6_CLINIC_0050_data,grupo 3,45,7.0,0.6691749095916748,1,ok,0.6946564885496184,True,147.0,3.205,3.916
dataset6_CLINIC_0050_data,grupo 3,45,4.91,0.0,0,ok,0.6946564885496184,True,147.0,3.205,3.916
dataset6_CLINIC_0050_data,grupo 3,45,7.3,0.8191750049591064,1,ok,0.6946564885496184,False,147.0,3.205,3.916
dataset6_CLINIC_0050_data,grupo 3,46,7.0,0.8819754123687744,1,ok,0.6793893129770993,True,147.0,2.748,1.46
dataset6_CLINIC_0050_data,grupo 3,46,4.91,0.0,0,ok,0.6793893129770993,True,147.0,2.748,1.46
dataset6_CLINIC_0050_data,grupo 3,46,7.3,1.031975507736206,1,ok,0.6793893129770993,False,147.0,2.748,1.46
dataset6_CLINIC_0050_data,grupo 3,47,7.0,0.0,0,ok,0.7022900763358778,True,147.0,1.014,1.583
dataset6_CLINIC_0050_data,grupo 3,47,4.91,0.0,0,ok,0.7022900763358778,True,147.0,1.014,1.583
dataset6_CLINIC_0050_data,grupo 3,47,7.3,0.0,0,ok,0.7022900763358778,False,147.0,1.014,1.583
dataset6_CLINIC_0050_data,grupo 3,48,7.0,0.0,0,ok,0.7251908396946565,True,147.0,0.075,0.722
dataset6_CLINIC_0050_data,grupo 3,48,4.91,0.0,0,ok,0.7251908396946565,True,147.0,0.075,0.722
dataset6_CLINIC_0050_data,grupo 3,48,7.3,0.0,0,ok,0.7251908396946565,False,147.0,0.075,0.722
dataset6_CLINIC_0050_data,grupo 3,49,7.0,0.6344244480133057,1,ok,0.7175572519083969,True,147.0,1.698,0.797
dataset6_CLINIC_0050_data,grupo 3,49,4.91,0.0,0,ok,0.7175572519083969,True,147.0,1.698,0.797
dataset6_CLINIC_0050_data,grupo 3,49,7.3,0.7844245433807373,1,ok,0.7175572519083969,False,147.0,1.698,0.797
dataset6_CLINIC_0051_data,grupo 3,0,7.0,0.0,0,ok,0.33793103448275863,True,161.0,1.996,1.192
dataset6_CLINIC_0051_data,grupo 3,0,4.91,0.0,0,ok,0.33793103448275863,True,161.0,1.996,1.192
dataset6_CLINIC_0051_data,grupo 3,0,7.3,0.0,0,ok,0.33793103448275863,True,161.0,1.996,1.192
dataset6_CLINIC_0051_data,grupo 3,1,7.0,0.0,0,ok,0.2206896551724138,True,161.0,0.835,1.77
dataset6_CLINIC_0051_data,grupo 3,1,4.91,0.0,0,ok,0.2206896551724138,True,161.0,0.835,1.77
dataset6_CLINIC_0051_data,grupo 3,1,7.3,0.0,0,ok,0.2206896551724138,True,161.0,0.835,1.77
dataset6_CLINIC_0051_data,grupo 3,2,7.0,0.0,0,ok,0.2206896551724138,True,161.0,1.281,1.924
dataset6_CLINIC_0051_data,grupo 3,2,4.91,0.0,0,ok,0.2206896551724138,True,161.0,1.281,1.924
dataset6_CLINIC_0051_data,grupo 3,2,7.3,0.0,0,ok,0.2206896551724138,True,161.0,1.281,1.924
dataset6_CLINIC_0051_data,grupo 3,3,7.0,1.5382015705108643,1,ok,0.3931034482758621,True,161.0,4.518,0.346
dataset6_CLINIC_0051_data,grupo 3,3,4.91,0.49320149421691895,1,ok,0.3931034482758621,True,161.0,4.518,0.346
dataset6_CLINIC_0051_data,grupo 3,3,7.3,1.688201665878296,1,ok,0.3931034482758621,True,161.0,4.518,0.346
dataset6_CLINIC_0051_data,grupo 3,4,7.0,0.5069396495819092,1,ok,0.19310344827586207,True,161.0,2.822,0.578
dataset6_CLINIC_0051_data,grupo 3,4,4.91,0.0,0,ok,0.19310344827586207,True,161.0,2.822,0.578
dataset6_CLINIC_0051_data,grupo 3,4,7.3,0.6569397449493408,1,ok,0.19310344827586207,True,161.0,2.822,0.578
dataset6_CLINIC_0051_data,grupo 3,5,7.0,0.0,0,ok,0.2482758620689655,True,161.0,0.196,1.212
dataset6_CLINIC_0051_data,grupo 3,5,4.91,0.0,0,ok,0.2482758620689655,True,161.0,0.196,1.212
dataset6_CLINIC_0051_data,grupo 3,5,7.3,0.0,0,ok,0.2482758620689655,True,161.0,0.196,1.212
dataset6_CLINIC_0051_data,grupo 3,6,7.0,0.0,0,ok,0.1724137931034483,True,161.0,2.393,0.902
dataset6_CLINIC_0051_data,grupo 3,6,4.91,0.0,0,ok,0.1724137931034483,True,161.0,2.393,0.902
dataset6_CLINIC_0051_data,grupo 3,6,7.3,0.0,0,ok,0.1724137931034483,True,161.0,2.393,0.902
dataset6_CLINIC_0051_data,grupo 3,7,7.0,0.0,0,ok,0.2896551724137931,True,161.0,0.833,1.358
dataset6_CLINIC_0051_data,grupo 3,7,4.91,0.0,0,ok,0.2896551724137931,True,161.0,0.833,1.358
dataset6_CLINIC_0051_data,grupo 3,7,7.3,0.0,0,ok,0.2896551724137931,True,161.0,0.833,1.358
dataset6_CLINIC_0051_data,grupo 3,8,7.0,0.0,0,ok,0.2689655172413793,True,161.0,1.783,0.077
dataset6_CLINIC_0051_data,grupo 3,8,4.91,0.0,0,ok,0.2689655172413793,True,161.0,1.783,0.077
dataset6_CLINIC_0051_data,grupo 3,8,7.3,0.0,0,ok,0.2689655172413793,True,161.0,1.783,0.077
dataset6_CLINIC_0051_data,grupo 3,9,7.0,1.584472417831421,1,ok,0.15862068965517243,True,161.0,3.463,0.076
dataset6_CLINIC_0051_data,grupo 3,9,4.91,0.5394723415374756,1,ok,0.15862068965517243,True,161.0,3.463,0.076
dataset6_CLINIC_0051_data,grupo 3,9,7.3,1.7344725131988525,1,ok,0.15862068965517243,True,161.0,3.463,0.076
dataset6_CLINIC_0051_data,grupo 3,10,7.0,0.0,0,ok,0.27586206896551724,True,161.0,0.382,0.694
dataset6_CLINIC_0051_data,grupo 3,10,4.91,0.0,0,ok,0.27586206896551724,True,161.0,0.382,0.694
dataset6_CLINIC_0051_data,grupo 3,10,7.3,0.0,0,ok,0.27586206896551724,True,161.0,0.382,0.694
dataset6_CLINIC_0051_data,grupo 3,11,7.0,0.7298929691314697,1,ok,0.2,True,161.0,2.425,2.006
dataset6_CLINIC_0051_data,grupo 3,11,4.91,0.0,0,ok,0.2,True,161.0,2.425,2.006
dataset6_CLINIC_0051_data,grupo 3,11,7.3,0.8798930644989014,1,ok,0.2,True,161.0,2.425,2.006
dataset6_CLINIC_0051_data,grupo 3,12,7.0,1.1139373779296875,1,ok,0.19310344827586207,True,161.0,2.076,1.533
dataset6_CLINIC_0051_data,grupo 3,12,4.91,0.06893730163574219,1,ok,0.19310344827586207,True,161.0,2.076,1.533
dataset6_CLINIC_0051_data,grupo 3,12,7.3,1.2639374732971191,1,ok,0.19310344827586207,True,161.0,2.076,1.533
dataset6_CLINIC_0051_data,grupo 3,13,7.0,0.0,0,ok,0.21379310344827587,True,161.0,2.276,0.428
dataset6_CLINIC_0051_data,grupo 3,13,4.91,0.0,0,ok,0.21379310344827587,True,161.0,2.276,0.428
dataset6_CLINIC_0051_data,grupo 3,13,7.3,0.0,0,ok,0.21379310344827587,True,161.0,2.276,0.428
dataset6_CLINIC_0051_data,grupo 3,14,7.0,0.0,0,ok,0.32413793103448274,True,161.0,2.116,0.76
dataset6_CLINIC_0051_data,grupo 3,14,4.91,0.0,0,ok,0.32413793103448274,True,161.0,2.116,0.76
dataset6_CLINIC_0051_data,grupo 3,14,7.3,0.0,0,ok,0.32413793103448274,True,161.0,2.116,0.76
dataset6_CLINIC_0051_data,grupo 3,15,7.0,0.0,0,ok,0.2620689655172414,True,161.0,1.024,1.897
dataset6_CLINIC_0051_data,grupo 3,15,4.91,0.0,0,ok,0.2620689655172414,True,161.0,1.024,1.897
dataset6_CLINIC_0051_data,grupo 3,15,7.3,0.0,0,ok,0.2620689655172414,True,161.0,1.024,1.897
dataset6_CLINIC_0051_data,grupo 3,16,7.0,0.0681464672088623,1,ok,0.30344827586206896,True,161.0,0.185,2.842
dataset6_CLINIC_0051_data,grupo 3,16,4.91,0.0,0,ok,0.30344827586206896,True,161.0,0.185,2.842
dataset6_CLINIC_0051_data,grupo 3,16,7.3,0.21814656257629395,1,ok,0.30344827586206896,True,161.0,0.185,2.842
dataset6_CLINIC_0051_data,grupo 3,17,7.0,0.0,0,ok,0.23448275862068965,True,161.0,1.585,0.44
dataset6_CLINIC_0051_data,grupo 3,17,4.91,0.0,0,ok,0.23448275862068965,True,161.0,1.585,0.44
dataset6_CLINIC_0051_data,grupo 3,17,7.3,0.0,0,ok,0.23448275862068965,True,161.0,1.585,0.44
dataset6_CLINIC_0051_data,grupo 3,18,7.0,0.0,0,ok,0.32413793103448274,True,161.0,1.659,2.019
dataset6_CLINIC_0051_data,grupo 3,18,4.91,0.0,0,ok,0.32413793103448274,True,161.0,1.659,2.019
dataset6_CLINIC_0051_data,grupo 3,18,7.3,0.0,0,ok,0.32413793103448274,True,161.0,1.659,2.019
dataset6_CLINIC_0051_data,grupo 3,19,7.0,0.0,0,ok,0.22758620689655173,True,161.0,2.655,1.371
dataset6_CLINIC_0051_data,grupo 3,19,4.91,0.0,0,ok,0.22758620689655173,True,161.0,2.655,1.371
dataset6_CLINIC_0051_data,grupo 3,19,7.3,0.0,0,ok,0.22758620689655173,True,161.0,2.655,1.371
dataset6_CLINIC_0051_data,grupo 3,20,7.0,0.0,0,ok,0.2620689655172414,True,161.0,1.444,0.849
dataset6_CLINIC_0051_data,grupo 3,20,4.91,0.0,0,ok,0.2620689655172414,True,161.0,1.444,0.849
dataset6_CLINIC_0051_data,grupo 3,20,7.3,0.0,0,ok,0.2620689655172414,True,161.0,1.444,0.849
dataset6_CLINIC_0051_data,grupo 3,21,7.0,2.0917258262634277,2,ok,0.1724137931034483,True,161.0,3.029,2.231
dataset6_CLINIC_0051_data,grupo 3,21,4.91,1.0467257499694824,1,ok,0.1724137931034483,True,161.0,3.029,2.231
dataset6_CLINIC_0051_data,grupo 3,21,7.3,2.2417259216308594,2,ok,0.1724137931034483,True,161.0,3.029,2.231
dataset6_CLINIC_0051_data,grupo 3,22,7.0,0.0,0,ok,0.31724137931034485,True,161.0,2.86,1.406
dataset6_CLINIC_0051_data,grupo 3,22,4.91,0.0,0,ok,0.31724137931034485,True,161.0,2.86,1.406
dataset6_CLINIC_0051_data,grupo 3,22,7.3,0.0,0,ok,0.31724137931034485,True,161.0,2.86,1.406
dataset6_CLINIC_0051_data,grupo 3,23,7.0,0.0,0,ok,0.2620689655172414,True,161.0,0.487,1.873
dataset6_CLINIC_0051_data,grupo 3,23,4.91,0.0,0,ok,0.2620689655172414,True,161.0,0.487,1.873
dataset6_CLINIC_0051_data,grupo 3,23,7.3,0.0,0,ok,0.2620689655172414,True,161.0,0.487,1.873
dataset6_CLINIC_0051_data,grupo 3,24,7.0,0.0,0,ok,0.23448275862068965,True,161.0,0.438,2.644
dataset6_CLINIC_0051_data,grupo 3,24,4.91,0.0,0,ok,0.23448275862068965,True,161.0,0.438,2.644
dataset6_CLINIC_0051_data,grupo 3,24,7.3,0.0,0,ok,0.23448275862068965,True,161.0,0.438,2.644
dataset6_CLINIC_0051_data,grupo 3,25,7.0,0.6905214786529541,1,ok,0.1793103448275862,True,161.0,2.542,0.982
dataset6_CLINIC_0051_data,grupo 3,25,4.91,0.0,0,ok,0.1793103448275862,True,161.0,2.542,0.982
dataset6_CLINIC_0051_data,grupo 3,25,7.3,0.8405215740203857,1,ok,0.1793103448275862,True,161.0,2.542,0.982
dataset6_CLINIC_0051_data,grupo 3,26,7.0,3.0300004482269287,2,ok,0.14482758620689656,True,161.0,6.374,0.522
dataset6_CLINIC_0051_data,grupo 3,26,4.91,1.9850003719329834,1,ok,0.14482758620689656,True,161.0,6.374,0.522
dataset6_CLINIC_0051_data,grupo 3,26,7.3,3.1800005435943604,2,ok,0.14482758620689656,True,161.0,6.374,0.522
dataset6_CLINIC_0051_data,grupo 3,27,7.0,0.0,0,ok,0.2482758620689655,True,161.0,0.352,0.665
dataset6_CLINIC_0051_data,grupo 3,27,4.91,0.0,0,ok,0.2482758620689655,True,161.0,0.352,0.665
dataset6_CLINIC_0051_data,grupo 3,27,7.3,0.0,0,ok,0.2482758620689655,True,161.0,0.352,0.665
dataset6_CLINIC_0051_data,grupo 3,28,7.0,0.0,0,ok,0.20689655172413793,True,161.0,1.459,1.017
dataset6_CLINIC_0051_data,grupo 3,28,4.91,0.0,0,ok,0.20689655172413793,True,161.0,1.459,1.017
dataset6_CLINIC_0051_data,grupo 3,28,7.3,0.0,0,ok,0.20689655172413793,True,161.0,1.459,1.017
dataset6_CLINIC_0051_data,grupo 3,29,7.0,0.0,0,ok,0.20689655172413793,True,161.0,2.501,1.128
dataset6_CLINIC_0051_data,grupo 3,29,4.91,0.0,0,ok,0.20689655172413793,True,161.0,2.501,1.128
dataset6_CLINIC_0051_data,grupo 3,29,7.3,0.0,0,ok,0.20689655172413793,True,161.0,2.501,1.128
dataset6_CLINIC_0051_data,grupo 3,30,7.0,0.0,0,ok,0.2482758620689655,True,161.0,2.162,0.977
dataset6_CLINIC_0051_data,grupo 3,30,4.91,0.0,0,ok,0.2482758620689655,True,161.0,2.162,0.977
dataset6_CLINIC_0051_data,grupo 3,30,7.3,0.0,0,ok,0.2482758620689655,True,161.0,2.162,0.977
dataset6_CLINIC_0051_data,grupo 3,31,7.0,0.0,0,ok,0.27586206896551724,True,161.0,5.589,0.215
dataset6_CLINIC_0051_data,grupo 3,31,4.91,0.0,0,ok,0.27586206896551724,True,161.0,5.589,0.215
dataset6_CLINIC_0051_data,grupo 3,31,7.3,0.0075609683990478516,1,ok,0.27586206896551724,True,161.0,5.589,0.215
dataset6_CLINIC_0051_data,grupo 3,32,7.0,0.0,0,ok,0.3310344827586207,True,161.0,2.504,0.568
dataset6_CLINIC_0051_data,grupo 3,32,4.91,0.0,0,ok,0.3310344827586207,True,161.0,2.504,0.568
dataset6_CLINIC_0051_data,grupo 3,32,7.3,0.0,0,ok,0.3310344827586207,True,161.0,2.504,0.568
dataset6_CLINIC_0051_data,grupo 3,33,7.0,0.2297053337097168,1,ok,0.31724137931034485,True,161.0,3.446,1.284
dataset6_CLINIC_0051_data,grupo 3,33,4.91,0.0,0,ok,0.31724137931034485,True,161.0,3.446,1.284
dataset6_CLINIC_0051_data,grupo 3,33,7.3,0.37970542907714844,1,ok,0.31724137931034485,True,161.0,3.446,1.284
dataset6_CLINIC_0051_data,grupo 3,34,7.0,1.3515245914459229,1,ok,0.4068965517241379,True,161.0,4.191,0.32
dataset6_CLINIC_0051_data,grupo 3,34,4.91,0.30652451515197754,1,ok,0.4068965517241379,True,161.0,4.191,0.32
dataset6_CLINIC_0051_data,grupo 3,34,7.3,1.5015246868133545,1,ok,0.4068965517241379,True,161.0,4.191,0.32
dataset6_CLINIC_0051_data,grupo 3,35,7.0,0.0,0,ok,0.3586206896551724,True,161.0,3.865,1.559
dataset6_CLINIC_0051_data,grupo 3,35,4.91,0.0,0,ok,0.3586206896551724,True,161.0,3.865,1.559
dataset6_CLINIC_0051_data,grupo 3,35,7.3,0.0,0,ok,0.3586206896551724,True,161.0,3.865,1.559
dataset6_CLINIC_0051_data,grupo 3,36,7.0,0.0,0,ok,0.22758620689655173,True,161.0,2.04,0.295
dataset6_CLINIC_0051_data,grupo 3,36,4.91,0.0,0,ok,0.22758620689655173,True,161.0,2.04,0.295
dataset6_CLINIC_0051_data,grupo 3,36,7.3,0.0,0,ok,0.22758620689655173,True,161.0,2.04,0.295
dataset6_CLINIC_0051_data,grupo 3,37,7.0,1.515017032623291,1,ok,0.1793103448275862,True,161.0,4.087,0.374
dataset6_CLINIC_0051_data,grupo 3,37,4.91,0.4700169563293457,1,ok,0.1793103448275862,True,161.0,4.087,0.374
dataset6_CLINIC_0051_data,grupo 3,37,7.3,1.6650171279907227,1,ok,0.1793103448275862,True,161.0,4.087,0.374
dataset6_CLINIC_0051_data,grupo 3,38,7.0,0.0,0,ok,0.2206896551724138,True,161.0,0.844,0.192
dataset6_CLINIC_0051_data,grupo 3,38,4.91,0.0,0,ok,0.2206896551724138,True,161.0,0.844,0.192
dataset6_CLINIC_0051_data,grupo 3,38,7.3,0.0,0,ok,0.2206896551724138,True,161.0,0.844,0.192
dataset6_CLINIC_0051_data,grupo 3,39,7.0,0.0,0,ok,0.23448275862068965,True,161.0,1.246,0.448
dataset6_CLINIC_0051_data,grupo 3,39,4.91,0.0,0,ok,0.23448275862068965,True,161.0,1.246,0.448
dataset6_CLINIC_0051_data,grupo 3,39,7.3,0.0,0,ok,0.23448275862068965,True,161.0,1.246,0.448
dataset6_CLINIC_0051_data,grupo 3,40,7.0,0.0,0,ok,0.2413793103448276,True,161.0,0.084,0.949
dataset6_CLINIC_0051_data,grupo 3,40,4.91,0.0,0,ok,0.2413793103448276,True,161.0,0.084,0.949
dataset6_CLINIC_0051_data,grupo 3,40,7.3,0.0,0,ok,0.2413793103448276,True,161.0,0.084,0.949
dataset6_CLINIC_0051_data,grupo 3,41,7.0,0.0,0,ok,0.2827586206896552,True,161.0,0.052,2.24
dataset6_CLINIC_0051_data,grupo 3,41,4.91,0.0,0,ok,0.2827586206896552,True,161.0,0.052,2.24
dataset6_CLINIC_0051_data,grupo 3,41,7.3,0.0,0,ok,0.2827586206896552,True,161.0,0.052,2.24
dataset6_CLINIC_0051_data,grupo 3,42,7.0,0.0,0,ok,0.3310344827586207,True,161.0,1.804,1.465
dataset6_CLINIC_0051_data,grupo 3,42,4.91,0.0,0,ok,0.3310344827586207,True,161.0,1.804,1.465
dataset6_CLINIC_0051_data,grupo 3,42,7.3,0.0,0,ok,0.3310344827586207,True,161.0,1.804,1.465
dataset6_CLINIC_0051_data,grupo 3,43,7.0,0.0,0,ok,0.2896551724137931,True,161.0,2.624,2.515
dataset6_CLINIC_0051_data,grupo 3,43,4.91,0.0,0,ok,0.2896551724137931,True,161.0,2.624,2.515
dataset6_CLINIC_0051_data,grupo 3,43,7.3,0.0,0,ok,0.2896551724137931,True,161.0,2.624,2.515
dataset6_CLINIC_0051_data,grupo 3,44,7.0,0.0,0,ok,0.22758620689655173,True,161.0,0.474,0.203
dataset6_CLINIC_0051_data,grupo 3,44,4.91,0.0,0,ok,0.22758620689655173,True,161.0,0.474,0.203
dataset6_CLINIC_0051_data,grupo 3,44,7.3,0.0,0,ok,0.22758620689655173,True,161.0,0.474,0.203
dataset6_CLINIC_0051_data,grupo 3,45,7.0,0.10677289962768555,1,ok,0.20689655172413793,True,161.0,2.02,0.183
dataset6_CLINIC_0051_data,grupo 3,45,4.91,0.0,0,ok,0.20689655172413793,True,161.0,2.02,0.183
dataset6_CLINIC_0051_data,grupo 3,45,7.3,0.2567729949951172,1,ok,0.20689655172413793,True,161.0,2.02,0.183
dataset6_CLINIC_0051_data,grupo 3,46,7.0,0.0,0,ok,0.2620689655172414,True,161.0,0.615,1.133
dataset6_CLINIC_0051_data,grupo 3,46,4.91,0.0,0,ok,0.2620689655172414,True,161.0,0.615,1.133
dataset6_CLINIC_0051_data,grupo 3,46,7.3,0.0,0,ok,0.2620689655172414,True,161.0,0.615,1.133
dataset6_CLINIC_0051_data,grupo 3,47,7.0,0.0,0,ok,0.2827586206896552,True,161.0,1.908,0.701
dataset6_CLINIC_0051_data,grupo 3,47,4.91,0.0,0,ok,0.2827586206896552,True,161.0,1.908,0.701
dataset6_CLINIC_0051_data,grupo 3,47,7.3,0.0,0,ok,0.2827586206896552,True,161.0,1.908,0.701
dataset6_CLINIC_0051_data,grupo 3,48,7.0,0.0,0,ok,0.2413793103448276,True,161.0,0.062,0.38
dataset6_CLINIC_0051_data,grupo 3,48,4.91,0.0,0,ok,0.2413793103448276,True,161.0,0.062,0.38
dataset6_CLINIC_0051_data,grupo 3,48,7.3,0.0,0,ok,0.2413793103448276,True,161.0,0.062,0.38
dataset6_CLINIC_0051_data,grupo 3,49,7.0,5.7284088134765625,3,ok,0.22950819672131148,True,161.0,4.315,4.681
dataset6_CLINIC_0051_data,grupo 3,49,4.91,4.683408737182617,3,ok,0.22950819672131148,True,161.0,4.315,4.681
dataset6_CLINIC_0051_data,grupo 3,49,7.3,5.878409385681152,3,ok,0.22950819672131148,True,161.0,4.315,4.681
dataset6_CLINIC_0045_data,grupo 3,0,7.0,0.0,0,ok,0.3076923076923077,False,106.0,2.42,0.517
dataset6_CLINIC_0045_data,grupo 3,0,4.91,0.0,0,ok,0.3076923076923077,True,106.0,2.42,0.517
dataset6_CLINIC_0045_data,grupo 3,0,7.3,0.0,0,ok,0.3076923076923077,False,106.0,2.42,0.517
dataset6_CLINIC_0045_data,grupo 3,1,7.0,2.532480478286743,2,ok,0.3076923076923077,False,106.0,3.188,3.464
dataset6_CLINIC_0045_data,grupo 3,1,4.91,1.4874804019927979,1,ok,0.3076923076923077,True,106.0,3.188,3.464
dataset6_CLINIC_0045_data,grupo 3,1,7.3,2.682480573654175,2,ok,0.3076923076923077,False,106.0,3.188,3.464
dataset6_CLINIC_0045_data,grupo 3,2,7.0,1.2370333671569824,1,ok,0.31868131868131866,False,106.0,1.851,2.817
dataset6_CLINIC_0045_data,grupo 3,2,4.91,0.1920332908630371,1,ok,0.31868131868131866,True,106.0,1.851,2.817
dataset6_CLINIC_0045_data,grupo 3,2,7.3,1.387033462524414,1,ok,0.31868131868131866,False,106.0,1.851,2.817
dataset6_CLINIC_0045_data,grupo 3,3,7.0,1.318216323852539,1,ok,0.34065934065934067,False,106.0,3.777,1.67
dataset6_CLINIC_0045_data,grupo 3,3,4.91,0.27321624755859375,1,ok,0.34065934065934067,True,106.0,3.777,1.67
dataset6_CLINIC_0045_data,grupo 3,3,7.3,1.4682164192199707,1,ok,0.34065934065934067,False,106.0,3.777,1.67
dataset6_CLINIC_0045_data,grupo 3,4,7.0,0.0,0,ok,0.37362637362637363,False,106.0,1.64,1.196
dataset6_CLINIC_0045_data,grupo 3,4,4.91,0.0,0,ok,0.37362637362637363,True,106.0,1.64,1.196
dataset6_CLINIC_0045_data,grupo 3,4,7.3,0.0604550838470459,1,ok,0.37362637362637363,False,106.0,1.64,1.196
dataset6_CLINIC_0045_data,grupo 3,5,7.0,0.0,0,ok,0.3626373626373626,False,106.0,0.521,2.036
dataset6_CLINIC_0045_data,grupo 3,5,4.91,0.0,0,ok,0.3626373626373626,True,106.0,0.521,2.036
dataset6_CLINIC_0045_data,grupo 3,5,7.3,0.0,0,ok,0.3626373626373626,False,106.0,0.521,2.036
dataset6_CLINIC_0045_data,grupo 3,6,7.0,0.0,0,ok,0.37362637362637363,False,106.0,0.193,2.414
dataset6_CLINIC_0045_data,grupo 3,6,4.91,0.0,0,ok,0.37362637362637363,True,106.0,0.193,2.414
dataset6_CLINIC_0045_data,grupo 3,6,7.3,0.0,0,ok,0.37362637362637363,False,106.0,0.193,2.414
dataset6_CLINIC_0045_data,grupo 3,7,7.0,0.0,0,ok,0.34065934065934067,False,106.0,0.737,2.854
dataset6_CLINIC_0045_data,grupo 3,7,4.91,0.0,0,ok,0.34065934065934067,True,106.0,0.737,2.854
dataset6_CLINIC_0045_data,grupo 3,7,7.3,0.1353750228881836,1,ok,0.34065934065934067,False,106.0,0.737,2.854
dataset6_CLINIC_0045_data,grupo 3,8,7.0,4.434628486633301,3,ok,0.4318181818181818,False,106.0,4.657,0.935
dataset6_CLINIC_0045_data,grupo 3,8,4.91,3.3896281719207764,2,ok,0.4318181818181818,True,106.0,4.657,0.935
dataset6_CLINIC_0045_data,grupo 3,8,7.3,4.584628105163574,3,ok,0.4318181818181818,False,106.0,4.657,0.935
dataset6_CLINIC_0045_data,grupo 3,9,7.0,0.7846925258636475,1,ok,0.24175824175824176,False,106.0,3.866,0.433
dataset6_CLINIC_0045_data,grupo 3,9,4.91,0.0,0,ok,0.24175824175824176,True,106.0,3.866,0.433
dataset6_CLINIC_0045_data,grupo 3,9,7.3,0.9346926212310791,1,ok,0.24175824175824176,False,106.0,3.866,0.433
dataset6_CLINIC_0045_data,grupo 3,10,7.0,0.19377613067626953,1,ok,0.38461538461538464,False,106.0,1.048,3.436
dataset6_CLINIC_0045_data,grupo 3,10,4.91,0.0,0,ok,0.38461538461538464,True,106.0,1.048,3.436
dataset6_CLINIC_0045_data,grupo 3,10,7.3,0.34377622604370117,1,ok,0.38461538461538464,False,106.0,1.048,3.436
dataset6_CLINIC_0045_data,grupo 3,11,7.0,0.1783909797668457,1,ok,0.3626373626373626,False,106.0,0.778,3.636
dataset6_CLINIC_0045_data,grupo 3,11,4.91,0.0,0,ok,0.3626373626373626,True,106.0,0.778,3.636
dataset6_CLINIC_0045_data,grupo 3,11,7.3,0.32839107513427734,1,ok,0.3626373626373626,False,106.0,0.778,3.636
dataset6_CLINIC_0045_data,grupo 3,12,7.0,0.0,0,ok,0.3516483516483517,False,106.0,1.242,0.016
dataset6_CLINIC_0045_data,grupo 3,12,4.91,0.0,0,ok,0.3516483516483517,True,106.0,1.242,0.016
dataset6_CLINIC_0045_data,grupo 3,12,7.3,0.0,0,ok,0.3516483516483517,False,106.0,1.242,0.016
dataset6_CLINIC_0045_data,grupo 3,13,7.0,0.6450755596160889,1,ok,0.3516483516483517,False,106.0,1.256,2.084
dataset6_CLINIC_0045_data,grupo 3,13,4.91,0.0,0,ok,0.3516483516483517,True,106.0,1.256,2.084
dataset6_CLINIC_0045_data,grupo 3,13,7.3,0.7950756549835205,1,ok,0.3516483516483517,False,106.0,1.256,2.084
dataset6_CLINIC_0045_data,grupo 3,14,7.0,0.0,0,ok,0.37362637362637363,False,106.0,0.418,3.667
dataset6_CLINIC_0045_data,grupo 3,14,4.91,0.0,0,ok,0.37362637362637363,True,106.0,0.418,3.667
dataset6_CLINIC_0045_data,grupo 3,14,7.3,0.0,0,ok,0.37362637362637363,False,106.0,0.418,3.667
dataset6_CLINIC_0045_data,grupo 3,15,7.0,0.3215620517730713,1,ok,0.23076923076923078,False,106.0,5.947,5.353
dataset6_CLINIC_0045_data,grupo 3,15,4.91,0.0,0,ok,0.23076923076923078,True,106.0,5.947,5.353
dataset6_CLINIC_0045_data,grupo 3,15,7.3,0.47156214714050293,1,ok,0.23076923076923078,False,106.0,5.947,5.353
dataset6_CLINIC_0045_data,grupo 3,16,7.0,1.2467362880706787,1,ok,0.32967032967032966,False,106.0,3.406,3.234
dataset6_CLINIC_0045_data,grupo 3,16,4.91,0.2017362117767334,1,ok,0.32967032967032966,True,106.0,3.406,3.234
dataset6_CLINIC_0045_data,grupo 3,16,7.3,1.3967363834381104,1,ok,0.32967032967032966,False,106.0,3.406,3.234
dataset6_CLINIC_0045_data,grupo 3,17,7.0,0.0,0,ok,0.3626373626373626,False,106.0,1.452,0.286
dataset6_CLINIC_0045_data,grupo 3,17,4.91,0.0,0,ok,0.3626373626373626,True,106.0,1.452,0.286
dataset6_CLINIC_0045_data,grupo 3,17,7.3,0.0,0,ok,0.3626373626373626,False,106.0,1.452,0.286
dataset6_CLINIC_0045_data,grupo 3,18,7.0,0.7675333023071289,1,ok,0.3076923076923077,False,106.0,5.257,0.556
dataset6_CLINIC_0045_data,grupo 3,18,4.91,0.0,0,ok,0.3076923076923077,True,106.0,5.257,0.556
dataset6_CLINIC_0045_data,grupo 3,18,7.3,0.9175333976745605,1,ok,0.3076923076923077,False,106.0,5.257,0.556
dataset6_CLINIC_0045_data,grupo 3,19,7.0,0.0,0,ok,0.3626373626373626,False,106.0,0.07,1.075
dataset6_CLINIC_0045_data,grupo 3,19,4.91,0.0,0,ok,0.3626373626373626,True,106.0,0.07,1.075
dataset6_CLINIC_0045_data,grupo 3,19,7.3,0.0,0,ok,0.3626373626373626,False,106.0,0.07,1.075
dataset6_CLINIC_0045_data,grupo 3,20,7.0,0.6551060676574707,1,ok,0.34065934065934067,False,106.0,1.452,3.994
dataset6_CLINIC_0045_data,grupo 3,20,4.91,0.0,0,ok,0.34065934065934067,True,106.0,1.452,3.994
dataset6_CLINIC_0045_data,grupo 3,20,7.3,0.8051061630249023,1,ok,0.34065934065934067,False,106.0,1.452,3.994
dataset6_CLINIC_0045_data,grupo 3,21,7.0,2.776993751525879,2,ok,0.32967032967032966,False,106.0,4.814,5.486
dataset6_CLINIC_0045_data,grupo 3,21,4.91,1.7319936752319336,1,ok,0.32967032967032966,True,106.0,4.814,5.486
dataset6_CLINIC_0045_data,grupo 3,21,7.3,2.9269938468933105,2,ok,0.32967032967032966,False,106.0,4.814,5.486
dataset6_CLINIC_0045_data,grupo 3,22,7.0,0.46822690963745117,1,ok,0.27472527472527475,False,106.0,5.365,2.758
dataset6_CLINIC_0045_data,grupo 3,22,4.91,0.0,0,ok,0.27472527472527475,True,106.0,5.365,2.758
dataset6_CLINIC_0045_data,grupo 3,22,7.3,0.6182270050048828,1,ok,0.27472527472527475,False,106.0,5.365,2.758
dataset6_CLINIC_0045_data,grupo 3,23,7.0,2.4335973262786865,2,ok,0.2967032967032967,False,106.0,4.517,1.158
dataset6_CLINIC_0045_data,grupo 3,23,4.91,1.3885972499847412,1,ok,0.2967032967032967,True,106.0,4.517,1.158
dataset6_CLINIC_0045_data,grupo 3,23,7.3,2.583597421646118,2,ok,0.2967032967032967,False,106.0,4.517,1.158
dataset6_CLINIC_0045_data,grupo 3,24,7.0,0.5715186595916748,1,ok,0.3076923076923077,False,106.0,4.031,1.367
dataset6_CLINIC_0045_data,grupo 3,24,4.91,0.0,0,ok,0.3076923076923077,True,106.0,4.031,1.367
dataset6_CLINIC_0045_data,grupo 3,24,7.3,0.7215187549591064,1,ok,0.3076923076923077,False,106.0,4.031,1.367
dataset6_CLINIC_0045_data,grupo 3,25,7.0,0.0,0,ok,0.3516483516483517,False,106.0,2.206,5.997
dataset6_CLINIC_0045_data,grupo 3,25,4.91,0.0,0,ok,0.3516483516483517,True,106.0,2.206,5.997
dataset6_CLINIC_0045_data,grupo 3,25,7.3,0.0,0,ok,0.3516483516483517,False,106.0,2.206,5.997
dataset6_CLINIC_0045_data,grupo 3,26,7.0,0.5549211502075195,1,ok,0.34065934065934067,False,106.0,1.351,2.789
dataset6_CLINIC_0045_data,grupo 3,26,4.91,0.0,0,ok,0.34065934065934067,True,106.0,1.351,2.789
dataset6_CLINIC_0045_data,grupo 3,26,7.3,0.7049212455749512,1,ok,0.34065934065934067,False,106.0,1.351,2.789
dataset6_CLINIC_0045_data,grupo 3,27,7.0,0.0,0,ok,0.37362637362637363,False,106.0,0.584,0.755
dataset6_CLINIC_0045_data,grupo 3,27,4.91,0.0,0,ok,0.37362637362637363,True,106.0,0.584,0.755
dataset6_CLINIC_0045_data,grupo 3,27,7.3,0.0,0,ok,0.37362637362637363,False,106.0,0.584,0.755
dataset6_CLINIC_0045_data,grupo 3,28,7.0,3.0004701614379883,2,ok,0.42857142857142855,False,106.0,3.605,2.783
dataset6_CLINIC_0045_data,grupo 3,28,4.91,1.9554702043533325,1,ok,0.42857142857142855,True,106.0,3.605,2.783
dataset6_CLINIC_0045_data,grupo 3,28,7.3,3.15047025680542,2,ok,0.42857142857142855,False,106.0,3.605,2.783
dataset6_CLINIC_0045_data,grupo 3,29,7.0,0.0,0,ok,0.3516483516483517,False,106.0,2.002,0.693
dataset6_CLINIC_0045_data,grupo 3,29,4.91,0.0,0,ok,0.3516483516483517,True,106.0,2.002,0.693
dataset6_CLINIC_0045_data,grupo 3,29,7.3,0.0,0,ok,0.3516483516483517,False,106.0,2.002,0.693
dataset6_CLINIC_0045_data,grupo 3,30,7.0,1.3034157752990723,1,ok,0.34065934065934067,False,106.0,2.434,1.374
dataset6_CLINIC_0045_data,grupo 3,30,4.91,0.25841569900512695,1,ok,0.34065934065934067,True,106.0,2.434,1.374
dataset6_CLINIC_0045_data,grupo 3,30,7.3,1.453415870666504,1,ok,0.34065934065934067,False,106.0,2.434,1.374
dataset6_CLINIC_0045_data,grupo 3,31,7.0,0.0,0,ok,0.3626373626373626,False,106.0,1.207,2.201
dataset6_CLINIC_0045_data,grupo 3,31,4.91,0.0,0,ok,0.3626373626373626,True,106.0,1.207,2.201
dataset6_CLINIC_0045_data,grupo 3,31,7.3,0.0,0,ok,0.3626373626373626,False,106.0,1.207,2.201
dataset6_CLINIC_0045_data,grupo 3,32,7.0,0.0,0,ok,0.3516483516483517,False,106.0,0.473,0.769
dataset6_CLINIC_0045_data,grupo 3,32,4.91,0.0,0,ok,0.3516483516483517,True,106.0,0.473,0.769
dataset6_CLINIC_0045_data,grupo 3,32,7.3,0.0,0,ok,0.3516483516483517,False,106.0,0.473,0.769
dataset6_CLINIC_0045_data,grupo 3,33,7.0,0.0,0,ok,0.34065934065934067,False,106.0,1.857,0.671
dataset6_CLINIC_0045_data,grupo 3,33,4.91,0.0,0,ok,0.34065934065934067,True,106.0,1.857,0.671
dataset6_CLINIC_0045_data,grupo 3,33,7.3,0.0,0,ok,0.34065934065934067,False,106.0,1.857,0.671
dataset6_CLINIC_0045_data,grupo 3,34,7.0,0.0,0,ok,0.3626373626373626,False,106.0,0.442,0.18
dataset6_CLINIC_0045_data,grupo 3,34,4.91,0.0,0,ok,0.3626373626373626,True,106.0,0.442,0.18
dataset6_CLINIC_0045_data,grupo 3,34,7.3,0.00011920928955078125,1,ok,0.3626373626373626,False,106.0,0.442,0.18
dataset6_CLINIC_0045_data,grupo 3,35,7.0,0.0,0,ok,0.3626373626373626,False,106.0,0.065,2.282
dataset6_CLINIC_0045_data,grupo 3,35,4.91,0.0,0,ok,0.3626373626373626,True,106.0,0.065,2.282
dataset6_CLINIC_0045_data,grupo 3,35,7.3,0.0,0,ok,0.3626373626373626,False,106.0,0.065,2.282
dataset6_CLINIC_0045_data,grupo 3,36,7.0,0.06548929214477539,1,ok,0.3626373626373626,False,106.0,1.427,4.567
dataset6_CLINIC_0045_data,grupo 3,36,4.91,0.0,0,ok,0.3626373626373626,True,106.0,1.427,4.567
dataset6_CLINIC_0045_data,grupo 3,36,7.3,0.21548938751220703,1,ok,0.3626373626373626,False,106.0,1.427,4.567
dataset6_CLINIC_0045_data,grupo 3,37,7.0,0.0,0,ok,0.37362637362637363,False,106.0,1.013,2.456
dataset6_CLINIC_0045_data,grupo 3,37,4.91,0.0,0,ok,0.37362637362637363,True,106.0,1.013,2.456
dataset6_CLINIC_0045_data,grupo 3,37,7.3,0.0,0,ok,0.37362637362637363,False,106.0,1.013,2.456
dataset6_CLINIC_0045_data,grupo 3,38,7.0,1.4290289878845215,1,ok,0.45054945054945056,False,106.0,1.618,5.513
dataset6_CLINIC_0045_data,grupo 3,38,4.91,0.38402891159057617,1,ok,0.45054945054945056,True,106.0,1.618,5.513
dataset6_CLINIC_0045_data,grupo 3,38,7.3,1.5790290832519531,1,ok,0.45054945054945056,False,106.0,1.618,5.513
dataset6_CLINIC_0045_data,grupo 3,39,7.0,0.0,0,ok,0.3516483516483517,False,106.0,1.8,2.663
dataset6_CLINIC_0045_data,grupo 3,39,4.91,0.0,0,ok,0.3516483516483517,True,106.0,1.8,2.663
dataset6_CLINIC_0045_data,grupo 3,39,7.3,0.0,0,ok,0.3516483516483517,False,106.0,1.8,2.663
dataset6_CLINIC_0045_data,grupo 3,40,7.0,0.0,0,ok,0.34065934065934067,False,106.0,0.184,2.105
dataset6_CLINIC_0045_data,grupo 3,40,4.91,0.0,0,ok,0.34065934065934067,True,106.0,0.184,2.105
dataset6_CLINIC_0045_data,grupo 3,40,7.3,0.0,0,ok,0.34065934065934067,False,106.0,0.184,2.105
dataset6_CLINIC_0045_data,grupo 3,41,7.0,0.2509753704071045,1,ok,0.3626373626373626,False,106.0,0.855,2.041
dataset6_CLINIC_0045_data,grupo 3,41,4.91,0.0,0,ok,0.3626373626373626,True,106.0,0.855,2.041
dataset6_CLINIC_0045_data,grupo 3,41,7.3,0.40097546577453613,1,ok,0.3626373626373626,False,106.0,0.855,2.041
dataset6_CLINIC_0045_data,grupo 3,42,7.0,0.0,0,ok,0.3076923076923077,False,106.0,3.053,1.115
dataset6_CLINIC_0045_data,grupo 3,42,4.91,0.0,0,ok,0.3076923076923077,True,106.0,3.053,1.115
dataset6_CLINIC_0045_data,grupo 3,42,7.3,0.0,0,ok,0.3076923076923077,False,106.0,3.053,1.115
dataset6_CLINIC_0045_data,grupo 3,43,7.0,0.5482082366943359,1,ok,0.34065934065934067,False,106.0,1.268,0.604
dataset6_CLINIC_0045_data,grupo 3,43,4.91,0.0,0,ok,0.34065934065934067,True,106.0,1.268,0.604
dataset6_CLINIC_0045_data,grupo 3,43,7.3,0.6982083320617676,1,ok,0.34065934065934067,False,106.0,1.268,0.604
dataset6_CLINIC_0045_data,grupo 3,44,7.0,0.0,0,ok,0.3626373626373626,False,106.0,2.128,1.646
dataset6_CLINIC_0045_data,grupo 3,44,4.91,0.0,0,ok,0.3626373626373626,True,106.0,2.128,1.646
dataset6_CLINIC_0045_data,grupo 3,44,7.3,0.0,0,ok,0.3626373626373626,False,106.0,2.128,1.646
dataset6_CLINIC_0045_data,grupo 3,45,7.0,1.1269266605377197,1,ok,0.34065934065934067,False,106.0,2.792,1.47
dataset6_CLINIC_0045_data,grupo 3,45,4.91,0.08192658424377441,1,ok,0.34065934065934067,True,106.0,2.792,1.47
dataset6_CLINIC_0045_data,grupo 3,45,7.3,1.2769267559051514,1,ok,0.34065934065934067,False,106.0,2.792,1.47
dataset6_CLINIC_0045_data,grupo 3,46,7.0,0.4909250736236572,1,ok,0.3626373626373626,False,106.0,1.099,2.078
dataset6_CLINIC_0045_data,grupo 3,46,4.91,0.0,0,ok,0.3626373626373626,True,106.0,1.099,2.078
dataset6_CLINIC_0045_data,grupo 3,46,7.3,0.6409251689910889,1,ok,0.3626373626373626,False,106.0,1.099,2.078
dataset6_CLINIC_0045_data,grupo 3,47,7.0,0.0,0,ok,0.37362637362637363,False,106.0,0.33,4.06
dataset6_CLINIC_0045_data,grupo 3,47,4.91,0.0,0,ok,0.37362637362637363,True,106.0,0.33,4.06
dataset6_CLINIC_0045_data,grupo 3,47,7.3,0.0,0,ok,0.37362637362637363,False,106.0,0.33,4.06
dataset6_CLINIC_0045_data,grupo 3,48,7.0,0.0,0,ok,0.3516483516483517,False,106.0,1.717,3.406
dataset6_CLINIC_0045_data,grupo 3,48,4.91,0.0,0,ok,0.3516483516483517,True,106.0,1.717,3.406
dataset6_CLINIC_0045_data,grupo 3,48,7.3,0.0,0,ok,0.3516483516483517,False,106.0,1.717,3.406
dataset6_CLINIC_0045_data,grupo 3,49,7.0,0.0,0,ok,0.3516483516483517,False,106.0,0.781,1.994
dataset6_CLINIC_0045_data,grupo 3,49,4.91,0.0,0,ok,0.3516483516483517,True,106.0,0.781,1.994
dataset6_CLINIC_0045_data,grupo 3,49,7.3,0.0,0,ok,0.3516483516483517,False,106.0,0.781,1.994
dataset6_CLINIC_0049_data,grupo 3,0,7.0,0.24488210678100586,1,ok,0.24444444444444444,True,150.0,2.043,1.718
dataset6_CLINIC_0049_data,grupo 3,0,4.91,0.0,0,ok,0.24444444444444444,True,150.0,2.043,1.718
dataset6_CLINIC_0049_data,grupo 3,0,7.3,0.3948822021484375,1,ok,0.24444444444444444,True,150.0,2.043,1.718
dataset6_CLINIC_0049_data,grupo 3,1,7.0,0.0,0,ok,0.3925925925925926,True,150.0,0.079,0.134
dataset6_CLINIC_0049_data,grupo 3,1,4.91,0.0,0,ok,0.3925925925925926,True,150.0,0.079,0.134
dataset6_CLINIC_0049_data,grupo 3,1,7.3,0.0,0,ok,0.3925925925925926,True,150.0,0.079,0.134
dataset6_CLINIC_0049_data,grupo 3,2,7.0,0.5662052631378174,1,ok,0.3111111111111111,True,150.0,2.625,0.73
dataset6_CLINIC_0049_data,grupo 3,2,4.91,0.0,0,ok,0.3111111111111111,True,150.0,2.625,0.73
dataset6_CLINIC_0049_data,grupo 3,2,7.3,0.716205358505249,1,ok,0.3111111111111111,True,150.0,2.625,0.73
dataset6_CLINIC_0049_data,grupo 3,3,7.0,0.0,0,ok,0.37777777777777777,True,150.0,0.475,0.216
dataset6_CLINIC_0049_data,grupo 3,3,4.91,0.0,0,ok,0.37777777777777777,True,150.0,0.475,0.216
dataset6_CLINIC_0049_data,grupo 3,3,7.3,0.0,0,ok,0.37777777777777777,True,150.0,0.475,0.216
dataset6_CLINIC_0049_data,grupo 3,4,7.0,0.0,0,ok,0.3037037037037037,True,150.0,0.978,2.299
dataset6_CLINIC_0049_data,grupo 3,4,4.91,0.0,0,ok,0.3037037037037037,True,150.0,0.978,2.299
dataset6_CLINIC_0049_data,grupo 3,4,7.3,0.0,0,ok,0.3037037037037037,True,150.0,0.978,2.299
dataset6_CLINIC_0049_data,grupo 3,5,7.0,0.0,0,ok,0.4148148148148148,True,150.0,3.657,2.184
dataset6_CLINIC_0049_data,grupo 3,5,4.91,0.0,0,ok,0.4148148148148148,True,150.0,3.657,2.184
dataset6_CLINIC_0049_data,grupo 3,5,7.3,0.0,0,ok,0.4148148148148148,True,150.0,3.657,2.184
dataset6_CLINIC_0049_data,grupo 3,6,7.0,0.0,0,ok,0.2962962962962963,True,150.0,1.081,3.606
dataset6_CLINIC_0049_data,grupo 3,6,4.91,0.0,0,ok,0.2962962962962963,True,150.0,1.081,3.606
dataset6_CLINIC_0049_data,grupo 3,6,7.3,0.0,0,ok,0.2962962962962963,True,150.0,1.081,3.606
dataset6_CLINIC_0049_data,grupo 3,7,7.0,1.6152364015579224,1,ok,0.1111111111111111,True,150.0,4.243,2.704
dataset6_CLINIC_0049_data,grupo 3,7,4.91,0.570236325263977,1,ok,0.1111111111111111,True,150.0,4.243,2.704
dataset6_CLINIC_0049_data,grupo 3,7,7.3,1.765236496925354,1,ok,0.1111111111111111,True,150.0,4.243,2.704
dataset6_CLINIC_0049_data,grupo 3,8,7.0,0.0,0,ok,0.42962962962962964,True,150.0,0.793,5.428
dataset6_CLINIC_0049_data,grupo 3,8,4.91,0.0,0,ok,0.42962962962962964,True,150.0,0.793,5.428
dataset6_CLINIC_0049_data,grupo 3,8,7.3,0.0,0,ok,0.42962962962962964,True,150.0,0.793,5.428
dataset6_CLINIC_0049_data,grupo 3,9,7.0,0.0,0,ok,0.4074074074074074,True,150.0,0.098,0.88
dataset6_CLINIC_0049_data,grupo 3,9,4.91,0.0,0,ok,0.4074074074074074,True,150.0,0.098,0.88
dataset6_CLINIC_0049_data,grupo 3,9,7.3,0.0,0,ok,0.4074074074074074,True,150.0,0.098,0.88
dataset6_CLINIC_0049_data,grupo 3,10,7.0,1.4363412857055664,1,ok,0.45925925925925926,True,150.0,3.439,0.558
dataset6_CLINIC_0049_data,grupo 3,10,4.91,0.3913412094116211,1,ok,0.45925925925925926,True,150.0,3.439,0.558
dataset6_CLINIC_0049_data,grupo 3,10,7.3,1.586341381072998,1,ok,0.45925925925925926,True,150.0,3.439,0.558
dataset6_CLINIC_0049_data,grupo 3,11,7.0,2.262582302093506,2,ok,0.26666666666666666,True,150.0,5.571,2.074
dataset6_CLINIC_0049_data,grupo 3,11,4.91,1.21758234500885,1,ok,0.26666666666666666,True,150.0,5.571,2.074
dataset6_CLINIC_0049_data,grupo 3,11,7.3,2.4125823974609375,2,ok,0.26666666666666666,True,150.0,5.571,2.074
dataset6_CLINIC_0049_data,grupo 3,12,7.0,1.3459365367889404,1,ok,0.22962962962962963,True,150.0,3.603,0.875
dataset6_CLINIC_0049_data,grupo 3,12,4.91,0.3009364604949951,1,ok,0.22962962962962963,True,150.0,3.603,0.875
dataset6_CLINIC_0049_data,grupo 3,12,7.3,1.495936632156372,1,ok,0.22962962962962963,True,150.0,3.603,0.875
dataset6_CLINIC_0049_data,grupo 3,13,7.0,0.0,0,ok,0.4,True,150.0,0.986,2.722
dataset6_CLINIC_0049_data,grupo 3,13,4.91,0.0,0,ok,0.4,True,150.0,0.986,2.722
dataset6_CLINIC_0049_data,grupo 3,13,7.3,0.0,0,ok,0.4,True,150.0,0.986,2.722
dataset6_CLINIC_0049_data,grupo 3,14,7.0,0.0,0,ok,0.34814814814814815,True,150.0,0.548,1.399
dataset6_CLINIC_0049_data,grupo 3,14,4.91,0.0,0,ok,0.34814814814814815,True,150.0,0.548,1.399
dataset6_CLINIC_0049_data,grupo 3,14,7.3,0.0,0,ok,0.34814814814814815,True,150.0,0.548,1.399
dataset6_CLINIC_0049_data,grupo 3,15,7.0,0.0,0,ok,0.37777777777777777,True,150.0,0.151,0.754
dataset6_CLINIC_0049_data,grupo 3,15,4.91,0.0,0,ok,0.37777777777777777,True,150.0,0.151,0.754
dataset6_CLINIC_0049_data,grupo 3,15,7.3,0.0,0,ok,0.37777777777777777,True,150.0,0.151,0.754
dataset6_CLINIC_0049_data,grupo 3,16,7.0,0.044110774993896484,1,ok,0.1259259259259259,True,150.0,3.791,0.867
dataset6_CLINIC_0049_data,grupo 3,16,4.91,0.0,0,ok,0.1259259259259259,True,150.0,3.791,0.867
dataset6_CLINIC_0049_data,grupo 3,16,7.3,0.19411087036132812,1,ok,0.1259259259259259,True,150.0,3.791,0.867
dataset6_CLINIC_0049_data,grupo 3,17,7.0,0.0,0,ok,0.31851851851851853,True,150.0,0.552,0.502
dataset6_CLINIC_0049_data,grupo 3,17,4.91,0.0,0,ok,0.31851851851851853,True,150.0,0.552,0.502
dataset6_CLINIC_0049_data,grupo 3,17,7.3,0.0,0,ok,0.31851851851851853,True,150.0,0.552,0.502
dataset6_CLINIC_0049_data,grupo 3,18,7.0,0.0,0,ok,0.3851851851851852,True,150.0,1.049,3.391
dataset6_CLINIC_0049_data,grupo 3,18,4.91,0.0,0,ok,0.3851851851851852,True,150.0,1.049,3.391
dataset6_CLINIC_0049_data,grupo 3,18,7.3,0.0,0,ok,0.3851851851851852,True,150.0,1.049,3.391
dataset6_CLINIC_0049_data,grupo 3,19,7.0,0.0,0,ok,0.4666666666666667,True,150.0,0.889,0.75
dataset6_CLINIC_0049_data,grupo 3,19,4.91,0.0,0,ok,0.4666666666666667,True,150.0,0.889,0.75
dataset6_CLINIC_0049_data,grupo 3,19,7.3,0.0,0,ok,0.4666666666666667,True,150.0,0.889,0.75
dataset6_CLINIC_0049_data,grupo 3,20,7.0,0.0,0,ok,0.3925925925925926,True,150.0,1.086,0.525
dataset6_CLINIC_0049_data,grupo 3,20,4.91,0.0,0,ok,0.3925925925925926,True,150.0,1.086,0.525
dataset6_CLINIC_0049_data,grupo 3,20,7.3,0.0,0,ok,0.3925925925925926,True,150.0,1.086,0.525
dataset6_CLINIC_0049_data,grupo 3,21,7.0,0.0,0,ok,0.3851851851851852,True,150.0,1.069,2.869
dataset6_CLINIC_0049_data,grupo 3,21,4.91,0.0,0,ok,0.3851851851851852,True,150.0,1.069,2.869
dataset6_CLINIC_0049_data,grupo 3,21,7.3,0.0,0,ok,0.3851851851851852,True,150.0,1.069,2.869
dataset6_CLINIC_0049_data,grupo 3,22,7.0,0.0,0,ok,0.362962962962963,True,150.0,2.103,2.998
dataset6_CLINIC_0049_data,grupo 3,22,4.91,0.0,0,ok,0.362962962962963,True,150.0,2.103,2.998
dataset6_CLINIC_0049_data,grupo 3,22,7.3,0.0,0,ok,0.362962962962963,True,150.0,2.103,2.998
dataset6_CLINIC_0049_data,grupo 3,23,7.0,0.0,0,ok,0.2814814814814815,True,150.0,1.265,1.684
dataset6_CLINIC_0049_data,grupo 3,23,4.91,0.0,0,ok,0.2814814814814815,True,150.0,1.265,1.684
dataset6_CLINIC_0049_data,grupo 3,23,7.3,0.0,0,ok,0.2814814814814815,True,150.0,1.265,1.684
dataset6_CLINIC_0049_data,grupo 3,24,7.0,0.0,0,ok,0.1925925925925926,True,150.0,2.585,1.685
dataset6_CLINIC_0049_data,grupo 3,24,4.91,0.0,0,ok,0.1925925925925926,True,150.0,2.585,1.685
dataset6_CLINIC_0049_data,grupo 3,24,7.3,0.033953189849853516,1,ok,0.1925925925925926,True,150.0,2.585,1.685
dataset6_CLINIC_0049_data,grupo 3,25,7.0,0.0,0,ok,0.4074074074074074,True,150.0,0.005,3.784
dataset6_CLINIC_0049_data,grupo 3,25,4.91,0.0,0,ok,0.4074074074074074,True,150.0,0.005,3.784
dataset6_CLINIC_0049_data,grupo 3,25,7.3,0.0,0,ok,0.4074074074074074,True,150.0,0.005,3.784
dataset6_CLINIC_0049_data,grupo 3,26,7.0,0.06613874435424805,1,ok,0.2518518518518518,True,150.0,2.473,0.15
dataset6_CLINIC_0049_data,grupo 3,26,4.91,0.0,0,ok,0.2518518518518518,True,150.0,2.473,0.15
dataset6_CLINIC_0049_data,grupo 3,26,7.3,0.2161388397216797,1,ok,0.2518518518518518,True,150.0,2.473,0.15
dataset6_CLINIC_0049_data,grupo 3,27,7.0,0.09810328483581543,1,ok,0.2074074074074074,True,150.0,2.652,0.403
dataset6_CLINIC_0049_data,grupo 3,27,4.91,0.0,0,ok,0.2074074074074074,True,150.0,2.652,0.403
dataset6_CLINIC_0049_data,grupo 3,27,7.3,0.24810338020324707,1,ok,0.2074074074074074,True,150.0,2.652,0.403
dataset6_CLINIC_0049_data,grupo 3,28,7.0,0.0,0,ok,0.37037037037037035,True,150.0,0.701,1.494
dataset6_CLINIC_0049_data,grupo 3,28,4.91,0.0,0,ok,0.37037037037037035,True,150.0,0.701,1.494
dataset6_CLINIC_0049_data,grupo 3,28,7.3,0.0,0,ok,0.37037037037037035,True,150.0,0.701,1.494
dataset6_CLINIC_0049_data,grupo 3,29,7.0,0.0,0,ok,0.3333333333333333,True,150.0,0.62,1.31
dataset6_CLINIC_0049_data,grupo 3,29,4.91,0.0,0,ok,0.3333333333333333,True,150.0,0.62,1.31
dataset6_CLINIC_0049_data,grupo 3,29,7.3,0.0,0,ok,0.3333333333333333,True,150.0,0.62,1.31
dataset6_CLINIC_0049_data,grupo 3,30,7.0,0.0,0,ok,0.3111111111111111,True,150.0,0.666,0.499
dataset6_CLINIC_0049_data,grupo 3,30,4.91,0.0,0,ok,0.3111111111111111,True,150.0,0.666,0.499
dataset6_CLINIC_0049_data,grupo 3,30,7.3,0.0,0,ok,0.3111111111111111,True,150.0,0.666,0.499
dataset6_CLINIC_0049_data,grupo 3,31,7.0,0.45757055282592773,1,ok,0.48148148148148145,True,150.0,2.359,5.211
dataset6_CLINIC_0049_data,grupo 3,31,4.91,0.0,0,ok,0.48148148148148145,True,150.0,2.359,5.211
dataset6_CLINIC_0049_data,grupo 3,31,7.3,0.6075706481933594,1,ok,0.48148148148148145,True,150.0,2.359,5.211
dataset6_CLINIC_0049_data,grupo 3,32,7.0,0.0,0,ok,0.37777777777777777,True,150.0,0.58,1.266
dataset6_CLINIC_0049_data,grupo 3,32,4.91,0.0,0,ok,0.37777777777777777,True,150.0,0.58,1.266
dataset6_CLINIC_0049_data,grupo 3,32,7.3,0.0,0,ok,0.37777777777777777,True,150.0,0.58,1.266
dataset6_CLINIC_0049_data,grupo 3,33,7.0,0.672964334487915,1,ok,0.17777777777777778,True,150.0,3.436,0.023
dataset6_CLINIC_0049_data,grupo 3,33,4.91,0.0,0,ok,0.17777777777777778,True,150.0,3.436,0.023
dataset6_CLINIC_0049_data,grupo 3,33,7.3,0.8229644298553467,1,ok,0.17777777777777778,True,150.0,3.436,0.023
dataset6_CLINIC_0049_data,grupo 3,34,7.0,0.0,0,ok,0.3111111111111111,True,150.0,2.559,1.056
dataset6_CLINIC_0049_data,grupo 3,34,4.91,0.0,0,ok,0.3111111111111111,True,150.0,2.559,1.056
dataset6_CLINIC_0049_data,grupo 3,34,7.3,0.0,0,ok,0.3111111111111111,True,150.0,2.559,1.056
dataset6_CLINIC_0049_data,grupo 3,35,7.0,0.0,0,ok,0.37777777777777777,True,150.0,3.002,2.459
dataset6_CLINIC_0049_data,grupo 3,35,4.91,0.0,0,ok,0.37777777777777777,True,150.0,3.002,2.459
dataset6_CLINIC_0049_data,grupo 3,35,7.3,0.0,0,ok,0.37777777777777777,True,150.0,3.002,2.459
dataset6_CLINIC_0049_data,grupo 3,36,7.0,0.21775054931640625,1,ok,0.4666666666666667,True,150.0,3.153,0.397
dataset6_CLINIC_0049_data,grupo 3,36,4.91,0.0,0,ok,0.4666666666666667,True,150.0,3.153,0.397
dataset6_CLINIC_0049_data,grupo 3,36,7.3,0.3677506446838379,1,ok,0.4666666666666667,True,150.0,3.153,0.397
dataset6_CLINIC_0049_data,grupo 3,37,7.0,0.0,0,ok,0.34074074074074073,True,150.0,0.976,0.671
dataset6_CLINIC_0049_data,grupo 3,37,4.91,0.0,0,ok,0.34074074074074073,True,150.0,0.976,0.671
dataset6_CLINIC_0049_data,grupo 3,37,7.3,0.0,0,ok,0.34074074074074073,True,150.0,0.976,0.671
dataset6_CLINIC_0049_data,grupo 3,38,7.0,0.0,0,ok,0.4666666666666667,True,150.0,1.703,1.026
dataset6_CLINIC_0049_data,grupo 3,38,4.91,0.0,0,ok,0.4666666666666667,True,150.0,1.703,1.026
dataset6_CLINIC_0049_data,grupo 3,38,7.3,0.0,0,ok,0.4666666666666667,True,150.0,1.703,1.026
dataset6_CLINIC_0049_data,grupo 3,39,7.0,0.4112377166748047,1,ok,0.37037037037037035,True,150.0,3.9,0.02
dataset6_CLINIC_0049_data,grupo 3,39,4.91,0.0,0,ok,0.37037037037037035,True,150.0,3.9,0.02
dataset6_CLINIC_0049_data,grupo 3,39,7.3,0.5612378120422363,1,ok,0.37037037037037035,True,150.0,3.9,0.02
dataset6_CLINIC_0049_data,grupo 3,40,7.0,0.0,0,ok,0.3333333333333333,True,150.0,0.73,2.094
dataset6_CLINIC_0049_data,grupo 3,40,4.91,0.0,0,ok,0.3333333333333333,True,150.0,0.73,2.094
dataset6_CLINIC_0049_data,grupo 3,40,7.3,0.0,0,ok,0.3333333333333333,True,150.0,0.73,2.094
dataset6_CLINIC_0049_data,grupo 3,41,7.0,0.0,0,ok,0.4,True,150.0,1.175,1.788
dataset6_CLINIC_0049_data,grupo 3,41,4.91,0.0,0,ok,0.4,True,150.0,1.175,1.788
dataset6_CLINIC_0049_data,grupo 3,41,7.3,0.0,0,ok,0.4,True,150.0,1.175,1.788
dataset6_CLINIC_0049_data,grupo 3,42,7.0,0.0,0,ok,0.42962962962962964,True,150.0,3.574,2.514
dataset6_CLINIC_0049_data,grupo 3,42,4.91,0.0,0,ok,0.42962962962962964,True,150.0,3.574,2.514
dataset6_CLINIC_0049_data,grupo 3,42,7.3,0.0,0,ok,0.42962962962962964,True,150.0,3.574,2.514
dataset6_CLINIC_0049_data,grupo 3,43,7.0,0.0,0,ok,0.4074074074074074,True,150.0,0.269,0.454
dataset6_CLINIC_0049_data,grupo 3,43,4.91,0.0,0,ok,0.4074074074074074,True,150.0,0.269,0.454
dataset6_CLINIC_0049_data,grupo 3,43,7.3,0.0,0,ok,0.4074074074074074,True,150.0,0.269,0.454
dataset6_CLINIC_0049_data,grupo 3,44,7.0,0.0,0,ok,0.48148148148148145,True,150.0,3.201,1.458
dataset6_CLINIC_0049_data,grupo 3,44,4.91,0.0,0,ok,0.48148148148148145,True,150.0,3.201,1.458
dataset6_CLINIC_0049_data,grupo 3,44,7.3,0.0,0,ok,0.48148148148148145,True,150.0,3.201,1.458
dataset6_CLINIC_0049_data,grupo 3,45,7.0,0.0,0,ok,0.4,True,150.0,2.247,0.425
dataset6_CLINIC_0049_data,grupo 3,45,4.91,0.0,0,ok,0.4,True,150.0,2.247,0.425
dataset6_CLINIC_0049_data,grupo 3,45,7.3,0.0,0,ok,0.4,True,150.0,2.247,0.425
dataset6_CLINIC_0049_data,grupo 3,46,7.0,0.0,0,ok,0.37037037037037035,True,150.0,0.054,1.162
dataset6_CLINIC_0049_data,grupo 3,46,4.91,0.0,0,ok,0.37037037037037035,True,150.0,0.054,1.162
dataset6_CLINIC_0049_data,grupo 3,46,7.3,0.0,0,ok,0.37037037037037035,True,150.0,0.054,1.162
dataset6_CLINIC_0049_data,grupo 3,47,7.0,0.0,0,ok,0.4740740740740741,True,150.0,1.68,1.24
dataset6_CLINIC_0049_data,grupo 3,47,4.91,0.0,0,ok,0.4740740740740741,True,150.0,1.68,1.24
dataset6_CLINIC_0049_data,grupo 3,47,7.3,0.0,0,ok,0.4740740740740741,True,150.0,1.68,1.24
dataset6_CLINIC_0049_data,grupo 3,48,7.0,0.0,0,ok,0.34074074074074073,True,150.0,2.924,3.335
dataset6_CLINIC_0049_data,grupo 3,48,4.91,0.0,0,ok,0.34074074074074073,True,150.0,2.924,3.335
dataset6_CLINIC_0049_data,grupo 3,48,7.3,0.0,0,ok,0.34074074074074073,True,150.0,2.924,3.335
dataset6_CLINIC_0049_data,grupo 3,49,7.0,0.0,0,ok,0.4444444444444444,True,150.0,0.94,2.001
dataset6_CLINIC_0049_data,grupo 3,49,4.91,0.0,0,ok,0.4444444444444444,True,150.0,0.94,2.001
dataset6_CLINIC_0049_data,grupo 3,49,7.3,0.0,0,ok,0.4444444444444444,True,150.0,0.94,2.001
dataset6_CLINIC_0044_data,grupo 3,0,7.0,1.1304795742034912,1,ok,0.4369747899159664,False,134.0,2.754,0.87
dataset6_CLINIC_0044_data,grupo 3,0,4.91,0.0854794979095459,1,ok,0.4369747899159664,False,134.0,2.754,0.87
dataset6_CLINIC_0044_data,grupo 3,0,7.3,1.2804796695709229,1,ok,0.4369747899159664,False,134.0,2.754,0.87
dataset6_CLINIC_0044_data,grupo 3,1,7.0,2.2084574699401855,2,ok,0.48739495798319327,False,134.0,1.695,1.16
dataset6_CLINIC_0044_data,grupo 3,1,4.91,1.1634575128555298,1,ok,0.48739495798319327,False,134.0,1.695,1.16
dataset6_CLINIC_0044_data,grupo 3,1,7.3,2.358457565307617,2,ok,0.48739495798319327,False,134.0,1.695,1.16
dataset6_CLINIC_0044_data,grupo 3,2,7.0,0.5213601589202881,1,ok,0.4369747899159664,False,134.0,1.929,1.26
dataset6_CLINIC_0044_data,grupo 3,2,4.91,0.0,0,ok,0.4369747899159664,False,134.0,1.929,1.26
dataset6_CLINIC_0044_data,grupo 3,2,7.3,0.6713602542877197,1,ok,0.4369747899159664,False,134.0,1.929,1.26
dataset6_CLINIC_0044_data,grupo 3,3,7.0,0.7414605617523193,1,ok,0.3697478991596639,False,134.0,1.69,2.286
dataset6_CLINIC_0044_data,grupo 3,3,4.91,0.0,0,ok,0.3697478991596639,False,134.0,1.69,2.286
dataset6_CLINIC_0044_data,grupo 3,3,7.3,0.891460657119751,1,ok,0.3697478991596639,False,134.0,1.69,2.286
dataset6_CLINIC_0044_data,grupo 3,4,7.0,0.8557248115539551,1,ok,0.36134453781512604,False,134.0,1.565,1.496
dataset6_CLINIC_0044_data,grupo 3,4,4.91,0.0,0,ok,0.36134453781512604,False,134.0,1.565,1.496
dataset6_CLINIC_0044_data,grupo 3,4,7.3,1.0057249069213867,1,ok,0.36134453781512604,False,134.0,1.565,1.496
dataset6_CLINIC_0044_data,grupo 3,5,7.0,2.5002200603485107,2,ok,0.31932773109243695,False,134.0,5.955,0.485
dataset6_CLINIC_0044_data,grupo 3,5,4.91,1.4552199840545654,1,ok,0.31932773109243695,False,134.0,5.955,0.485
dataset6_CLINIC_0044_data,grupo 3,5,7.3,2.6502201557159424,2,ok,0.31932773109243695,False,134.0,5.955,0.485
dataset6_CLINIC_0044_data,grupo 3,6,7.0,0.26602673530578613,1,ok,0.42016806722689076,False,134.0,1.302,0.896
dataset6_CLINIC_0044_data,grupo 3,6,4.91,0.0,0,ok,0.42016806722689076,False,134.0,1.302,0.896
dataset6_CLINIC_0044_data,grupo 3,6,7.3,0.4160268306732178,1,ok,0.42016806722689076,False,134.0,1.302,0.896
dataset6_CLINIC_0044_data,grupo 3,7,7.0,1.3514413833618164,1,ok,0.3697478991596639,False,134.0,0.626,2.579
dataset6_CLINIC_0044_data,grupo 3,7,4.91,0.3064413070678711,1,ok,0.3697478991596639,False,134.0,0.626,2.579
dataset6_CLINIC_0044_data,grupo 3,7,7.3,1.501441478729248,1,ok,0.3697478991596639,False,134.0,0.626,2.579
dataset6_CLINIC_0044_data,grupo 3,8,7.0,1.94577956199646,1,ok,0.5042016806722689,False,134.0,1.233,1.182
dataset6_CLINIC_0044_data,grupo 3,8,4.91,0.9007794857025146,1,ok,0.5042016806722689,False,134.0,1.233,1.182
dataset6_CLINIC_0044_data,grupo 3,8,7.3,2.0957796573638916,2,ok,0.5042016806722689,False,134.0,1.233,1.182
dataset6_CLINIC_0044_data,grupo 3,9,7.0,1.2475206851959229,1,ok,0.46218487394957986,False,134.0,1.112,3.016
dataset6_CLINIC_0044_data,grupo 3,9,4.91,0.20252060890197754,1,ok,0.46218487394957986,False,134.0,1.112,3.016
dataset6_CLINIC_0044_data,grupo 3,9,7.3,1.3975207805633545,1,ok,0.46218487394957986,False,134.0,1.112,3.016
dataset6_CLINIC_0044_data,grupo 3,10,7.0,3.4151577949523926,2,ok,0.5338983050847458,False,134.0,3.25,1.568
dataset6_CLINIC_0044_data,grupo 3,10,4.91,2.3701577186584473,2,ok,0.5338983050847458,False,134.0,3.25,1.568
dataset6_CLINIC_0044_data,grupo 3,10,7.3,3.565157890319824,2,ok,0.5338983050847458,False,134.0,3.25,1.568
dataset6_CLINIC_0044_data,grupo 3,11,7.0,1.1282241344451904,1,ok,0.3865546218487395,False,134.0,2.718,2.744
dataset6_CLINIC_0044_data,grupo 3,11,4.91,0.08322405815124512,1,ok,0.3865546218487395,False,134.0,2.718,2.744
dataset6_CLINIC_0044_data,grupo 3,11,7.3,1.278224229812622,1,ok,0.3865546218487395,False,134.0,2.718,2.744
dataset6_CLINIC_0044_data,grupo 3,12,7.0,2.3853261470794678,2,ok,0.4957983193277311,False,134.0,2.027,0.298
dataset6_CLINIC_0044_data,grupo 3,12,4.91,1.3403260707855225,1,ok,0.4957983193277311,False,134.0,2.027,0.298
dataset6_CLINIC_0044_data,grupo 3,12,7.3,2.5353262424468994,2,ok,0.4957983193277311,False,134.0,2.027,0.298
dataset6_CLINIC_0044_data,grupo 3,13,7.0,0.5102171897888184,1,ok,0.40336134453781514,False,134.0,0.11,0.252
dataset6_CLINIC_0044_data,grupo 3,13,4.91,0.0,0,ok,0.40336134453781514,False,134.0,0.11,0.252
dataset6_CLINIC_0044_data,grupo 3,13,7.3,0.66021728515625,1,ok,0.40336134453781514,False,134.0,0.11,0.252
dataset6_CLINIC_0044_data,grupo 3,14,7.0,2.3359036445617676,2,ok,0.4117647058823529,False,134.0,2.764,1.121
dataset6_CLINIC_0044_data,grupo 3,14,4.91,1.2909035682678223,1,ok,0.4117647058823529,False,134.0,2.764,1.121
dataset6_CLINIC_0044_data,grupo 3,14,7.3,2.485903739929199,2,ok,0.4117647058823529,False,134.0,2.764,1.121
dataset6_CLINIC_0044_data,grupo 3,15,7.0,0.5368058681488037,1,ok,0.4369747899159664,False,134.0,1.173,0.279
dataset6_CLINIC_0044_data,grupo 3,15,4.91,0.0,0,ok,0.4369747899159664,False,134.0,1.173,0.279
dataset6_CLINIC_0044_data,grupo 3,15,7.3,0.6868059635162354,1,ok,0.4369747899159664,False,134.0,1.173,0.279
dataset6_CLINIC_0044_data,grupo 3,16,7.0,0.3844888210296631,1,ok,0.4789915966386555,False,134.0,1.114,1.867
dataset6_CLINIC_0044_data,grupo 3,16,4.91,0.0,0,ok,0.4789915966386555,False,134.0,1.114,1.867
dataset6_CLINIC_0044_data,grupo 3,16,7.3,0.5344889163970947,1,ok,0.4789915966386555,False,134.0,1.114,1.867
dataset6_CLINIC_0044_data,grupo 3,17,7.0,0.01698136329650879,1,ok,0.37815126050420167,False,134.0,0.083,2.844
dataset6_CLINIC_0044_data,grupo 3,17,4.91,0.0,0,ok,0.37815126050420167,False,134.0,0.083,2.844
dataset6_CLINIC_0044_data,grupo 3,17,7.3,0.16698145866394043,1,ok,0.37815126050420167,False,134.0,0.083,2.844
dataset6_CLINIC_0044_data,grupo 3,18,7.0,0.0,0,ok,0.4789915966386555,False,134.0,0.041,0.625
dataset6_CLINIC_0044_data,grupo 3,18,4.91,0.0,0,ok,0.4789915966386555,False,134.0,0.041,0.625
dataset6_CLINIC_0044_data,grupo 3,18,7.3,0.0,0,ok,0.4789915966386555,False,134.0,0.041,0.625
dataset6_CLINIC_0044_data,grupo 3,19,7.0,0.0,0,ok,0.4117647058823529,False,134.0,0.603,1.2
dataset6_CLINIC_0044_data,grupo 3,19,4.91,0.0,0,ok,0.4117647058823529,False,134.0,0.603,1.2
dataset6_CLINIC_0044_data,grupo 3,19,7.3,0.0,0,ok,0.4117647058823529,False,134.0,0.603,1.2
dataset6_CLINIC_0044_data,grupo 3,20,7.0,0.7738933563232422,1,ok,0.47058823529411764,False,134.0,1.485,1.128
dataset6_CLINIC_0044_data,grupo 3,20,4.91,0.0,0,ok,0.47058823529411764,False,134.0,1.485,1.128
dataset6_CLINIC_0044_data,grupo 3,20,7.3,0.9238934516906738,1,ok,0.47058823529411764,False,134.0,1.485,1.128
dataset6_CLINIC_0044_data,grupo 3,21,7.0,1.028548240661621,1,ok,0.3949579831932773,False,134.0,1.811,0.495
dataset6_CLINIC_0044_data,grupo 3,21,4.91,0.0,0,ok,0.3949579831932773,False,134.0,1.811,0.495
dataset6_CLINIC_0044_data,grupo 3,21,7.3,1.1785483360290527,1,ok,0.3949579831932773,False,134.0,1.811,0.495
dataset6_CLINIC_0044_data,grupo 3,22,7.0,0.9753768444061279,1,ok,0.37815126050420167,False,134.0,1.715,0.75
dataset6_CLINIC_0044_data,grupo 3,22,4.91,0.0,0,ok,0.37815126050420167,False,134.0,1.715,0.75
dataset6_CLINIC_0044_data,grupo 3,22,7.3,1.1253769397735596,1,ok,0.37815126050420167,False,134.0,1.715,0.75
dataset6_CLINIC_0044_data,grupo 3,23,7.0,0.0,0,ok,0.453781512605042,False,134.0,0.776,0.799
dataset6_CLINIC_0044_data,grupo 3,23,4.91,0.0,0,ok,0.453781512605042,False,134.0,0.776,0.799
dataset6_CLINIC_0044_data,grupo 3,23,7.3,0.09723281860351562,1,ok,0.453781512605042,False,134.0,0.776,0.799
dataset6_CLINIC_0044_data,grupo 3,24,7.0,1.6099835634231567,1,ok,0.46218487394957986,False,134.0,4.149,2.167
dataset6_CLINIC_0044_data,grupo 3,24,4.91,0.5649834871292114,1,ok,0.46218487394957986,False,134.0,4.149,2.167
dataset6_CLINIC_0044_data,grupo 3,24,7.3,1.7599836587905884,1,ok,0.46218487394957986,False,134.0,4.149,2.167
dataset6_CLINIC_0044_data,grupo 3,25,7.0,0.1452324390411377,1,ok,0.37815126050420167,False,134.0,0.011,2.147
dataset6_CLINIC_0044_data,grupo 3,25,4.91,0.0,0,ok,0.37815126050420167,False,134.0,0.011,2.147
dataset6_CLINIC_0044_data,grupo 3,25,7.3,0.29523253440856934,1,ok,0.37815126050420167,False,134.0,0.011,2.147
dataset6_CLINIC_0044_data,grupo 3,26,7.0,1.4048876762390137,1,ok,0.48739495798319327,False,134.0,0.661,3.694
dataset6_CLINIC_0044_data,grupo 3,26,4.91,0.35988759994506836,1,ok,0.48739495798319327,False,134.0,0.661,3.694
dataset6_CLINIC_0044_data,grupo 3,26,7.3,1.5548877716064453,1,ok,0.48739495798319327,False,134.0,0.661,3.694
dataset6_CLINIC_0044_data,grupo 3,27,7.0,2.3923137187957764,2,ok,0.36134453781512604,False,134.0,2.877,1.691
dataset6_CLINIC_0044_data,grupo 3,27,4.91,1.347313642501831,1,ok,0.36134453781512604,False,134.0,2.877,1.691
dataset6_CLINIC_0044_data,grupo 3,27,7.3,2.542313814163208,2,ok,0.36134453781512604,False,134.0,2.877,1.691
dataset6_CLINIC_0044_data,grupo 3,28,7.0,1.5513211488723755,1,ok,0.33613445378151263,False,134.0,2.797,0.519
dataset6_CLINIC_0044_data,grupo 3,28,4.91,0.5063210725784302,1,ok,0.33613445378151263,False,134.0,2.797,0.519
dataset6_CLINIC_0044_data,grupo 3,28,7.3,1.7013212442398071,1,ok,0.33613445378151263,False,134.0,2.797,0.519
dataset6_CLINIC_0044_data,grupo 3,29,7.0,4.19869327545166,3,ok,0.3418803418803419,False,134.0,3.493,1.328
dataset6_CLINIC_0044_data,grupo 3,29,4.91,3.153693199157715,2,ok,0.3418803418803419,False,134.0,3.493,1.328
dataset6_CLINIC_0044_data,grupo 3,29,7.3,4.348693370819092,3,ok,0.3418803418803419,False,134.0,3.493,1.328
dataset6_CLINIC_0044_data,grupo 3,30,7.0,0.2464151382446289,1,ok,0.5042016806722689,False,134.0,1.004,1.264
dataset6_CLINIC_0044_data,grupo 3,30,4.91,0.0,0,ok,0.5042016806722689,False,134.0,1.004,1.264
dataset6_CLINIC_0044_data,grupo 3,30,7.3,0.39641523361206055,1,ok,0.5042016806722689,False,134.0,1.004,1.264
dataset6_CLINIC_0044_data,grupo 3,31,7.0,0.1577754020690918,1,ok,0.42016806722689076,False,134.0,0.276,0.239
dataset6_CLINIC_0044_data,grupo 3,31,4.91,0.0,0,ok,0.42016806722689076,False,134.0,0.276,0.239
dataset6_CLINIC_0044_data,grupo 3,31,7.3,0.30777549743652344,1,ok,0.42016806722689076,False,134.0,0.276,0.239
dataset6_CLINIC_0044_data,grupo 3,32,7.0,0.21853041648864746,1,ok,0.5294117647058824,False,134.0,0.531,0.77
dataset6_CLINIC_0044_data,grupo 3,32,4.91,0.0,0,ok,0.5294117647058824,False,134.0,0.531,0.77
dataset6_CLINIC_0044_data,grupo 3,32,7.3,0.3685305118560791,1,ok,0.5294117647058824,False,134.0,0.531,0.77
dataset6_CLINIC_0044_data,grupo 3,33,7.0,0.9397904872894287,1,ok,0.3949579831932773,False,134.0,2.485,0.897
dataset6_CLINIC_0044_data,grupo 3,33,4.91,0.0,0,ok,0.3949579831932773,False,134.0,2.485,0.897
dataset6_CLINIC_0044_data,grupo 3,33,7.3,1.0897905826568604,1,ok,0.3949579831932773,False,134.0,2.485,0.897
dataset6_CLINIC_0044_data,grupo 3,34,7.0,0.8655366897583008,1,ok,0.35294117647058826,False,134.0,1.827,1.269
dataset6_CLINIC_0044_data,grupo 3,34,4.91,0.0,0,ok,0.35294117647058826,False,134.0,1.827,1.269
dataset6_CLINIC_0044_data,grupo 3,34,7.3,1.0155367851257324,1,ok,0.35294117647058826,False,134.0,1.827,1.269
dataset6_CLINIC_0044_data,grupo 3,35,7.0,2.109229564666748,2,ok,0.3445378151260504,False,134.0,3.1,1.425
dataset6_CLINIC_0044_data,grupo 3,35,4.91,1.0642296075820923,1,ok,0.3445378151260504,False,134.0,3.1,1.425
dataset6_CLINIC_0044_data,grupo 3,35,7.3,2.2592296600341797,2,ok,0.3445378151260504,False,134.0,3.1,1.425
dataset6_CLINIC_0044_data,grupo 3,36,7.0,1.5866317749023438,1,ok,0.4369747899159664,False,134.0,2.346,3.563
dataset6_CLINIC_0044_data,grupo 3,36,4.91,0.5416316986083984,1,ok,0.4369747899159664,False,134.0,2.346,3.563
dataset6_CLINIC_0044_data,grupo 3,36,7.3,1.7366318702697754,1,ok,0.4369747899159664,False,134.0,2.346,3.563
dataset6_CLINIC_0044_data,grupo 3,37,7.0,1.2580556869506836,1,ok,0.36134453781512604,False,134.0,0.879,3.635
dataset6_CLINIC_0044_data,grupo 3,37,4.91,0.21305561065673828,1,ok,0.36134453781512604,False,134.0,0.879,3.635
dataset6_CLINIC_0044_data,grupo 3,37,7.3,1.4080557823181152,1,ok,0.36134453781512604,False,134.0,0.879,3.635
dataset6_CLINIC_0044_data,grupo 3,38,7.0,0.22249674797058105,1,ok,0.4117647058823529,False,134.0,1.454,0.214
dataset6_CLINIC_0044_data,grupo 3,38,4.91,0.0,0,ok,0.4117647058823529,False,134.0,1.454,0.214
dataset6_CLINIC_0044_data,grupo 3,38,7.3,0.3724968433380127,1,ok,0.4117647058823529,False,134.0,1.454,0.214
dataset6_CLINIC_0044_data,grupo 3,39,7.0,1.9131271839141846,1,ok,0.3277310924369748,False,134.0,4.695,0.521
dataset6_CLINIC_0044_data,grupo 3,39,4.91,0.8681271076202393,1,ok,0.3277310924369748,False,134.0,4.695,0.521
dataset6_CLINIC_0044_data,grupo 3,39,7.3,2.063127279281616,2,ok,0.3277310924369748,False,134.0,4.695,0.521
dataset6_CLINIC_0044_data,grupo 3,40,7.0,2.284369468688965,2,ok,0.37815126050420167,False,134.0,2.86,0.022
dataset6_CLINIC_0044_data,grupo 3,40,4.91,1.23936927318573,1,ok,0.37815126050420167,False,134.0,2.86,0.022
dataset6_CLINIC_0044_data,grupo 3,40,7.3,2.4343695640563965,2,ok,0.37815126050420167,False,134.0,2.86,0.022
dataset6_CLINIC_0044_data,grupo 3,41,7.0,0.0,0,ok,0.5210084033613446,False,134.0,0.25,0.827
dataset6_CLINIC_0044_data,grupo 3,41,4.91,0.0,0,ok,0.5210084033613446,False,134.0,0.25,0.827
dataset6_CLINIC_0044_data,grupo 3,41,7.3,0.061599016189575195,1,ok,0.5210084033613446,False,134.0,0.25,0.827
dataset6_CLINIC_0044_data,grupo 3,42,7.0,0.0,0,ok,0.46218487394957986,False,134.0,0.465,1.42
dataset6_CLINIC_0044_data,grupo 3,42,4.91,0.0,0,ok,0.46218487394957986,False,134.0,0.465,1.42
dataset6_CLINIC_0044_data,grupo 3,42,7.3,0.0,0,ok,0.46218487394957986,False,134.0,0.465,1.42
dataset6_CLINIC_0044_data,grupo 3,43,7.0,0.5812788009643555,1,ok,0.4789915966386555,False,134.0,2.304,4.236
dataset6_CLINIC_0044_data,grupo 3,43,4.91,0.0,0,ok,0.4789915966386555,False,134.0,2.304,4.236
dataset6_CLINIC_0044_data,grupo 3,43,7.3,0.7312788963317871,1,ok,0.4789915966386555,False,134.0,2.304,4.236
dataset6_CLINIC_0044_data,grupo 3,44,7.0,4.020740985870361,3,ok,0.38461538461538464,False,134.0,3.438,1.724
dataset6_CLINIC_0044_data,grupo 3,44,4.91,2.975740909576416,2,ok,0.38461538461538464,False,134.0,3.438,1.724
dataset6_CLINIC_0044_data,grupo 3,44,7.3,4.170741081237793,3,ok,0.38461538461538464,False,134.0,3.438,1.724
dataset6_CLINIC_0044_data,grupo 3,45,7.0,0.0,0,ok,0.453781512605042,False,134.0,0.32,1.487
dataset6_CLINIC_0044_data,grupo 3,45,4.91,0.0,0,ok,0.453781512605042,False,134.0,0.32,1.487
dataset6_CLINIC_0044_data,grupo 3,45,7.3,0.0,0,ok,0.453781512605042,False,134.0,0.32,1.487
dataset6_CLINIC_0044_data,grupo 3,46,7.0,3.7595224380493164,2,ok,0.3474576271186441,False,134.0,6.531,1.024
dataset6_CLINIC_0044_data,grupo 3,46,4.91,2.714522361755371,2,ok,0.3474576271186441,False,134.0,6.531,1.024
dataset6_CLINIC_0044_data,grupo 3,46,7.3,3.909522533416748,2,ok,0.3474576271186441,False,134.0,6.531,1.024
dataset6_CLINIC_0044_data,grupo 3,47,7.0,0.04988813400268555,1,ok,0.3865546218487395,False,134.0,1.653,0.634
dataset6_CLINIC_0044_data,grupo 3,47,4.91,0.0,0,ok,0.3865546218487395,False,134.0,1.653,0.634
dataset6_CLINIC_0044_data,grupo 3,47,7.3,0.1998882293701172,1,ok,0.3865546218487395,False,134.0,1.653,0.634
dataset6_CLINIC_0044_data,grupo 3,48,7.0,0.4436032772064209,1,ok,0.3445378151260504,False,134.0,1.88,0.433
dataset6_CLINIC_0044_data,grupo 3,48,4.91,0.0,0,ok,0.3445378151260504,False,134.0,1.88,0.433
dataset6_CLINIC_0044_data,grupo 3,48,7.3,0.5936033725738525,1,ok,0.3445378151260504,False,134.0,1.88,0.433
dataset6_CLINIC_0044_data,grupo 3,49,7.0,0.0,0,ok,0.48739495798319327,False,134.0,1.501,0.502
dataset6_CLINIC_0044_data,grupo 3,49,4.91,0.0,0,ok,0.48739495798319327,False,134.0,1.501,0.502
dataset6_CLINIC_0044_data,grupo 3,49,7.3,0.03421473503112793,1,ok,0.48739495798319327,False,134.0,1.501,0.502
dataset6_CLINIC_0047_data,grupo 3,0,7.0,1.3940653800964355,1,ok,0.6190476190476191,False,120.0,0.345,1.001
dataset6_CLINIC_0047_data,grupo 3,0,4.91,0.34906530380249023,1,ok,0.6190476190476191,False,120.0,0.345,1.001
dataset6_CLINIC_0047_data,grupo 3,0,7.3,1.5440654754638672,1,ok,0.6190476190476191,False,120.0,0.345,1.001
dataset6_CLINIC_0047_data,grupo 3,1,7.0,1.7720013856887817,1,ok,0.5238095238095238,False,120.0,1.359,1.31
dataset6_CLINIC_0047_data,grupo 3,1,4.91,0.7270013093948364,1,ok,0.5238095238095238,False,120.0,1.359,1.31
dataset6_CLINIC_0047_data,grupo 3,1,7.3,1.9220014810562134,1,ok,0.5238095238095238,False,120.0,1.359,1.31
dataset6_CLINIC_0047_data,grupo 3,2,7.0,2.7794644832611084,2,ok,0.6,False,120.0,2.428,1.883
dataset6_CLINIC_0047_data,grupo 3,2,4.91,1.734464406967163,1,ok,0.6,False,120.0,2.428,1.883
dataset6_CLINIC_0047_data,grupo 3,2,7.3,2.92946457862854,2,ok,0.6,False,120.0,2.428,1.883
dataset6_CLINIC_0047_data,grupo 3,3,7.0,6.356904983520508,3,ok,0.6632653061224489,False,120.0,5.263,2.03
dataset6_CLINIC_0047_data,grupo 3,3,4.91,5.3119049072265625,3,ok,0.6632653061224489,False,120.0,5.263,2.03
dataset6_CLINIC_0047_data,grupo 3,3,7.3,6.506904602050781,3,ok,0.6632653061224489,False,120.0,5.263,2.03
dataset6_CLINIC_0047_data,grupo 3,4,7.0,3.1427156925201416,2,ok,0.6190476190476191,False,120.0,1.848,0.007
dataset6_CLINIC_0047_data,grupo 3,4,4.91,2.0977156162261963,2,ok,0.6190476190476191,False,120.0,1.848,0.007
dataset6_CLINIC_0047_data,grupo 3,4,7.3,3.2927157878875732,2,ok,0.6190476190476191,False,120.0,1.848,0.007
dataset6_CLINIC_0047_data,grupo 3,5,7.0,2.6028571128845215,2,ok,0.5714285714285714,False,120.0,1.904,1.175
dataset6_CLINIC_0047_data,grupo 3,5,4.91,1.5578570365905762,1,ok,0.5714285714285714,False,120.0,1.904,1.175
dataset6_CLINIC_0047_data,grupo 3,5,7.3,2.752857208251953,2,ok,0.5714285714285714,False,120.0,1.904,1.175
dataset6_CLINIC_0047_data,grupo 3,6,7.0,3.613572359085083,2,ok,0.6372549019607843,False,120.0,1.547,1.194
dataset6_CLINIC_0047_data,grupo 3,6,4.91,2.5685722827911377,2,ok,0.6372549019607843,False,120.0,1.547,1.194
dataset6_CLINIC_0047_data,grupo 3,6,7.3,3.7635724544525146,2,ok,0.6372549019607843,False,120.0,1.547,1.194
dataset6_CLINIC_0047_data,grupo 3,7,7.0,3.915132999420166,2,ok,0.5728155339805825,False,120.0,0.846,5.134
dataset6_CLINIC_0047_data,grupo 3,7,4.91,2.8701329231262207,2,ok,0.5728155339805825,False,120.0,0.846,5.134
dataset6_CLINIC_0047_data,grupo 3,7,7.3,4.065133094787598,3,ok,0.5728155339805825,False,120.0,0.846,5.134
dataset6_CLINIC_0047_data,grupo 3,8,7.0,1.968271017074585,1,ok,0.5333333333333333,False,120.0,1.279,0.731
dataset6_CLINIC_0047_data,grupo 3,8,4.91,0.9232709407806396,1,ok,0.5333333333333333,False,120.0,1.279,0.731
dataset6_CLINIC_0047_data,grupo 3,8,7.3,2.1182711124420166,2,ok,0.5333333333333333,False,120.0,1.279,0.731
dataset6_CLINIC_0047_data,grupo 3,9,7.0,2.2961227893829346,2,ok,0.6095238095238096,False,120.0,1.603,2.413
dataset6_CLINIC_0047_data,grupo 3,9,4.91,1.2511227130889893,1,ok,0.6095238095238096,False,120.0,1.603,2.413
dataset6_CLINIC_0047_data,grupo 3,9,7.3,2.446122884750366,2,ok,0.6095238095238096,False,120.0,1.603,2.413
dataset6_CLINIC_0047_data,grupo 3,10,7.0,1.4500160217285156,1,ok,0.6,False,120.0,0.707,2.429
dataset6_CLINIC_0047_data,grupo 3,10,4.91,0.4050159454345703,1,ok,0.6,False,120.0,0.707,2.429
dataset6_CLINIC_0047_data,grupo 3,10,7.3,1.6000161170959473,1,ok,0.6,False,120.0,0.707,2.429
dataset6_CLINIC_0047_data,grupo 3,11,7.0,1.7294433116912842,1,ok,0.6476190476190476,False,120.0,1.833,0.874
dataset6_CLINIC_0047_data,grupo 3,11,4.91,0.6844432353973389,1,ok,0.6476190476190476,False,120.0,1.833,0.874
dataset6_CLINIC_0047_data,grupo 3,11,7.3,1.8794434070587158,1,ok,0.6476190476190476,False,120.0,1.833,0.874
dataset6_CLINIC_0047_data,grupo 3,12,7.0,2.5782482624053955,2,ok,0.5523809523809524,False,120.0,1.348,0.727
dataset6_CLINIC_0047_data,grupo 3,12,4.91,1.5332481861114502,1,ok,0.5523809523809524,False,120.0,1.348,0.727
dataset6_CLINIC_0047_data,grupo 3,12,7.3,2.728248357772827,2,ok,0.5523809523809524,False,120.0,1.348,0.727
dataset6_CLINIC_0047_data,grupo 3,13,7.0,5.637135982513428,3,ok,0.5368421052631579,False,120.0,4.668,1.311
dataset6_CLINIC_0047_data,grupo 3,13,4.91,4.592135906219482,3,ok,0.5368421052631579,False,120.0,4.668,1.311
dataset6_CLINIC_0047_data,grupo 3,13,7.3,5.787136077880859,3,ok,0.5368421052631579,False,120.0,4.668,1.311
dataset6_CLINIC_0047_data,grupo 3,14,7.0,1.9565907716751099,1,ok,0.6476190476190476,False,120.0,0.989,0.857
dataset6_CLINIC_0047_data,grupo 3,14,4.91,0.9115906953811646,1,ok,0.6476190476190476,False,120.0,0.989,0.857
dataset6_CLINIC_0047_data,grupo 3,14,7.3,2.106590747833252,2,ok,0.6476190476190476,False,120.0,0.989,0.857
dataset6_CLINIC_0047_data,grupo 3,15,7.0,1.265310525894165,1,ok,0.5904761904761905,False,120.0,0.55,1.175
dataset6_CLINIC_0047_data,grupo 3,15,4.91,0.22031044960021973,1,ok,0.5904761904761905,False,120.0,0.55,1.175
dataset6_CLINIC_0047_data,grupo 3,15,7.3,1.4153106212615967,1,ok,0.5904761904761905,False,120.0,0.55,1.175
dataset6_CLINIC_0047_data,grupo 3,16,7.0,3.8961143493652344,2,ok,0.5631067961165048,False,120.0,2.079,1.983
dataset6_CLINIC_0047_data,grupo 3,16,4.91,2.851114273071289,2,ok,0.5631067961165048,False,120.0,2.079,1.983
dataset6_CLINIC_0047_data,grupo 3,16,7.3,4.046114444732666,3,ok,0.5631067961165048,False,120.0,2.079,1.983
dataset6_CLINIC_0047_data,grupo 3,17,7.0,3.0539369583129883,2,ok,0.6285714285714286,False,120.0,1.889,1.583
dataset6_CLINIC_0047_data,grupo 3,17,4.91,2.008936882019043,2,ok,0.6285714285714286,False,120.0,1.889,1.583
dataset6_CLINIC_0047_data,grupo 3,17,7.3,3.20393705368042,2,ok,0.6285714285714286,False,120.0,1.889,1.583
dataset6_CLINIC_0047_data,grupo 3,18,7.0,2.1451306343078613,2,ok,0.6190476190476191,False,120.0,1.002,1.199
dataset6_CLINIC_0047_data,grupo 3,18,4.91,1.1001306772232056,1,ok,0.6190476190476191,False,120.0,1.002,1.199
dataset6_CLINIC_0047_data,grupo 3,18,7.3,2.295130729675293,2,ok,0.6190476190476191,False,120.0,1.002,1.199
dataset6_CLINIC_0047_data,grupo 3,19,7.0,1.5305463075637817,1,ok,0.6666666666666666,False,120.0,2.085,2.919
dataset6_CLINIC_0047_data,grupo 3,19,4.91,0.4855462312698364,1,ok,0.6666666666666666,False,120.0,2.085,2.919
dataset6_CLINIC_0047_data,grupo 3,19,7.3,1.6805464029312134,1,ok,0.6666666666666666,False,120.0,2.085,2.919
dataset6_CLINIC_0047_data,grupo 3,20,7.0,4.1814656257629395,3,ok,0.6632653061224489,False,120.0,4.038,0.816
dataset6_CLINIC_0047_data,grupo 3,20,4.91,3.136465549468994,2,ok,0.6632653061224489,False,120.0,4.038,0.816
dataset6_CLINIC_0047_data,grupo 3,20,7.3,4.331465721130371,3,ok,0.6632653061224489,False,120.0,4.038,0.816
dataset6_CLINIC_0047_data,grupo 3,21,7.0,2.341681480407715,2,ok,0.5333333333333333,False,120.0,1.153,2.395
dataset6_CLINIC_0047_data,grupo 3,21,4.91,1.296681523323059,1,ok,0.5333333333333333,False,120.0,1.153,2.395
dataset6_CLINIC_0047_data,grupo 3,21,7.3,2.4916815757751465,2,ok,0.5333333333333333,False,120.0,1.153,2.395
dataset6_CLINIC_0047_data,grupo 3,22,7.0,5.56746244430542,3,ok,0.49473684210526314,False,120.0,3.648,1.996
dataset6_CLINIC_0047_data,grupo 3,22,4.91,4.522462368011475,3,ok,0.49473684210526314,False,120.0,3.648,1.996
dataset6_CLINIC_0047_data,grupo 3,22,7.3,5.717462539672852,3,ok,0.49473684210526314,False,120.0,3.648,1.996
dataset6_CLINIC_0047_data,grupo 3,23,7.0,1.2740154266357422,1,ok,0.5619047619047619,False,120.0,0.653,1.583
dataset6_CLINIC_0047_data,grupo 3,23,4.91,0.22901535034179688,1,ok,0.5619047619047619,False,120.0,0.653,1.583
dataset6_CLINIC_0047_data,grupo 3,23,7.3,1.4240155220031738,1,ok,0.5619047619047619,False,120.0,0.653,1.583
dataset6_CLINIC_0047_data,grupo 3,24,7.0,1.9656680822372437,1,ok,0.5619047619047619,False,120.0,2.398,0.381
dataset6_CLINIC_0047_data,grupo 3,24,4.91,0.9206680059432983,1,ok,0.5619047619047619,False,120.0,2.398,0.381
dataset6_CLINIC_0047_data,grupo 3,24,7.3,2.115668296813965,2,ok,0.5619047619047619,False,120.0,2.398,0.381
dataset6_CLINIC_0047_data,grupo 3,25,7.0,1.3955886363983154,1,ok,0.5523809523809524,False,120.0,0.247,0.016
dataset6_CLINIC_0047_data,grupo 3,25,4.91,0.3505885601043701,1,ok,0.5523809523809524,False,120.0,0.247,0.016
dataset6_CLINIC_0047_data,grupo 3,25,7.3,1.545588731765747,1,ok,0.5523809523809524,False,120.0,0.247,0.016
dataset6_CLINIC_0047_data,grupo 3,26,7.0,1.999356746673584,1,ok,0.6,False,120.0,0.265,2.332
dataset6_CLINIC_0047_data,grupo 3,26,4.91,0.9543566703796387,1,ok,0.6,False,120.0,0.265,2.332
dataset6_CLINIC_0047_data,grupo 3,26,7.3,2.1493568420410156,2,ok,0.6,False,120.0,0.265,2.332
dataset6_CLINIC_0047_data,grupo 3,27,7.0,5.630833625793457,3,ok,0.5520833333333334,False,120.0,3.332,4.596
dataset6_CLINIC_0047_data,grupo 3,27,4.91,4.585833549499512,3,ok,0.5520833333333334,False,120.0,3.332,4.596
dataset6_CLINIC_0047_data,grupo 3,27,7.3,5.7808332443237305,3,ok,0.5520833333333334,False,120.0,3.332,4.596
dataset6_CLINIC_0047_data,grupo 3,28,7.0,3.401359796524048,2,ok,0.6190476190476191,False,120.0,1.783,3.439
dataset6_CLINIC_0047_data,grupo 3,28,4.91,2.3563597202301025,2,ok,0.6190476190476191,False,120.0,1.783,3.439
dataset6_CLINIC_0047_data,grupo 3,28,7.3,3.5513598918914795,2,ok,0.6190476190476191,False,120.0,1.783,3.439
dataset6_CLINIC_0047_data,grupo 3,29,7.0,1.8360313177108765,1,ok,0.5238095238095238,False,120.0,1.523,0.597
dataset6_CLINIC_0047_data,grupo 3,29,4.91,0.7910312414169312,1,ok,0.5238095238095238,False,120.0,1.523,0.597
dataset6_CLINIC_0047_data,grupo 3,29,7.3,1.986031413078308,1,ok,0.5238095238095238,False,120.0,1.523,0.597
dataset6_CLINIC_0047_data,grupo 3,30,7.0,4.904547214508057,3,ok,0.6,False,120.0,4.306,1.478
dataset6_CLINIC_0047_data,grupo 3,30,4.91,3.8595471382141113,2,ok,0.6,False,120.0,4.306,1.478
dataset6_CLINIC_0047_data,grupo 3,30,7.3,5.054547309875488,3,ok,0.6,False,120.0,4.306,1.478
dataset6_CLINIC_0047_data,grupo 3,31,7.0,1.987978219985962,1,ok,0.5714285714285714,False,120.0,1.017,1.274
dataset6_CLINIC_0047_data,grupo 3,31,4.91,0.9429781436920166,1,ok,0.5714285714285714,False,120.0,1.017,1.274
dataset6_CLINIC_0047_data,grupo 3,31,7.3,2.1379783153533936,2,ok,0.5714285714285714,False,120.0,1.017,1.274
dataset6_CLINIC_0047_data,grupo 3,32,7.0,5.157329559326172,3,ok,0.6632653061224489,False,120.0,3.435,1.654
dataset6_CLINIC_0047_data,grupo 3,32,4.91,4.112329483032227,3,ok,0.6632653061224489,False,120.0,3.435,1.654
dataset6_CLINIC_0047_data,grupo 3,32,7.3,5.307329177856445,3,ok,0.6632653061224489,False,120.0,3.435,1.654
dataset6_CLINIC_0047_data,grupo 3,33,7.0,1.1655499935150146,1,ok,0.5619047619047619,False,120.0,0.068,1.376
dataset6_CLINIC_0047_data,grupo 3,33,4.91,0.12054991722106934,1,ok,0.5619047619047619,False,120.0,0.068,1.376
dataset6_CLINIC_0047_data,grupo 3,33,7.3,1.3155500888824463,1,ok,0.5619047619047619,False,120.0,0.068,1.376
dataset6_CLINIC_0047_data,grupo 3,34,7.0,1.4842283725738525,1,ok,0.638095238095238,False,120.0,0.042,0.15
dataset6_CLINIC_0047_data,grupo 3,34,4.91,0.4392282962799072,1,ok,0.638095238095238,False,120.0,0.042,0.15
dataset6_CLINIC_0047_data,grupo 3,34,7.3,1.6342284679412842,1,ok,0.638095238095238,False,120.0,0.042,0.15
dataset6_CLINIC_0047_data,grupo 3,35,7.0,2.4238696098327637,2,ok,0.6095238095238096,False,120.0,1.171,0.461
dataset6_CLINIC_0047_data,grupo 3,35,4.91,1.378869652748108,1,ok,0.6095238095238096,False,120.0,1.171,0.461
dataset6_CLINIC_0047_data,grupo 3,35,7.3,2.5738697052001953,2,ok,0.6095238095238096,False,120.0,1.171,0.461
dataset6_CLINIC_0047_data,grupo 3,36,7.0,1.9666680097579956,1,ok,0.5333333333333333,False,120.0,0.377,2.85
dataset6_CLINIC_0047_data,grupo 3,36,4.91,0.9216679334640503,1,ok,0.5333333333333333,False,120.0,0.377,2.85
dataset6_CLINIC_0047_data,grupo 3,36,7.3,2.116668224334717,2,ok,0.5333333333333333,False,120.0,0.377,2.85
dataset6_CLINIC_0047_data,grupo 3,37,7.0,3.672367572784424,2,ok,0.5490196078431373,False,120.0,3.567,1.237
dataset6_CLINIC_0047_data,grupo 3,37,4.91,2.6273674964904785,2,ok,0.5490196078431373,False,120.0,3.567,1.237
dataset6_CLINIC_0047_data,grupo 3,37,7.3,3.8223676681518555,2,ok,0.5490196078431373,False,120.0,3.567,1.237
dataset6_CLINIC_0047_data,grupo 3,38,7.0,1.711200475692749,1,ok,0.5714285714285714,False,120.0,0.843,2.005
dataset6_CLINIC_0047_data,grupo 3,38,4.91,0.6662003993988037,1,ok,0.5714285714285714,False,120.0,0.843,2.005
dataset6_CLINIC_0047_data,grupo 3,38,7.3,1.8612005710601807,1,ok,0.5714285714285714,False,120.0,0.843,2.005
dataset6_CLINIC_0047_data,grupo 3,39,7.0,2.171618938446045,2,ok,0.5619047619047619,False,120.0,0.3,1.912
dataset6_CLINIC_0047_data,grupo 3,39,4.91,1.1266189813613892,1,ok,0.5619047619047619,False,120.0,0.3,1.912
dataset6_CLINIC_0047_data,grupo 3,39,7.3,2.3216190338134766,2,ok,0.5619047619047619,False,120.0,0.3,1.912
dataset6_CLINIC_0047_data,grupo 3,40,7.0,2.411745309829712,2,ok,0.6476190476190476,False,120.0,1.451,1.432
dataset6_CLINIC_0047_data,grupo 3,40,4.91,1.3667452335357666,1,ok,0.6476190476190476,False,120.0,1.451,1.432
dataset6_CLINIC_0047_data,grupo 3,40,7.3,2.5617454051971436,2,ok,0.6476190476190476,False,120.0,1.451,1.432
dataset6_CLINIC_0047_data,grupo 3,41,7.0,1.4243347644805908,1,ok,0.6190476190476191,False,120.0,0.561,1.793
dataset6_CLINIC_0047_data,grupo 3,41,4.91,0.3793346881866455,1,ok,0.6190476190476191,False,120.0,0.561,1.793
dataset6_CLINIC_0047_data,grupo 3,41,7.3,1.5743348598480225,1,ok,0.6190476190476191,False,120.0,0.561,1.793
dataset6_CLINIC_0047_data,grupo 3,42,7.0,4.8427863121032715,3,ok,0.6632653061224489,False,120.0,4.353,2.077
dataset6_CLINIC_0047_data,grupo 3,42,4.91,3.797786235809326,2,ok,0.6632653061224489,False,120.0,4.353,2.077
dataset6_CLINIC_0047_data,grupo 3,42,7.3,4.992786407470703,3,ok,0.6632653061224489,False,120.0,4.353,2.077
dataset6_CLINIC_0047_data,grupo 3,43,7.0,1.1585443019866943,1,ok,0.5714285714285714,False,120.0,0.724,0.396
dataset6_CLINIC_0047_data,grupo 3,43,4.91,0.11354422569274902,1,ok,0.5714285714285714,False,120.0,0.724,0.396
dataset6_CLINIC_0047_data,grupo 3,43,7.3,1.308544397354126,1,ok,0.5714285714285714,False,120.0,0.724,0.396
dataset6_CLINIC_0047_data,grupo 3,44,7.0,1.3934605121612549,1,ok,0.5428571428571428,False,120.0,0.699,1.95
dataset6_CLINIC_0047_data,grupo 3,44,4.91,0.34846043586730957,1,ok,0.5428571428571428,False,120.0,0.699,1.95
dataset6_CLINIC_0047_data,grupo 3,44,7.3,1.5434606075286865,1,ok,0.5428571428571428,False,120.0,0.699,1.95
dataset6_CLINIC_0047_data,grupo 3,45,7.0,5.663171291351318,3,ok,0.6530612244897959,False,120.0,4.23,1.112
dataset6_CLINIC_0047_data,grupo 3,45,4.91,4.618171215057373,3,ok,0.6530612244897959,False,120.0,4.23,1.112
dataset6_CLINIC_0047_data,grupo 3,45,7.3,5.81317138671875,3,ok,0.6530612244897959,False,120.0,4.23,1.112
dataset6_CLINIC_0047_data,grupo 3,46,7.0,2.036836624145508,2,ok,0.5904761904761905,False,120.0,0.081,2.468
dataset6_CLINIC_0047_data,grupo 3,46,4.91,0.991836667060852,1,ok,0.5904761904761905,False,120.0,0.081,2.468
dataset6_CLINIC_0047_data,grupo 3,46,7.3,2.1868367195129395,2,ok,0.5904761904761905,False,120.0,0.081,2.468
dataset6_CLINIC_0047_data,grupo 3,47,7.0,5.468709945678711,3,ok,0.6224489795918368,False,120.0,4.713,1.804
dataset6_CLINIC_0047_data,grupo 3,47,4.91,4.423709869384766,3,ok,0.6224489795918368,False,120.0,4.713,1.804
dataset6_CLINIC_0047_data,grupo 3,47,7.3,5.618710041046143,3,ok,0.6224489795918368,False,120.0,4.713,1.804
dataset6_CLINIC_0047_data,grupo 3,48,7.0,1.68149995803833,1,ok,0.5904761904761905,False,120.0,0.07,1.202
dataset6_CLINIC_0047_data,grupo 3,48,4.91,0.6364998817443848,1,ok,0.5904761904761905,False,120.0,0.07,1.202
dataset6_CLINIC_0047_data,grupo 3,48,7.3,1.8315000534057617,1,ok,0.5904761904761905,False,120.0,0.07,1.202
dataset6_CLINIC_0047_data,grupo 3,49,7.0,3.3747150897979736,2,ok,0.6442307692307693,False,120.0,2.325,2.119
dataset6_CLINIC_0047_data,grupo 3,49,4.91,2.3297150135040283,2,ok,0.6442307692307693,False,120.0,2.325,2.119
dataset6_CLINIC_0047_data,grupo 3,49,7.3,3.5247151851654053,2,ok,0.6442307692307693,False,120.0,2.325,2.119
dataset6_CLINIC_0055_data,grupo 3,0,7.0,0.0,0,ok,0.4397163120567376,True,156.0,0.098,1.209
dataset6_CLINIC_0055_data,grupo 3,0,4.91,0.0,0,ok,0.4397163120567376,True,156.0,0.098,1.209
dataset6_CLINIC_0055_data,grupo 3,0,7.3,0.0,0,ok,0.4397163120567376,True,156.0,0.098,1.209
dataset6_CLINIC_0055_data,grupo 3,1,7.0,0.0,0,ok,0.36879432624113473,True,156.0,3.172,0.027
dataset6_CLINIC_0055_data,grupo 3,1,4.91,0.0,0,ok,0.36879432624113473,True,156.0,3.172,0.027
dataset6_CLINIC_0055_data,grupo 3,1,7.3,0.0,0,ok,0.36879432624113473,True,156.0,3.172,0.027
dataset6_CLINIC_0055_data,grupo 3,2,7.0,0.0,0,ok,0.3971631205673759,True,156.0,1.449,0.743
dataset6_CLINIC_0055_data,grupo 3,2,4.91,0.0,0,ok,0.3971631205673759,True,156.0,1.449,0.743
dataset6_CLINIC_0055_data,grupo 3,2,7.3,0.0,0,ok,0.3971631205673759,True,156.0,1.449,0.743
dataset6_CLINIC_0055_data,grupo 3,3,7.0,0.0,0,ok,0.3829787234042553,True,156.0,3.1,1.025
dataset6_CLINIC_0055_data,grupo 3,3,4.91,0.0,0,ok,0.3829787234042553,True,156.0,3.1,1.025
dataset6_CLINIC_0055_data,grupo 3,3,7.3,0.0,0,ok,0.3829787234042553,True,156.0,3.1,1.025
dataset6_CLINIC_0055_data,grupo 3,4,7.0,0.0,0,ok,0.40425531914893614,True,156.0,0.145,0.329
dataset6_CLINIC_0055_data,grupo 3,4,4.91,0.0,0,ok,0.40425531914893614,True,156.0,0.145,0.329
dataset6_CLINIC_0055_data,grupo 3,4,7.3,0.0,0,ok,0.40425531914893614,True,156.0,0.145,0.329
dataset6_CLINIC_0055_data,grupo 3,5,7.0,0.0,0,ok,0.41134751773049644,True,156.0,2.736,0.83
dataset6_CLINIC_0055_data,grupo 3,5,4.91,0.0,0,ok,0.41134751773049644,True,156.0,2.736,0.83
dataset6_CLINIC_0055_data,grupo 3,5,7.3,0.0,0,ok,0.41134751773049644,True,156.0,2.736,0.83
dataset6_CLINIC_0055_data,grupo 3,6,7.0,0.0,0,ok,0.425531914893617,True,156.0,0.664,0.428
dataset6_CLINIC_0055_data,grupo 3,6,4.91,0.0,0,ok,0.425531914893617,True,156.0,0.664,0.428
dataset6_CLINIC_0055_data,grupo 3,6,7.3,0.0,0,ok,0.425531914893617,True,156.0,0.664,0.428
dataset6_CLINIC_0055_data,grupo 3,7,7.0,0.6397380828857422,1,ok,0.41843971631205673,True,156.0,5.66,1.553
dataset6_CLINIC_0055_data,grupo 3,7,4.91,0.0,0,ok,0.41843971631205673,True,156.0,5.66,1.553
dataset6_CLINIC_0055_data,grupo 3,7,7.3,0.7897381782531738,1,ok,0.41843971631205673,True,156.0,5.66,1.553
dataset6_CLINIC_0055_data,grupo 3,8,7.0,0.0,0,ok,0.44680851063829785,True,156.0,1.939,0.429
dataset6_CLINIC_0055_data,grupo 3,8,4.91,0.0,0,ok,0.44680851063829785,True,156.0,1.939,0.429
dataset6_CLINIC_0055_data,grupo 3,8,7.3,0.0,0,ok,0.44680851063829785,True,156.0,1.939,0.429
dataset6_CLINIC_0055_data,grupo 3,9,7.0,1.753024697303772,1,ok,0.3262411347517731,True,156.0,6.486,4.46
dataset6_CLINIC_0055_data,grupo 3,9,4.91,0.7080246210098267,1,ok,0.3262411347517731,True,156.0,6.486,4.46
dataset6_CLINIC_0055_data,grupo 3,9,7.3,1.9030247926712036,1,ok,0.3262411347517731,True,156.0,6.486,4.46
dataset6_CLINIC_0055_data,grupo 3,10,7.0,0.056978464126586914,1,ok,0.3829787234042553,True,156.0,0.844,2.554
dataset6_CLINIC_0055_data,grupo 3,10,4.91,0.0,0,ok,0.3829787234042553,True,156.0,0.844,2.554
dataset6_CLINIC_0055_data,grupo 3,10,7.3,0.20697855949401855,1,ok,0.3829787234042553,True,156.0,0.844,2.554
dataset6_CLINIC_0055_data,grupo 3,11,7.0,0.0,0,ok,0.3829787234042553,True,156.0,4.853,2.034
dataset6_CLINIC_0055_data,grupo 3,11,4.91,0.0,0,ok,0.3829787234042553,True,156.0,4.853,2.034
dataset6_CLINIC_0055_data,grupo 3,11,7.3,0.0,0,ok,0.3829787234042553,True,156.0,4.853,2.034
dataset6_CLINIC_0055_data,grupo 3,12,7.0,0.0,0,ok,0.3900709219858156,True,156.0,2.335,2.492
dataset6_CLINIC_0055_data,grupo 3,12,4.91,0.0,0,ok,0.3900709219858156,True,156.0,2.335,2.492
dataset6_CLINIC_0055_data,grupo 3,12,7.3,0.0,0,ok,0.3900709219858156,True,156.0,2.335,2.492
dataset6_CLINIC_0055_data,grupo 3,13,7.0,0.0,0,ok,0.3475177304964539,True,156.0,3.493,0.478
dataset6_CLINIC_0055_data,grupo 3,13,4.91,0.0,0,ok,0.3475177304964539,True,156.0,3.493,0.478
dataset6_CLINIC_0055_data,grupo 3,13,7.3,0.0,0,ok,0.3475177304964539,True,156.0,3.493,0.478
dataset6_CLINIC_0055_data,grupo 3,14,7.0,0.0,0,ok,0.3829787234042553,True,156.0,0.903,2.276
dataset6_CLINIC_0055_data,grupo 3,14,4.91,0.0,0,ok,0.3829787234042553,True,156.0,0.903,2.276
dataset6_CLINIC_0055_data,grupo 3,14,7.3,0.0,0,ok,0.3829787234042553,True,156.0,0.903,2.276
dataset6_CLINIC_0055_data,grupo 3,15,7.0,0.0,0,ok,0.4397163120567376,True,156.0,1.178,1.64
dataset6_CLINIC_0055_data,grupo 3,15,4.91,0.0,0,ok,0.4397163120567376,True,156.0,1.178,1.64
dataset6_CLINIC_0055_data,grupo 3,15,7.3,0.0,0,ok,0.4397163120567376,True,156.0,1.178,1.64
dataset6_CLINIC_0055_data,grupo 3,16,7.0,0.0,0,ok,0.40425531914893614,True,156.0,0.834,1.016
dataset6_CLINIC_0055_data,grupo 3,16,4.91,0.0,0,ok,0.40425531914893614,True,156.0,0.834,1.016
dataset6_CLINIC_0055_data,grupo 3,16,7.3,0.0,0,ok,0.40425531914893614,True,156.0,0.834,1.016
dataset6_CLINIC_0055_data,grupo 3,17,7.0,0.0,0,ok,0.4326241134751773,True,156.0,0.985,2.107
dataset6_CLINIC_0055_data,grupo 3,17,4.91,0.0,0,ok,0.4326241134751773,True,156.0,0.985,2.107
dataset6_CLINIC_0055_data,grupo 3,17,7.3,0.0,0,ok,0.4326241134751773,True,156.0,0.985,2.107
dataset6_CLINIC_0055_data,grupo 3,18,7.0,0.0,0,ok,0.3617021276595745,True,156.0,2.378,0.2
dataset6_CLINIC_0055_data,grupo 3,18,4.91,0.0,0,ok,0.3617021276595745,True,156.0,2.378,0.2
dataset6_CLINIC_0055_data,grupo 3,18,7.3,0.0,0,ok,0.3617021276595745,True,156.0,2.378,0.2
dataset6_CLINIC_0055_data,grupo 3,19,7.0,0.0,0,ok,0.3475177304964539,True,156.0,3.923,1.653
dataset6_CLINIC_0055_data,grupo 3,19,4.91,0.0,0,ok,0.3475177304964539,True,156.0,3.923,1.653
dataset6_CLINIC_0055_data,grupo 3,19,7.3,0.0,0,ok,0.3475177304964539,True,156.0,3.923,1.653
dataset6_CLINIC_0055_data,grupo 3,20,7.0,0.0,0,ok,0.41843971631205673,True,156.0,0.517,0.064
dataset6_CLINIC_0055_data,grupo 3,20,4.91,0.0,0,ok,0.41843971631205673,True,156.0,0.517,0.064
dataset6_CLINIC_0055_data,grupo 3,20,7.3,0.0,0,ok,0.41843971631205673,True,156.0,0.517,0.064
dataset6_CLINIC_0055_data,grupo 3,21,7.0,0.0,0,ok,0.41134751773049644,True,156.0,0.226,0.253
dataset6_CLINIC_0055_data,grupo 3,21,4.91,0.0,0,ok,0.41134751773049644,True,156.0,0.226,0.253
dataset6_CLINIC_0055_data,grupo 3,21,7.3,0.0,0,ok,0.41134751773049644,True,156.0,0.226,0.253
dataset6_CLINIC_0055_data,grupo 3,22,7.0,0.0,0,ok,0.3404255319148936,True,156.0,3.923,0.666
dataset6_CLINIC_0055_data,grupo 3,22,4.91,0.0,0,ok,0.3404255319148936,True,156.0,3.923,0.666
dataset6_CLINIC_0055_data,grupo 3,22,7.3,0.0,0,ok,0.3404255319148936,True,156.0,3.923,0.666
dataset6_CLINIC_0055_data,grupo 3,23,7.0,0.0,0,ok,0.4397163120567376,True,156.0,0.857,0.506
dataset6_CLINIC_0055_data,grupo 3,23,4.91,0.0,0,ok,0.4397163120567376,True,156.0,0.857,0.506
dataset6_CLINIC_0055_data,grupo 3,23,7.3,0.0,0,ok,0.4397163120567376,True,156.0,0.857,0.506
dataset6_CLINIC_0055_data,grupo 3,24,7.0,0.0,0,ok,0.425531914893617,True,156.0,2.198,0.012
dataset6_CLINIC_0055_data,grupo 3,24,4.91,0.0,0,ok,0.425531914893617,True,156.0,2.198,0.012
dataset6_CLINIC_0055_data,grupo 3,24,7.3,0.0,0,ok,0.425531914893617,True,156.0,2.198,0.012
dataset6_CLINIC_0055_data,grupo 3,25,7.0,1.5577565431594849,1,ok,0.3546099290780142,True,156.0,5.355,1.742
dataset6_CLINIC_0055_data,grupo 3,25,4.91,0.5127564668655396,1,ok,0.3546099290780142,True,156.0,5.355,1.742
dataset6_CLINIC_0055_data,grupo 3,25,7.3,1.7077566385269165,1,ok,0.3546099290780142,True,156.0,5.355,1.742
dataset6_CLINIC_0055_data,grupo 3,26,7.0,0.0,0,ok,0.4397163120567376,True,156.0,1.172,2.614
dataset6_CLINIC_0055_data,grupo 3,26,4.91,0.0,0,ok,0.4397163120567376,True,156.0,1.172,2.614
dataset6_CLINIC_0055_data,grupo 3,26,7.3,0.0,0,ok,0.4397163120567376,True,156.0,1.172,2.614
dataset6_CLINIC_0055_data,grupo 3,27,7.0,0.0,0,ok,0.41843971631205673,True,156.0,1.039,1.278
dataset6_CLINIC_0055_data,grupo 3,27,4.91,0.0,0,ok,0.41843971631205673,True,156.0,1.039,1.278
dataset6_CLINIC_0055_data,grupo 3,27,7.3,0.0,0,ok,0.41843971631205673,True,156.0,1.039,1.278
dataset6_CLINIC_0055_data,grupo 3,28,7.0,0.0,0,ok,0.425531914893617,True,156.0,3.006,1.155
dataset6_CLINIC_0055_data,grupo 3,28,4.91,0.0,0,ok,0.425531914893617,True,156.0,3.006,1.155
dataset6_CLINIC_0055_data,grupo 3,28,7.3,0.0,0,ok,0.425531914893617,True,156.0,3.006,1.155
dataset6_CLINIC_0055_data,grupo 3,29,7.0,0.9034287929534912,1,ok,0.41843971631205673,True,156.0,4.015,4.275
dataset6_CLINIC_0055_data,grupo 3,29,4.91,0.0,0,ok,0.41843971631205673,True,156.0,4.015,4.275
dataset6_CLINIC_0055_data,grupo 3,29,7.3,1.0534288883209229,1,ok,0.41843971631205673,True,156.0,4.015,4.275
dataset6_CLINIC_0055_data,grupo 3,30,7.0,0.0,0,ok,0.46099290780141844,True,156.0,1.248,4.114
dataset6_CLINIC_0055_data,grupo 3,30,4.91,0.0,0,ok,0.46099290780141844,True,156.0,1.248,4.114
dataset6_CLINIC_0055_data,grupo 3,30,7.3,0.0,0,ok,0.46099290780141844,True,156.0,1.248,4.114
dataset6_CLINIC_0055_data,grupo 3,31,7.0,0.0,0,ok,0.41134751773049644,True,156.0,1.897,1.103
dataset6_CLINIC_0055_data,grupo 3,31,4.91,0.0,0,ok,0.41134751773049644,True,156.0,1.897,1.103
dataset6_CLINIC_0055_data,grupo 3,31,7.3,0.0,0,ok,0.41134751773049644,True,156.0,1.897,1.103
dataset6_CLINIC_0055_data,grupo 3,32,7.0,0.0,0,ok,0.375886524822695,True,156.0,2.43,1.425
dataset6_CLINIC_0055_data,grupo 3,32,4.91,0.0,0,ok,0.375886524822695,True,156.0,2.43,1.425
dataset6_CLINIC_0055_data,grupo 3,32,7.3,0.0,0,ok,0.375886524822695,True,156.0,2.43,1.425
dataset6_CLINIC_0055_data,grupo 3,33,7.0,0.018784046173095703,1,ok,0.36879432624113473,True,156.0,2.453,2.234
dataset6_CLINIC_0055_data,grupo 3,33,4.91,0.0,0,ok,0.36879432624113473,True,156.0,2.453,2.234
dataset6_CLINIC_0055_data,grupo 3,33,7.3,0.16878414154052734,1,ok,0.36879432624113473,True,156.0,2.453,2.234
dataset6_CLINIC_0055_data,grupo 3,34,7.0,0.0,0,ok,0.4326241134751773,True,156.0,2.496,2.571
dataset6_CLINIC_0055_data,grupo 3,34,4.91,0.0,0,ok,0.4326241134751773,True,156.0,2.496,2.571
dataset6_CLINIC_0055_data,grupo 3,34,7.3,0.0,0,ok,0.4326241134751773,True,156.0,2.496,2.571
dataset6_CLINIC_0055_data,grupo 3,35,7.0,0.0,0,ok,0.375886524822695,True,156.0,1.011,1.57
dataset6_CLINIC_0055_data,grupo 3,35,4.91,0.0,0,ok,0.375886524822695,True,156.0,1.011,1.57
dataset6_CLINIC_0055_data,grupo 3,35,7.3,0.0,0,ok,0.375886524822695,True,156.0,1.011,1.57
dataset6_CLINIC_0055_data,grupo 3,36,7.0,0.015091657638549805,1,ok,0.41843971631205673,True,156.0,2.656,1.909
dataset6_CLINIC_0055_data,grupo 3,36,4.91,0.0,0,ok,0.41843971631205673,True,156.0,2.656,1.909
dataset6_CLINIC_0055_data,grupo 3,36,7.3,0.16509175300598145,1,ok,0.41843971631205673,True,156.0,2.656,1.909
dataset6_CLINIC_0055_data,grupo 3,37,7.0,0.0,0,ok,0.44680851063829785,True,156.0,0.748,0.402
dataset6_CLINIC_0055_data,grupo 3,37,4.91,0.0,0,ok,0.44680851063829785,True,156.0,0.748,0.402
dataset6_CLINIC_0055_data,grupo 3,37,7.3,0.0,0,ok,0.44680851063829785,True,156.0,0.748,0.402
dataset6_CLINIC_0055_data,grupo 3,38,7.0,0.0,0,ok,0.3900709219858156,True,156.0,1.459,1.553
dataset6_CLINIC_0055_data,grupo 3,38,4.91,0.0,0,ok,0.3900709219858156,True,156.0,1.459,1.553
dataset6_CLINIC_0055_data,grupo 3,38,7.3,0.0,0,ok,0.3900709219858156,True,156.0,1.459,1.553
dataset6_CLINIC_0055_data,grupo 3,39,7.0,0.0,0,ok,0.3900709219858156,True,156.0,4.436,2.134
dataset6_CLINIC_0055_data,grupo 3,39,4.91,0.0,0,ok,0.3900709219858156,True,156.0,4.436,2.134
dataset6_CLINIC_0055_data,grupo 3,39,7.3,0.0,0,ok,0.3900709219858156,True,156.0,4.436,2.134
dataset6_CLINIC_0055_data,grupo 3,40,7.0,0.0,0,ok,0.425531914893617,True,156.0,1.376,0.152
dataset6_CLINIC_0055_data,grupo 3,40,4.91,0.0,0,ok,0.425531914893617,True,156.0,1.376,0.152
dataset6_CLINIC_0055_data,grupo 3,40,7.3,0.0,0,ok,0.425531914893617,True,156.0,1.376,0.152
dataset6_CLINIC_0055_data,grupo 3,41,7.0,0.0,0,ok,0.46808510638297873,True,156.0,0.724,2.232
dataset6_CLINIC_0055_data,grupo 3,41,4.91,0.0,0,ok,0.46808510638297873,True,156.0,0.724,2.232
dataset6_CLINIC_0055_data,grupo 3,41,7.3,0.0,0,ok,0.46808510638297873,True,156.0,0.724,2.232
dataset6_CLINIC_0055_data,grupo 3,42,7.0,0.0,0,ok,0.46099290780141844,True,156.0,0.542,1.94
dataset6_CLINIC_0055_data,grupo 3,42,4.91,0.0,0,ok,0.46099290780141844,True,156.0,0.542,1.94
dataset6_CLINIC_0055_data,grupo 3,42,7.3,0.0,0,ok,0.46099290780141844,True,156.0,0.542,1.94
dataset6_CLINIC_0055_data,grupo 3,43,7.0,1.3935861587524414,1,ok,0.3971631205673759,True,156.0,5.328,3.863
dataset6_CLINIC_0055_data,grupo 3,43,4.91,0.3485860824584961,1,ok,0.3971631205673759,True,156.0,5.328,3.863
dataset6_CLINIC_0055_data,grupo 3,43,7.3,1.543586254119873,1,ok,0.3971631205673759,True,156.0,5.328,3.863
dataset6_CLINIC_0055_data,grupo 3,44,7.0,0.0,0,ok,0.425531914893617,True,156.0,2.679,0.083
dataset6_CLINIC_0055_data,grupo 3,44,4.91,0.0,0,ok,0.425531914893617,True,156.0,2.679,0.083
dataset6_CLINIC_0055_data,grupo 3,44,7.3,0.0,0,ok,0.425531914893617,True,156.0,2.679,0.083
dataset6_CLINIC_0055_data,grupo 3,45,7.0,0.0,0,ok,0.3617021276595745,True,156.0,4.067,1.475
dataset6_CLINIC_0055_data,grupo 3,45,4.91,0.0,0,ok,0.3617021276595745,True,156.0,4.067,1.475
dataset6_CLINIC_0055_data,grupo 3,45,7.3,0.07877469062805176,1,ok,0.3617021276595745,True,156.0,4.067,1.475
dataset6_CLINIC_0055_data,grupo 3,46,7.0,0.0,0,ok,0.44680851063829785,True,156.0,2.739,1.836
dataset6_CLINIC_0055_data,grupo 3,46,4.91,0.0,0,ok,0.44680851063829785,True,156.0,2.739,1.836
dataset6_CLINIC_0055_data,grupo 3,46,7.3,0.0,0,ok,0.44680851063829785,True,156.0,2.739,1.836
dataset6_CLINIC_0055_data,grupo 3,47,7.0,0.0,0,ok,0.425531914893617,True,156.0,1.397,0.264
dataset6_CLINIC_0055_data,grupo 3,47,4.91,0.0,0,ok,0.425531914893617,True,156.0,1.397,0.264
dataset6_CLINIC_0055_data,grupo 3,47,7.3,0.0,0,ok,0.425531914893617,True,156.0,1.397,0.264
dataset6_CLINIC_0055_data,grupo 3,48,7.0,0.0,0,ok,0.425531914893617,True,156.0,3.381,0.048
dataset6_CLINIC_0055_data,grupo 3,48,4.91,0.0,0,ok,0.425531914893617,True,156.0,3.381,0.048
dataset6_CLINIC_0055_data,grupo 3,48,7.3,0.0,0,ok,0.425531914893617,True,156.0,3.381,0.048
dataset6_CLINIC_0055_data,grupo 3,49,7.0,0.0,0,ok,0.41843971631205673,True,156.0,2.247,1.151
dataset6_CLINIC_0055_data,grupo 3,49,4.91,0.0,0,ok,0.41843971631205673,True,156.0,2.247,1.151
dataset6_CLINIC_0055_data,grupo 3,49,7.3,0.0,0,ok,0.41843971631205673,True,156.0,2.247,1.151
dataset6_CLINIC_0063_data,grupo 3,0,7.0,0.0,0,ok,0.425531914893617,True,156.0,3.868,0.308
dataset6_CLINIC_0063_data,grupo 3,0,4.91,0.0,0,ok,0.425531914893617,True,156.0,3.868,0.308
dataset6_CLINIC_0063_data,grupo 3,0,7.3,0.0,0,ok,0.425531914893617,True,156.0,3.868,0.308
dataset6_CLINIC_0063_data,grupo 3,1,7.0,0.0,0,ok,0.3617021276595745,True,156.0,3.221,1.905
dataset6_CLINIC_0063_data,grupo 3,1,4.91,0.0,0,ok,0.3617021276595745,True,156.0,3.221,1.905
dataset6_CLINIC_0063_data,grupo 3,1,7.3,0.0,0,ok,0.3617021276595745,True,156.0,3.221,1.905
dataset6_CLINIC_0063_data,grupo 3,2,7.0,0.0,0,ok,0.40425531914893614,True,156.0,3.242,3.403
dataset6_CLINIC_0063_data,grupo 3,2,4.91,0.0,0,ok,0.40425531914893614,True,156.0,3.242,3.403
dataset6_CLINIC_0063_data,grupo 3,2,7.3,0.0,0,ok,0.40425531914893614,True,156.0,3.242,3.403
dataset6_CLINIC_0063_data,grupo 3,3,7.0,0.0,0,ok,0.4326241134751773,True,156.0,2.501,0.498
dataset6_CLINIC_0063_data,grupo 3,3,4.91,0.0,0,ok,0.4326241134751773,True,156.0,2.501,0.498
dataset6_CLINIC_0063_data,grupo 3,3,7.3,0.0,0,ok,0.4326241134751773,True,156.0,2.501,0.498
dataset6_CLINIC_0063_data,grupo 3,4,7.0,0.0,0,ok,0.48226950354609927,True,156.0,0.547,0.348
dataset6_CLINIC_0063_data,grupo 3,4,4.91,0.0,0,ok,0.48226950354609927,True,156.0,0.547,0.348
dataset6_CLINIC_0063_data,grupo 3,4,7.3,0.0,0,ok,0.48226950354609927,True,156.0,0.547,0.348
dataset6_CLINIC_0063_data,grupo 3,5,7.0,0.0,0,ok,0.48226950354609927,True,156.0,0.613,1.845
dataset6_CLINIC_0063_data,grupo 3,5,4.91,0.0,0,ok,0.48226950354609927,True,156.0,0.613,1.845
dataset6_CLINIC_0063_data,grupo 3,5,7.3,0.0,0,ok,0.48226950354609927,True,156.0,0.613,1.845
dataset6_CLINIC_0063_data,grupo 3,6,7.0,0.0,0,ok,0.48226950354609927,True,156.0,0.965,1.081
dataset6_CLINIC_0063_data,grupo 3,6,4.91,0.0,0,ok,0.48226950354609927,True,156.0,0.965,1.081
dataset6_CLINIC_0063_data,grupo 3,6,7.3,0.0,0,ok,0.48226950354609927,True,156.0,0.965,1.081
dataset6_CLINIC_0063_data,grupo 3,7,7.0,0.0,0,ok,0.5106382978723404,True,156.0,2.092,1.532
dataset6_CLINIC_0063_data,grupo 3,7,4.91,0.0,0,ok,0.5106382978723404,True,156.0,2.092,1.532
dataset6_CLINIC_0063_data,grupo 3,7,7.3,0.0,0,ok,0.5106382978723404,True,156.0,2.092,1.532
dataset6_CLINIC_0063_data,grupo 3,8,7.0,0.0,0,ok,0.49645390070921985,True,156.0,0.144,1.374
dataset6_CLINIC_0063_data,grupo 3,8,4.91,0.0,0,ok,0.49645390070921985,True,156.0,0.144,1.374
dataset6_CLINIC_0063_data,grupo 3,8,7.3,0.0,0,ok,0.49645390070921985,True,156.0,0.144,1.374
dataset6_CLINIC_0063_data,grupo 3,9,7.0,0.0,0,ok,0.4326241134751773,True,156.0,7.45,0.419
dataset6_CLINIC_0063_data,grupo 3,9,4.91,0.0,0,ok,0.4326241134751773,True,156.0,7.45,0.419
dataset6_CLINIC_0063_data,grupo 3,9,7.3,0.0,0,ok,0.4326241134751773,True,156.0,7.45,0.419
dataset6_CLINIC_0063_data,grupo 3,10,7.0,0.0,0,ok,0.475177304964539,True,156.0,0.794,0.049
dataset6_CLINIC_0063_data,grupo 3,10,4.91,0.0,0,ok,0.475177304964539,True,156.0,0.794,0.049
dataset6_CLINIC_0063_data,grupo 3,10,7.3,0.0,0,ok,0.475177304964539,True,156.0,0.794,0.049
dataset6_CLINIC_0063_data,grupo 3,11,7.0,0.0,0,ok,0.45390070921985815,True,156.0,2.077,0.921
dataset6_CLINIC_0063_data,grupo 3,11,4.91,0.0,0,ok,0.45390070921985815,True,156.0,2.077,0.921
dataset6_CLINIC_0063_data,grupo 3,11,7.3,0.0,0,ok,0.45390070921985815,True,156.0,2.077,0.921
dataset6_CLINIC_0063_data,grupo 3,12,7.0,0.0,0,ok,0.49645390070921985,True,156.0,2.787,3.029
dataset6_CLINIC_0063_data,grupo 3,12,4.91,0.0,0,ok,0.49645390070921985,True,156.0,2.787,3.029
dataset6_CLINIC_0063_data,grupo 3,12,7.3,0.0,0,ok,0.49645390070921985,True,156.0,2.787,3.029
dataset6_CLINIC_0063_data,grupo 3,13,7.0,0.0,0,ok,0.3971631205673759,True,156.0,2.9,0.301
dataset6_CLINIC_0063_data,grupo 3,13,4.91,0.0,0,ok,0.3971631205673759,True,156.0,2.9,0.301
dataset6_CLINIC_0063_data,grupo 3,13,7.3,0.0,0,ok,0.3971631205673759,True,156.0,2.9,0.301
dataset6_CLINIC_0063_data,grupo 3,14,7.0,0.0,0,ok,0.48226950354609927,True,156.0,0.964,0.843
dataset6_CLINIC_0063_data,grupo 3,14,4.91,0.0,0,ok,0.48226950354609927,True,156.0,0.964,0.843
dataset6_CLINIC_0063_data,grupo 3,14,7.3,0.0,0,ok,0.48226950354609927,True,156.0,0.964,0.843
dataset6_CLINIC_0063_data,grupo 3,15,7.0,0.0,0,ok,0.425531914893617,True,156.0,2.344,1.171
dataset6_CLINIC_0063_data,grupo 3,15,4.91,0.0,0,ok,0.425531914893617,True,156.0,2.344,1.171
dataset6_CLINIC_0063_data,grupo 3,15,7.3,0.0,0,ok,0.425531914893617,True,156.0,2.344,1.171
dataset6_CLINIC_0063_data,grupo 3,16,7.0,0.0,0,ok,0.48936170212765956,True,156.0,1.896,1.424
dataset6_CLINIC_0063_data,grupo 3,16,4.91,0.0,0,ok,0.48936170212765956,True,156.0,1.896,1.424
dataset6_CLINIC_0063_data,grupo 3,16,7.3,0.0,0,ok,0.48936170212765956,True,156.0,1.896,1.424
dataset6_CLINIC_0063_data,grupo 3,17,7.0,0.0,0,ok,0.46099290780141844,True,156.0,0.956,1.725
dataset6_CLINIC_0063_data,grupo 3,17,4.91,0.0,0,ok,0.46099290780141844,True,156.0,0.956,1.725
dataset6_CLINIC_0063_data,grupo 3,17,7.3,0.0,0,ok,0.46099290780141844,True,156.0,0.956,1.725
dataset6_CLINIC_0063_data,grupo 3,18,7.0,0.0,0,ok,0.46099290780141844,True,156.0,4.022,0.199
dataset6_CLINIC_0063_data,grupo 3,18,4.91,0.0,0,ok,0.46099290780141844,True,156.0,4.022,0.199
dataset6_CLINIC_0063_data,grupo 3,18,7.3,0.0,0,ok,0.46099290780141844,True,156.0,4.022,0.199
dataset6_CLINIC_0063_data,grupo 3,19,7.0,0.0,0,ok,0.48226950354609927,True,156.0,0.075,0.084
dataset6_CLINIC_0063_data,grupo 3,19,4.91,0.0,0,ok,0.48226950354609927,True,156.0,0.075,0.084
dataset6_CLINIC_0063_data,grupo 3,19,7.3,0.0,0,ok,0.48226950354609927,True,156.0,0.075,0.084
dataset6_CLINIC_0063_data,grupo 3,20,7.0,0.0,0,ok,0.1276595744680851,True,156.0,4.55,1.544
dataset6_CLINIC_0063_data,grupo 3,20,4.91,0.0,0,ok,0.1276595744680851,True,156.0,4.55,1.544
dataset6_CLINIC_0063_data,grupo 3,20,7.3,0.0,0,ok,0.1276595744680851,True,156.0,4.55,1.544
dataset6_CLINIC_0063_data,grupo 3,21,7.0,0.0,0,ok,0.5035460992907801,True,156.0,2.889,1.229
dataset6_CLINIC_0063_data,grupo 3,21,4.91,0.0,0,ok,0.5035460992907801,True,156.0,2.889,1.229
dataset6_CLINIC_0063_data,grupo 3,21,7.3,0.0,0,ok,0.5035460992907801,True,156.0,2.889,1.229
dataset6_CLINIC_0063_data,grupo 3,22,7.0,0.0,0,ok,0.5106382978723404,True,156.0,0.906,1.989
dataset6_CLINIC_0063_data,grupo 3,22,4.91,0.0,0,ok,0.5106382978723404,True,156.0,0.906,1.989
dataset6_CLINIC_0063_data,grupo 3,22,7.3,0.0,0,ok,0.5106382978723404,True,156.0,0.906,1.989
dataset6_CLINIC_0063_data,grupo 3,23,7.0,0.0,0,ok,0.48936170212765956,True,156.0,0.49,1.93
dataset6_CLINIC_0063_data,grupo 3,23,4.91,0.0,0,ok,0.48936170212765956,True,156.0,0.49,1.93
dataset6_CLINIC_0063_data,grupo 3,23,7.3,0.0,0,ok,0.48936170212765956,True,156.0,0.49,1.93
dataset6_CLINIC_0063_data,grupo 3,24,7.0,0.0,0,ok,0.46099290780141844,True,156.0,0.907,2.577
dataset6_CLINIC_0063_data,grupo 3,24,4.91,0.0,0,ok,0.46099290780141844,True,156.0,0.907,2.577
dataset6_CLINIC_0063_data,grupo 3,24,7.3,0.0,0,ok,0.46099290780141844,True,156.0,0.907,2.577
dataset6_CLINIC_0063_data,grupo 3,25,7.0,0.0,0,ok,0.46099290780141844,True,156.0,4.141,1.052
dataset6_CLINIC_0063_data,grupo 3,25,4.91,0.0,0,ok,0.46099290780141844,True,156.0,4.141,1.052
dataset6_CLINIC_0063_data,grupo 3,25,7.3,0.0,0,ok,0.46099290780141844,True,156.0,4.141,1.052
dataset6_CLINIC_0063_data,grupo 3,26,7.0,0.0,0,ok,0.475177304964539,True,156.0,0.023,1.807
dataset6_CLINIC_0063_data,grupo 3,26,4.91,0.0,0,ok,0.475177304964539,True,156.0,0.023,1.807
dataset6_CLINIC_0063_data,grupo 3,26,7.3,0.0,0,ok,0.475177304964539,True,156.0,0.023,1.807
dataset6_CLINIC_0063_data,grupo 3,27,7.0,0.0,0,ok,0.475177304964539,True,156.0,1.806,0.552
dataset6_CLINIC_0063_data,grupo 3,27,4.91,0.0,0,ok,0.475177304964539,True,156.0,1.806,0.552
dataset6_CLINIC_0063_data,grupo 3,27,7.3,0.0,0,ok,0.475177304964539,True,156.0,1.806,0.552
dataset6_CLINIC_0063_data,grupo 3,28,7.0,0.0,0,ok,0.46099290780141844,True,156.0,0.852,1.168
dataset6_CLINIC_0063_data,grupo 3,28,4.91,0.0,0,ok,0.46099290780141844,True,156.0,0.852,1.168
dataset6_CLINIC_0063_data,grupo 3,28,7.3,0.0,0,ok,0.46099290780141844,True,156.0,0.852,1.168
dataset6_CLINIC_0063_data,grupo 3,29,7.0,0.0,0,ok,0.46808510638297873,True,156.0,0.696,1.045
dataset6_CLINIC_0063_data,grupo 3,29,4.91,0.0,0,ok,0.46808510638297873,True,156.0,0.696,1.045
dataset6_CLINIC_0063_data,grupo 3,29,7.3,0.0,0,ok,0.46808510638297873,True,156.0,0.696,1.045
dataset6_CLINIC_0063_data,grupo 3,30,7.0,0.0,0,ok,0.48936170212765956,True,156.0,1.85,2.757
dataset6_CLINIC_0063_data,grupo 3,30,4.91,0.0,0,ok,0.48936170212765956,True,156.0,1.85,2.757
dataset6_CLINIC_0063_data,grupo 3,30,7.3,0.0,0,ok,0.48936170212765956,True,156.0,1.85,2.757
dataset6_CLINIC_0063_data,grupo 3,31,7.0,0.0,0,ok,0.4397163120567376,True,156.0,1.761,2.491
dataset6_CLINIC_0063_data,grupo 3,31,4.91,0.0,0,ok,0.4397163120567376,True,156.0,1.761,2.491
dataset6_CLINIC_0063_data,grupo 3,31,7.3,0.0,0,ok,0.4397163120567376,True,156.0,1.761,2.491
dataset6_CLINIC_0063_data,grupo 3,32,7.0,0.0,0,ok,0.44680851063829785,True,156.0,0.485,2.48
dataset6_CLINIC_0063_data,grupo 3,32,4.91,0.0,0,ok,0.44680851063829785,True,156.0,0.485,2.48
dataset6_CLINIC_0063_data,grupo 3,32,7.3,0.0,0,ok,0.44680851063829785,True,156.0,0.485,2.48
dataset6_CLINIC_0063_data,grupo 3,33,7.0,0.0,0,ok,0.49645390070921985,True,156.0,1.24,3.107
dataset6_CLINIC_0063_data,grupo 3,33,4.91,0.0,0,ok,0.49645390070921985,True,156.0,1.24,3.107
dataset6_CLINIC_0063_data,grupo 3,33,7.3,0.0,0,ok,0.49645390070921985,True,156.0,1.24,3.107
dataset6_CLINIC_0063_data,grupo 3,34,7.0,0.0,0,ok,0.425531914893617,True,156.0,2.637,0.069
dataset6_CLINIC_0063_data,grupo 3,34,4.91,0.0,0,ok,0.425531914893617,True,156.0,2.637,0.069
dataset6_CLINIC_0063_data,grupo 3,34,7.3,0.0,0,ok,0.425531914893617,True,156.0,2.637,0.069
dataset6_CLINIC_0063_data,grupo 3,35,7.0,0.0,0,ok,0.49645390070921985,True,156.0,2.63,2.794
dataset6_CLINIC_0063_data,grupo 3,35,4.91,0.0,0,ok,0.49645390070921985,True,156.0,2.63,2.794
dataset6_CLINIC_0063_data,grupo 3,35,7.3,0.0,0,ok,0.49645390070921985,True,156.0,2.63,2.794
dataset6_CLINIC_0063_data,grupo 3,36,7.0,0.0,0,ok,0.46808510638297873,True,156.0,2.325,4.57
dataset6_CLINIC_0063_data,grupo 3,36,4.91,0.0,0,ok,0.46808510638297873,True,156.0,2.325,4.57
dataset6_CLINIC_0063_data,grupo 3,36,7.3,0.0,0,ok,0.46808510638297873,True,156.0,2.325,4.57
dataset6_CLINIC_0063_data,grupo 3,37,7.0,0.0,0,ok,0.41843971631205673,True,156.0,3.55,0.387
dataset6_CLINIC_0063_data,grupo 3,37,4.91,0.0,0,ok,0.41843971631205673,True,156.0,3.55,0.387
dataset6_CLINIC_0063_data,grupo 3,37,7.3,0.0,0,ok,0.41843971631205673,True,156.0,3.55,0.387
dataset6_CLINIC_0063_data,grupo 3,38,7.0,0.0,0,ok,0.46808510638297873,True,156.0,0.657,0.39
dataset6_CLINIC_0063_data,grupo 3,38,4.91,0.0,0,ok,0.46808510638297873,True,156.0,0.657,0.39
dataset6_CLINIC_0063_data,grupo 3,38,7.3,0.0,0,ok,0.46808510638297873,True,156.0,0.657,0.39
dataset6_CLINIC_0063_data,grupo 3,39,7.0,0.0,0,ok,0.475177304964539,True,156.0,1.243,1.28
dataset6_CLINIC_0063_data,grupo 3,39,4.91,0.0,0,ok,0.475177304964539,True,156.0,1.243,1.28
dataset6_CLINIC_0063_data,grupo 3,39,7.3,0.0,0,ok,0.475177304964539,True,156.0,1.243,1.28
dataset6_CLINIC_0063_data,grupo 3,40,7.0,0.0,0,ok,0.49645390070921985,True,156.0,0.449,1.602
dataset6_CLINIC_0063_data,grupo 3,40,4.91,0.0,0,ok,0.49645390070921985,True,156.0,0.449,1.602
dataset6_CLINIC_0063_data,grupo 3,40,7.3,0.0,0,ok,0.49645390070921985,True,156.0,0.449,1.602
dataset6_CLINIC_0063_data,grupo 3,41,7.0,0.0,0,ok,0.4397163120567376,True,156.0,1.214,2.101
dataset6_CLINIC_0063_data,grupo 3,41,4.91,0.0,0,ok,0.4397163120567376,True,156.0,1.214,2.101
dataset6_CLINIC_0063_data,grupo 3,41,7.3,0.0,0,ok,0.4397163120567376,True,156.0,1.214,2.101
dataset6_CLINIC_0063_data,grupo 3,42,7.0,0.0,0,ok,0.48226950354609927,True,156.0,0.125,0.125
dataset6_CLINIC_0063_data,grupo 3,42,4.91,0.0,0,ok,0.48226950354609927,True,156.0,0.125,0.125
dataset6_CLINIC_0063_data,grupo 3,42,7.3,0.0,0,ok,0.48226950354609927,True,156.0,0.125,0.125
dataset6_CLINIC_0063_data,grupo 3,43,7.0,0.0,0,ok,0.5035460992907801,True,156.0,0.859,1.86
dataset6_CLINIC_0063_data,grupo 3,43,4.91,0.0,0,ok,0.5035460992907801,True,156.0,0.859,1.86
dataset6_CLINIC_0063_data,grupo 3,43,7.3,0.0,0,ok,0.5035460992907801,True,156.0,0.859,1.86
dataset6_CLINIC_0063_data,grupo 3,44,7.0,0.0,0,ok,0.5035460992907801,True,156.0,3.828,0.741
dataset6_CLINIC_0063_data,grupo 3,44,4.91,0.0,0,ok,0.5035460992907801,True,156.0,3.828,0.741
dataset6_CLINIC_0063_data,grupo 3,44,7.3,0.0,0,ok,0.5035460992907801,True,156.0,3.828,0.741
dataset6_CLINIC_0063_data,grupo 3,45,7.0,0.0,0,ok,0.5035460992907801,True,156.0,1.095,2.237
dataset6_CLINIC_0063_data,grupo 3,45,4.91,0.0,0,ok,0.5035460992907801,True,156.0,1.095,2.237
dataset6_CLINIC_0063_data,grupo 3,45,7.3,0.0,0,ok,0.5035460992907801,True,156.0,1.095,2.237
dataset6_CLINIC_0063_data,grupo 3,46,7.0,0.0,0,ok,0.46808510638297873,True,156.0,1.335,1.637
dataset6_CLINIC_0063_data,grupo 3,46,4.91,0.0,0,ok,0.46808510638297873,True,156.0,1.335,1.637
dataset6_CLINIC_0063_data,grupo 3,46,7.3,0.0,0,ok,0.46808510638297873,True,156.0,1.335,1.637
dataset6_CLINIC_0063_data,grupo 3,47,7.0,0.0,0,ok,0.45390070921985815,True,156.0,1.162,2.454
dataset6_CLINIC_0063_data,grupo 3,47,4.91,0.0,0,ok,0.45390070921985815,True,156.0,1.162,2.454
dataset6_CLINIC_0063_data,grupo 3,47,7.3,0.0,0,ok,0.45390070921985815,True,156.0,1.162,2.454
dataset6_CLINIC_0063_data,grupo 3,48,7.0,0.0,0,ok,0.48936170212765956,True,156.0,1.441,1.231
dataset6_CLINIC_0063_data,grupo 3,48,4.91,0.0,0,ok,0.48936170212765956,True,156.0,1.441,1.231
dataset6_CLINIC_0063_data,grupo 3,48,7.3,0.0,0,ok,0.48936170212765956,True,156.0,1.441,1.231
dataset6_CLINIC_0063_data,grupo 3,49,7.0,0.0,0,ok,0.475177304964539,True,156.0,0.287,0.003
dataset6_CLINIC_0063_data,grupo 3,49,4.91,0.0,0,ok,0.475177304964539,True,156.0,0.287,0.003
dataset6_CLINIC_0063_data,grupo 3,49,7.3,0.0,0,ok,0.475177304964539,True,156.0,0.287,0.003
dataset6_CLINIC_0059_data,grupo 3,0,7.0,0.0,0,ok,0.13725490196078433,True,66.0,0.516,0.671
dataset6_CLINIC_0059_data,grupo 3,0,4.91,0.0,0,ok,0.13725490196078433,True,66.0,0.516,0.671
dataset6_CLINIC_0059_data,grupo 3,0,7.3,0.0,0,ok,0.13725490196078433,True,66.0,0.516,0.671
dataset6_CLINIC_0059_data,grupo 3,1,7.0,0.0,0,ok,0.19607843137254902,True,66.0,0.413,5.809
dataset6_CLINIC_0059_data,grupo 3,1,4.91,0.0,0,ok,0.19607843137254902,True,66.0,0.413,5.809
dataset6_CLINIC_0059_data,grupo 3,1,7.3,0.0,0,ok,0.19607843137254902,True,66.0,0.413,5.809
dataset6_CLINIC_0059_data,grupo 3,2,7.0,0.0,0,ok,0.0,True,66.0,2.044,2.026
dataset6_CLINIC_0059_data,grupo 3,2,4.91,0.0,0,ok,0.0,True,66.0,2.044,2.026
dataset6_CLINIC_0059_data,grupo 3,2,7.3,0.0,0,ok,0.0,True,66.0,2.044,2.026
dataset6_CLINIC_0059_data,grupo 3,3,7.0,0.0,0,ok,0.29411764705882354,True,66.0,1.184,5.171
dataset6_CLINIC_0059_data,grupo 3,3,4.91,0.0,0,ok,0.29411764705882354,True,66.0,1.184,5.171
dataset6_CLINIC_0059_data,grupo 3,3,7.3,0.0,0,ok,0.29411764705882354,True,66.0,1.184,5.171
dataset6_CLINIC_0059_data,grupo 3,4,7.0,0.0,0,ok,0.19607843137254902,True,66.0,0.521,4.359
dataset6_CLINIC_0059_data,grupo 3,4,4.91,0.0,0,ok,0.19607843137254902,True,66.0,0.521,4.359
dataset6_CLINIC_0059_data,grupo 3,4,7.3,0.0,0,ok,0.19607843137254902,True,66.0,0.521,4.359
dataset6_CLINIC_0059_data,grupo 3,5,7.0,0.0,0,ok,0.0,True,66.0,2.903,5.786
dataset6_CLINIC_0059_data,grupo 3,5,4.91,0.0,0,ok,0.0,True,66.0,2.903,5.786
dataset6_CLINIC_0059_data,grupo 3,5,7.3,0.0,0,ok,0.0,True,66.0,2.903,5.786
dataset6_CLINIC_0059_data,grupo 3,6,7.0,0.0,0,ok,0.23529411764705882,True,66.0,3.079,1.021
dataset6_CLINIC_0059_data,grupo 3,6,4.91,0.0,0,ok,0.23529411764705882,True,66.0,3.079,1.021
dataset6_CLINIC_0059_data,grupo 3,6,7.3,0.0,0,ok,0.23529411764705882,True,66.0,3.079,1.021
dataset6_CLINIC_0059_data,grupo 3,7,7.0,0.0,0,ok,0.19607843137254902,True,66.0,1.15,3.362
dataset6_CLINIC_0059_data,grupo 3,7,4.91,0.0,0,ok,0.19607843137254902,True,66.0,1.15,3.362
dataset6_CLINIC_0059_data,grupo 3,7,7.3,0.0,0,ok,0.19607843137254902,True,66.0,1.15,3.362
dataset6_CLINIC_0059_data,grupo 3,8,7.0,0.0,0,ok,0.19607843137254902,True,66.0,0.402,4.702
dataset6_CLINIC_0059_data,grupo 3,8,4.91,0.0,0,ok,0.19607843137254902,True,66.0,0.402,4.702
dataset6_CLINIC_0059_data,grupo 3,8,7.3,0.0,0,ok,0.19607843137254902,True,66.0,0.402,4.702
dataset6_CLINIC_0059_data,grupo 3,9,7.0,0.0,0,ok,0.4117647058823529,True,66.0,2.178,2.305
dataset6_CLINIC_0059_data,grupo 3,9,4.91,0.0,0,ok,0.4117647058823529,True,66.0,2.178,2.305
dataset6_CLINIC_0059_data,grupo 3,9,7.3,0.0,0,ok,0.4117647058823529,True,66.0,2.178,2.305
dataset6_CLINIC_0059_data,grupo 3,10,7.0,0.0,0,ok,0.13725490196078433,True,66.0,0.534,2.199
dataset6_CLINIC_0059_data,grupo 3,10,4.91,0.0,0,ok,0.13725490196078433,True,66.0,0.534,2.199
dataset6_CLINIC_0059_data,grupo 3,10,7.3,0.0,0,ok,0.13725490196078433,True,66.0,0.534,2.199
dataset6_CLINIC_0059_data,grupo 3,11,7.0,0.0,0,ok,0.21568627450980393,True,66.0,0.119,2.403
dataset6_CLINIC_0059_data,grupo 3,11,4.91,0.0,0,ok,0.21568627450980393,True,66.0,0.119,2.403
dataset6_CLINIC_0059_data,grupo 3,11,7.3,0.0,0,ok,0.21568627450980393,True,66.0,0.119,2.403
dataset6_CLINIC_0059_data,grupo 3,12,7.0,0.0,0,ok,0.3333333333333333,True,66.0,3.976,0.264
dataset6_CLINIC_0059_data,grupo 3,12,4.91,0.0,0,ok,0.3333333333333333,True,66.0,3.976,0.264
dataset6_CLINIC_0059_data,grupo 3,12,7.3,0.0,0,ok,0.3333333333333333,True,66.0,3.976,0.264
dataset6_CLINIC_0059_data,grupo 3,13,7.0,0.0,0,ok,0.23529411764705882,True,66.0,1.329,6.893
dataset6_CLINIC_0059_data,grupo 3,13,4.91,0.0,0,ok,0.23529411764705882,True,66.0,1.329,6.893
dataset6_CLINIC_0059_data,grupo 3,13,7.3,0.13953661918640137,1,ok,0.23529411764705882,True,66.0,1.329,6.893
dataset6_CLINIC_0059_data,grupo 3,14,7.0,0.0,0,ok,0.17647058823529413,True,66.0,0.344,7.764
dataset6_CLINIC_0059_data,grupo 3,14,4.91,0.0,0,ok,0.17647058823529413,True,66.0,0.344,7.764
dataset6_CLINIC_0059_data,grupo 3,14,7.3,0.0,0,ok,0.17647058823529413,True,66.0,0.344,7.764
dataset6_CLINIC_0059_data,grupo 3,15,7.0,0.0,0,ok,0.17647058823529413,True,66.0,1.051,7.18
dataset6_CLINIC_0059_data,grupo 3,15,4.91,0.0,0,ok,0.17647058823529413,True,66.0,1.051,7.18
dataset6_CLINIC_0059_data,grupo 3,15,7.3,0.0,0,ok,0.17647058823529413,True,66.0,1.051,7.18
dataset6_CLINIC_0059_data,grupo 3,16,7.0,0.0,0,ok,0.27450980392156865,True,66.0,0.481,1.212
dataset6_CLINIC_0059_data,grupo 3,16,4.91,0.0,0,ok,0.27450980392156865,True,66.0,0.481,1.212
dataset6_CLINIC_0059_data,grupo 3,16,7.3,0.0,0,ok,0.27450980392156865,True,66.0,0.481,1.212
dataset6_CLINIC_0059_data,grupo 3,17,7.0,0.0,0,ok,0.0784313725490196,True,66.0,1.054,4.374
dataset6_CLINIC_0059_data,grupo 3,17,4.91,0.0,0,ok,0.0784313725490196,True,66.0,1.054,4.374
dataset6_CLINIC_0059_data,grupo 3,17,7.3,0.0,0,ok,0.0784313725490196,True,66.0,1.054,4.374
dataset6_CLINIC_0059_data,grupo 3,18,7.0,0.0,0,ok,0.1568627450980392,True,66.0,1.355,2.825
dataset6_CLINIC_0059_data,grupo 3,18,4.91,0.0,0,ok,0.1568627450980392,True,66.0,1.355,2.825
dataset6_CLINIC_0059_data,grupo 3,18,7.3,0.0,0,ok,0.1568627450980392,True,66.0,1.355,2.825
dataset6_CLINIC_0059_data,grupo 3,19,7.0,0.0,0,ok,0.058823529411764705,True,66.0,2.13,4.139
dataset6_CLINIC_0059_data,grupo 3,19,4.91,0.0,0,ok,0.058823529411764705,True,66.0,2.13,4.139
dataset6_CLINIC_0059_data,grupo 3,19,7.3,0.0,0,ok,0.058823529411764705,True,66.0,2.13,4.139
dataset6_CLINIC_0059_data,grupo 3,20,7.0,0.0,0,ok,0.09803921568627451,True,66.0,3.318,0.021
dataset6_CLINIC_0059_data,grupo 3,20,4.91,0.0,0,ok,0.09803921568627451,True,66.0,3.318,0.021
dataset6_CLINIC_0059_data,grupo 3,20,7.3,0.0,0,ok,0.09803921568627451,True,66.0,3.318,0.021
dataset6_CLINIC_0059_data,grupo 3,21,7.0,0.0,0,ok,0.17647058823529413,True,66.0,3.304,5.146
dataset6_CLINIC_0059_data,grupo 3,21,4.91,0.0,0,ok,0.17647058823529413,True,66.0,3.304,5.146
dataset6_CLINIC_0059_data,grupo 3,21,7.3,0.0,0,ok,0.17647058823529413,True,66.0,3.304,5.146
dataset6_CLINIC_0059_data,grupo 3,22,7.0,0.0,0,ok,0.17647058823529413,True,66.0,0.448,3.791
dataset6_CLINIC_0059_data,grupo 3,22,4.91,0.0,0,ok,0.17647058823529413,True,66.0,0.448,3.791
dataset6_CLINIC_0059_data,grupo 3,22,7.3,0.0,0,ok,0.17647058823529413,True,66.0,0.448,3.791
dataset6_CLINIC_0059_data,grupo 3,23,7.0,0.0,0,ok,0.1568627450980392,True,66.0,0.261,3.295
dataset6_CLINIC_0059_data,grupo 3,23,4.91,0.0,0,ok,0.1568627450980392,True,66.0,0.261,3.295
dataset6_CLINIC_0059_data,grupo 3,23,7.3,0.0,0,ok,0.1568627450980392,True,66.0,0.261,3.295
dataset6_CLINIC_0059_data,grupo 3,24,7.0,0.0,0,ok,0.37254901960784315,True,66.0,2.202,2.108
dataset6_CLINIC_0059_data,grupo 3,24,4.91,0.0,0,ok,0.37254901960784315,True,66.0,2.202,2.108
dataset6_CLINIC_0059_data,grupo 3,24,7.3,0.0,0,ok,0.37254901960784315,True,66.0,2.202,2.108
dataset6_CLINIC_0059_data,grupo 3,25,7.0,0.0,0,ok,0.0392156862745098,True,66.0,3.048,4.453
dataset6_CLINIC_0059_data,grupo 3,25,4.91,0.0,0,ok,0.0392156862745098,True,66.0,3.048,4.453
dataset6_CLINIC_0059_data,grupo 3,25,7.3,0.0,0,ok,0.0392156862745098,True,66.0,3.048,4.453
dataset6_CLINIC_0059_data,grupo 3,26,7.0,0.0,0,ok,0.17647058823529413,True,66.0,1.104,1.258
dataset6_CLINIC_0059_data,grupo 3,26,4.91,0.0,0,ok,0.17647058823529413,True,66.0,1.104,1.258
dataset6_CLINIC_0059_data,grupo 3,26,7.3,0.0,0,ok,0.17647058823529413,True,66.0,1.104,1.258
dataset6_CLINIC_0059_data,grupo 3,27,7.0,0.0,0,ok,0.058823529411764705,True,66.0,4.205,0.347
dataset6_CLINIC_0059_data,grupo 3,27,4.91,0.0,0,ok,0.058823529411764705,True,66.0,4.205,0.347
dataset6_CLINIC_0059_data,grupo 3,27,7.3,0.0,0,ok,0.058823529411764705,True,66.0,4.205,0.347
dataset6_CLINIC_0059_data,grupo 3,28,7.0,0.0,0,ok,0.0,True,66.0,2.577,3.309
dataset6_CLINIC_0059_data,grupo 3,28,4.91,0.0,0,ok,0.0,True,66.0,2.577,3.309
dataset6_CLINIC_0059_data,grupo 3,28,7.3,0.0,0,ok,0.0,True,66.0,2.577,3.309
dataset6_CLINIC_0059_data,grupo 3,29,7.0,0.0,0,ok,0.17647058823529413,True,66.0,0.003,2.624
dataset6_CLINIC_0059_data,grupo 3,29,4.91,0.0,0,ok,0.17647058823529413,True,66.0,0.003,2.624
dataset6_CLINIC_0059_data,grupo 3,29,7.3,0.0,0,ok,0.17647058823529413,True,66.0,0.003,2.624
dataset6_CLINIC_0059_data,grupo 3,30,7.0,0.0,0,ok,0.13725490196078433,True,66.0,1.637,1.887
dataset6_CLINIC_0059_data,grupo 3,30,4.91,0.0,0,ok,0.13725490196078433,True,66.0,1.637,1.887
dataset6_CLINIC_0059_data,grupo 3,30,7.3,0.0,0,ok,0.13725490196078433,True,66.0,1.637,1.887
dataset6_CLINIC_0059_data,grupo 3,31,7.0,0.0,0,ok,0.058823529411764705,True,66.0,0.826,0.698
dataset6_CLINIC_0059_data,grupo 3,31,4.91,0.0,0,ok,0.058823529411764705,True,66.0,0.826,0.698
dataset6_CLINIC_0059_data,grupo 3,31,7.3,0.0,0,ok,0.058823529411764705,True,66.0,0.826,0.698
dataset6_CLINIC_0059_data,grupo 3,32,7.0,0.0,0,ok,0.39215686274509803,True,66.0,1.709,1.917
dataset6_CLINIC_0059_data,grupo 3,32,4.91,0.0,0,ok,0.39215686274509803,True,66.0,1.709,1.917
dataset6_CLINIC_0059_data,grupo 3,32,7.3,0.0,0,ok,0.39215686274509803,True,66.0,1.709,1.917
dataset6_CLINIC_0059_data,grupo 3,33,7.0,0.0,0,ok,0.1568627450980392,True,66.0,1.373,1.099
dataset6_CLINIC_0059_data,grupo 3,33,4.91,0.0,0,ok,0.1568627450980392,True,66.0,1.373,1.099
dataset6_CLINIC_0059_data,grupo 3,33,7.3,0.0,0,ok,0.1568627450980392,True,66.0,1.373,1.099
dataset6_CLINIC_0059_data,grupo 3,34,7.0,0.0,0,ok,0.0196078431372549,True,66.0,3.191,2.464
dataset6_CLINIC_0059_data,grupo 3,34,4.91,0.0,0,ok,0.0196078431372549,True,66.0,3.191,2.464
dataset6_CLINIC_0059_data,grupo 3,34,7.3,0.0,0,ok,0.0196078431372549,True,66.0,3.191,2.464
dataset6_CLINIC_0059_data,grupo 3,35,7.0,0.0,0,ok,0.0196078431372549,True,66.0,1.711,8.216
dataset6_CLINIC_0059_data,grupo 3,35,4.91,0.0,0,ok,0.0196078431372549,True,66.0,1.711,8.216
dataset6_CLINIC_0059_data,grupo 3,35,7.3,0.0,0,ok,0.0196078431372549,True,66.0,1.711,8.216
dataset6_CLINIC_0059_data,grupo 3,36,7.0,0.0,0,ok,0.19607843137254902,True,66.0,1.911,1.799
dataset6_CLINIC_0059_data,grupo 3,36,4.91,0.0,0,ok,0.19607843137254902,True,66.0,1.911,1.799
dataset6_CLINIC_0059_data,grupo 3,36,7.3,0.0,0,ok,0.19607843137254902,True,66.0,1.911,1.799
dataset6_CLINIC_0059_data,grupo 3,37,7.0,0.0,0,ok,0.0392156862745098,True,66.0,3.255,3.691
dataset6_CLINIC_0059_data,grupo 3,37,4.91,0.0,0,ok,0.0392156862745098,True,66.0,3.255,3.691
dataset6_CLINIC_0059_data,grupo 3,37,7.3,0.0,0,ok,0.0392156862745098,True,66.0,3.255,3.691
dataset6_CLINIC_0059_data,grupo 3,38,7.0,0.0,0,ok,0.13725490196078433,True,66.0,1.134,1.498
dataset6_CLINIC_0059_data,grupo 3,38,4.91,0.0,0,ok,0.13725490196078433,True,66.0,1.134,1.498
dataset6_CLINIC_0059_data,grupo 3,38,7.3,0.0,0,ok,0.13725490196078433,True,66.0,1.134,1.498
dataset6_CLINIC_0059_data,grupo 3,39,7.0,0.0,0,ok,0.3137254901960784,True,66.0,0.691,3.044
dataset6_CLINIC_0059_data,grupo 3,39,4.91,0.0,0,ok,0.3137254901960784,True,66.0,0.691,3.044
dataset6_CLINIC_0059_data,grupo 3,39,7.3,0.0,0,ok,0.3137254901960784,True,66.0,0.691,3.044
dataset6_CLINIC_0059_data,grupo 3,40,7.0,0.0,0,ok,0.2549019607843137,True,66.0,0.338,0.719
dataset6_CLINIC_0059_data,grupo 3,40,4.91,0.0,0,ok,0.2549019607843137,True,66.0,0.338,0.719
dataset6_CLINIC_0059_data,grupo 3,40,7.3,0.0,0,ok,0.2549019607843137,True,66.0,0.338,0.719
dataset6_CLINIC_0059_data,grupo 3,41,7.0,0.0,0,ok,0.0196078431372549,True,66.0,2.098,3.914
dataset6_CLINIC_0059_data,grupo 3,41,4.91,0.0,0,ok,0.0196078431372549,True,66.0,2.098,3.914
dataset6_CLINIC_0059_data,grupo 3,41,7.3,0.0,0,ok,0.0196078431372549,True,66.0,2.098,3.914
dataset6_CLINIC_0059_data,grupo 3,42,7.0,0.9189274311065674,1,ok,0.09803921568627451,True,66.0,5.97,4.04
dataset6_CLINIC_0059_data,grupo 3,42,4.91,0.0,0,ok,0.09803921568627451,True,66.0,5.97,4.04
dataset6_CLINIC_0059_data,grupo 3,42,7.3,1.068927526473999,1,ok,0.09803921568627451,True,66.0,5.97,4.04
dataset6_CLINIC_0059_data,grupo 3,43,7.0,0.0,0,ok,0.3333333333333333,True,66.0,3.582,2.03
dataset6_CLINIC_0059_data,grupo 3,43,4.91,0.0,0,ok,0.3333333333333333,True,66.0,3.582,2.03
dataset6_CLINIC_0059_data,grupo 3,43,7.3,0.0,0,ok,0.3333333333333333,True,66.0,3.582,2.03
dataset6_CLINIC_0059_data,grupo 3,44,7.0,0.0,0,ok,0.09803921568627451,True,66.0,0.209,2.152
dataset6_CLINIC_0059_data,grupo 3,44,4.91,0.0,0,ok,0.09803921568627451,True,66.0,0.209,2.152
dataset6_CLINIC_0059_data,grupo 3,44,7.3,0.0,0,ok,0.09803921568627451,True,66.0,0.209,2.152
dataset6_CLINIC_0059_data,grupo 3,45,7.0,0.0,0,ok,0.19607843137254902,True,66.0,0.989,0.848
dataset6_CLINIC_0059_data,grupo 3,45,4.91,0.0,0,ok,0.19607843137254902,True,66.0,0.989,0.848
dataset6_CLINIC_0059_data,grupo 3,45,7.3,0.0,0,ok,0.19607843137254902,True,66.0,0.989,0.848
dataset6_CLINIC_0059_data,grupo 3,46,7.0,0.0,0,ok,0.21568627450980393,True,66.0,1.848,4.229
dataset6_CLINIC_0059_data,grupo 3,46,4.91,0.0,0,ok,0.21568627450980393,True,66.0,1.848,4.229
dataset6_CLINIC_0059_data,grupo 3,46,7.3,0.0,0,ok,0.21568627450980393,True,66.0,1.848,4.229
dataset6_CLINIC_0059_data,grupo 3,47,7.0,0.0,0,ok,0.13725490196078433,True,66.0,0.458,1.603
dataset6_CLINIC_0059_data,grupo 3,47,4.91,0.0,0,ok,0.13725490196078433,True,66.0,0.458,1.603
dataset6_CLINIC_0059_data,grupo 3,47,7.3,0.0,0,ok,0.13725490196078433,True,66.0,0.458,1.603
dataset6_CLINIC_0059_data,grupo 3,48,7.0,0.0,0,ok,0.2549019607843137,True,66.0,2.339,7.09
dataset6_CLINIC_0059_data,grupo 3,48,4.91,0.0,0,ok,0.2549019607843137,True,66.0,2.339,7.09
dataset6_CLINIC_0059_data,grupo 3,48,7.3,0.0,0,ok,0.2549019607843137,True,66.0,2.339,7.09
dataset6_CLINIC_0059_data,grupo 3,49,7.0,0.0,0,ok,0.11764705882352941,True,66.0,0.549,3.003
dataset6_CLINIC_0059_data,grupo 3,49,4.91,0.0,0,ok,0.11764705882352941,True,66.0,0.549,3.003
dataset6_CLINIC_0059_data,grupo 3,49,7.3,0.0,0,ok,0.11764705882352941,True,66.0,0.549,3.003
dataset6_CLINIC_0064_data,grupo 3,0,7.0,3.3660237789154053,2,ok,0.4482758620689655,True,133.0,4.599,0.519
dataset6_CLINIC_0064_data,grupo 3,0,4.91,2.32102370262146,2,ok,0.4482758620689655,True,133.0,4.599,0.519
dataset6_CLINIC_0064_data,grupo 3,0,7.3,3.516023874282837,2,ok,0.4482758620689655,True,133.0,4.599,0.519
dataset6_CLINIC_0064_data,grupo 3,1,7.0,1.0881366729736328,1,ok,0.4017094017094017,True,133.0,2.678,0.15
dataset6_CLINIC_0064_data,grupo 3,1,4.91,0.0431365966796875,1,ok,0.4017094017094017,True,133.0,2.678,0.15
dataset6_CLINIC_0064_data,grupo 3,1,7.3,1.2381367683410645,1,ok,0.4017094017094017,True,133.0,2.678,0.15
dataset6_CLINIC_0064_data,grupo 3,2,7.0,4.574959754943848,3,ok,0.45045045045045046,True,133.0,5.912,2.062
dataset6_CLINIC_0064_data,grupo 3,2,4.91,3.5299594402313232,2,ok,0.45045045045045046,True,133.0,5.912,2.062
dataset6_CLINIC_0064_data,grupo 3,2,7.3,4.724959373474121,3,ok,0.45045045045045046,True,133.0,5.912,2.062
dataset6_CLINIC_0064_data,grupo 3,3,7.0,0.8174533843994141,1,ok,0.37606837606837606,True,133.0,1.002,3.826
dataset6_CLINIC_0064_data,grupo 3,3,4.91,0.0,0,ok,0.37606837606837606,True,133.0,1.002,3.826
dataset6_CLINIC_0064_data,grupo 3,3,7.3,0.9674534797668457,1,ok,0.37606837606837606,True,133.0,1.002,3.826
dataset6_CLINIC_0064_data,grupo 3,4,7.0,1.3375253677368164,1,ok,0.2564102564102564,True,133.0,4.415,0.126
dataset6_CLINIC_0064_data,grupo 3,4,4.91,0.2925252914428711,1,ok,0.2564102564102564,True,133.0,4.415,0.126
dataset6_CLINIC_0064_data,grupo 3,4,7.3,1.487525463104248,1,ok,0.2564102564102564,True,133.0,4.415,0.126
dataset6_CLINIC_0064_data,grupo 3,5,7.0,0.0,0,ok,0.47863247863247865,True,133.0,1.363,0.084
dataset6_CLINIC_0064_data,grupo 3,5,4.91,0.0,0,ok,0.47863247863247865,True,133.0,1.363,0.084
dataset6_CLINIC_0064_data,grupo 3,5,7.3,0.0,0,ok,0.47863247863247865,True,133.0,1.363,0.084
dataset6_CLINIC_0064_data,grupo 3,6,7.0,0.9189503192901611,1,ok,0.38461538461538464,True,133.0,2.337,0.131
dataset6_CLINIC_0064_data,grupo 3,6,4.91,0.0,0,ok,0.38461538461538464,True,133.0,2.337,0.131
dataset6_CLINIC_0064_data,grupo 3,6,7.3,1.0689504146575928,1,ok,0.38461538461538464,True,133.0,2.337,0.131
dataset6_CLINIC_0064_data,grupo 3,7,7.0,0.0,0,ok,0.4700854700854701,True,133.0,0.115,0.886
dataset6_CLINIC_0064_data,grupo 3,7,4.91,0.0,0,ok,0.4700854700854701,True,133.0,0.115,0.886
dataset6_CLINIC_0064_data,grupo 3,7,7.3,0.0,0,ok,0.4700854700854701,True,133.0,0.115,0.886
dataset6_CLINIC_0064_data,grupo 3,8,7.0,0.38478994369506836,1,ok,0.5042735042735043,True,133.0,3.351,1.727
dataset6_CLINIC_0064_data,grupo 3,8,4.91,0.0,0,ok,0.5042735042735043,True,133.0,3.351,1.727
dataset6_CLINIC_0064_data,grupo 3,8,7.3,0.5347900390625,1,ok,0.5042735042735043,True,133.0,3.351,1.727
dataset6_CLINIC_0064_data,grupo 3,9,7.0,0.0,0,ok,0.4700854700854701,True,133.0,0.919,0.24
dataset6_CLINIC_0064_data,grupo 3,9,4.91,0.0,0,ok,0.4700854700854701,True,133.0,0.919,0.24
dataset6_CLINIC_0064_data,grupo 3,9,7.3,0.0,0,ok,0.4700854700854701,True,133.0,0.919,0.24
dataset6_CLINIC_0064_data,grupo 3,10,7.0,0.3822500705718994,1,ok,0.41025641025641024,True,133.0,1.443,2.54
dataset6_CLINIC_0064_data,grupo 3,10,4.91,0.0,0,ok,0.41025641025641024,True,133.0,1.443,2.54
dataset6_CLINIC_0064_data,grupo 3,10,7.3,0.532250165939331,1,ok,0.41025641025641024,True,133.0,1.443,2.54
dataset6_CLINIC_0064_data,grupo 3,11,7.0,0.0,0,ok,0.46153846153846156,True,133.0,0.767,1.669
dataset6_CLINIC_0064_data,grupo 3,11,4.91,0.0,0,ok,0.46153846153846156,True,133.0,0.767,1.669
dataset6_CLINIC_0064_data,grupo 3,11,7.3,0.0,0,ok,0.46153846153846156,True,133.0,0.767,1.669
dataset6_CLINIC_0064_data,grupo 3,12,7.0,1.1737568378448486,1,ok,0.4358974358974359,True,133.0,2.127,5.816
dataset6_CLINIC_0064_data,grupo 3,12,4.91,0.12875676155090332,1,ok,0.4358974358974359,True,133.0,2.127,5.816
dataset6_CLINIC_0064_data,grupo 3,12,7.3,1.3237569332122803,1,ok,0.4358974358974359,True,133.0,2.127,5.816
dataset6_CLINIC_0064_data,grupo 3,13,7.0,0.0,0,ok,0.4358974358974359,True,133.0,1.121,1.445
dataset6_CLINIC_0064_data,grupo 3,13,4.91,0.0,0,ok,0.4358974358974359,True,133.0,1.121,1.445
dataset6_CLINIC_0064_data,grupo 3,13,7.3,0.0,0,ok,0.4358974358974359,True,133.0,1.121,1.445
dataset6_CLINIC_0064_data,grupo 3,14,7.0,0.0,0,ok,0.5470085470085471,True,133.0,3.229,2.939
dataset6_CLINIC_0064_data,grupo 3,14,4.91,0.0,0,ok,0.5470085470085471,True,133.0,3.229,2.939
dataset6_CLINIC_0064_data,grupo 3,14,7.3,0.0,0,ok,0.5470085470085471,True,133.0,3.229,2.939
dataset6_CLINIC_0064_data,grupo 3,15,7.0,0.0,0,ok,0.4700854700854701,True,133.0,0.108,0.721
dataset6_CLINIC_0064_data,grupo 3,15,4.91,0.0,0,ok,0.4700854700854701,True,133.0,0.108,0.721
dataset6_CLINIC_0064_data,grupo 3,15,7.3,0.0,0,ok,0.4700854700854701,True,133.0,0.108,0.721
dataset6_CLINIC_0064_data,grupo 3,16,7.0,0.3915700912475586,1,ok,0.4188034188034188,True,133.0,1.926,0.446
dataset6_CLINIC_0064_data,grupo 3,16,4.91,0.0,0,ok,0.4188034188034188,True,133.0,1.926,0.446
dataset6_CLINIC_0064_data,grupo 3,16,7.3,0.5415701866149902,1,ok,0.4188034188034188,True,133.0,1.926,0.446
dataset6_CLINIC_0064_data,grupo 3,17,7.0,0.0,0,ok,0.4700854700854701,True,133.0,1.018,0.506
dataset6_CLINIC_0064_data,grupo 3,17,4.91,0.0,0,ok,0.4700854700854701,True,133.0,1.018,0.506
dataset6_CLINIC_0064_data,grupo 3,17,7.3,0.0,0,ok,0.4700854700854701,True,133.0,1.018,0.506
dataset6_CLINIC_0064_data,grupo 3,18,7.0,3.695065498352051,2,ok,0.43103448275862066,True,133.0,4.001,4.58
dataset6_CLINIC_0064_data,grupo 3,18,4.91,2.6500654220581055,2,ok,0.43103448275862066,True,133.0,4.001,4.58
dataset6_CLINIC_0064_data,grupo 3,18,7.3,3.8450655937194824,2,ok,0.43103448275862066,True,133.0,4.001,4.58
dataset6_CLINIC_0064_data,grupo 3,19,7.0,0.3127608299255371,1,ok,0.4358974358974359,True,133.0,1.923,0.155
dataset6_CLINIC_0064_data,grupo 3,19,4.91,0.0,0,ok,0.4358974358974359,True,133.0,1.923,0.155
dataset6_CLINIC_0064_data,grupo 3,19,7.3,0.46276092529296875,1,ok,0.4358974358974359,True,133.0,1.923,0.155
dataset6_CLINIC_0064_data,grupo 3,20,7.0,0.10678386688232422,1,ok,0.37606837606837606,True,133.0,1.39,4.838
dataset6_CLINIC_0064_data,grupo 3,20,4.91,0.0,0,ok,0.37606837606837606,True,133.0,1.39,4.838
dataset6_CLINIC_0064_data,grupo 3,20,7.3,0.25678396224975586,1,ok,0.37606837606837606,True,133.0,1.39,4.838
dataset6_CLINIC_0064_data,grupo 3,21,7.0,0.0,0,ok,0.46153846153846156,True,133.0,0.867,0.91
dataset6_CLINIC_0064_data,grupo 3,21,4.91,0.0,0,ok,0.46153846153846156,True,133.0,0.867,0.91
dataset6_CLINIC_0064_data,grupo 3,21,7.3,0.0,0,ok,0.46153846153846156,True,133.0,0.867,0.91
dataset6_CLINIC_0064_data,grupo 3,22,7.0,0.0,0,ok,0.47863247863247865,True,133.0,0.151,0.133
dataset6_CLINIC_0064_data,grupo 3,22,4.91,0.0,0,ok,0.47863247863247865,True,133.0,0.151,0.133
dataset6_CLINIC_0064_data,grupo 3,22,7.3,0.0,0,ok,0.47863247863247865,True,133.0,0.151,0.133
dataset6_CLINIC_0064_data,grupo 3,23,7.0,0.43685126304626465,1,ok,0.4358974358974359,True,133.0,2.463,1.178
dataset6_CLINIC_0064_data,grupo 3,23,4.91,0.0,0,ok,0.4358974358974359,True,133.0,2.463,1.178
dataset6_CLINIC_0064_data,grupo 3,23,7.3,0.5868513584136963,1,ok,0.4358974358974359,True,133.0,2.463,1.178
dataset6_CLINIC_0064_data,grupo 3,24,7.0,0.0,0,ok,0.47863247863247865,True,133.0,0.574,0.32
dataset6_CLINIC_0064_data,grupo 3,24,4.91,0.0,0,ok,0.47863247863247865,True,133.0,0.574,0.32
dataset6_CLINIC_0064_data,grupo 3,24,7.3,0.0,0,ok,0.47863247863247865,True,133.0,0.574,0.32
dataset6_CLINIC_0064_data,grupo 3,25,7.0,0.7142562866210938,1,ok,0.5042735042735043,True,133.0,5.234,0.78
dataset6_CLINIC_0064_data,grupo 3,25,4.91,0.0,0,ok,0.5042735042735043,True,133.0,5.234,0.78
dataset6_CLINIC_0064_data,grupo 3,25,7.3,0.8642563819885254,1,ok,0.5042735042735043,True,133.0,5.234,0.78
dataset6_CLINIC_0064_data,grupo 3,26,7.0,2.5247018337249756,2,ok,0.5384615384615384,True,133.0,5.401,0.993
dataset6_CLINIC_0064_data,grupo 3,26,4.91,1.4797017574310303,1,ok,0.5384615384615384,True,133.0,5.401,0.993
dataset6_CLINIC_0064_data,grupo 3,26,7.3,2.6747019290924072,2,ok,0.5384615384615384,True,133.0,5.401,0.993
dataset6_CLINIC_0064_data,grupo 3,27,7.0,1.5155494213104248,1,ok,0.23076923076923078,True,133.0,6.126,3.51
dataset6_CLINIC_0064_data,grupo 3,27,4.91,0.4705493450164795,1,ok,0.23076923076923078,True,133.0,6.126,3.51
dataset6_CLINIC_0064_data,grupo 3,27,7.3,1.6655495166778564,1,ok,0.23076923076923078,True,133.0,6.126,3.51
dataset6_CLINIC_0064_data,grupo 3,28,7.0,2.949554443359375,2,ok,0.4700854700854701,True,133.0,4.14,1.928
dataset6_CLINIC_0064_data,grupo 3,28,4.91,1.9045544862747192,1,ok,0.4700854700854701,True,133.0,4.14,1.928
dataset6_CLINIC_0064_data,grupo 3,28,7.3,3.0995545387268066,2,ok,0.4700854700854701,True,133.0,4.14,1.928
dataset6_CLINIC_0064_data,grupo 3,29,7.0,0.0,0,ok,0.4444444444444444,True,133.0,1.2,0.173
dataset6_CLINIC_0064_data,grupo 3,29,4.91,0.0,0,ok,0.4444444444444444,True,133.0,1.2,0.173
dataset6_CLINIC_0064_data,grupo 3,29,7.3,0.0,0,ok,0.4444444444444444,True,133.0,1.2,0.173
dataset6_CLINIC_0064_data,grupo 3,30,7.0,0.0,0,ok,0.4700854700854701,True,133.0,0.441,1.392
dataset6_CLINIC_0064_data,grupo 3,30,4.91,0.0,0,ok,0.4700854700854701,True,133.0,0.441,1.392
dataset6_CLINIC_0064_data,grupo 3,30,7.3,0.0,0,ok,0.4700854700854701,True,133.0,0.441,1.392
dataset6_CLINIC_0064_data,grupo 3,31,7.0,2.670661449432373,2,ok,0.38461538461538464,True,133.0,3.145,2.7
dataset6_CLINIC_0064_data,grupo 3,31,4.91,1.6256614923477173,1,ok,0.38461538461538464,True,133.0,3.145,2.7
dataset6_CLINIC_0064_data,grupo 3,31,7.3,2.8206615447998047,2,ok,0.38461538461538464,True,133.0,3.145,2.7
dataset6_CLINIC_0064_data,grupo 3,32,7.0,0.0,0,ok,0.49572649572649574,True,133.0,0.81,0.398
dataset6_CLINIC_0064_data,grupo 3,32,4.91,0.0,0,ok,0.49572649572649574,True,133.0,0.81,0.398
dataset6_CLINIC_0064_data,grupo 3,32,7.3,0.0,0,ok,0.49572649572649574,True,133.0,0.81,0.398
dataset6_CLINIC_0064_data,grupo 3,33,7.0,0.408466100692749,1,ok,0.5213675213675214,True,133.0,2.548,1.179
dataset6_CLINIC_0064_data,grupo 3,33,4.91,0.0,0,ok,0.5213675213675214,True,133.0,2.548,1.179
dataset6_CLINIC_0064_data,grupo 3,33,7.3,0.5584661960601807,1,ok,0.5213675213675214,True,133.0,2.548,1.179
dataset6_CLINIC_0064_data,grupo 3,34,7.0,0.0,0,ok,0.452991452991453,True,133.0,2.023,1.573
dataset6_CLINIC_0064_data,grupo 3,34,4.91,0.0,0,ok,0.452991452991453,True,133.0,2.023,1.573
dataset6_CLINIC_0064_data,grupo 3,34,7.3,0.02027726173400879,1,ok,0.452991452991453,True,133.0,2.023,1.573
dataset6_CLINIC_0064_data,grupo 3,35,7.0,0.0,0,ok,0.42735042735042733,True,133.0,1.1,1.036
dataset6_CLINIC_0064_data,grupo 3,35,4.91,0.0,0,ok,0.42735042735042733,True,133.0,1.1,1.036
dataset6_CLINIC_0064_data,grupo 3,35,7.3,0.0,0,ok,0.42735042735042733,True,133.0,1.1,1.036
dataset6_CLINIC_0064_data,grupo 3,36,7.0,0.0,0,ok,0.4358974358974359,True,133.0,0.269,1.648
dataset6_CLINIC_0064_data,grupo 3,36,4.91,0.0,0,ok,0.4358974358974359,True,133.0,0.269,1.648
dataset6_CLINIC_0064_data,grupo 3,36,7.3,0.0,0,ok,0.4358974358974359,True,133.0,0.269,1.648
dataset6_CLINIC_0064_data,grupo 3,37,7.0,0.5119211673736572,1,ok,0.358974358974359,True,133.0,2.757,0.847
dataset6_CLINIC_0064_data,grupo 3,37,4.91,0.0,0,ok,0.358974358974359,True,133.0,2.757,0.847
dataset6_CLINIC_0064_data,grupo 3,37,7.3,0.6619212627410889,1,ok,0.358974358974359,True,133.0,2.757,0.847
dataset6_CLINIC_0064_data,grupo 3,38,7.0,0.0,0,ok,0.452991452991453,True,133.0,1.008,4.146
dataset6_CLINIC_0064_data,grupo 3,38,4.91,0.0,0,ok,0.452991452991453,True,133.0,1.008,4.146
dataset6_CLINIC_0064_data,grupo 3,38,7.3,0.02652573585510254,1,ok,0.452991452991453,True,133.0,1.008,4.146
dataset6_CLINIC_0064_data,grupo 3,39,7.0,0.0,0,ok,0.47863247863247865,True,133.0,0.72,1.61
dataset6_CLINIC_0064_data,grupo 3,39,4.91,0.0,0,ok,0.47863247863247865,True,133.0,0.72,1.61
dataset6_CLINIC_0064_data,grupo 3,39,7.3,0.0,0,ok,0.47863247863247865,True,133.0,0.72,1.61
dataset6_CLINIC_0064_data,grupo 3,40,7.0,0.0,0,ok,0.4017094017094017,True,133.0,2.625,2.977
dataset6_CLINIC_0064_data,grupo 3,40,4.91,0.0,0,ok,0.4017094017094017,True,133.0,2.625,2.977
dataset6_CLINIC_0064_data,grupo 3,40,7.3,0.0,0,ok,0.4017094017094017,True,133.0,2.625,2.977
dataset6_CLINIC_0064_data,grupo 3,41,7.0,0.0,0,ok,0.48717948717948717,True,133.0,0.108,1.369
dataset6_CLINIC_0064_data,grupo 3,41,4.91,0.0,0,ok,0.48717948717948717,True,133.0,0.108,1.369
dataset6_CLINIC_0064_data,grupo 3,41,7.3,0.0,0,ok,0.48717948717948717,True,133.0,0.108,1.369
dataset6_CLINIC_0064_data,grupo 3,42,7.0,0.0014393329620361328,1,ok,0.41025641025641024,True,133.0,1.453,1.57
dataset6_CLINIC_0064_data,grupo 3,42,4.91,0.0,0,ok,0.41025641025641024,True,133.0,1.453,1.57
dataset6_CLINIC_0064_data,grupo 3,42,7.3,0.15143942832946777,1,ok,0.41025641025641024,True,133.0,1.453,1.57
dataset6_CLINIC_0064_data,grupo 3,43,7.0,0.8733010292053223,1,ok,0.36752136752136755,True,133.0,3.175,0.741
dataset6_CLINIC_0064_data,grupo 3,43,4.91,0.0,0,ok,0.36752136752136755,True,133.0,3.175,0.741
dataset6_CLINIC_0064_data,grupo 3,43,7.3,1.023301124572754,1,ok,0.36752136752136755,True,133.0,3.175,0.741
dataset6_CLINIC_0064_data,grupo 3,44,7.0,2.437978982925415,2,ok,0.3504273504273504,True,133.0,3.926,5.519
dataset6_CLINIC_0064_data,grupo 3,44,4.91,1.3929789066314697,1,ok,0.3504273504273504,True,133.0,3.926,5.519
dataset6_CLINIC_0064_data,grupo 3,44,7.3,2.5879790782928467,2,ok,0.3504273504273504,True,133.0,3.926,5.519
dataset6_CLINIC_0064_data,grupo 3,45,7.0,0.0,0,ok,0.452991452991453,True,133.0,1.712,1.436
dataset6_CLINIC_0064_data,grupo 3,45,4.91,0.0,0,ok,0.452991452991453,True,133.0,1.712,1.436
dataset6_CLINIC_0064_data,grupo 3,45,7.3,0.0,0,ok,0.452991452991453,True,133.0,1.712,1.436
dataset6_CLINIC_0064_data,grupo 3,46,7.0,0.0,0,ok,0.46153846153846156,True,133.0,0.577,3.161
dataset6_CLINIC_0064_data,grupo 3,46,4.91,0.0,0,ok,0.46153846153846156,True,133.0,0.577,3.161
dataset6_CLINIC_0064_data,grupo 3,46,7.3,0.0,0,ok,0.46153846153846156,True,133.0,0.577,3.161
dataset6_CLINIC_0064_data,grupo 3,47,7.0,0.0,0,ok,0.42735042735042733,True,133.0,1.235,1.295
dataset6_CLINIC_0064_data,grupo 3,47,4.91,0.0,0,ok,0.42735042735042733,True,133.0,1.235,1.295
dataset6_CLINIC_0064_data,grupo 3,47,7.3,0.0,0,ok,0.42735042735042733,True,133.0,1.235,1.295
dataset6_CLINIC_0064_data,grupo 3,48,7.0,0.0,0,ok,0.48717948717948717,True,133.0,0.548,1.553
dataset6_CLINIC_0064_data,grupo 3,48,4.91,0.0,0,ok,0.48717948717948717,True,133.0,0.548,1.553
dataset6_CLINIC_0064_data,grupo 3,48,7.3,0.0,0,ok,0.48717948717948717,True,133.0,0.548,1.553
dataset6_CLINIC_0064_data,grupo 3,49,7.0,1.288198709487915,1,ok,0.5470085470085471,True,133.0,4.271,1.739
dataset6_CLINIC_0064_data,grupo 3,49,4.91,0.24319863319396973,1,ok,0.5470085470085471,True,133.0,4.271,1.739
dataset6_CLINIC_0064_data,grupo 3,49,7.3,1.4381988048553467,1,ok,0.5470085470085471,True,133.0,4.271,1.739
dataset6_CLINIC_0061_data,grupo 3,0,7.0,0.0,0,ok,0.656,True,140.0,0.6,1.089
dataset6_CLINIC_0061_data,grupo 3,0,4.91,0.0,0,ok,0.656,True,140.0,0.6,1.089
dataset6_CLINIC_0061_data,grupo 3,0,7.3,0.0,0,ok,0.656,True,140.0,0.6,1.089
dataset6_CLINIC_0061_data,grupo 3,1,7.0,0.0,0,ok,0.616,True,140.0,0.45,0.391
dataset6_CLINIC_0061_data,grupo 3,1,4.91,0.0,0,ok,0.616,True,140.0,0.45,0.391
dataset6_CLINIC_0061_data,grupo 3,1,7.3,0.0,0,ok,0.616,True,140.0,0.45,0.391
dataset6_CLINIC_0061_data,grupo 3,2,7.0,0.0,0,ok,0.552,True,140.0,0.115,1.481
dataset6_CLINIC_0061_data,grupo 3,2,4.91,0.0,0,ok,0.552,True,140.0,0.115,1.481
dataset6_CLINIC_0061_data,grupo 3,2,7.3,0.0,0,ok,0.552,True,140.0,0.115,1.481
dataset6_CLINIC_0061_data,grupo 3,3,7.0,0.0,0,ok,0.592,True,140.0,1.566,0.388
dataset6_CLINIC_0061_data,grupo 3,3,4.91,0.0,0,ok,0.592,True,140.0,1.566,0.388
dataset6_CLINIC_0061_data,grupo 3,3,7.3,0.0,0,ok,0.592,True,140.0,1.566,0.388
dataset6_CLINIC_0061_data,grupo 3,4,7.0,0.0,0,ok,0.568,True,140.0,0.649,0.844
dataset6_CLINIC_0061_data,grupo 3,4,4.91,0.0,0,ok,0.568,True,140.0,0.649,0.844
dataset6_CLINIC_0061_data,grupo 3,4,7.3,0.0,0,ok,0.568,True,140.0,0.649,0.844
dataset6_CLINIC_0061_data,grupo 3,5,7.0,0.0,0,ok,0.64,True,140.0,0.83,1.454
dataset6_CLINIC_0061_data,grupo 3,5,4.91,0.0,0,ok,0.64,True,140.0,0.83,1.454
dataset6_CLINIC_0061_data,grupo 3,5,7.3,0.0,0,ok,0.64,True,140.0,0.83,1.454
dataset6_CLINIC_0061_data,grupo 3,6,7.0,0.0,0,ok,0.536,True,140.0,1.356,1.586
dataset6_CLINIC_0061_data,grupo 3,6,4.91,0.0,0,ok,0.536,True,140.0,1.356,1.586
dataset6_CLINIC_0061_data,grupo 3,6,7.3,0.0,0,ok,0.536,True,140.0,1.356,1.586
dataset6_CLINIC_0061_data,grupo 3,7,7.0,1.112379789352417,1,ok,0.576,True,140.0,3.948,2.163
dataset6_CLINIC_0061_data,grupo 3,7,4.91,0.06737971305847168,1,ok,0.576,True,140.0,3.948,2.163
dataset6_CLINIC_0061_data,grupo 3,7,7.3,1.2623798847198486,1,ok,0.576,True,140.0,3.948,2.163
dataset6_CLINIC_0061_data,grupo 3,8,7.0,0.4031240940093994,1,ok,0.56,True,140.0,3.487,1.674
dataset6_CLINIC_0061_data,grupo 3,8,4.91,0.0,0,ok,0.56,True,140.0,3.487,1.674
dataset6_CLINIC_0061_data,grupo 3,8,7.3,0.553124189376831,1,ok,0.56,True,140.0,3.487,1.674
dataset6_CLINIC_0061_data,grupo 3,9,7.0,0.0,0,ok,0.592,True,140.0,0.479,1.321
dataset6_CLINIC_0061_data,grupo 3,9,4.91,0.0,0,ok,0.592,True,140.0,0.479,1.321
dataset6_CLINIC_0061_data,grupo 3,9,7.3,0.0,0,ok,0.592,True,140.0,0.479,1.321
dataset6_CLINIC_0061_data,grupo 3,10,7.0,0.0,0,ok,0.536,True,140.0,2.709,3.175
dataset6_CLINIC_0061_data,grupo 3,10,4.91,0.0,0,ok,0.536,True,140.0,2.709,3.175
dataset6_CLINIC_0061_data,grupo 3,10,7.3,0.0,0,ok,0.536,True,140.0,2.709,3.175
dataset6_CLINIC_0061_data,grupo 3,11,7.0,0.0,0,ok,0.52,True,140.0,1.907,0.93
dataset6_CLINIC_0061_data,grupo 3,11,4.91,0.0,0,ok,0.52,True,140.0,1.907,0.93
dataset6_CLINIC_0061_data,grupo 3,11,7.3,0.0,0,ok,0.52,True,140.0,1.907,0.93
dataset6_CLINIC_0061_data,grupo 3,12,7.0,0.0,0,ok,0.52,True,140.0,2.137,0.523
dataset6_CLINIC_0061_data,grupo 3,12,4.91,0.0,0,ok,0.52,True,140.0,2.137,0.523
dataset6_CLINIC_0061_data,grupo 3,12,7.3,0.0,0,ok,0.52,True,140.0,2.137,0.523
dataset6_CLINIC_0061_data,grupo 3,13,7.0,0.0,0,ok,0.56,True,140.0,0.671,1.569
dataset6_CLINIC_0061_data,grupo 3,13,4.91,0.0,0,ok,0.56,True,140.0,0.671,1.569
dataset6_CLINIC_0061_data,grupo 3,13,7.3,0.0,0,ok,0.56,True,140.0,0.671,1.569
dataset6_CLINIC_0061_data,grupo 3,14,7.0,3.9159233570098877,2,ok,0.6446280991735537,True,140.0,5.904,0.042
dataset6_CLINIC_0061_data,grupo 3,14,4.91,2.8709232807159424,2,ok,0.6446280991735537,True,140.0,5.904,0.042
dataset6_CLINIC_0061_data,grupo 3,14,7.3,4.06592321395874,3,ok,0.6446280991735537,True,140.0,5.904,0.042
dataset6_CLINIC_0061_data,grupo 3,15,7.0,0.0,0,ok,0.552,True,140.0,0.671,2.414
dataset6_CLINIC_0061_data,grupo 3,15,4.91,0.0,0,ok,0.552,True,140.0,0.671,2.414
dataset6_CLINIC_0061_data,grupo 3,15,7.3,0.0,0,ok,0.552,True,140.0,0.671,2.414
dataset6_CLINIC_0061_data,grupo 3,16,7.0,0.0,0,ok,0.552,True,140.0,1.362,0.102
dataset6_CLINIC_0061_data,grupo 3,16,4.91,0.0,0,ok,0.552,True,140.0,1.362,0.102
dataset6_CLINIC_0061_data,grupo 3,16,7.3,0.0,0,ok,0.552,True,140.0,1.362,0.102
dataset6_CLINIC_0061_data,grupo 3,17,7.0,0.0,0,ok,0.6,True,140.0,0.64,1.204
dataset6_CLINIC_0061_data,grupo 3,17,4.91,0.0,0,ok,0.6,True,140.0,0.64,1.204
dataset6_CLINIC_0061_data,grupo 3,17,7.3,0.0,0,ok,0.6,True,140.0,0.64,1.204
dataset6_CLINIC_0061_data,grupo 3,18,7.0,0.0,0,ok,0.544,True,140.0,2.59,1.78
dataset6_CLINIC_0061_data,grupo 3,18,4.91,0.0,0,ok,0.544,True,140.0,2.59,1.78
dataset6_CLINIC_0061_data,grupo 3,18,7.3,0.0,0,ok,0.544,True,140.0,2.59,1.78
dataset6_CLINIC_0061_data,grupo 3,19,7.0,0.0,0,ok,0.68,True,140.0,0.442,4.599
dataset6_CLINIC_0061_data,grupo 3,19,4.91,0.0,0,ok,0.68,True,140.0,0.442,4.599
dataset6_CLINIC_0061_data,grupo 3,19,7.3,0.0,0,ok,0.68,True,140.0,0.442,4.599
dataset6_CLINIC_0061_data,grupo 3,20,7.0,0.0,0,ok,0.688,True,140.0,1.347,1.689
dataset6_CLINIC_0061_data,grupo 3,20,4.91,0.0,0,ok,0.688,True,140.0,1.347,1.689
dataset6_CLINIC_0061_data,grupo 3,20,7.3,0.0,0,ok,0.688,True,140.0,1.347,1.689
dataset6_CLINIC_0061_data,grupo 3,21,7.0,0.0,0,ok,0.56,True,140.0,3.012,1.54
dataset6_CLINIC_0061_data,grupo 3,21,4.91,0.0,0,ok,0.56,True,140.0,3.012,1.54
dataset6_CLINIC_0061_data,grupo 3,21,7.3,0.0,0,ok,0.56,True,140.0,3.012,1.54
dataset6_CLINIC_0061_data,grupo 3,22,7.0,0.0,0,ok,0.608,True,140.0,0.175,1.432
dataset6_CLINIC_0061_data,grupo 3,22,4.91,0.0,0,ok,0.608,True,140.0,0.175,1.432
dataset6_CLINIC_0061_data,grupo 3,22,7.3,0.0,0,ok,0.608,True,140.0,0.175,1.432
dataset6_CLINIC_0061_data,grupo 3,23,7.0,0.0,0,ok,0.608,True,140.0,0.704,0.413
dataset6_CLINIC_0061_data,grupo 3,23,4.91,0.0,0,ok,0.608,True,140.0,0.704,0.413
dataset6_CLINIC_0061_data,grupo 3,23,7.3,0.0,0,ok,0.608,True,140.0,0.704,0.413
dataset6_CLINIC_0061_data,grupo 3,24,7.0,0.0,0,ok,0.656,True,140.0,0.565,1.353
dataset6_CLINIC_0061_data,grupo 3,24,4.91,0.0,0,ok,0.656,True,140.0,0.565,1.353
dataset6_CLINIC_0061_data,grupo 3,24,7.3,0.0,0,ok,0.656,True,140.0,0.565,1.353
dataset6_CLINIC_0061_data,grupo 3,25,7.0,0.0,0,ok,0.48,True,140.0,3.763,3.565
dataset6_CLINIC_0061_data,grupo 3,25,4.91,0.0,0,ok,0.48,True,140.0,3.763,3.565
dataset6_CLINIC_0061_data,grupo 3,25,7.3,0.0,0,ok,0.48,True,140.0,3.763,3.565
dataset6_CLINIC_0061_data,grupo 3,26,7.0,0.0,0,ok,0.616,True,140.0,0.906,0.882
dataset6_CLINIC_0061_data,grupo 3,26,4.91,0.0,0,ok,0.616,True,140.0,0.906,0.882
dataset6_CLINIC_0061_data,grupo 3,26,7.3,0.0,0,ok,0.616,True,140.0,0.906,0.882
dataset6_CLINIC_0061_data,grupo 3,27,7.0,0.0,0,ok,0.544,True,140.0,1.819,1.335
dataset6_CLINIC_0061_data,grupo 3,27,4.91,0.0,0,ok,0.544,True,140.0,1.819,1.335
dataset6_CLINIC_0061_data,grupo 3,27,7.3,0.0,0,ok,0.544,True,140.0,1.819,1.335
dataset6_CLINIC_0061_data,grupo 3,28,7.0,0.0,0,ok,0.592,True,140.0,0.483,1.592
dataset6_CLINIC_0061_data,grupo 3,28,4.91,0.0,0,ok,0.592,True,140.0,0.483,1.592
dataset6_CLINIC_0061_data,grupo 3,28,7.3,0.0,0,ok,0.592,True,140.0,0.483,1.592
dataset6_CLINIC_0061_data,grupo 3,29,7.0,1.778790831565857,1,ok,0.624,True,140.0,5.089,1.019
dataset6_CLINIC_0061_data,grupo 3,29,4.91,0.7337907552719116,1,ok,0.624,True,140.0,5.089,1.019
dataset6_CLINIC_0061_data,grupo 3,29,7.3,1.9287909269332886,1,ok,0.624,True,140.0,5.089,1.019
dataset6_CLINIC_0061_data,grupo 3,30,7.0,0.0,0,ok,0.624,True,140.0,0.161,1.163
dataset6_CLINIC_0061_data,grupo 3,30,4.91,0.0,0,ok,0.624,True,140.0,0.161,1.163
dataset6_CLINIC_0061_data,grupo 3,30,7.3,0.0,0,ok,0.624,True,140.0,0.161,1.163
dataset6_CLINIC_0061_data,grupo 3,31,7.0,0.0,0,ok,0.528,True,140.0,3.783,1.313
dataset6_CLINIC_0061_data,grupo 3,31,4.91,0.0,0,ok,0.528,True,140.0,3.783,1.313
dataset6_CLINIC_0061_data,grupo 3,31,7.3,0.0,0,ok,0.528,True,140.0,3.783,1.313
dataset6_CLINIC_0061_data,grupo 3,32,7.0,0.0,0,ok,0.68,True,140.0,1.677,1.126
dataset6_CLINIC_0061_data,grupo 3,32,4.91,0.0,0,ok,0.68,True,140.0,1.677,1.126
dataset6_CLINIC_0061_data,grupo 3,32,7.3,0.0,0,ok,0.68,True,140.0,1.677,1.126
dataset6_CLINIC_0061_data,grupo 3,33,7.0,0.0,0,ok,0.552,True,140.0,0.93,0.078
dataset6_CLINIC_0061_data,grupo 3,33,4.91,0.0,0,ok,0.552,True,140.0,0.93,0.078
dataset6_CLINIC_0061_data,grupo 3,33,7.3,0.0,0,ok,0.552,True,140.0,0.93,0.078
dataset6_CLINIC_0061_data,grupo 3,34,7.0,0.0,0,ok,0.544,True,140.0,2.046,0.927
dataset6_CLINIC_0061_data,grupo 3,34,4.91,0.0,0,ok,0.544,True,140.0,2.046,0.927
dataset6_CLINIC_0061_data,grupo 3,34,7.3,0.0,0,ok,0.544,True,140.0,2.046,0.927
dataset6_CLINIC_0061_data,grupo 3,35,7.0,0.8276917934417725,1,ok,0.56,True,140.0,3.365,1.709
dataset6_CLINIC_0061_data,grupo 3,35,4.91,0.0,0,ok,0.56,True,140.0,3.365,1.709
dataset6_CLINIC_0061_data,grupo 3,35,7.3,0.9776918888092041,1,ok,0.56,True,140.0,3.365,1.709
dataset6_CLINIC_0061_data,grupo 3,36,7.0,1.015458583831787,1,ok,0.552,True,140.0,3.274,0.562
dataset6_CLINIC_0061_data,grupo 3,36,4.91,0.0,0,ok,0.552,True,140.0,3.274,0.562
dataset6_CLINIC_0061_data,grupo 3,36,7.3,1.1654586791992188,1,ok,0.552,True,140.0,3.274,0.562
dataset6_CLINIC_0061_data,grupo 3,37,7.0,0.0,0,ok,0.656,True,140.0,1.238,0.964
dataset6_CLINIC_0061_data,grupo 3,37,4.91,0.0,0,ok,0.656,True,140.0,1.238,0.964
dataset6_CLINIC_0061_data,grupo 3,37,7.3,0.0,0,ok,0.656,True,140.0,1.238,0.964
dataset6_CLINIC_0061_data,grupo 3,38,7.0,0.0,0,ok,0.616,True,140.0,1.159,1.352
dataset6_CLINIC_0061_data,grupo 3,38,4.91,0.0,0,ok,0.616,True,140.0,1.159,1.352
dataset6_CLINIC_0061_data,grupo 3,38,7.3,0.0,0,ok,0.616,True,140.0,1.159,1.352
dataset6_CLINIC_0061_data,grupo 3,39,7.0,0.14270782470703125,1,ok,0.552,True,140.0,2.604,0.092
dataset6_CLINIC_0061_data,grupo 3,39,4.91,0.0,0,ok,0.552,True,140.0,2.604,0.092
dataset6_CLINIC_0061_data,grupo 3,39,7.3,0.2927079200744629,1,ok,0.552,True,140.0,2.604,0.092
dataset6_CLINIC_0061_data,grupo 3,40,7.0,0.0,0,ok,0.544,True,140.0,1.459,1.927
dataset6_CLINIC_0061_data,grupo 3,40,4.91,0.0,0,ok,0.544,True,140.0,1.459,1.927
dataset6_CLINIC_0061_data,grupo 3,40,7.3,0.0,0,ok,0.544,True,140.0,1.459,1.927
dataset6_CLINIC_0061_data,grupo 3,41,7.0,0.0,0,ok,0.704,True,140.0,1.697,0.941
dataset6_CLINIC_0061_data,grupo 3,41,4.91,0.0,0,ok,0.704,True,140.0,1.697,0.941
dataset6_CLINIC_0061_data,grupo 3,41,7.3,0.0,0,ok,0.704,True,140.0,1.697,0.941
dataset6_CLINIC_0061_data,grupo 3,42,7.0,0.0,0,ok,0.656,True,140.0,2.055,2.426
dataset6_CLINIC_0061_data,grupo 3,42,4.91,0.0,0,ok,0.656,True,140.0,2.055,2.426
dataset6_CLINIC_0061_data,grupo 3,42,7.3,0.0,0,ok,0.656,True,140.0,2.055,2.426
dataset6_CLINIC_0061_data,grupo 3,43,7.0,0.0,0,ok,0.576,True,140.0,0.428,1.402
dataset6_CLINIC_0061_data,grupo 3,43,4.91,0.0,0,ok,0.576,True,140.0,0.428,1.402
dataset6_CLINIC_0061_data,grupo 3,43,7.3,0.0,0,ok,0.576,True,140.0,0.428,1.402
dataset6_CLINIC_0061_data,grupo 3,44,7.0,0.0,0,ok,0.648,True,140.0,2.331,0.657
dataset6_CLINIC_0061_data,grupo 3,44,4.91,0.0,0,ok,0.648,True,140.0,2.331,0.657
dataset6_CLINIC_0061_data,grupo 3,44,7.3,0.0,0,ok,0.648,True,140.0,2.331,0.657
dataset6_CLINIC_0061_data,grupo 3,45,7.0,0.0,0,ok,0.6,True,140.0,0.439,3.561
dataset6_CLINIC_0061_data,grupo 3,45,4.91,0.0,0,ok,0.6,True,140.0,0.439,3.561
dataset6_CLINIC_0061_data,grupo 3,45,7.3,0.0,0,ok,0.6,True,140.0,0.439,3.561
dataset6_CLINIC_0061_data,grupo 3,46,7.0,0.0,0,ok,0.584,True,140.0,0.907,0.426
dataset6_CLINIC_0061_data,grupo 3,46,4.91,0.0,0,ok,0.584,True,140.0,0.907,0.426
dataset6_CLINIC_0061_data,grupo 3,46,7.3,0.0,0,ok,0.584,True,140.0,0.907,0.426
dataset6_CLINIC_0061_data,grupo 3,47,7.0,0.0,0,ok,0.536,True,140.0,0.08,0.741
dataset6_CLINIC_0061_data,grupo 3,47,4.91,0.0,0,ok,0.536,True,140.0,0.08,0.741
dataset6_CLINIC_0061_data,grupo 3,47,7.3,0.0,0,ok,0.536,True,140.0,0.08,0.741
dataset6_CLINIC_0061_data,grupo 3,48,7.0,0.0,0,ok,0.584,True,140.0,3.886,0.154
dataset6_CLINIC_0061_data,grupo 3,48,4.91,0.0,0,ok,0.584,True,140.0,3.886,0.154
dataset6_CLINIC_0061_data,grupo 3,48,7.3,0.04720497131347656,1,ok,0.584,True,140.0,3.886,0.154
dataset6_CLINIC_0061_data,grupo 3,49,7.0,0.0,0,ok,0.512,True,140.0,0.119,1.338
dataset6_CLINIC_0061_data,grupo 3,49,4.91,0.0,0,ok,0.512,True,140.0,0.119,1.338
dataset6_CLINIC_0061_data,grupo 3,49,7.3,0.0,0,ok,0.512,True,140.0,0.119,1.338
dataset6_CLINIC_0073_data,grupo 3,0,7.0,1.716342806816101,1,ok,0.22772277227722773,True,116.0,4.973,2.59
dataset6_CLINIC_0073_data,grupo 3,0,4.91,0.6713427305221558,1,ok,0.22772277227722773,True,116.0,4.973,2.59
dataset6_CLINIC_0073_data,grupo 3,0,7.3,1.8663429021835327,1,ok,0.22772277227722773,True,116.0,4.973,2.59
dataset6_CLINIC_0073_data,grupo 3,1,7.0,0.0,0,ok,0.297029702970297,True,116.0,2.448,3.338
dataset6_CLINIC_0073_data,grupo 3,1,4.91,0.0,0,ok,0.297029702970297,True,116.0,2.448,3.338
dataset6_CLINIC_0073_data,grupo 3,1,7.3,0.1168510913848877,1,ok,0.297029702970297,True,116.0,2.448,3.338
dataset6_CLINIC_0073_data,grupo 3,2,7.0,0.0,0,ok,0.25742574257425743,True,116.0,2.715,0.439
dataset6_CLINIC_0073_data,grupo 3,2,4.91,0.0,0,ok,0.25742574257425743,True,116.0,2.715,0.439
dataset6_CLINIC_0073_data,grupo 3,2,7.3,0.0,0,ok,0.25742574257425743,True,116.0,2.715,0.439
dataset6_CLINIC_0073_data,grupo 3,3,7.0,0.0,0,ok,0.3465346534653465,True,116.0,0.946,1.29
dataset6_CLINIC_0073_data,grupo 3,3,4.91,0.0,0,ok,0.3465346534653465,True,116.0,0.946,1.29
dataset6_CLINIC_0073_data,grupo 3,3,7.3,0.0,0,ok,0.3465346534653465,True,116.0,0.946,1.29
dataset6_CLINIC_0073_data,grupo 3,4,7.0,0.0,0,ok,0.3069306930693069,True,116.0,1.09,1.681
dataset6_CLINIC_0073_data,grupo 3,4,4.91,0.0,0,ok,0.3069306930693069,True,116.0,1.09,1.681
dataset6_CLINIC_0073_data,grupo 3,4,7.3,0.0,0,ok,0.3069306930693069,True,116.0,1.09,1.681
dataset6_CLINIC_0073_data,grupo 3,5,7.0,0.0,0,ok,0.33663366336633666,True,116.0,0.754,2.773
dataset6_CLINIC_0073_data,grupo 3,5,4.91,0.0,0,ok,0.33663366336633666,True,116.0,0.754,2.773
dataset6_CLINIC_0073_data,grupo 3,5,7.3,0.0,0,ok,0.33663366336633666,True,116.0,0.754,2.773
dataset6_CLINIC_0073_data,grupo 3,6,7.0,0.0,0,ok,0.36633663366336633,True,116.0,1.523,0.496
dataset6_CLINIC_0073_data,grupo 3,6,4.91,0.0,0,ok,0.36633663366336633,True,116.0,1.523,0.496
dataset6_CLINIC_0073_data,grupo 3,6,7.3,0.0,0,ok,0.36633663366336633,True,116.0,1.523,0.496
dataset6_CLINIC_0073_data,grupo 3,7,7.0,0.0,0,ok,0.33663366336633666,True,116.0,1.349,3.216
dataset6_CLINIC_0073_data,grupo 3,7,4.91,0.0,0,ok,0.33663366336633666,True,116.0,1.349,3.216
dataset6_CLINIC_0073_data,grupo 3,7,7.3,0.0,0,ok,0.33663366336633666,True,116.0,1.349,3.216
dataset6_CLINIC_0073_data,grupo 3,8,7.0,0.0,0,ok,0.40594059405940597,True,116.0,5.321,1.863
dataset6_CLINIC_0073_data,grupo 3,8,4.91,0.0,0,ok,0.40594059405940597,True,116.0,5.321,1.863
dataset6_CLINIC_0073_data,grupo 3,8,7.3,0.0,0,ok,0.40594059405940597,True,116.0,5.321,1.863
dataset6_CLINIC_0073_data,grupo 3,9,7.0,0.0,0,ok,0.31683168316831684,True,116.0,0.727,4.867
dataset6_CLINIC_0073_data,grupo 3,9,4.91,0.0,0,ok,0.31683168316831684,True,116.0,0.727,4.867
dataset6_CLINIC_0073_data,grupo 3,9,7.3,0.0,0,ok,0.31683168316831684,True,116.0,0.727,4.867
dataset6_CLINIC_0073_data,grupo 3,10,7.0,0.0,0,ok,0.3069306930693069,True,116.0,0.895,1.348
dataset6_CLINIC_0073_data,grupo 3,10,4.91,0.0,0,ok,0.3069306930693069,True,116.0,0.895,1.348
dataset6_CLINIC_0073_data,grupo 3,10,7.3,0.0,0,ok,0.3069306930693069,True,116.0,0.895,1.348
dataset6_CLINIC_0073_data,grupo 3,11,7.0,0.0,0,ok,0.3564356435643564,True,116.0,0.868,0.216
dataset6_CLINIC_0073_data,grupo 3,11,4.91,0.0,0,ok,0.3564356435643564,True,116.0,0.868,0.216
dataset6_CLINIC_0073_data,grupo 3,11,7.3,0.0,0,ok,0.3564356435643564,True,116.0,0.868,0.216
dataset6_CLINIC_0073_data,grupo 3,12,7.0,0.0,0,ok,0.33663366336633666,True,116.0,3.464,1.035
dataset6_CLINIC_0073_data,grupo 3,12,4.91,0.0,0,ok,0.33663366336633666,True,116.0,3.464,1.035
dataset6_CLINIC_0073_data,grupo 3,12,7.3,0.018915891647338867,1,ok,0.33663366336633666,True,116.0,3.464,1.035
dataset6_CLINIC_0073_data,grupo 3,13,7.0,0.0,0,ok,0.3465346534653465,True,116.0,0.551,0.008
dataset6_CLINIC_0073_data,grupo 3,13,4.91,0.0,0,ok,0.3465346534653465,True,116.0,0.551,0.008
dataset6_CLINIC_0073_data,grupo 3,13,7.3,0.0,0,ok,0.3465346534653465,True,116.0,0.551,0.008
dataset6_CLINIC_0073_data,grupo 3,14,7.0,0.0,0,ok,0.31683168316831684,True,116.0,0.399,2.156
dataset6_CLINIC_0073_data,grupo 3,14,4.91,0.0,0,ok,0.31683168316831684,True,116.0,0.399,2.156
dataset6_CLINIC_0073_data,grupo 3,14,7.3,0.0,0,ok,0.31683168316831684,True,116.0,0.399,2.156
dataset6_CLINIC_0073_data,grupo 3,15,7.0,0.0,0,ok,0.3564356435643564,True,116.0,2.697,3.216
dataset6_CLINIC_0073_data,grupo 3,15,4.91,0.0,0,ok,0.3564356435643564,True,116.0,2.697,3.216
dataset6_CLINIC_0073_data,grupo 3,15,7.3,0.0,0,ok,0.3564356435643564,True,116.0,2.697,3.216
dataset6_CLINIC_0073_data,grupo 3,16,7.0,0.0,0,ok,0.3465346534653465,True,116.0,0.774,1.972
dataset6_CLINIC_0073_data,grupo 3,16,4.91,0.0,0,ok,0.3465346534653465,True,116.0,0.774,1.972
dataset6_CLINIC_0073_data,grupo 3,16,7.3,0.0,0,ok,0.3465346534653465,True,116.0,0.774,1.972
dataset6_CLINIC_0073_data,grupo 3,17,7.0,0.0,0,ok,0.31683168316831684,True,116.0,2.07,0.538
dataset6_CLINIC_0073_data,grupo 3,17,4.91,0.0,0,ok,0.31683168316831684,True,116.0,2.07,0.538
dataset6_CLINIC_0073_data,grupo 3,17,7.3,0.0,0,ok,0.31683168316831684,True,116.0,2.07,0.538
dataset6_CLINIC_0073_data,grupo 3,18,7.0,0.0,0,ok,0.297029702970297,True,116.0,1.774,1.99
dataset6_CLINIC_0073_data,grupo 3,18,4.91,0.0,0,ok,0.297029702970297,True,116.0,1.774,1.99
dataset6_CLINIC_0073_data,grupo 3,18,7.3,0.0,0,ok,0.297029702970297,True,116.0,1.774,1.99
dataset6_CLINIC_0073_data,grupo 3,19,7.0,0.0,0,ok,0.26732673267326734,True,116.0,2.814,5.036
dataset6_CLINIC_0073_data,grupo 3,19,4.91,0.0,0,ok,0.26732673267326734,True,116.0,2.814,5.036
dataset6_CLINIC_0073_data,grupo 3,19,7.3,0.0,0,ok,0.26732673267326734,True,116.0,2.814,5.036
dataset6_CLINIC_0073_data,grupo 3,20,7.0,0.0,0,ok,0.33663366336633666,True,116.0,2.427,1.385
dataset6_CLINIC_0073_data,grupo 3,20,4.91,0.0,0,ok,0.33663366336633666,True,116.0,2.427,1.385
dataset6_CLINIC_0073_data,grupo 3,20,7.3,0.0,0,ok,0.33663366336633666,True,116.0,2.427,1.385
dataset6_CLINIC_0073_data,grupo 3,21,7.0,0.5016467571258545,1,ok,0.27722772277227725,True,116.0,4.445,0.545
dataset6_CLINIC_0073_data,grupo 3,21,4.91,0.0,0,ok,0.27722772277227725,True,116.0,4.445,0.545
dataset6_CLINIC_0073_data,grupo 3,21,7.3,0.6516468524932861,1,ok,0.27722772277227725,True,116.0,4.445,0.545
dataset6_CLINIC_0073_data,grupo 3,22,7.0,0.0,0,ok,0.5247524752475248,True,116.0,4.79,5.357
dataset6_CLINIC_0073_data,grupo 3,22,4.91,0.0,0,ok,0.5247524752475248,True,116.0,4.79,5.357
dataset6_CLINIC_0073_data,grupo 3,22,7.3,0.0,0,ok,0.5247524752475248,True,116.0,4.79,5.357
dataset6_CLINIC_0073_data,grupo 3,23,7.0,0.0,0,ok,0.36633663366336633,True,116.0,2.937,4.228
dataset6_CLINIC_0073_data,grupo 3,23,4.91,0.0,0,ok,0.36633663366336633,True,116.0,2.937,4.228
dataset6_CLINIC_0073_data,grupo 3,23,7.3,0.0,0,ok,0.36633663366336633,True,116.0,2.937,4.228
dataset6_CLINIC_0073_data,grupo 3,24,7.0,0.0,0,ok,0.32673267326732675,True,116.0,1.569,0.426
dataset6_CLINIC_0073_data,grupo 3,24,4.91,0.0,0,ok,0.32673267326732675,True,116.0,1.569,0.426
dataset6_CLINIC_0073_data,grupo 3,24,7.3,0.0,0,ok,0.32673267326732675,True,116.0,1.569,0.426
dataset6_CLINIC_0073_data,grupo 3,25,7.0,0.0,0,ok,0.26732673267326734,True,116.0,4.651,4.142
dataset6_CLINIC_0073_data,grupo 3,25,4.91,0.0,0,ok,0.26732673267326734,True,116.0,4.651,4.142
dataset6_CLINIC_0073_data,grupo 3,25,7.3,0.0,0,ok,0.26732673267326734,True,116.0,4.651,4.142
dataset6_CLINIC_0073_data,grupo 3,26,7.0,0.0,0,ok,0.32673267326732675,True,116.0,0.208,4.16
dataset6_CLINIC_0073_data,grupo 3,26,4.91,0.0,0,ok,0.32673267326732675,True,116.0,0.208,4.16
dataset6_CLINIC_0073_data,grupo 3,26,7.3,0.0,0,ok,0.32673267326732675,True,116.0,0.208,4.16
dataset6_CLINIC_0073_data,grupo 3,27,7.0,0.0,0,ok,0.31683168316831684,True,116.0,0.579,0.072
dataset6_CLINIC_0073_data,grupo 3,27,4.91,0.0,0,ok,0.31683168316831684,True,116.0,0.579,0.072
dataset6_CLINIC_0073_data,grupo 3,27,7.3,0.0,0,ok,0.31683168316831684,True,116.0,0.579,0.072
dataset6_CLINIC_0073_data,grupo 3,28,7.0,0.0,0,ok,0.33663366336633666,True,116.0,0.2,3.334
dataset6_CLINIC_0073_data,grupo 3,28,4.91,0.0,0,ok,0.33663366336633666,True,116.0,0.2,3.334
dataset6_CLINIC_0073_data,grupo 3,28,7.3,0.0,0,ok,0.33663366336633666,True,116.0,0.2,3.334
dataset6_CLINIC_0073_data,grupo 3,29,7.0,0.0,0,ok,0.3465346534653465,True,116.0,1.578,1.2
dataset6_CLINIC_0073_data,grupo 3,29,4.91,0.0,0,ok,0.3465346534653465,True,116.0,1.578,1.2
dataset6_CLINIC_0073_data,grupo 3,29,7.3,0.0,0,ok,0.3465346534653465,True,116.0,1.578,1.2
dataset6_CLINIC_0073_data,grupo 3,30,7.0,1.1526813507080078,1,ok,0.27722772277227725,True,116.0,5.352,0.836
dataset6_CLINIC_0073_data,grupo 3,30,4.91,0.1076812744140625,1,ok,0.27722772277227725,True,116.0,5.352,0.836
dataset6_CLINIC_0073_data,grupo 3,30,7.3,1.3026814460754395,1,ok,0.27722772277227725,True,116.0,5.352,0.836
dataset6_CLINIC_0073_data,grupo 3,31,7.0,0.0,0,ok,0.31683168316831684,True,116.0,0.196,0.722
dataset6_CLINIC_0073_data,grupo 3,31,4.91,0.0,0,ok,0.31683168316831684,True,116.0,0.196,0.722
dataset6_CLINIC_0073_data,grupo 3,31,7.3,0.0,0,ok,0.31683168316831684,True,116.0,0.196,0.722
dataset6_CLINIC_0073_data,grupo 3,32,7.0,0.67789626121521,1,ok,0.2376237623762376,True,116.0,4.267,2.409
dataset6_CLINIC_0073_data,grupo 3,32,4.91,0.0,0,ok,0.2376237623762376,True,116.0,4.267,2.409
dataset6_CLINIC_0073_data,grupo 3,32,7.3,0.8278963565826416,1,ok,0.2376237623762376,True,116.0,4.267,2.409
dataset6_CLINIC_0073_data,grupo 3,33,7.0,0.0,0,ok,0.3465346534653465,True,116.0,0.509,0.519
dataset6_CLINIC_0073_data,grupo 3,33,4.91,0.0,0,ok,0.3465346534653465,True,116.0,0.509,0.519
dataset6_CLINIC_0073_data,grupo 3,33,7.3,0.0,0,ok,0.3465346534653465,True,116.0,0.509,0.519
dataset6_CLINIC_0073_data,grupo 3,34,7.0,0.0,0,ok,0.33663366336633666,True,116.0,4.636,0.837
dataset6_CLINIC_0073_data,grupo 3,34,4.91,0.0,0,ok,0.33663366336633666,True,116.0,4.636,0.837
dataset6_CLINIC_0073_data,grupo 3,34,7.3,0.0,0,ok,0.33663366336633666,True,116.0,4.636,0.837
dataset6_CLINIC_0073_data,grupo 3,35,7.0,0.9215338230133057,1,ok,0.3069306930693069,True,116.0,3.002,3.732
dataset6_CLINIC_0073_data,grupo 3,35,4.91,0.0,0,ok,0.3069306930693069,True,116.0,3.002,3.732
dataset6_CLINIC_0073_data,grupo 3,35,7.3,1.0715339183807373,1,ok,0.3069306930693069,True,116.0,3.002,3.732
dataset6_CLINIC_0073_data,grupo 3,36,7.0,0.0,0,ok,0.38613861386138615,True,116.0,2.071,3.007
dataset6_CLINIC_0073_data,grupo 3,36,4.91,0.0,0,ok,0.38613861386138615,True,116.0,2.071,3.007
dataset6_CLINIC_0073_data,grupo 3,36,7.3,0.0,0,ok,0.38613861386138615,True,116.0,2.071,3.007
dataset6_CLINIC_0073_data,grupo 3,37,7.0,0.0,0,ok,0.297029702970297,True,116.0,1.811,3.93
dataset6_CLINIC_0073_data,grupo 3,37,4.91,0.0,0,ok,0.297029702970297,True,116.0,1.811,3.93
dataset6_CLINIC_0073_data,grupo 3,37,7.3,0.0,0,ok,0.297029702970297,True,116.0,1.811,3.93
dataset6_CLINIC_0073_data,grupo 3,38,7.0,0.0,0,ok,0.3465346534653465,True,116.0,0.291,4.096
dataset6_CLINIC_0073_data,grupo 3,38,4.91,0.0,0,ok,0.3465346534653465,True,116.0,0.291,4.096
dataset6_CLINIC_0073_data,grupo 3,38,7.3,0.0,0,ok,0.3465346534653465,True,116.0,0.291,4.096
dataset6_CLINIC_0073_data,grupo 3,39,7.0,0.0,0,ok,0.32673267326732675,True,116.0,0.125,0.396
dataset6_CLINIC_0073_data,grupo 3,39,4.91,0.0,0,ok,0.32673267326732675,True,116.0,0.125,0.396
dataset6_CLINIC_0073_data,grupo 3,39,7.3,0.0,0,ok,0.32673267326732675,True,116.0,0.125,0.396
dataset6_CLINIC_0073_data,grupo 3,40,7.0,1.5915247201919556,1,ok,0.27722772277227725,True,116.0,3.825,3.458
dataset6_CLINIC_0073_data,grupo 3,40,4.91,0.5465246438980103,1,ok,0.27722772277227725,True,116.0,3.825,3.458
dataset6_CLINIC_0073_data,grupo 3,40,7.3,1.7415248155593872,1,ok,0.27722772277227725,True,116.0,3.825,3.458
dataset6_CLINIC_0073_data,grupo 3,41,7.0,0.0,0,ok,0.31683168316831684,True,116.0,0.187,0.929
dataset6_CLINIC_0073_data,grupo 3,41,4.91,0.0,0,ok,0.31683168316831684,True,116.0,0.187,0.929
dataset6_CLINIC_0073_data,grupo 3,41,7.3,0.0,0,ok,0.31683168316831684,True,116.0,0.187,0.929
dataset6_CLINIC_0073_data,grupo 3,42,7.0,0.0,0,ok,0.32673267326732675,True,116.0,1.909,2.583
dataset6_CLINIC_0073_data,grupo 3,42,4.91,0.0,0,ok,0.32673267326732675,True,116.0,1.909,2.583
dataset6_CLINIC_0073_data,grupo 3,42,7.3,0.0,0,ok,0.32673267326732675,True,116.0,1.909,2.583
dataset6_CLINIC_0073_data,grupo 3,43,7.0,0.0,0,ok,0.3465346534653465,True,116.0,0.849,6.935
dataset6_CLINIC_0073_data,grupo 3,43,4.91,0.0,0,ok,0.3465346534653465,True,116.0,0.849,6.935
dataset6_CLINIC_0073_data,grupo 3,43,7.3,0.0,0,ok,0.3465346534653465,True,116.0,0.849,6.935
dataset6_CLINIC_0073_data,grupo 3,44,7.0,0.0,0,ok,0.39603960396039606,True,116.0,3.536,0.283
dataset6_CLINIC_0073_data,grupo 3,44,4.91,0.0,0,ok,0.39603960396039606,True,116.0,3.536,0.283
dataset6_CLINIC_0073_data,grupo 3,44,7.3,0.0,0,ok,0.39603960396039606,True,116.0,3.536,0.283
dataset6_CLINIC_0073_data,grupo 3,45,7.0,0.0,0,ok,0.36633663366336633,True,116.0,2.206,1.544
dataset6_CLINIC_0073_data,grupo 3,45,4.91,0.0,0,ok,0.36633663366336633,True,116.0,2.206,1.544
dataset6_CLINIC_0073_data,grupo 3,45,7.3,0.0,0,ok,0.36633663366336633,True,116.0,2.206,1.544
dataset6_CLINIC_0073_data,grupo 3,46,7.0,0.0,0,ok,0.39603960396039606,True,116.0,2.024,0.401
dataset6_CLINIC_0073_data,grupo 3,46,4.91,0.0,0,ok,0.39603960396039606,True,116.0,2.024,0.401
dataset6_CLINIC_0073_data,grupo 3,46,7.3,0.0,0,ok,0.39603960396039606,True,116.0,2.024,0.401
dataset6_CLINIC_0073_data,grupo 3,47,7.0,0.0,0,ok,0.39603960396039606,True,116.0,3.024,2.635
dataset6_CLINIC_0073_data,grupo 3,47,4.91,0.0,0,ok,0.39603960396039606,True,116.0,3.024,2.635
dataset6_CLINIC_0073_data,grupo 3,47,7.3,0.0,0,ok,0.39603960396039606,True,116.0,3.024,2.635
dataset6_CLINIC_0073_data,grupo 3,48,7.0,0.0,0,ok,0.36633663366336633,True,116.0,1.461,2.492
dataset6_CLINIC_0073_data,grupo 3,48,4.91,0.0,0,ok,0.36633663366336633,True,116.0,1.461,2.492
dataset6_CLINIC_0073_data,grupo 3,48,7.3,0.0,0,ok,0.36633663366336633,True,116.0,1.461,2.492
dataset6_CLINIC_0073_data,grupo 3,49,7.0,0.0,0,ok,0.3465346534653465,True,116.0,0.172,4.162
dataset6_CLINIC_0073_data,grupo 3,49,4.91,0.0,0,ok,0.3465346534653465,True,116.0,0.172,4.162
dataset6_CLINIC_0073_data,grupo 3,49,7.3,0.0,0,ok,0.3465346534653465,True,116.0,0.172,4.162
dataset6_CLINIC_0060_data,grupo 3,0,7.0,0.9613640308380127,1,ok,0.3950617283950617,False,97.0,0.52,4.029
dataset6_CLINIC_0060_data,grupo 3,0,4.91,0.0,0,ok,0.3950617283950617,False,97.0,0.52,4.029
dataset6_CLINIC_0060_data,grupo 3,0,7.3,1.1113641262054443,1,ok,0.3950617283950617,False,97.0,0.52,4.029
dataset6_CLINIC_0060_data,grupo 3,1,7.0,0.8995757102966309,1,ok,0.35802469135802467,False,97.0,0.97,0.83
dataset6_CLINIC_0060_data,grupo 3,1,4.91,0.0,0,ok,0.35802469135802467,False,97.0,0.97,0.83
dataset6_CLINIC_0060_data,grupo 3,1,7.3,1.0495758056640625,1,ok,0.35802469135802467,False,97.0,0.97,0.83
dataset6_CLINIC_0060_data,grupo 3,2,7.0,3.5677249431610107,2,ok,0.375,False,97.0,3.065,5.605
dataset6_CLINIC_0060_data,grupo 3,2,4.91,2.5227248668670654,2,ok,0.375,False,97.0,3.065,5.605
dataset6_CLINIC_0060_data,grupo 3,2,7.3,3.7177250385284424,2,ok,0.375,False,97.0,3.065,5.605
dataset6_CLINIC_0060_data,grupo 3,3,7.0,0.3230752944946289,1,ok,0.345679012345679,False,97.0,0.434,0.76
dataset6_CLINIC_0060_data,grupo 3,3,4.91,0.0,0,ok,0.345679012345679,False,97.0,0.434,0.76
dataset6_CLINIC_0060_data,grupo 3,3,7.3,0.47307538986206055,1,ok,0.345679012345679,False,97.0,0.434,0.76
dataset6_CLINIC_0060_data,grupo 3,4,7.0,1.9874675273895264,1,ok,0.37037037037037035,False,97.0,2.864,1.187
dataset6_CLINIC_0060_data,grupo 3,4,4.91,0.942467451095581,1,ok,0.37037037037037035,False,97.0,2.864,1.187
dataset6_CLINIC_0060_data,grupo 3,4,7.3,2.137467622756958,2,ok,0.37037037037037035,False,97.0,2.864,1.187
dataset6_CLINIC_0060_data,grupo 3,5,7.0,2.1451497077941895,2,ok,0.3333333333333333,False,97.0,0.58,4.61
dataset6_CLINIC_0060_data,grupo 3,5,4.91,1.1001496315002441,1,ok,0.3333333333333333,False,97.0,0.58,4.61
dataset6_CLINIC_0060_data,grupo 3,5,7.3,2.295149803161621,2,ok,0.3333333333333333,False,97.0,0.58,4.61
dataset6_CLINIC_0060_data,grupo 3,6,7.0,1.295888900756836,1,ok,0.38271604938271603,False,97.0,3.16,1.731
dataset6_CLINIC_0060_data,grupo 3,6,4.91,0.2508888244628906,1,ok,0.38271604938271603,False,97.0,3.16,1.731
dataset6_CLINIC_0060_data,grupo 3,6,7.3,1.4458889961242676,1,ok,0.38271604938271603,False,97.0,3.16,1.731
dataset6_CLINIC_0060_data,grupo 3,7,7.0,1.4284954071044922,1,ok,0.2962962962962963,False,97.0,2.22,0.619
dataset6_CLINIC_0060_data,grupo 3,7,4.91,0.3834953308105469,1,ok,0.2962962962962963,False,97.0,2.22,0.619
dataset6_CLINIC_0060_data,grupo 3,7,7.3,1.5784955024719238,1,ok,0.2962962962962963,False,97.0,2.22,0.619
dataset6_CLINIC_0060_data,grupo 3,8,7.0,0.7814497947692871,1,ok,0.38271604938271603,False,97.0,0.847,1.029
dataset6_CLINIC_0060_data,grupo 3,8,4.91,0.0,0,ok,0.38271604938271603,False,97.0,0.847,1.029
dataset6_CLINIC_0060_data,grupo 3,8,7.3,0.9314498901367188,1,ok,0.38271604938271603,False,97.0,0.847,1.029
dataset6_CLINIC_0060_data,grupo 3,9,7.0,0.20346784591674805,1,ok,0.345679012345679,False,97.0,1.532,2.175
dataset6_CLINIC_0060_data,grupo 3,9,4.91,0.0,0,ok,0.345679012345679,False,97.0,1.532,2.175
dataset6_CLINIC_0060_data,grupo 3,9,7.3,0.3534679412841797,1,ok,0.345679012345679,False,97.0,1.532,2.175
dataset6_CLINIC_0060_data,grupo 3,10,7.0,1.286776065826416,1,ok,0.35802469135802467,False,97.0,1.666,4.013
dataset6_CLINIC_0060_data,grupo 3,10,4.91,0.2417759895324707,1,ok,0.35802469135802467,False,97.0,1.666,4.013
dataset6_CLINIC_0060_data,grupo 3,10,7.3,1.4367761611938477,1,ok,0.35802469135802467,False,97.0,1.666,4.013
dataset6_CLINIC_0060_data,grupo 3,11,7.0,0.9860575199127197,1,ok,0.2962962962962963,False,97.0,1.248,2.041
dataset6_CLINIC_0060_data,grupo 3,11,4.91,0.0,0,ok,0.2962962962962963,False,97.0,1.248,2.041
dataset6_CLINIC_0060_data,grupo 3,11,7.3,1.1360576152801514,1,ok,0.2962962962962963,False,97.0,1.248,2.041
dataset6_CLINIC_0060_data,grupo 3,12,7.0,0.0,0,ok,0.345679012345679,False,97.0,2.202,4.12
dataset6_CLINIC_0060_data,grupo 3,12,4.91,0.0,0,ok,0.345679012345679,False,97.0,2.202,4.12
dataset6_CLINIC_0060_data,grupo 3,12,7.3,0.09924149513244629,1,ok,0.345679012345679,False,97.0,2.202,4.12
dataset6_CLINIC_0060_data,grupo 3,13,7.0,2.0727710723876953,2,ok,0.35802469135802467,False,97.0,1.961,3.352
dataset6_CLINIC_0060_data,grupo 3,13,4.91,1.0277708768844604,1,ok,0.35802469135802467,False,97.0,1.961,3.352
dataset6_CLINIC_0060_data,grupo 3,13,7.3,2.222771167755127,2,ok,0.35802469135802467,False,97.0,1.961,3.352
dataset6_CLINIC_0060_data,grupo 3,14,7.0,0.0,0,ok,0.35802469135802467,False,97.0,0.083,1.483
dataset6_CLINIC_0060_data,grupo 3,14,4.91,0.0,0,ok,0.35802469135802467,False,97.0,0.083,1.483
dataset6_CLINIC_0060_data,grupo 3,14,7.3,0.0,0,ok,0.35802469135802467,False,97.0,0.083,1.483
dataset6_CLINIC_0060_data,grupo 3,15,7.0,1.4626593589782715,1,ok,0.35802469135802467,False,97.0,1.697,2.072
dataset6_CLINIC_0060_data,grupo 3,15,4.91,0.41765928268432617,1,ok,0.35802469135802467,False,97.0,1.697,2.072
dataset6_CLINIC_0060_data,grupo 3,15,7.3,1.6126594543457031,1,ok,0.35802469135802467,False,97.0,1.697,2.072
dataset6_CLINIC_0060_data,grupo 3,16,7.0,4.247166156768799,3,ok,0.31645569620253167,False,97.0,2.3,2.435
dataset6_CLINIC_0060_data,grupo 3,16,4.91,3.2021660804748535,2,ok,0.31645569620253167,False,97.0,2.3,2.435
dataset6_CLINIC_0060_data,grupo 3,16,7.3,4.3971662521362305,3,ok,0.31645569620253167,False,97.0,2.3,2.435
dataset6_CLINIC_0060_data,grupo 3,17,7.0,1.0126934051513672,1,ok,0.4074074074074074,False,97.0,1.204,0.369
dataset6_CLINIC_0060_data,grupo 3,17,4.91,0.0,0,ok,0.4074074074074074,False,97.0,1.204,0.369
dataset6_CLINIC_0060_data,grupo 3,17,7.3,1.1626935005187988,1,ok,0.4074074074074074,False,97.0,1.204,0.369
dataset6_CLINIC_0060_data,grupo 3,18,7.0,1.060452938079834,1,ok,0.35802469135802467,False,97.0,1.185,3.592
dataset6_CLINIC_0060_data,grupo 3,18,4.91,0.015452861785888672,1,ok,0.35802469135802467,False,97.0,1.185,3.592
dataset6_CLINIC_0060_data,grupo 3,18,7.3,1.2104530334472656,1,ok,0.35802469135802467,False,97.0,1.185,3.592
dataset6_CLINIC_0060_data,grupo 3,19,7.0,0.11894559860229492,1,ok,0.30864197530864196,False,97.0,0.932,0.147
dataset6_CLINIC_0060_data,grupo 3,19,4.91,0.0,0,ok,0.30864197530864196,False,97.0,0.932,0.147
dataset6_CLINIC_0060_data,grupo 3,19,7.3,0.26894569396972656,1,ok,0.30864197530864196,False,97.0,0.932,0.147
dataset6_CLINIC_0060_data,grupo 3,20,7.0,4.56768798828125,3,ok,0.21518987341772153,False,97.0,3.628,4.12
dataset6_CLINIC_0060_data,grupo 3,20,4.91,3.5226876735687256,2,ok,0.21518987341772153,False,97.0,3.628,4.12
dataset6_CLINIC_0060_data,grupo 3,20,7.3,4.717687606811523,3,ok,0.21518987341772153,False,97.0,3.628,4.12
dataset6_CLINIC_0060_data,grupo 3,21,7.0,2.9874398708343506,2,ok,0.2962962962962963,False,97.0,0.806,4.455
dataset6_CLINIC_0060_data,grupo 3,21,4.91,1.9424397945404053,1,ok,0.2962962962962963,False,97.0,0.806,4.455
dataset6_CLINIC_0060_data,grupo 3,21,7.3,3.1374399662017822,2,ok,0.2962962962962963,False,97.0,0.806,4.455
dataset6_CLINIC_0060_data,grupo 3,22,7.0,3.2607924938201904,2,ok,0.425,False,97.0,3.737,1.975
dataset6_CLINIC_0060_data,grupo 3,22,4.91,2.215792417526245,2,ok,0.425,False,97.0,3.737,1.975
dataset6_CLINIC_0060_data,grupo 3,22,7.3,3.410792589187622,2,ok,0.425,False,97.0,3.737,1.975
dataset6_CLINIC_0060_data,grupo 3,23,7.0,1.7431949377059937,1,ok,0.3950617283950617,False,97.0,1.822,1.151
dataset6_CLINIC_0060_data,grupo 3,23,4.91,0.6981948614120483,1,ok,0.3950617283950617,False,97.0,1.822,1.151
dataset6_CLINIC_0060_data,grupo 3,23,7.3,1.8931950330734253,1,ok,0.3950617283950617,False,97.0,1.822,1.151
dataset6_CLINIC_0060_data,grupo 3,24,7.0,2.995701551437378,2,ok,0.3333333333333333,False,97.0,2.559,1.363
dataset6_CLINIC_0060_data,grupo 3,24,4.91,1.9507014751434326,1,ok,0.3333333333333333,False,97.0,2.559,1.363
dataset6_CLINIC_0060_data,grupo 3,24,7.3,3.1457016468048096,2,ok,0.3333333333333333,False,97.0,2.559,1.363
dataset6_CLINIC_0060_data,grupo 3,25,7.0,0.7383632659912109,1,ok,0.41975308641975306,False,97.0,2.011,3.229
dataset6_CLINIC_0060_data,grupo 3,25,4.91,0.0,0,ok,0.41975308641975306,False,97.0,2.011,3.229
dataset6_CLINIC_0060_data,grupo 3,25,7.3,0.8883633613586426,1,ok,0.41975308641975306,False,97.0,2.011,3.229
dataset6_CLINIC_0060_data,grupo 3,26,7.0,3.8253540992736816,2,ok,0.3625,False,97.0,2.376,2.083
dataset6_CLINIC_0060_data,grupo 3,26,4.91,2.7803540229797363,2,ok,0.3625,False,97.0,2.376,2.083
dataset6_CLINIC_0060_data,grupo 3,26,7.3,3.9753541946411133,2,ok,0.3625,False,97.0,2.376,2.083
dataset6_CLINIC_0060_data,grupo 3,27,7.0,1.627408742904663,1,ok,0.35802469135802467,False,97.0,0.056,2.609
dataset6_CLINIC_0060_data,grupo 3,27,4.91,0.5824086666107178,1,ok,0.35802469135802467,False,97.0,0.056,2.609
dataset6_CLINIC_0060_data,grupo 3,27,7.3,1.7774088382720947,1,ok,0.35802469135802467,False,97.0,0.056,2.609
dataset6_CLINIC_0060_data,grupo 3,28,7.0,1.617568016052246,1,ok,0.3950617283950617,False,97.0,1.276,0.378
dataset6_CLINIC_0060_data,grupo 3,28,4.91,0.5725679397583008,1,ok,0.3950617283950617,False,97.0,1.276,0.378
dataset6_CLINIC_0060_data,grupo 3,28,7.3,1.7675681114196777,1,ok,0.3950617283950617,False,97.0,1.276,0.378
dataset6_CLINIC_0060_data,grupo 3,29,7.0,2.3286094665527344,2,ok,0.38271604938271603,False,97.0,1.923,0.889
dataset6_CLINIC_0060_data,grupo 3,29,4.91,1.2836095094680786,1,ok,0.38271604938271603,False,97.0,1.923,0.889
dataset6_CLINIC_0060_data,grupo 3,29,7.3,2.478609561920166,2,ok,0.38271604938271603,False,97.0,1.923,0.889
dataset6_CLINIC_0060_data,grupo 3,30,7.0,3.5679612159729004,2,ok,0.3625,False,97.0,1.761,3.05
dataset6_CLINIC_0060_data,grupo 3,30,4.91,2.522961139678955,2,ok,0.3625,False,97.0,1.761,3.05
dataset6_CLINIC_0060_data,grupo 3,30,7.3,3.717961311340332,2,ok,0.3625,False,97.0,1.761,3.05
dataset6_CLINIC_0060_data,grupo 3,31,7.0,5.2493486404418945,3,ok,0.3380281690140845,False,97.0,4.588,1.869
dataset6_CLINIC_0060_data,grupo 3,31,4.91,4.204348564147949,3,ok,0.3380281690140845,False,97.0,4.588,1.869
dataset6_CLINIC_0060_data,grupo 3,31,7.3,5.399348735809326,3,ok,0.3380281690140845,False,97.0,4.588,1.869
dataset6_CLINIC_0060_data,grupo 3,32,7.0,0.17289090156555176,1,ok,0.38271604938271603,False,97.0,0.199,3.512
dataset6_CLINIC_0060_data,grupo 3,32,4.91,0.0,0,ok,0.38271604938271603,False,97.0,0.199,3.512
dataset6_CLINIC_0060_data,grupo 3,32,7.3,0.3228909969329834,1,ok,0.38271604938271603,False,97.0,0.199,3.512
dataset6_CLINIC_0060_data,grupo 3,33,7.0,1.8374344110488892,1,ok,0.345679012345679,False,97.0,0.889,1.281
dataset6_CLINIC_0060_data,grupo 3,33,4.91,0.7924343347549438,1,ok,0.345679012345679,False,97.0,0.889,1.281
dataset6_CLINIC_0060_data,grupo 3,33,7.3,1.9874345064163208,1,ok,0.345679012345679,False,97.0,0.889,1.281
dataset6_CLINIC_0060_data,grupo 3,34,7.0,2.275650978088379,2,ok,0.32098765432098764,False,97.0,2.905,0.022
dataset6_CLINIC_0060_data,grupo 3,34,4.91,1.230650782585144,1,ok,0.32098765432098764,False,97.0,2.905,0.022
dataset6_CLINIC_0060_data,grupo 3,34,7.3,2.4256510734558105,2,ok,0.32098765432098764,False,97.0,2.905,0.022
dataset6_CLINIC_0060_data,grupo 3,35,7.0,2.048372268676758,2,ok,0.43209876543209874,False,97.0,2.409,3.436
dataset6_CLINIC_0060_data,grupo 3,35,4.91,1.003372073173523,1,ok,0.43209876543209874,False,97.0,2.409,3.436
dataset6_CLINIC_0060_data,grupo 3,35,7.3,2.1983723640441895,2,ok,0.43209876543209874,False,97.0,2.409,3.436
dataset6_CLINIC_0060_data,grupo 3,36,7.0,1.1117053031921387,1,ok,0.3950617283950617,False,97.0,0.359,1.903
dataset6_CLINIC_0060_data,grupo 3,36,4.91,0.06670522689819336,1,ok,0.3950617283950617,False,97.0,0.359,1.903
dataset6_CLINIC_0060_data,grupo 3,36,7.3,1.2617053985595703,1,ok,0.3950617283950617,False,97.0,0.359,1.903
dataset6_CLINIC_0060_data,grupo 3,37,7.0,1.286339282989502,1,ok,0.3950617283950617,False,97.0,2.559,4.04
dataset6_CLINIC_0060_data,grupo 3,37,4.91,0.24133920669555664,1,ok,0.3950617283950617,False,97.0,2.559,4.04
dataset6_CLINIC_0060_data,grupo 3,37,7.3,1.4363393783569336,1,ok,0.3950617283950617,False,97.0,2.559,4.04
dataset6_CLINIC_0060_data,grupo 3,38,7.0,0.9508287906646729,1,ok,0.3333333333333333,False,97.0,0.41,0.525
dataset6_CLINIC_0060_data,grupo 3,38,4.91,0.0,0,ok,0.3333333333333333,False,97.0,0.41,0.525
dataset6_CLINIC_0060_data,grupo 3,38,7.3,1.1008288860321045,1,ok,0.3333333333333333,False,97.0,0.41,0.525
dataset6_CLINIC_0060_data,grupo 3,39,7.0,1.1554689407348633,1,ok,0.32098765432098764,False,97.0,2.789,0.717
dataset6_CLINIC_0060_data,grupo 3,39,4.91,0.11046886444091797,1,ok,0.32098765432098764,False,97.0,2.789,0.717
dataset6_CLINIC_0060_data,grupo 3,39,7.3,1.305469036102295,1,ok,0.32098765432098764,False,97.0,2.789,0.717
dataset6_CLINIC_0060_data,grupo 3,40,7.0,0.580552339553833,1,ok,0.32098765432098764,False,97.0,1.664,0.324
dataset6_CLINIC_0060_data,grupo 3,40,4.91,0.0,0,ok,0.32098765432098764,False,97.0,1.664,0.324
dataset6_CLINIC_0060_data,grupo 3,40,7.3,0.7305524349212646,1,ok,0.32098765432098764,False,97.0,1.664,0.324
dataset6_CLINIC_0060_data,grupo 3,41,7.0,1.6548365354537964,1,ok,0.35802469135802467,False,97.0,0.348,4.632
dataset6_CLINIC_0060_data,grupo 3,41,4.91,0.6098364591598511,1,ok,0.35802469135802467,False,97.0,0.348,4.632
dataset6_CLINIC_0060_data,grupo 3,41,7.3,1.804836630821228,1,ok,0.35802469135802467,False,97.0,0.348,4.632
dataset6_CLINIC_0060_data,grupo 3,42,7.0,1.0612502098083496,1,ok,0.32098765432098764,False,97.0,0.963,1.738
dataset6_CLINIC_0060_data,grupo 3,42,4.91,0.016250133514404297,1,ok,0.32098765432098764,False,97.0,0.963,1.738
dataset6_CLINIC_0060_data,grupo 3,42,7.3,1.2112503051757812,1,ok,0.32098765432098764,False,97.0,0.963,1.738
dataset6_CLINIC_0060_data,grupo 3,43,7.0,2.907148838043213,2,ok,0.345679012345679,False,97.0,1.409,6.022
dataset6_CLINIC_0060_data,grupo 3,43,4.91,1.862148642539978,1,ok,0.345679012345679,False,97.0,1.409,6.022
dataset6_CLINIC_0060_data,grupo 3,43,7.3,3.0571489334106445,2,ok,0.345679012345679,False,97.0,1.409,6.022
dataset6_CLINIC_0060_data,grupo 3,44,7.0,0.7516887187957764,1,ok,0.2962962962962963,False,97.0,0.6,1.446
dataset6_CLINIC_0060_data,grupo 3,44,4.91,0.0,0,ok,0.2962962962962963,False,97.0,0.6,1.446
dataset6_CLINIC_0060_data,grupo 3,44,7.3,0.901688814163208,1,ok,0.2962962962962963,False,97.0,0.6,1.446
dataset6_CLINIC_0060_data,grupo 3,45,7.0,4.987894058227539,3,ok,0.3076923076923077,False,97.0,4.011,5.146
dataset6_CLINIC_0060_data,grupo 3,45,4.91,3.9428937435150146,2,ok,0.3076923076923077,False,97.0,4.011,5.146
dataset6_CLINIC_0060_data,grupo 3,45,7.3,5.1378936767578125,3,ok,0.3076923076923077,False,97.0,4.011,5.146
dataset6_CLINIC_0060_data,grupo 3,46,7.0,1.0575528144836426,1,ok,0.38271604938271603,False,97.0,0.196,1.699
dataset6_CLINIC_0060_data,grupo 3,46,4.91,0.012552738189697266,1,ok,0.38271604938271603,False,97.0,0.196,1.699
dataset6_CLINIC_0060_data,grupo 3,46,7.3,1.2075529098510742,1,ok,0.38271604938271603,False,97.0,0.196,1.699
dataset6_CLINIC_0060_data,grupo 3,47,7.0,1.6492654085159302,1,ok,0.3950617283950617,False,97.0,1.239,0.267
dataset6_CLINIC_0060_data,grupo 3,47,4.91,0.6042653322219849,1,ok,0.3950617283950617,False,97.0,1.239,0.267
dataset6_CLINIC_0060_data,grupo 3,47,7.3,1.7992655038833618,1,ok,0.3950617283950617,False,97.0,1.239,0.267
dataset6_CLINIC_0060_data,grupo 3,48,7.0,0.5062742233276367,1,ok,0.3333333333333333,False,97.0,0.487,0.198
dataset6_CLINIC_0060_data,grupo 3,48,4.91,0.0,0,ok,0.3333333333333333,False,97.0,0.487,0.198
dataset6_CLINIC_0060_data,grupo 3,48,7.3,0.6562743186950684,1,ok,0.3333333333333333,False,97.0,0.487,0.198
dataset6_CLINIC_0060_data,grupo 3,49,7.0,0.0,0,ok,0.345679012345679,False,97.0,0.425,1.911
dataset6_CLINIC_0060_data,grupo 3,49,4.91,0.0,0,ok,0.345679012345679,False,97.0,0.425,1.911
dataset6_CLINIC_0060_data,grupo 3,49,7.3,0.0,0,ok,0.345679012345679,False,97.0,0.425,1.911
dataset6_CLINIC_0081_data,grupo 3,0,7.0,1.6946898698806763,1,ok,0.17419354838709677,True,170.0,3.513,1.284
dataset6_CLINIC_0081_data,grupo 3,0,4.91,0.649689793586731,1,ok,0.17419354838709677,True,170.0,3.513,1.284
dataset6_CLINIC_0081_data,grupo 3,0,7.3,1.844689965248108,1,ok,0.17419354838709677,True,170.0,3.513,1.284
dataset6_CLINIC_0081_data,grupo 3,1,7.0,0.19424796104431152,1,ok,0.25806451612903225,True,170.0,2.922,0.491
dataset6_CLINIC_0081_data,grupo 3,1,4.91,0.0,0,ok,0.25806451612903225,True,170.0,2.922,0.491
dataset6_CLINIC_0081_data,grupo 3,1,7.3,0.34424805641174316,1,ok,0.25806451612903225,True,170.0,2.922,0.491
dataset6_CLINIC_0081_data,grupo 3,2,7.0,0.0,0,ok,0.17419354838709677,True,170.0,1.552,0.84
dataset6_CLINIC_0081_data,grupo 3,2,4.91,0.0,0,ok,0.17419354838709677,True,170.0,1.552,0.84
dataset6_CLINIC_0081_data,grupo 3,2,7.3,0.0,0,ok,0.17419354838709677,True,170.0,1.552,0.84
dataset6_CLINIC_0081_data,grupo 3,3,7.0,0.0,0,ok,0.2064516129032258,True,170.0,1.064,0.154
dataset6_CLINIC_0081_data,grupo 3,3,4.91,0.0,0,ok,0.2064516129032258,True,170.0,1.064,0.154
dataset6_CLINIC_0081_data,grupo 3,3,7.3,0.0,0,ok,0.2064516129032258,True,170.0,1.064,0.154
dataset6_CLINIC_0081_data,grupo 3,4,7.0,0.0,0,ok,0.2,True,170.0,0.952,0.541
dataset6_CLINIC_0081_data,grupo 3,4,4.91,0.0,0,ok,0.2,True,170.0,0.952,0.541
dataset6_CLINIC_0081_data,grupo 3,4,7.3,0.0,0,ok,0.2,True,170.0,0.952,0.541
dataset6_CLINIC_0081_data,grupo 3,5,7.0,0.0,0,ok,0.1870967741935484,True,170.0,0.811,0.416
dataset6_CLINIC_0081_data,grupo 3,5,4.91,0.0,0,ok,0.1870967741935484,True,170.0,0.811,0.416
dataset6_CLINIC_0081_data,grupo 3,5,7.3,0.0,0,ok,0.1870967741935484,True,170.0,0.811,0.416
dataset6_CLINIC_0081_data,grupo 3,6,7.0,0.14578509330749512,1,ok,0.1870967741935484,True,170.0,0.205,1.224
dataset6_CLINIC_0081_data,grupo 3,6,4.91,0.0,0,ok,0.1870967741935484,True,170.0,0.205,1.224
dataset6_CLINIC_0081_data,grupo 3,6,7.3,0.29578518867492676,1,ok,0.1870967741935484,True,170.0,0.205,1.224
dataset6_CLINIC_0081_data,grupo 3,7,7.0,0.0,0,ok,0.18064516129032257,True,170.0,0.673,2.657
dataset6_CLINIC_0081_data,grupo 3,7,4.91,0.0,0,ok,0.18064516129032257,True,170.0,0.673,2.657
dataset6_CLINIC_0081_data,grupo 3,7,7.3,0.0,0,ok,0.18064516129032257,True,170.0,0.673,2.657
dataset6_CLINIC_0081_data,grupo 3,8,7.0,1.160884141921997,1,ok,0.1870967741935484,True,170.0,2.324,1.881
dataset6_CLINIC_0081_data,grupo 3,8,4.91,0.11588406562805176,1,ok,0.1870967741935484,True,170.0,2.324,1.881
dataset6_CLINIC_0081_data,grupo 3,8,7.3,1.3108842372894287,1,ok,0.1870967741935484,True,170.0,2.324,1.881
dataset6_CLINIC_0081_data,grupo 3,9,7.0,0.0,0,ok,0.1870967741935484,True,170.0,0.24,1.129
dataset6_CLINIC_0081_data,grupo 3,9,4.91,0.0,0,ok,0.1870967741935484,True,170.0,0.24,1.129
dataset6_CLINIC_0081_data,grupo 3,9,7.3,0.0,0,ok,0.1870967741935484,True,170.0,0.24,1.129
dataset6_CLINIC_0081_data,grupo 3,10,7.0,0.0,0,ok,0.17419354838709677,True,170.0,1.623,0.209
dataset6_CLINIC_0081_data,grupo 3,10,4.91,0.0,0,ok,0.17419354838709677,True,170.0,1.623,0.209
dataset6_CLINIC_0081_data,grupo 3,10,7.3,0.0,0,ok,0.17419354838709677,True,170.0,1.623,0.209
dataset6_CLINIC_0081_data,grupo 3,11,7.0,0.0,0,ok,0.2064516129032258,True,170.0,0.783,0.137
dataset6_CLINIC_0081_data,grupo 3,11,4.91,0.0,0,ok,0.2064516129032258,True,170.0,0.783,0.137
dataset6_CLINIC_0081_data,grupo 3,11,7.3,0.0,0,ok,0.2064516129032258,True,170.0,0.783,0.137
dataset6_CLINIC_0081_data,grupo 3,12,7.0,0.0,0,ok,0.1870967741935484,True,170.0,0.204,0.093
dataset6_CLINIC_0081_data,grupo 3,12,4.91,0.0,0,ok,0.1870967741935484,True,170.0,0.204,0.093
dataset6_CLINIC_0081_data,grupo 3,12,7.3,0.0,0,ok,0.1870967741935484,True,170.0,0.204,0.093
dataset6_CLINIC_0081_data,grupo 3,13,7.0,0.0,0,ok,0.17419354838709677,True,170.0,0.402,3.434
dataset6_CLINIC_0081_data,grupo 3,13,4.91,0.0,0,ok,0.17419354838709677,True,170.0,0.402,3.434
dataset6_CLINIC_0081_data,grupo 3,13,7.3,0.0,0,ok,0.17419354838709677,True,170.0,0.402,3.434
dataset6_CLINIC_0081_data,grupo 3,14,7.0,0.15936660766601562,1,ok,0.16129032258064516,True,170.0,3.764,2.389
dataset6_CLINIC_0081_data,grupo 3,14,4.91,0.0,0,ok,0.16129032258064516,True,170.0,3.764,2.389
dataset6_CLINIC_0081_data,grupo 3,14,7.3,0.30936670303344727,1,ok,0.16129032258064516,True,170.0,3.764,2.389
dataset6_CLINIC_0081_data,grupo 3,15,7.0,0.0,0,ok,0.1935483870967742,True,170.0,0.921,0.205
dataset6_CLINIC_0081_data,grupo 3,15,4.91,0.0,0,ok,0.1935483870967742,True,170.0,0.921,0.205
dataset6_CLINIC_0081_data,grupo 3,15,7.3,0.0,0,ok,0.1935483870967742,True,170.0,0.921,0.205
dataset6_CLINIC_0081_data,grupo 3,16,7.0,5.009993076324463,3,ok,0.15217391304347827,True,170.0,6.377,3.067
dataset6_CLINIC_0081_data,grupo 3,16,4.91,3.9649930000305176,2,ok,0.15217391304347827,True,170.0,6.377,3.067
dataset6_CLINIC_0081_data,grupo 3,16,7.3,5.1599931716918945,3,ok,0.15217391304347827,True,170.0,6.377,3.067
dataset6_CLINIC_0081_data,grupo 3,17,7.0,4.228916168212891,3,ok,0.2348993288590604,True,170.0,5.221,0.44
dataset6_CLINIC_0081_data,grupo 3,17,4.91,3.1839160919189453,2,ok,0.2348993288590604,True,170.0,5.221,0.44
dataset6_CLINIC_0081_data,grupo 3,17,7.3,4.378916263580322,3,ok,0.2348993288590604,True,170.0,5.221,0.44
dataset6_CLINIC_0081_data,grupo 3,18,7.0,0.0,0,ok,0.1935483870967742,True,170.0,0.038,0.52
dataset6_CLINIC_0081_data,grupo 3,18,4.91,0.0,0,ok,0.1935483870967742,True,170.0,0.038,0.52
dataset6_CLINIC_0081_data,grupo 3,18,7.3,0.0,0,ok,0.1935483870967742,True,170.0,0.038,0.52
dataset6_CLINIC_0081_data,grupo 3,19,7.0,0.0,0,ok,0.1935483870967742,True,170.0,1.599,0.706
dataset6_CLINIC_0081_data,grupo 3,19,4.91,0.0,0,ok,0.1935483870967742,True,170.0,1.599,0.706
dataset6_CLINIC_0081_data,grupo 3,19,7.3,0.0,0,ok,0.1935483870967742,True,170.0,1.599,0.706
dataset6_CLINIC_0081_data,grupo 3,20,7.0,0.0,0,ok,0.1935483870967742,True,170.0,0.879,0.904
dataset6_CLINIC_0081_data,grupo 3,20,4.91,0.0,0,ok,0.1935483870967742,True,170.0,0.879,0.904
dataset6_CLINIC_0081_data,grupo 3,20,7.3,0.0,0,ok,0.1935483870967742,True,170.0,0.879,0.904
dataset6_CLINIC_0081_data,grupo 3,21,7.0,0.4594686031341553,1,ok,0.17419354838709677,True,170.0,0.804,2.481
dataset6_CLINIC_0081_data,grupo 3,21,4.91,0.0,0,ok,0.17419354838709677,True,170.0,0.804,2.481
dataset6_CLINIC_0081_data,grupo 3,21,7.3,0.6094686985015869,1,ok,0.17419354838709677,True,170.0,0.804,2.481
dataset6_CLINIC_0081_data,grupo 3,22,7.0,1.159583330154419,1,ok,0.07741935483870968,True,170.0,3.991,0.342
dataset6_CLINIC_0081_data,grupo 3,22,4.91,0.11458325386047363,1,ok,0.07741935483870968,True,170.0,3.991,0.342
dataset6_CLINIC_0081_data,grupo 3,22,7.3,1.3095834255218506,1,ok,0.07741935483870968,True,170.0,3.991,0.342
dataset6_CLINIC_0081_data,grupo 3,23,7.0,0.0,0,ok,0.17419354838709677,True,170.0,3.906,1.594
dataset6_CLINIC_0081_data,grupo 3,23,4.91,0.0,0,ok,0.17419354838709677,True,170.0,3.906,1.594
dataset6_CLINIC_0081_data,grupo 3,23,7.3,0.10581231117248535,1,ok,0.17419354838709677,True,170.0,3.906,1.594
dataset6_CLINIC_0081_data,grupo 3,24,7.0,0.32440924644470215,1,ok,0.16774193548387098,True,170.0,2.333,0.318
dataset6_CLINIC_0081_data,grupo 3,24,4.91,0.0,0,ok,0.16774193548387098,True,170.0,2.333,0.318
dataset6_CLINIC_0081_data,grupo 3,24,7.3,0.4744093418121338,1,ok,0.16774193548387098,True,170.0,2.333,0.318
dataset6_CLINIC_0081_data,grupo 3,25,7.0,0.0,0,ok,0.15483870967741936,True,170.0,2.518,0.263
dataset6_CLINIC_0081_data,grupo 3,25,4.91,0.0,0,ok,0.15483870967741936,True,170.0,2.518,0.263
dataset6_CLINIC_0081_data,grupo 3,25,7.3,0.0,0,ok,0.15483870967741936,True,170.0,2.518,0.263
dataset6_CLINIC_0081_data,grupo 3,26,7.0,0.0,0,ok,0.1870967741935484,True,170.0,0.261,2.541
dataset6_CLINIC_0081_data,grupo 3,26,4.91,0.0,0,ok,0.1870967741935484,True,170.0,0.261,2.541
dataset6_CLINIC_0081_data,grupo 3,26,7.3,0.0,0,ok,0.1870967741935484,True,170.0,0.261,2.541
dataset6_CLINIC_0081_data,grupo 3,27,7.0,2.3895115852355957,2,ok,0.03870967741935484,True,170.0,5.156,0.198
dataset6_CLINIC_0081_data,grupo 3,27,4.91,1.3445115089416504,1,ok,0.03870967741935484,True,170.0,5.156,0.198
dataset6_CLINIC_0081_data,grupo 3,27,7.3,2.5395116806030273,2,ok,0.03870967741935484,True,170.0,5.156,0.198
dataset6_CLINIC_0081_data,grupo 3,28,7.0,0.20614910125732422,1,ok,0.21935483870967742,True,170.0,1.33,0.366
dataset6_CLINIC_0081_data,grupo 3,28,4.91,0.0,0,ok,0.21935483870967742,True,170.0,1.33,0.366
dataset6_CLINIC_0081_data,grupo 3,28,7.3,0.35614919662475586,1,ok,0.21935483870967742,True,170.0,1.33,0.366
dataset6_CLINIC_0081_data,grupo 3,29,7.0,3.125741720199585,2,ok,0.24516129032258063,True,170.0,3.888,2.337
dataset6_CLINIC_0081_data,grupo 3,29,4.91,2.0807416439056396,2,ok,0.24516129032258063,True,170.0,3.888,2.337
dataset6_CLINIC_0081_data,grupo 3,29,7.3,3.2757418155670166,2,ok,0.24516129032258063,True,170.0,3.888,2.337
dataset6_CLINIC_0081_data,grupo 3,30,7.0,0.0,0,ok,0.2064516129032258,True,170.0,0.373,1.328
dataset6_CLINIC_0081_data,grupo 3,30,4.91,0.0,0,ok,0.2064516129032258,True,170.0,0.373,1.328
dataset6_CLINIC_0081_data,grupo 3,30,7.3,0.0,0,ok,0.2064516129032258,True,170.0,0.373,1.328
dataset6_CLINIC_0081_data,grupo 3,31,7.0,2.134446144104004,2,ok,0.1935483870967742,True,170.0,3.131,2.739
dataset6_CLINIC_0081_data,grupo 3,31,4.91,1.0894460678100586,1,ok,0.1935483870967742,True,170.0,3.131,2.739
dataset6_CLINIC_0081_data,grupo 3,31,7.3,2.2844462394714355,2,ok,0.1935483870967742,True,170.0,3.131,2.739
dataset6_CLINIC_0081_data,grupo 3,32,7.0,0.0,0,ok,0.2064516129032258,True,170.0,1.829,0.261
dataset6_CLINIC_0081_data,grupo 3,32,4.91,0.0,0,ok,0.2064516129032258,True,170.0,1.829,0.261
dataset6_CLINIC_0081_data,grupo 3,32,7.3,0.0,0,ok,0.2064516129032258,True,170.0,1.829,0.261
dataset6_CLINIC_0081_data,grupo 3,33,7.0,0.0,0,ok,0.2064516129032258,True,170.0,0.808,1.317
dataset6_CLINIC_0081_data,grupo 3,33,4.91,0.0,0,ok,0.2064516129032258,True,170.0,0.808,1.317
dataset6_CLINIC_0081_data,grupo 3,33,7.3,0.0,0,ok,0.2064516129032258,True,170.0,0.808,1.317
dataset6_CLINIC_0081_data,grupo 3,34,7.0,2.3920750617980957,2,ok,0.13548387096774195,True,170.0,4.351,1.827
dataset6_CLINIC_0081_data,grupo 3,34,4.91,1.3470749855041504,1,ok,0.13548387096774195,True,170.0,4.351,1.827
dataset6_CLINIC_0081_data,grupo 3,34,7.3,2.5420751571655273,2,ok,0.13548387096774195,True,170.0,4.351,1.827
dataset6_CLINIC_0081_data,grupo 3,35,7.0,0.0,0,ok,0.1935483870967742,True,170.0,0.505,0.286
dataset6_CLINIC_0081_data,grupo 3,35,4.91,0.0,0,ok,0.1935483870967742,True,170.0,0.505,0.286
dataset6_CLINIC_0081_data,grupo 3,35,7.3,0.0,0,ok,0.1935483870967742,True,170.0,0.505,0.286
dataset6_CLINIC_0081_data,grupo 3,36,7.0,0.0,0,ok,0.1870967741935484,True,170.0,0.858,0.004
dataset6_CLINIC_0081_data,grupo 3,36,4.91,0.0,0,ok,0.1870967741935484,True,170.0,0.858,0.004
dataset6_CLINIC_0081_data,grupo 3,36,7.3,0.0,0,ok,0.1870967741935484,True,170.0,0.858,0.004
dataset6_CLINIC_0081_data,grupo 3,37,7.0,1.2688515186309814,1,ok,0.18064516129032257,True,170.0,2.906,1.555
dataset6_CLINIC_0081_data,grupo 3,37,4.91,0.22385144233703613,1,ok,0.18064516129032257,True,170.0,2.906,1.555
dataset6_CLINIC_0081_data,grupo 3,37,7.3,1.418851613998413,1,ok,0.18064516129032257,True,170.0,2.906,1.555
dataset6_CLINIC_0081_data,grupo 3,38,7.0,0.0,0,ok,0.17419354838709677,True,170.0,3.385,0.46
dataset6_CLINIC_0081_data,grupo 3,38,4.91,0.0,0,ok,0.17419354838709677,True,170.0,3.385,0.46
dataset6_CLINIC_0081_data,grupo 3,38,7.3,0.0,0,ok,0.17419354838709677,True,170.0,3.385,0.46
dataset6_CLINIC_0081_data,grupo 3,39,7.0,0.0530698299407959,1,ok,0.14193548387096774,True,170.0,2.203,0.99
dataset6_CLINIC_0081_data,grupo 3,39,4.91,0.0,0,ok,0.14193548387096774,True,170.0,2.203,0.99
dataset6_CLINIC_0081_data,grupo 3,39,7.3,0.20306992530822754,1,ok,0.14193548387096774,True,170.0,2.203,0.99
dataset6_CLINIC_0081_data,grupo 3,40,7.0,0.0,0,ok,0.18064516129032257,True,170.0,1.655,1.773
dataset6_CLINIC_0081_data,grupo 3,40,4.91,0.0,0,ok,0.18064516129032257,True,170.0,1.655,1.773
dataset6_CLINIC_0081_data,grupo 3,40,7.3,0.0,0,ok,0.18064516129032257,True,170.0,1.655,1.773
dataset6_CLINIC_0081_data,grupo 3,41,7.0,0.3220212459564209,1,ok,0.16774193548387098,True,170.0,2.184,0.701
dataset6_CLINIC_0081_data,grupo 3,41,4.91,0.0,0,ok,0.16774193548387098,True,170.0,2.184,0.701
dataset6_CLINIC_0081_data,grupo 3,41,7.3,0.47202134132385254,1,ok,0.16774193548387098,True,170.0,2.184,0.701
dataset6_CLINIC_0081_data,grupo 3,42,7.0,0.0,0,ok,0.16129032258064516,True,170.0,3.148,1.451
dataset6_CLINIC_0081_data,grupo 3,42,4.91,0.0,0,ok,0.16129032258064516,True,170.0,3.148,1.451
dataset6_CLINIC_0081_data,grupo 3,42,7.3,0.0,0,ok,0.16129032258064516,True,170.0,3.148,1.451
dataset6_CLINIC_0081_data,grupo 3,43,7.0,0.0,0,ok,0.18064516129032257,True,170.0,0.699,1.806
dataset6_CLINIC_0081_data,grupo 3,43,4.91,0.0,0,ok,0.18064516129032257,True,170.0,0.699,1.806
dataset6_CLINIC_0081_data,grupo 3,43,7.3,0.0,0,ok,0.18064516129032257,True,170.0,0.699,1.806
dataset6_CLINIC_0081_data,grupo 3,44,7.0,0.8903365135192871,1,ok,0.12258064516129032,True,170.0,2.933,0.473
dataset6_CLINIC_0081_data,grupo 3,44,4.91,0.0,0,ok,0.12258064516129032,True,170.0,2.933,0.473
dataset6_CLINIC_0081_data,grupo 3,44,7.3,1.0403366088867188,1,ok,0.12258064516129032,True,170.0,2.933,0.473
dataset6_CLINIC_0081_data,grupo 3,45,7.0,0.7737922668457031,1,ok,0.22580645161290322,True,170.0,2.08,0.306
dataset6_CLINIC_0081_data,grupo 3,45,4.91,0.0,0,ok,0.22580645161290322,True,170.0,2.08,0.306
dataset6_CLINIC_0081_data,grupo 3,45,7.3,0.9237923622131348,1,ok,0.22580645161290322,True,170.0,2.08,0.306
dataset6_CLINIC_0081_data,grupo 3,46,7.0,0.0,0,ok,0.2,True,170.0,1.704,0.758
dataset6_CLINIC_0081_data,grupo 3,46,4.91,0.0,0,ok,0.2,True,170.0,1.704,0.758
dataset6_CLINIC_0081_data,grupo 3,46,7.3,0.0,0,ok,0.2,True,170.0,1.704,0.758
dataset6_CLINIC_0081_data,grupo 3,47,7.0,0.0,0,ok,0.1935483870967742,True,170.0,1.004,0.744
dataset6_CLINIC_0081_data,grupo 3,47,4.91,0.0,0,ok,0.1935483870967742,True,170.0,1.004,0.744
dataset6_CLINIC_0081_data,grupo 3,47,7.3,0.0,0,ok,0.1935483870967742,True,170.0,1.004,0.744
dataset6_CLINIC_0081_data,grupo 3,48,7.0,4.526262283325195,3,ok,0.24836601307189543,True,170.0,3.204,4.235
dataset6_CLINIC_0081_data,grupo 3,48,4.91,3.481261968612671,2,ok,0.24836601307189543,True,170.0,3.204,4.235
dataset6_CLINIC_0081_data,grupo 3,48,7.3,4.676261901855469,3,ok,0.24836601307189543,True,170.0,3.204,4.235
dataset6_CLINIC_0081_data,grupo 3,49,7.0,0.0,0,ok,0.23225806451612904,True,170.0,2.863,0.974
dataset6_CLINIC_0081_data,grupo 3,49,4.91,0.0,0,ok,0.23225806451612904,True,170.0,2.863,0.974
dataset6_CLINIC_0081_data,grupo 3,49,7.3,0.0,0,ok,0.23225806451612904,True,170.0,2.863,0.974
dataset6_CLINIC_0079_data,grupo 3,0,7.0,1.7986655235290527,1,ok,0.3333333333333333,True,109.0,4.749,3.645
dataset6_CLINIC_0079_data,grupo 3,0,4.91,0.7536654472351074,1,ok,0.3333333333333333,True,109.0,4.749,3.645
dataset6_CLINIC_0079_data,grupo 3,0,7.3,1.9486656188964844,1,ok,0.3333333333333333,True,109.0,4.749,3.645
dataset6_CLINIC_0079_data,grupo 3,1,7.0,0.0,0,ok,0.3978494623655914,True,109.0,0.194,7.413
dataset6_CLINIC_0079_data,grupo 3,1,4.91,0.0,0,ok,0.3978494623655914,True,109.0,0.194,7.413
dataset6_CLINIC_0079_data,grupo 3,1,7.3,0.0,0,ok,0.3978494623655914,True,109.0,0.194,7.413
dataset6_CLINIC_0079_data,grupo 3,2,7.0,0.0,0,ok,0.40860215053763443,True,109.0,4.2,3.817
dataset6_CLINIC_0079_data,grupo 3,2,4.91,0.0,0,ok,0.40860215053763443,True,109.0,4.2,3.817
dataset6_CLINIC_0079_data,grupo 3,2,7.3,0.0,0,ok,0.40860215053763443,True,109.0,4.2,3.817
dataset6_CLINIC_0079_data,grupo 3,3,7.0,0.0,0,ok,0.3763440860215054,True,109.0,1.695,1.947
dataset6_CLINIC_0079_data,grupo 3,3,4.91,0.0,0,ok,0.3763440860215054,True,109.0,1.695,1.947
dataset6_CLINIC_0079_data,grupo 3,3,7.3,0.0,0,ok,0.3763440860215054,True,109.0,1.695,1.947
dataset6_CLINIC_0079_data,grupo 3,4,7.0,0.3147165775299072,1,ok,0.4838709677419355,True,109.0,3.411,1.53
dataset6_CLINIC_0079_data,grupo 3,4,4.91,0.0,0,ok,0.4838709677419355,True,109.0,3.411,1.53
dataset6_CLINIC_0079_data,grupo 3,4,7.3,0.46471667289733887,1,ok,0.4838709677419355,True,109.0,3.411,1.53
dataset6_CLINIC_0079_data,grupo 3,5,7.0,0.0,0,ok,0.46236559139784944,True,109.0,4.694,2.663
dataset6_CLINIC_0079_data,grupo 3,5,4.91,0.0,0,ok,0.46236559139784944,True,109.0,4.694,2.663
dataset6_CLINIC_0079_data,grupo 3,5,7.3,0.0,0,ok,0.46236559139784944,True,109.0,4.694,2.663
dataset6_CLINIC_0079_data,grupo 3,6,7.0,0.0,0,ok,0.25806451612903225,True,109.0,4.101,0.237
dataset6_CLINIC_0079_data,grupo 3,6,4.91,0.0,0,ok,0.25806451612903225,True,109.0,4.101,0.237
dataset6_CLINIC_0079_data,grupo 3,6,7.3,0.0,0,ok,0.25806451612903225,True,109.0,4.101,0.237
dataset6_CLINIC_0079_data,grupo 3,7,7.0,0.0,0,ok,0.3010752688172043,True,109.0,0.854,3.26
dataset6_CLINIC_0079_data,grupo 3,7,4.91,0.0,0,ok,0.3010752688172043,True,109.0,0.854,3.26
dataset6_CLINIC_0079_data,grupo 3,7,7.3,0.0,0,ok,0.3010752688172043,True,109.0,0.854,3.26
dataset6_CLINIC_0079_data,grupo 3,8,7.0,1.9631727933883667,1,ok,0.34408602150537637,True,109.0,4.917,1.939
dataset6_CLINIC_0079_data,grupo 3,8,4.91,0.9181727170944214,1,ok,0.34408602150537637,True,109.0,4.917,1.939
dataset6_CLINIC_0079_data,grupo 3,8,7.3,2.113173007965088,2,ok,0.34408602150537637,True,109.0,4.917,1.939
dataset6_CLINIC_0079_data,grupo 3,9,7.0,1.4937517642974854,1,ok,0.1827956989247312,True,109.0,4.547,0.732
dataset6_CLINIC_0079_data,grupo 3,9,4.91,0.44875168800354004,1,ok,0.1827956989247312,True,109.0,4.547,0.732
dataset6_CLINIC_0079_data,grupo 3,9,7.3,1.643751859664917,1,ok,0.1827956989247312,True,109.0,4.547,0.732
dataset6_CLINIC_0079_data,grupo 3,10,7.0,0.0,0,ok,0.43010752688172044,True,109.0,0.633,2.176
dataset6_CLINIC_0079_data,grupo 3,10,4.91,0.0,0,ok,0.43010752688172044,True,109.0,0.633,2.176
dataset6_CLINIC_0079_data,grupo 3,10,7.3,0.0,0,ok,0.43010752688172044,True,109.0,0.633,2.176
dataset6_CLINIC_0079_data,grupo 3,11,7.0,0.0,0,ok,0.2903225806451613,True,109.0,2.526,3.064
dataset6_CLINIC_0079_data,grupo 3,11,4.91,0.0,0,ok,0.2903225806451613,True,109.0,2.526,3.064
dataset6_CLINIC_0079_data,grupo 3,11,7.3,0.0,0,ok,0.2903225806451613,True,109.0,2.526,3.064
dataset6_CLINIC_0079_data,grupo 3,12,7.0,0.0,0,ok,0.3333333333333333,True,109.0,1.192,4.547
dataset6_CLINIC_0079_data,grupo 3,12,4.91,0.0,0,ok,0.3333333333333333,True,109.0,1.192,4.547
dataset6_CLINIC_0079_data,grupo 3,12,7.3,0.0,0,ok,0.3333333333333333,True,109.0,1.192,4.547
dataset6_CLINIC_0079_data,grupo 3,13,7.0,0.0,0,ok,0.3225806451612903,True,109.0,1.735,0.644
dataset6_CLINIC_0079_data,grupo 3,13,4.91,0.0,0,ok,0.3225806451612903,True,109.0,1.735,0.644
dataset6_CLINIC_0079_data,grupo 3,13,7.3,0.0,0,ok,0.3225806451612903,True,109.0,1.735,0.644
dataset6_CLINIC_0079_data,grupo 3,14,7.0,0.0,0,ok,0.4946236559139785,True,109.0,2.178,5.643
dataset6_CLINIC_0079_data,grupo 3,14,4.91,0.0,0,ok,0.4946236559139785,True,109.0,2.178,5.643
dataset6_CLINIC_0079_data,grupo 3,14,7.3,0.0,0,ok,0.4946236559139785,True,109.0,2.178,5.643
dataset6_CLINIC_0079_data,grupo 3,15,7.0,0.0,0,ok,0.34408602150537637,True,109.0,1.375,3.708
dataset6_CLINIC_0079_data,grupo 3,15,4.91,0.0,0,ok,0.34408602150537637,True,109.0,1.375,3.708
dataset6_CLINIC_0079_data,grupo 3,15,7.3,0.0,0,ok,0.34408602150537637,True,109.0,1.375,3.708
dataset6_CLINIC_0079_data,grupo 3,16,7.0,0.0,0,ok,0.3763440860215054,True,109.0,1.202,0.897
dataset6_CLINIC_0079_data,grupo 3,16,4.91,0.0,0,ok,0.3763440860215054,True,109.0,1.202,0.897
dataset6_CLINIC_0079_data,grupo 3,16,7.3,0.0,0,ok,0.3763440860215054,True,109.0,1.202,0.897
dataset6_CLINIC_0079_data,grupo 3,17,7.0,0.0,0,ok,0.4838709677419355,True,109.0,2.423,2.215
dataset6_CLINIC_0079_data,grupo 3,17,4.91,0.0,0,ok,0.4838709677419355,True,109.0,2.423,2.215
dataset6_CLINIC_0079_data,grupo 3,17,7.3,0.0,0,ok,0.4838709677419355,True,109.0,2.423,2.215
dataset6_CLINIC_0079_data,grupo 3,18,7.0,0.0,0,ok,0.40860215053763443,True,109.0,2.89,4.539
dataset6_CLINIC_0079_data,grupo 3,18,4.91,0.0,0,ok,0.40860215053763443,True,109.0,2.89,4.539
dataset6_CLINIC_0079_data,grupo 3,18,7.3,0.0,0,ok,0.40860215053763443,True,109.0,2.89,4.539
dataset6_CLINIC_0079_data,grupo 3,19,7.0,0.3951756954193115,1,ok,0.26881720430107525,True,109.0,3.935,2.96
dataset6_CLINIC_0079_data,grupo 3,19,4.91,0.0,0,ok,0.26881720430107525,True,109.0,3.935,2.96
dataset6_CLINIC_0079_data,grupo 3,19,7.3,0.5451757907867432,1,ok,0.26881720430107525,True,109.0,3.935,2.96
dataset6_CLINIC_0079_data,grupo 3,20,7.0,0.0,0,ok,0.3978494623655914,True,109.0,0.509,0.341
dataset6_CLINIC_0079_data,grupo 3,20,4.91,0.0,0,ok,0.3978494623655914,True,109.0,0.509,0.341
dataset6_CLINIC_0079_data,grupo 3,20,7.3,0.0,0,ok,0.3978494623655914,True,109.0,0.509,0.341
dataset6_CLINIC_0079_data,grupo 3,21,7.0,0.0,0,ok,0.4731182795698925,True,109.0,2.749,2.387
dataset6_CLINIC_0079_data,grupo 3,21,4.91,0.0,0,ok,0.4731182795698925,True,109.0,2.749,2.387
dataset6_CLINIC_0079_data,grupo 3,21,7.3,0.0,0,ok,0.4731182795698925,True,109.0,2.749,2.387
dataset6_CLINIC_0079_data,grupo 3,22,7.0,0.0,0,ok,0.43010752688172044,True,109.0,0.029,1.248
dataset6_CLINIC_0079_data,grupo 3,22,4.91,0.0,0,ok,0.43010752688172044,True,109.0,0.029,1.248
dataset6_CLINIC_0079_data,grupo 3,22,7.3,0.0,0,ok,0.43010752688172044,True,109.0,0.029,1.248
dataset6_CLINIC_0079_data,grupo 3,23,7.0,0.0,0,ok,0.3978494623655914,True,109.0,1.704,0.347
dataset6_CLINIC_0079_data,grupo 3,23,4.91,0.0,0,ok,0.3978494623655914,True,109.0,1.704,0.347
dataset6_CLINIC_0079_data,grupo 3,23,7.3,0.0,0,ok,0.3978494623655914,True,109.0,1.704,0.347
dataset6_CLINIC_0079_data,grupo 3,24,7.0,0.0,0,ok,0.40860215053763443,True,109.0,0.144,1.258
dataset6_CLINIC_0079_data,grupo 3,24,4.91,0.0,0,ok,0.40860215053763443,True,109.0,0.144,1.258
dataset6_CLINIC_0079_data,grupo 3,24,7.3,0.0,0,ok,0.40860215053763443,True,109.0,0.144,1.258
dataset6_CLINIC_0079_data,grupo 3,25,7.0,0.0,0,ok,0.3333333333333333,True,109.0,0.786,4.005
dataset6_CLINIC_0079_data,grupo 3,25,4.91,0.0,0,ok,0.3333333333333333,True,109.0,0.786,4.005
dataset6_CLINIC_0079_data,grupo 3,25,7.3,0.0,0,ok,0.3333333333333333,True,109.0,0.786,4.005
dataset6_CLINIC_0079_data,grupo 3,26,7.0,0.0,0,ok,0.3870967741935484,True,109.0,0.185,1.639
dataset6_CLINIC_0079_data,grupo 3,26,4.91,0.0,0,ok,0.3870967741935484,True,109.0,0.185,1.639
dataset6_CLINIC_0079_data,grupo 3,26,7.3,0.0,0,ok,0.3870967741935484,True,109.0,0.185,1.639
dataset6_CLINIC_0079_data,grupo 3,27,7.0,0.0,0,ok,0.40860215053763443,True,109.0,2.127,1.653
dataset6_CLINIC_0079_data,grupo 3,27,4.91,0.0,0,ok,0.40860215053763443,True,109.0,2.127,1.653
dataset6_CLINIC_0079_data,grupo 3,27,7.3,0.0,0,ok,0.40860215053763443,True,109.0,2.127,1.653
dataset6_CLINIC_0079_data,grupo 3,28,7.0,0.0,0,ok,0.41935483870967744,True,109.0,0.325,1.622
dataset6_CLINIC_0079_data,grupo 3,28,4.91,0.0,0,ok,0.41935483870967744,True,109.0,0.325,1.622
dataset6_CLINIC_0079_data,grupo 3,28,7.3,0.0,0,ok,0.41935483870967744,True,109.0,0.325,1.622
dataset6_CLINIC_0079_data,grupo 3,29,7.0,0.0,0,ok,0.4946236559139785,True,109.0,3.444,3.239
dataset6_CLINIC_0079_data,grupo 3,29,4.91,0.0,0,ok,0.4946236559139785,True,109.0,3.444,3.239
dataset6_CLINIC_0079_data,grupo 3,29,7.3,0.0,0,ok,0.4946236559139785,True,109.0,3.444,3.239
dataset6_CLINIC_0079_data,grupo 3,30,7.0,0.0,0,ok,0.41935483870967744,True,109.0,3.973,4.306
dataset6_CLINIC_0079_data,grupo 3,30,4.91,0.0,0,ok,0.41935483870967744,True,109.0,3.973,4.306
dataset6_CLINIC_0079_data,grupo 3,30,7.3,0.0,0,ok,0.41935483870967744,True,109.0,3.973,4.306
dataset6_CLINIC_0079_data,grupo 3,31,7.0,0.0,0,ok,0.5053763440860215,True,109.0,2.692,2.189
dataset6_CLINIC_0079_data,grupo 3,31,4.91,0.0,0,ok,0.5053763440860215,True,109.0,2.692,2.189
dataset6_CLINIC_0079_data,grupo 3,31,7.3,0.0,0,ok,0.5053763440860215,True,109.0,2.692,2.189
dataset6_CLINIC_0079_data,grupo 3,32,7.0,0.0,0,ok,0.3225806451612903,True,109.0,6.463,1.723
dataset6_CLINIC_0079_data,grupo 3,32,4.91,0.0,0,ok,0.3225806451612903,True,109.0,6.463,1.723
dataset6_CLINIC_0079_data,grupo 3,32,7.3,0.0,0,ok,0.3225806451612903,True,109.0,6.463,1.723
dataset6_CLINIC_0079_data,grupo 3,33,7.0,0.0,0,ok,0.46236559139784944,True,109.0,2.471,1.99
dataset6_CLINIC_0079_data,grupo 3,33,4.91,0.0,0,ok,0.46236559139784944,True,109.0,2.471,1.99
dataset6_CLINIC_0079_data,grupo 3,33,7.3,0.0,0,ok,0.46236559139784944,True,109.0,2.471,1.99
dataset6_CLINIC_0079_data,grupo 3,34,7.0,0.0,0,ok,0.3978494623655914,True,109.0,0.888,0.672
dataset6_CLINIC_0079_data,grupo 3,34,4.91,0.0,0,ok,0.3978494623655914,True,109.0,0.888,0.672
dataset6_CLINIC_0079_data,grupo 3,34,7.3,0.0,0,ok,0.3978494623655914,True,109.0,0.888,0.672
dataset6_CLINIC_0079_data,grupo 3,35,7.0,2.075282335281372,2,ok,0.3655913978494624,True,109.0,5.036,0.432
dataset6_CLINIC_0079_data,grupo 3,35,4.91,1.0302822589874268,1,ok,0.3655913978494624,True,109.0,5.036,0.432
dataset6_CLINIC_0079_data,grupo 3,35,7.3,2.2252824306488037,2,ok,0.3655913978494624,True,109.0,5.036,0.432
dataset6_CLINIC_0079_data,grupo 3,36,7.0,0.0,0,ok,0.43010752688172044,True,109.0,1.222,2.613
dataset6_CLINIC_0079_data,grupo 3,36,4.91,0.0,0,ok,0.43010752688172044,True,109.0,1.222,2.613
dataset6_CLINIC_0079_data,grupo 3,36,7.3,0.0,0,ok,0.43010752688172044,True,109.0,1.222,2.613
dataset6_CLINIC_0079_data,grupo 3,37,7.0,0.0,0,ok,0.3225806451612903,True,109.0,4.051,2.585
dataset6_CLINIC_0079_data,grupo 3,37,4.91,0.0,0,ok,0.3225806451612903,True,109.0,4.051,2.585
dataset6_CLINIC_0079_data,grupo 3,37,7.3,0.0,0,ok,0.3225806451612903,True,109.0,4.051,2.585
dataset6_CLINIC_0079_data,grupo 3,38,7.0,0.0,0,ok,0.43010752688172044,True,109.0,1.535,1.045
dataset6_CLINIC_0079_data,grupo 3,38,4.91,0.0,0,ok,0.43010752688172044,True,109.0,1.535,1.045
dataset6_CLINIC_0079_data,grupo 3,38,7.3,0.0,0,ok,0.43010752688172044,True,109.0,1.535,1.045
dataset6_CLINIC_0079_data,grupo 3,39,7.0,0.0,0,ok,0.3978494623655914,True,109.0,0.368,0.365
dataset6_CLINIC_0079_data,grupo 3,39,4.91,0.0,0,ok,0.3978494623655914,True,109.0,0.368,0.365
dataset6_CLINIC_0079_data,grupo 3,39,7.3,0.0,0,ok,0.3978494623655914,True,109.0,0.368,0.365
dataset6_CLINIC_0079_data,grupo 3,40,7.0,0.0,0,ok,0.46236559139784944,True,109.0,4.192,1.337
dataset6_CLINIC_0079_data,grupo 3,40,4.91,0.0,0,ok,0.46236559139784944,True,109.0,4.192,1.337
dataset6_CLINIC_0079_data,grupo 3,40,7.3,0.0,0,ok,0.46236559139784944,True,109.0,4.192,1.337
dataset6_CLINIC_0079_data,grupo 3,41,7.0,0.0,0,ok,0.43010752688172044,True,109.0,0.185,1.167
dataset6_CLINIC_0079_data,grupo 3,41,4.91,0.0,0,ok,0.43010752688172044,True,109.0,0.185,1.167
dataset6_CLINIC_0079_data,grupo 3,41,7.3,0.0,0,ok,0.43010752688172044,True,109.0,0.185,1.167
dataset6_CLINIC_0079_data,grupo 3,42,7.0,0.0,0,ok,0.3225806451612903,True,109.0,0.544,1.831
dataset6_CLINIC_0079_data,grupo 3,42,4.91,0.0,0,ok,0.3225806451612903,True,109.0,0.544,1.831
dataset6_CLINIC_0079_data,grupo 3,42,7.3,0.0,0,ok,0.3225806451612903,True,109.0,0.544,1.831
dataset6_CLINIC_0079_data,grupo 3,43,7.0,0.0,0,ok,0.45161290322580644,True,109.0,2.657,1.965
dataset6_CLINIC_0079_data,grupo 3,43,4.91,0.0,0,ok,0.45161290322580644,True,109.0,2.657,1.965
dataset6_CLINIC_0079_data,grupo 3,43,7.3,0.0,0,ok,0.45161290322580644,True,109.0,2.657,1.965
dataset6_CLINIC_0079_data,grupo 3,44,7.0,0.5545351505279541,1,ok,0.3763440860215054,True,109.0,3.502,5.534
dataset6_CLINIC_0079_data,grupo 3,44,4.91,0.0,0,ok,0.3763440860215054,True,109.0,3.502,5.534
dataset6_CLINIC_0079_data,grupo 3,44,7.3,0.7045352458953857,1,ok,0.3763440860215054,True,109.0,3.502,5.534
dataset6_CLINIC_0079_data,grupo 3,45,7.0,0.0,0,ok,0.3978494623655914,True,109.0,0.002,0.595
dataset6_CLINIC_0079_data,grupo 3,45,4.91,0.0,0,ok,0.3978494623655914,True,109.0,0.002,0.595
dataset6_CLINIC_0079_data,grupo 3,45,7.3,0.0,0,ok,0.3978494623655914,True,109.0,0.002,0.595
dataset6_CLINIC_0079_data,grupo 3,46,7.0,0.0,0,ok,0.3870967741935484,True,109.0,1.159,1.668
dataset6_CLINIC_0079_data,grupo 3,46,4.91,0.0,0,ok,0.3870967741935484,True,109.0,1.159,1.668
dataset6_CLINIC_0079_data,grupo 3,46,7.3,0.0,0,ok,0.3870967741935484,True,109.0,1.159,1.668
dataset6_CLINIC_0079_data,grupo 3,47,7.0,0.0,0,ok,0.44086021505376344,True,109.0,1.549,3.585
dataset6_CLINIC_0079_data,grupo 3,47,4.91,0.0,0,ok,0.44086021505376344,True,109.0,1.549,3.585
dataset6_CLINIC_0079_data,grupo 3,47,7.3,0.0,0,ok,0.44086021505376344,True,109.0,1.549,3.585
dataset6_CLINIC_0079_data,grupo 3,48,7.0,1.1373589038848877,1,ok,0.26881720430107525,True,109.0,3.363,6.402
dataset6_CLINIC_0079_data,grupo 3,48,4.91,0.09235882759094238,1,ok,0.26881720430107525,True,109.0,3.363,6.402
dataset6_CLINIC_0079_data,grupo 3,48,7.3,1.2873589992523193,1,ok,0.26881720430107525,True,109.0,3.363,6.402
dataset6_CLINIC_0079_data,grupo 3,49,7.0,0.0,0,ok,0.3225806451612903,True,109.0,3.207,0.353
dataset6_CLINIC_0079_data,grupo 3,49,4.91,0.0,0,ok,0.3225806451612903,True,109.0,3.207,0.353
dataset6_CLINIC_0079_data,grupo 3,49,7.3,0.0,0,ok,0.3225806451612903,True,109.0,3.207,0.353
dataset6_CLINIC_0082_data,grupo 3,0,7.0,0.0,0,ok,0.6028368794326241,True,157.0,0.695,0.979
dataset6_CLINIC_0082_data,grupo 3,0,4.91,0.0,0,ok,0.6028368794326241,True,157.0,0.695,0.979
dataset6_CLINIC_0082_data,grupo 3,0,7.3,0.0,0,ok,0.6028368794326241,True,157.0,0.695,0.979
dataset6_CLINIC_0082_data,grupo 3,1,7.0,0.0,0,ok,0.5319148936170213,True,157.0,0.355,3.483
dataset6_CLINIC_0082_data,grupo 3,1,4.91,0.0,0,ok,0.5319148936170213,True,157.0,0.355,3.483
dataset6_CLINIC_0082_data,grupo 3,1,7.3,0.0,0,ok,0.5319148936170213,True,157.0,0.355,3.483
dataset6_CLINIC_0082_data,grupo 3,2,7.0,0.0,0,ok,0.574468085106383,True,157.0,2.281,1.22
dataset6_CLINIC_0082_data,grupo 3,2,4.91,0.0,0,ok,0.574468085106383,True,157.0,2.281,1.22
dataset6_CLINIC_0082_data,grupo 3,2,7.3,0.0,0,ok,0.574468085106383,True,157.0,2.281,1.22
dataset6_CLINIC_0082_data,grupo 3,3,7.0,0.0,0,ok,0.475177304964539,True,157.0,2.368,2.764
dataset6_CLINIC_0082_data,grupo 3,3,4.91,0.0,0,ok,0.475177304964539,True,157.0,2.368,2.764
dataset6_CLINIC_0082_data,grupo 3,3,7.3,0.0,0,ok,0.475177304964539,True,157.0,2.368,2.764
dataset6_CLINIC_0082_data,grupo 3,4,7.0,0.0,0,ok,0.475177304964539,True,157.0,2.641,0.685
dataset6_CLINIC_0082_data,grupo 3,4,4.91,0.0,0,ok,0.475177304964539,True,157.0,2.641,0.685
dataset6_CLINIC_0082_data,grupo 3,4,7.3,0.0,0,ok,0.475177304964539,True,157.0,2.641,0.685
dataset6_CLINIC_0082_data,grupo 3,5,7.0,0.0,0,ok,0.6099290780141844,True,157.0,3.169,1.651
dataset6_CLINIC_0082_data,grupo 3,5,4.91,0.0,0,ok,0.6099290780141844,True,157.0,3.169,1.651
dataset6_CLINIC_0082_data,grupo 3,5,7.3,0.0,0,ok,0.6099290780141844,True,157.0,3.169,1.651
dataset6_CLINIC_0082_data,grupo 3,6,7.0,0.0,0,ok,0.49645390070921985,True,157.0,0.718,0.753
dataset6_CLINIC_0082_data,grupo 3,6,4.91,0.0,0,ok,0.49645390070921985,True,157.0,0.718,0.753
dataset6_CLINIC_0082_data,grupo 3,6,7.3,0.0,0,ok,0.49645390070921985,True,157.0,0.718,0.753
dataset6_CLINIC_0082_data,grupo 3,7,7.0,0.0,0,ok,0.5319148936170213,True,157.0,1.304,1.42
dataset6_CLINIC_0082_data,grupo 3,7,4.91,0.0,0,ok,0.5319148936170213,True,157.0,1.304,1.42
dataset6_CLINIC_0082_data,grupo 3,7,7.3,0.0,0,ok,0.5319148936170213,True,157.0,1.304,1.42
dataset6_CLINIC_0082_data,grupo 3,8,7.0,0.0,0,ok,0.5106382978723404,True,157.0,1.905,1.552
dataset6_CLINIC_0082_data,grupo 3,8,4.91,0.0,0,ok,0.5106382978723404,True,157.0,1.905,1.552
dataset6_CLINIC_0082_data,grupo 3,8,7.3,0.0,0,ok,0.5106382978723404,True,157.0,1.905,1.552
dataset6_CLINIC_0082_data,grupo 3,9,7.0,0.0,0,ok,0.524822695035461,True,157.0,0.621,0.236
dataset6_CLINIC_0082_data,grupo 3,9,4.91,0.0,0,ok,0.524822695035461,True,157.0,0.621,0.236
dataset6_CLINIC_0082_data,grupo 3,9,7.3,0.0,0,ok,0.524822695035461,True,157.0,0.621,0.236
dataset6_CLINIC_0082_data,grupo 3,10,7.0,0.0,0,ok,0.5460992907801419,True,157.0,0.149,2.207
dataset6_CLINIC_0082_data,grupo 3,10,4.91,0.0,0,ok,0.5460992907801419,True,157.0,0.149,2.207
dataset6_CLINIC_0082_data,grupo 3,10,7.3,0.0,0,ok,0.5460992907801419,True,157.0,0.149,2.207
dataset6_CLINIC_0082_data,grupo 3,11,7.0,0.0,0,ok,0.5390070921985816,True,157.0,0.02,1.955
dataset6_CLINIC_0082_data,grupo 3,11,4.91,0.0,0,ok,0.5390070921985816,True,157.0,0.02,1.955
dataset6_CLINIC_0082_data,grupo 3,11,7.3,0.0,0,ok,0.5390070921985816,True,157.0,0.02,1.955
dataset6_CLINIC_0082_data,grupo 3,12,7.0,0.0,0,ok,0.46808510638297873,True,157.0,2.071,2.037
dataset6_CLINIC_0082_data,grupo 3,12,4.91,0.0,0,ok,0.46808510638297873,True,157.0,2.071,2.037
dataset6_CLINIC_0082_data,grupo 3,12,7.3,0.0,0,ok,0.46808510638297873,True,157.0,2.071,2.037
dataset6_CLINIC_0082_data,grupo 3,13,7.0,0.0,0,ok,0.2127659574468085,True,157.0,4.706,0.802
dataset6_CLINIC_0082_data,grupo 3,13,4.91,0.0,0,ok,0.2127659574468085,True,157.0,4.706,0.802
dataset6_CLINIC_0082_data,grupo 3,13,7.3,0.0,0,ok,0.2127659574468085,True,157.0,4.706,0.802
dataset6_CLINIC_0082_data,grupo 3,14,7.0,0.0,0,ok,0.5957446808510638,True,157.0,1.779,2.314
dataset6_CLINIC_0082_data,grupo 3,14,4.91,0.0,0,ok,0.5957446808510638,True,157.0,1.779,2.314
dataset6_CLINIC_0082_data,grupo 3,14,7.3,0.0,0,ok,0.5957446808510638,True,157.0,1.779,2.314
dataset6_CLINIC_0082_data,grupo 3,15,7.0,0.0,0,ok,0.6099290780141844,True,157.0,1.144,2.888
dataset6_CLINIC_0082_data,grupo 3,15,4.91,0.0,0,ok,0.6099290780141844,True,157.0,1.144,2.888
dataset6_CLINIC_0082_data,grupo 3,15,7.3,0.0,0,ok,0.6099290780141844,True,157.0,1.144,2.888
dataset6_CLINIC_0082_data,grupo 3,16,7.0,0.0,0,ok,0.524822695035461,True,157.0,4.489,1.223
dataset6_CLINIC_0082_data,grupo 3,16,4.91,0.0,0,ok,0.524822695035461,True,157.0,4.489,1.223
dataset6_CLINIC_0082_data,grupo 3,16,7.3,0.0,0,ok,0.524822695035461,True,157.0,4.489,1.223
dataset6_CLINIC_0082_data,grupo 3,17,7.0,0.0,0,ok,0.6170212765957447,True,157.0,5.686,2.937
dataset6_CLINIC_0082_data,grupo 3,17,4.91,0.0,0,ok,0.6170212765957447,True,157.0,5.686,2.937
dataset6_CLINIC_0082_data,grupo 3,17,7.3,0.0,0,ok,0.6170212765957447,True,157.0,5.686,2.937
dataset6_CLINIC_0082_data,grupo 3,18,7.0,0.0,0,ok,0.5531914893617021,True,157.0,1.592,2.804
dataset6_CLINIC_0082_data,grupo 3,18,4.91,0.0,0,ok,0.5531914893617021,True,157.0,1.592,2.804
dataset6_CLINIC_0082_data,grupo 3,18,7.3,0.0,0,ok,0.5531914893617021,True,157.0,1.592,2.804
dataset6_CLINIC_0082_data,grupo 3,19,7.0,0.0,0,ok,0.524822695035461,True,157.0,0.383,2.688
dataset6_CLINIC_0082_data,grupo 3,19,4.91,0.0,0,ok,0.524822695035461,True,157.0,0.383,2.688
dataset6_CLINIC_0082_data,grupo 3,19,7.3,0.0,0,ok,0.524822695035461,True,157.0,0.383,2.688
dataset6_CLINIC_0082_data,grupo 3,20,7.0,0.0,0,ok,0.5673758865248227,True,157.0,3.733,1.1
dataset6_CLINIC_0082_data,grupo 3,20,4.91,0.0,0,ok,0.5673758865248227,True,157.0,3.733,1.1
dataset6_CLINIC_0082_data,grupo 3,20,7.3,0.0,0,ok,0.5673758865248227,True,157.0,3.733,1.1
dataset6_CLINIC_0082_data,grupo 3,21,7.0,0.0,0,ok,0.524822695035461,True,157.0,0.279,1.954
dataset6_CLINIC_0082_data,grupo 3,21,4.91,0.0,0,ok,0.524822695035461,True,157.0,0.279,1.954
dataset6_CLINIC_0082_data,grupo 3,21,7.3,0.0,0,ok,0.524822695035461,True,157.0,0.279,1.954
dataset6_CLINIC_0082_data,grupo 3,22,7.0,0.0,0,ok,0.3900709219858156,True,157.0,4.868,1.046
dataset6_CLINIC_0082_data,grupo 3,22,4.91,0.0,0,ok,0.3900709219858156,True,157.0,4.868,1.046
dataset6_CLINIC_0082_data,grupo 3,22,7.3,0.0,0,ok,0.3900709219858156,True,157.0,4.868,1.046
dataset6_CLINIC_0082_data,grupo 3,23,7.0,0.0,0,ok,0.624113475177305,True,157.0,2.012,4.573
dataset6_CLINIC_0082_data,grupo 3,23,4.91,0.0,0,ok,0.624113475177305,True,157.0,2.012,4.573
dataset6_CLINIC_0082_data,grupo 3,23,7.3,0.0,0,ok,0.624113475177305,True,157.0,2.012,4.573
dataset6_CLINIC_0082_data,grupo 3,24,7.0,0.0,0,ok,0.5460992907801419,True,157.0,0.668,1.902
dataset6_CLINIC_0082_data,grupo 3,24,4.91,0.0,0,ok,0.5460992907801419,True,157.0,0.668,1.902
dataset6_CLINIC_0082_data,grupo 3,24,7.3,0.0,0,ok,0.5460992907801419,True,157.0,0.668,1.902
dataset6_CLINIC_0082_data,grupo 3,25,7.0,0.0,0,ok,0.6028368794326241,True,157.0,1.909,0.368
dataset6_CLINIC_0082_data,grupo 3,25,4.91,0.0,0,ok,0.6028368794326241,True,157.0,1.909,0.368
dataset6_CLINIC_0082_data,grupo 3,25,7.3,0.0,0,ok,0.6028368794326241,True,157.0,1.909,0.368
dataset6_CLINIC_0082_data,grupo 3,26,7.0,0.0,0,ok,0.5815602836879432,True,157.0,0.18,0.271
dataset6_CLINIC_0082_data,grupo 3,26,4.91,0.0,0,ok,0.5815602836879432,True,157.0,0.18,0.271
dataset6_CLINIC_0082_data,grupo 3,26,7.3,0.0,0,ok,0.5815602836879432,True,157.0,0.18,0.271
dataset6_CLINIC_0082_data,grupo 3,27,7.0,0.0,0,ok,0.574468085106383,True,157.0,1.448,2.426
dataset6_CLINIC_0082_data,grupo 3,27,4.91,0.0,0,ok,0.574468085106383,True,157.0,1.448,2.426
dataset6_CLINIC_0082_data,grupo 3,27,7.3,0.0,0,ok,0.574468085106383,True,157.0,1.448,2.426
dataset6_CLINIC_0082_data,grupo 3,28,7.0,0.0,0,ok,0.5035460992907801,True,157.0,2.618,1.641
dataset6_CLINIC_0082_data,grupo 3,28,4.91,0.0,0,ok,0.5035460992907801,True,157.0,2.618,1.641
dataset6_CLINIC_0082_data,grupo 3,28,7.3,0.0,0,ok,0.5035460992907801,True,157.0,2.618,1.641
dataset6_CLINIC_0082_data,grupo 3,29,7.0,0.0,0,ok,0.5673758865248227,True,157.0,0.941,1.504
dataset6_CLINIC_0082_data,grupo 3,29,4.91,0.0,0,ok,0.5673758865248227,True,157.0,0.941,1.504
dataset6_CLINIC_0082_data,grupo 3,29,7.3,0.0,0,ok,0.5673758865248227,True,157.0,0.941,1.504
dataset6_CLINIC_0082_data,grupo 3,30,7.0,0.0,0,ok,0.5390070921985816,True,157.0,1.673,0.327
dataset6_CLINIC_0082_data,grupo 3,30,4.91,0.0,0,ok,0.5390070921985816,True,157.0,1.673,0.327
dataset6_CLINIC_0082_data,grupo 3,30,7.3,0.0,0,ok,0.5390070921985816,True,157.0,1.673,0.327
dataset6_CLINIC_0082_data,grupo 3,31,7.0,0.0,0,ok,0.425531914893617,True,157.0,1.928,2.626
dataset6_CLINIC_0082_data,grupo 3,31,4.91,0.0,0,ok,0.425531914893617,True,157.0,1.928,2.626
dataset6_CLINIC_0082_data,grupo 3,31,7.3,0.0,0,ok,0.425531914893617,True,157.0,1.928,2.626
dataset6_CLINIC_0082_data,grupo 3,32,7.0,0.0,0,ok,0.6028368794326241,True,157.0,2.79,2.18
dataset6_CLINIC_0082_data,grupo 3,32,4.91,0.0,0,ok,0.6028368794326241,True,157.0,2.79,2.18
dataset6_CLINIC_0082_data,grupo 3,32,7.3,0.0,0,ok,0.6028368794326241,True,157.0,2.79,2.18
dataset6_CLINIC_0082_data,grupo 3,33,7.0,0.0,0,ok,0.574468085106383,True,157.0,0.981,1.402
dataset6_CLINIC_0082_data,grupo 3,33,4.91,0.0,0,ok,0.574468085106383,True,157.0,0.981,1.402
dataset6_CLINIC_0082_data,grupo 3,33,7.3,0.0,0,ok,0.574468085106383,True,157.0,0.981,1.402
dataset6_CLINIC_0082_data,grupo 3,34,7.0,0.0,0,ok,0.46808510638297873,True,157.0,1.977,0.353
dataset6_CLINIC_0082_data,grupo 3,34,4.91,0.0,0,ok,0.46808510638297873,True,157.0,1.977,0.353
dataset6_CLINIC_0082_data,grupo 3,34,7.3,0.0,0,ok,0.46808510638297873,True,157.0,1.977,0.353
dataset6_CLINIC_0082_data,grupo 3,35,7.0,0.0,0,ok,0.44680851063829785,True,157.0,2.013,0.503
dataset6_CLINIC_0082_data,grupo 3,35,4.91,0.0,0,ok,0.44680851063829785,True,157.0,2.013,0.503
dataset6_CLINIC_0082_data,grupo 3,35,7.3,0.0,0,ok,0.44680851063829785,True,157.0,2.013,0.503
dataset6_CLINIC_0082_data,grupo 3,36,7.0,0.0,0,ok,0.5957446808510638,True,157.0,0.749,0.414
dataset6_CLINIC_0082_data,grupo 3,36,4.91,0.0,0,ok,0.5957446808510638,True,157.0,0.749,0.414
dataset6_CLINIC_0082_data,grupo 3,36,7.3,0.0,0,ok,0.5957446808510638,True,157.0,0.749,0.414
dataset6_CLINIC_0082_data,grupo 3,37,7.0,0.0,0,ok,0.46808510638297873,True,157.0,2.065,1.959
dataset6_CLINIC_0082_data,grupo 3,37,4.91,0.0,0,ok,0.46808510638297873,True,157.0,2.065,1.959
dataset6_CLINIC_0082_data,grupo 3,37,7.3,0.0,0,ok,0.46808510638297873,True,157.0,2.065,1.959
dataset6_CLINIC_0082_data,grupo 3,38,7.0,0.0,0,ok,0.5673758865248227,True,157.0,0.085,0.235
dataset6_CLINIC_0082_data,grupo 3,38,4.91,0.0,0,ok,0.5673758865248227,True,157.0,0.085,0.235
dataset6_CLINIC_0082_data,grupo 3,38,7.3,0.0,0,ok,0.5673758865248227,True,157.0,0.085,0.235
dataset6_CLINIC_0082_data,grupo 3,39,7.0,0.0,0,ok,0.524822695035461,True,157.0,2.303,0.815
dataset6_CLINIC_0082_data,grupo 3,39,4.91,0.0,0,ok,0.524822695035461,True,157.0,2.303,0.815
dataset6_CLINIC_0082_data,grupo 3,39,7.3,0.0,0,ok,0.524822695035461,True,157.0,2.303,0.815
dataset6_CLINIC_0082_data,grupo 3,40,7.0,0.0,0,ok,0.5602836879432624,True,157.0,1.689,1.659
dataset6_CLINIC_0082_data,grupo 3,40,4.91,0.0,0,ok,0.5602836879432624,True,157.0,1.689,1.659
dataset6_CLINIC_0082_data,grupo 3,40,7.3,0.0,0,ok,0.5602836879432624,True,157.0,1.689,1.659
dataset6_CLINIC_0082_data,grupo 3,41,7.0,0.0,0,ok,0.5460992907801419,True,157.0,0.659,0.271
dataset6_CLINIC_0082_data,grupo 3,41,4.91,0.0,0,ok,0.5460992907801419,True,157.0,0.659,0.271
dataset6_CLINIC_0082_data,grupo 3,41,7.3,0.0,0,ok,0.5460992907801419,True,157.0,0.659,0.271
dataset6_CLINIC_0082_data,grupo 3,42,7.0,0.0,0,ok,0.3900709219858156,True,157.0,5.459,0.784
dataset6_CLINIC_0082_data,grupo 3,42,4.91,0.0,0,ok,0.3900709219858156,True,157.0,5.459,0.784
dataset6_CLINIC_0082_data,grupo 3,42,7.3,0.0,0,ok,0.3900709219858156,True,157.0,5.459,0.784
dataset6_CLINIC_0082_data,grupo 3,43,7.0,0.0,0,ok,0.5460992907801419,True,157.0,2.232,0.256
dataset6_CLINIC_0082_data,grupo 3,43,4.91,0.0,0,ok,0.5460992907801419,True,157.0,2.232,0.256
dataset6_CLINIC_0082_data,grupo 3,43,7.3,0.0,0,ok,0.5460992907801419,True,157.0,2.232,0.256
dataset6_CLINIC_0082_data,grupo 3,44,7.0,0.0,0,ok,0.574468085106383,True,157.0,0.303,1.637
dataset6_CLINIC_0082_data,grupo 3,44,4.91,0.0,0,ok,0.574468085106383,True,157.0,0.303,1.637
dataset6_CLINIC_0082_data,grupo 3,44,7.3,0.0,0,ok,0.574468085106383,True,157.0,0.303,1.637
dataset6_CLINIC_0082_data,grupo 3,45,7.0,0.0,0,ok,0.5390070921985816,True,157.0,0.041,1.369
dataset6_CLINIC_0082_data,grupo 3,45,4.91,0.0,0,ok,0.5390070921985816,True,157.0,0.041,1.369
dataset6_CLINIC_0082_data,grupo 3,45,7.3,0.0,0,ok,0.5390070921985816,True,157.0,0.041,1.369
dataset6_CLINIC_0082_data,grupo 3,46,7.0,0.0,0,ok,0.524822695035461,True,157.0,0.593,1.314
dataset6_CLINIC_0082_data,grupo 3,46,4.91,0.0,0,ok,0.524822695035461,True,157.0,0.593,1.314
dataset6_CLINIC_0082_data,grupo 3,46,7.3,0.0,0,ok,0.524822695035461,True,157.0,0.593,1.314
dataset6_CLINIC_0082_data,grupo 3,47,7.0,0.0,0,ok,0.524822695035461,True,157.0,0.774,0.396
dataset6_CLINIC_0082_data,grupo 3,47,4.91,0.0,0,ok,0.524822695035461,True,157.0,0.774,0.396
dataset6_CLINIC_0082_data,grupo 3,47,7.3,0.0,0,ok,0.524822695035461,True,157.0,0.774,0.396
dataset6_CLINIC_0082_data,grupo 3,48,7.0,0.0,0,ok,0.5886524822695035,True,157.0,0.338,2.261
dataset6_CLINIC_0082_data,grupo 3,48,4.91,0.0,0,ok,0.5886524822695035,True,157.0,0.338,2.261
dataset6_CLINIC_0082_data,grupo 3,48,7.3,0.0,0,ok,0.5886524822695035,True,157.0,0.338,2.261
dataset6_CLINIC_0082_data,grupo 3,49,7.0,0.0,0,ok,0.28368794326241137,True,157.0,4.043,3.258
dataset6_CLINIC_0082_data,grupo 3,49,4.91,0.0,0,ok,0.28368794326241137,True,157.0,4.043,3.258
dataset6_CLINIC_0082_data,grupo 3,49,7.3,0.0,0,ok,0.28368794326241137,True,157.0,4.043,3.258
dataset6_CLINIC_0083_data,grupo 3,0,7.0,1.6154252290725708,1,ok,0.23255813953488372,True,144.0,4.119,1.875
dataset6_CLINIC_0083_data,grupo 3,0,4.91,0.5704251527786255,1,ok,0.23255813953488372,True,144.0,4.119,1.875
dataset6_CLINIC_0083_data,grupo 3,0,7.3,1.7654253244400024,1,ok,0.23255813953488372,False,144.0,4.119,1.875
dataset6_CLINIC_0083_data,grupo 3,1,7.0,0.6262147426605225,1,ok,0.4806201550387597,True,144.0,2.612,1.594
dataset6_CLINIC_0083_data,grupo 3,1,4.91,0.0,0,ok,0.4806201550387597,True,144.0,2.612,1.594
dataset6_CLINIC_0083_data,grupo 3,1,7.3,0.7762148380279541,1,ok,0.4806201550387597,False,144.0,2.612,1.594
dataset6_CLINIC_0083_data,grupo 3,2,7.0,0.7910070419311523,1,ok,0.40310077519379844,True,144.0,4.804,0.314
dataset6_CLINIC_0083_data,grupo 3,2,4.91,0.0,0,ok,0.40310077519379844,True,144.0,4.804,0.314
dataset6_CLINIC_0083_data,grupo 3,2,7.3,0.941007137298584,1,ok,0.40310077519379844,False,144.0,4.804,0.314
dataset6_CLINIC_0083_data,grupo 3,3,7.0,0.0,0,ok,0.5038759689922481,True,144.0,1.381,0.493
dataset6_CLINIC_0083_data,grupo 3,3,4.91,0.0,0,ok,0.5038759689922481,True,144.0,1.381,0.493
dataset6_CLINIC_0083_data,grupo 3,3,7.3,0.0,0,ok,0.5038759689922481,False,144.0,1.381,0.493
dataset6_CLINIC_0083_data,grupo 3,4,7.0,0.1649951934814453,1,ok,0.5038759689922481,True,144.0,0.763,1.977
dataset6_CLINIC_0083_data,grupo 3,4,4.91,0.0,0,ok,0.5038759689922481,True,144.0,0.763,1.977
dataset6_CLINIC_0083_data,grupo 3,4,7.3,0.31499528884887695,1,ok,0.5038759689922481,False,144.0,0.763,1.977
dataset6_CLINIC_0083_data,grupo 3,5,7.0,2.4100985527038574,2,ok,0.21705426356589147,True,144.0,5.739,1.511
dataset6_CLINIC_0083_data,grupo 3,5,4.91,1.3650983572006226,1,ok,0.21705426356589147,True,144.0,5.739,1.511
dataset6_CLINIC_0083_data,grupo 3,5,7.3,2.560098648071289,2,ok,0.21705426356589147,False,144.0,5.739,1.511
dataset6_CLINIC_0083_data,grupo 3,6,7.0,0.0,0,ok,0.3953488372093023,True,144.0,2.59,0.237
dataset6_CLINIC_0083_data,grupo 3,6,4.91,0.0,0,ok,0.3953488372093023,True,144.0,2.59,0.237
dataset6_CLINIC_0083_data,grupo 3,6,7.3,0.0,0,ok,0.3953488372093023,False,144.0,2.59,0.237
dataset6_CLINIC_0083_data,grupo 3,7,7.0,2.251706600189209,2,ok,0.27906976744186046,True,144.0,3.086,1.824
dataset6_CLINIC_0083_data,grupo 3,7,4.91,1.2067065238952637,1,ok,0.27906976744186046,True,144.0,3.086,1.824
dataset6_CLINIC_0083_data,grupo 3,7,7.3,2.4017066955566406,2,ok,0.27906976744186046,False,144.0,3.086,1.824
dataset6_CLINIC_0083_data,grupo 3,8,7.0,0.0,0,ok,0.4496124031007752,True,144.0,0.08,3.399
dataset6_CLINIC_0083_data,grupo 3,8,4.91,0.0,0,ok,0.4496124031007752,True,144.0,0.08,3.399
dataset6_CLINIC_0083_data,grupo 3,8,7.3,0.0,0,ok,0.4496124031007752,False,144.0,0.08,3.399
dataset6_CLINIC_0083_data,grupo 3,9,7.0,0.9745314121246338,1,ok,0.4418604651162791,True,144.0,0.04,3.24
dataset6_CLINIC_0083_data,grupo 3,9,4.91,0.0,0,ok,0.4418604651162791,True,144.0,0.04,3.24
dataset6_CLINIC_0083_data,grupo 3,9,7.3,1.1245315074920654,1,ok,0.4418604651162791,False,144.0,0.04,3.24
dataset6_CLINIC_0083_data,grupo 3,10,7.0,0.0,0,ok,0.5116279069767442,True,144.0,0.876,1.366
dataset6_CLINIC_0083_data,grupo 3,10,4.91,0.0,0,ok,0.5116279069767442,True,144.0,0.876,1.366
dataset6_CLINIC_0083_data,grupo 3,10,7.3,0.0,0,ok,0.5116279069767442,False,144.0,0.876,1.366
dataset6_CLINIC_0083_data,grupo 3,11,7.0,0.3321676254272461,1,ok,0.4883720930232558,True,144.0,2.366,1.46
dataset6_CLINIC_0083_data,grupo 3,11,4.91,0.0,0,ok,0.4883720930232558,True,144.0,2.366,1.46
dataset6_CLINIC_0083_data,grupo 3,11,7.3,0.48216772079467773,1,ok,0.4883720930232558,False,144.0,2.366,1.46
dataset6_CLINIC_0083_data,grupo 3,12,7.0,3.4434118270874023,2,ok,0.2558139534883721,True,144.0,3.015,2.737
dataset6_CLINIC_0083_data,grupo 3,12,4.91,2.398411750793457,2,ok,0.2558139534883721,True,144.0,3.015,2.737
dataset6_CLINIC_0083_data,grupo 3,12,7.3,3.593411922454834,2,ok,0.2558139534883721,False,144.0,3.015,2.737
dataset6_CLINIC_0083_data,grupo 3,13,7.0,0.32004261016845703,1,ok,0.4573643410852713,True,144.0,3.289,0.636
dataset6_CLINIC_0083_data,grupo 3,13,4.91,0.0,0,ok,0.4573643410852713,True,144.0,3.289,0.636
dataset6_CLINIC_0083_data,grupo 3,13,7.3,0.47004270553588867,1,ok,0.4573643410852713,False,144.0,3.289,0.636
dataset6_CLINIC_0083_data,grupo 3,14,7.0,0.0,0,ok,0.5271317829457365,True,144.0,1.58,0.956
dataset6_CLINIC_0083_data,grupo 3,14,4.91,0.0,0,ok,0.5271317829457365,True,144.0,1.58,0.956
dataset6_CLINIC_0083_data,grupo 3,14,7.3,0.0,0,ok,0.5271317829457365,False,144.0,1.58,0.956
dataset6_CLINIC_0083_data,grupo 3,15,7.0,0.0,0,ok,0.5038759689922481,True,144.0,3.494,0.674
dataset6_CLINIC_0083_data,grupo 3,15,4.91,0.0,0,ok,0.5038759689922481,True,144.0,3.494,0.674
dataset6_CLINIC_0083_data,grupo 3,15,7.3,0.024253368377685547,1,ok,0.5038759689922481,False,144.0,3.494,0.674
dataset6_CLINIC_0083_data,grupo 3,16,7.0,0.8739292621612549,1,ok,0.4728682170542636,True,144.0,1.484,2.618
dataset6_CLINIC_0083_data,grupo 3,16,4.91,0.0,0,ok,0.4728682170542636,True,144.0,1.484,2.618
dataset6_CLINIC_0083_data,grupo 3,16,7.3,1.0239293575286865,1,ok,0.4728682170542636,False,144.0,1.484,2.618
dataset6_CLINIC_0083_data,grupo 3,17,7.0,1.1857304573059082,1,ok,0.4263565891472868,True,144.0,0.215,2.714
dataset6_CLINIC_0083_data,grupo 3,17,4.91,0.1407303810119629,1,ok,0.4263565891472868,True,144.0,0.215,2.714
dataset6_CLINIC_0083_data,grupo 3,17,7.3,1.3357305526733398,1,ok,0.4263565891472868,False,144.0,0.215,2.714
dataset6_CLINIC_0083_data,grupo 3,18,7.0,0.0,0,ok,0.4806201550387597,True,144.0,2.014,1.815
dataset6_CLINIC_0083_data,grupo 3,18,4.91,0.0,0,ok,0.4806201550387597,True,144.0,2.014,1.815
dataset6_CLINIC_0083_data,grupo 3,18,7.3,0.0,0,ok,0.4806201550387597,False,144.0,2.014,1.815
dataset6_CLINIC_0083_data,grupo 3,19,7.0,2.059558391571045,2,ok,0.4263565891472868,True,144.0,3.319,2.728
dataset6_CLINIC_0083_data,grupo 3,19,4.91,1.0145584344863892,1,ok,0.4263565891472868,True,144.0,3.319,2.728
dataset6_CLINIC_0083_data,grupo 3,19,7.3,2.2095584869384766,2,ok,0.4263565891472868,False,144.0,3.319,2.728
dataset6_CLINIC_0083_data,grupo 3,20,7.0,4.896215438842773,3,ok,0.5,True,144.0,4.959,3.145
dataset6_CLINIC_0083_data,grupo 3,20,4.91,3.851215362548828,2,ok,0.5,True,144.0,4.959,3.145
dataset6_CLINIC_0083_data,grupo 3,20,7.3,5.046215534210205,3,ok,0.5,False,144.0,4.959,3.145
dataset6_CLINIC_0083_data,grupo 3,21,7.0,1.349668025970459,1,ok,0.2868217054263566,True,144.0,2.799,1.537
dataset6_CLINIC_0083_data,grupo 3,21,4.91,0.30466794967651367,1,ok,0.2868217054263566,True,144.0,2.799,1.537
dataset6_CLINIC_0083_data,grupo 3,21,7.3,1.4996681213378906,1,ok,0.2868217054263566,False,144.0,2.799,1.537
dataset6_CLINIC_0083_data,grupo 3,22,7.0,0.0,0,ok,0.5116279069767442,True,144.0,0.208,2.593
dataset6_CLINIC_0083_data,grupo 3,22,4.91,0.0,0,ok,0.5116279069767442,True,144.0,0.208,2.593
dataset6_CLINIC_0083_data,grupo 3,22,7.3,0.0,0,ok,0.5116279069767442,False,144.0,0.208,2.593
dataset6_CLINIC_0083_data,grupo 3,23,7.0,0.0,0,ok,0.5116279069767442,True,144.0,1.315,0.068
dataset6_CLINIC_0083_data,grupo 3,23,4.91,0.0,0,ok,0.5116279069767442,True,144.0,1.315,0.068
dataset6_CLINIC_0083_data,grupo 3,23,7.3,0.0,0,ok,0.5116279069767442,False,144.0,1.315,0.068
dataset6_CLINIC_0083_data,grupo 3,24,7.0,0.5106866359710693,1,ok,0.32558139534883723,True,144.0,3.067,1.109
dataset6_CLINIC_0083_data,grupo 3,24,4.91,0.0,0,ok,0.32558139534883723,True,144.0,3.067,1.109
dataset6_CLINIC_0083_data,grupo 3,24,7.3,0.660686731338501,1,ok,0.32558139534883723,False,144.0,3.067,1.109
dataset6_CLINIC_0083_data,grupo 3,25,7.0,0.0,0,ok,0.5348837209302325,True,144.0,1.574,1.676
dataset6_CLINIC_0083_data,grupo 3,25,4.91,0.0,0,ok,0.5348837209302325,True,144.0,1.574,1.676
dataset6_CLINIC_0083_data,grupo 3,25,7.3,0.0,0,ok,0.5348837209302325,False,144.0,1.574,1.676
dataset6_CLINIC_0083_data,grupo 3,26,7.0,0.1615135669708252,1,ok,0.4728682170542636,True,144.0,2.098,0.205
dataset6_CLINIC_0083_data,grupo 3,26,4.91,0.0,0,ok,0.4728682170542636,True,144.0,2.098,0.205
dataset6_CLINIC_0083_data,grupo 3,26,7.3,0.31151366233825684,1,ok,0.4728682170542636,False,144.0,2.098,0.205
dataset6_CLINIC_0083_data,grupo 3,27,7.0,0.0,0,ok,0.5348837209302325,True,144.0,1.372,2.211
dataset6_CLINIC_0083_data,grupo 3,27,4.91,0.0,0,ok,0.5348837209302325,True,144.0,1.372,2.211
dataset6_CLINIC_0083_data,grupo 3,27,7.3,0.0,0,ok,0.5348837209302325,False,144.0,1.372,2.211
dataset6_CLINIC_0083_data,grupo 3,28,7.0,0.0,0,ok,0.4806201550387597,True,144.0,0.327,1.213
dataset6_CLINIC_0083_data,grupo 3,28,4.91,0.0,0,ok,0.4806201550387597,True,144.0,0.327,1.213
dataset6_CLINIC_0083_data,grupo 3,28,7.3,0.0,0,ok,0.4806201550387597,False,144.0,0.327,1.213
dataset6_CLINIC_0083_data,grupo 3,29,7.0,0.5750441551208496,1,ok,0.4418604651162791,True,144.0,1.795,0.524
dataset6_CLINIC_0083_data,grupo 3,29,4.91,0.0,0,ok,0.4418604651162791,True,144.0,1.795,0.524
dataset6_CLINIC_0083_data,grupo 3,29,7.3,0.7250442504882812,1,ok,0.4418604651162791,False,144.0,1.795,0.524
dataset6_CLINIC_0083_data,grupo 3,30,7.0,0.316753625869751,1,ok,0.46511627906976744,True,144.0,1.652,0.296
dataset6_CLINIC_0083_data,grupo 3,30,4.91,0.0,0,ok,0.46511627906976744,True,144.0,1.652,0.296
dataset6_CLINIC_0083_data,grupo 3,30,7.3,0.4667537212371826,1,ok,0.46511627906976744,False,144.0,1.652,0.296
dataset6_CLINIC_0083_data,grupo 3,31,7.0,0.3228292465209961,1,ok,0.35658914728682173,True,144.0,3.143,0.055
dataset6_CLINIC_0083_data,grupo 3,31,4.91,0.0,0,ok,0.35658914728682173,True,144.0,3.143,0.055
dataset6_CLINIC_0083_data,grupo 3,31,7.3,0.47282934188842773,1,ok,0.35658914728682173,False,144.0,3.143,0.055
dataset6_CLINIC_0083_data,grupo 3,32,7.0,4.204315185546875,3,ok,0.3870967741935484,True,144.0,6.983,4.517
dataset6_CLINIC_0083_data,grupo 3,32,4.91,3.159315347671509,2,ok,0.3870967741935484,True,144.0,6.983,4.517
dataset6_CLINIC_0083_data,grupo 3,32,7.3,4.354315757751465,3,ok,0.3870967741935484,False,144.0,6.983,4.517
dataset6_CLINIC_0083_data,grupo 3,33,7.0,1.3047325611114502,1,ok,0.4883720930232558,True,144.0,3.298,2.855
dataset6_CLINIC_0083_data,grupo 3,33,4.91,0.2597324848175049,1,ok,0.4883720930232558,True,144.0,3.298,2.855
dataset6_CLINIC_0083_data,grupo 3,33,7.3,1.4547326564788818,1,ok,0.4883720930232558,False,144.0,3.298,2.855
dataset6_CLINIC_0083_data,grupo 3,34,7.0,1.0050249099731445,1,ok,0.4573643410852713,True,144.0,5.725,1.732
dataset6_CLINIC_0083_data,grupo 3,34,4.91,0.0,0,ok,0.4573643410852713,True,144.0,5.725,1.732
dataset6_CLINIC_0083_data,grupo 3,34,7.3,1.1550250053405762,1,ok,0.4573643410852713,False,144.0,5.725,1.732
dataset6_CLINIC_0083_data,grupo 3,35,7.0,0.0,0,ok,0.4496124031007752,True,144.0,1.137,1.697
dataset6_CLINIC_0083_data,grupo 3,35,4.91,0.0,0,ok,0.4496124031007752,True,144.0,1.137,1.697
dataset6_CLINIC_0083_data,grupo 3,35,7.3,0.0,0,ok,0.4496124031007752,False,144.0,1.137,1.697
dataset6_CLINIC_0083_data,grupo 3,36,7.0,1.3485336303710938,1,ok,0.4883720930232558,True,144.0,2.51,2.19
dataset6_CLINIC_0083_data,grupo 3,36,4.91,0.30353355407714844,1,ok,0.4883720930232558,True,144.0,2.51,2.19
dataset6_CLINIC_0083_data,grupo 3,36,7.3,1.4985337257385254,1,ok,0.4883720930232558,False,144.0,2.51,2.19
dataset6_CLINIC_0083_data,grupo 3,37,7.0,0.6430237293243408,1,ok,0.4573643410852713,True,144.0,1.333,1.291
dataset6_CLINIC_0083_data,grupo 3,37,4.91,0.0,0,ok,0.4573643410852713,True,144.0,1.333,1.291
dataset6_CLINIC_0083_data,grupo 3,37,7.3,0.7930238246917725,1,ok,0.4573643410852713,False,144.0,1.333,1.291
dataset6_CLINIC_0083_data,grupo 3,38,7.0,0.33998608589172363,1,ok,0.4806201550387597,True,144.0,2.311,0.618
dataset6_CLINIC_0083_data,grupo 3,38,4.91,0.0,0,ok,0.4806201550387597,True,144.0,2.311,0.618
dataset6_CLINIC_0083_data,grupo 3,38,7.3,0.4899861812591553,1,ok,0.4806201550387597,False,144.0,2.311,0.618
dataset6_CLINIC_0083_data,grupo 3,39,7.0,0.0,0,ok,0.4728682170542636,True,144.0,0.538,1.437
dataset6_CLINIC_0083_data,grupo 3,39,4.91,0.0,0,ok,0.4728682170542636,True,144.0,0.538,1.437
dataset6_CLINIC_0083_data,grupo 3,39,7.3,0.0,0,ok,0.4728682170542636,False,144.0,0.538,1.437
dataset6_CLINIC_0083_data,grupo 3,40,7.0,0.49825501441955566,1,ok,0.46511627906976744,True,144.0,1.479,0.734
dataset6_CLINIC_0083_data,grupo 3,40,4.91,0.0,0,ok,0.46511627906976744,True,144.0,1.479,0.734
dataset6_CLINIC_0083_data,grupo 3,40,7.3,0.6482551097869873,1,ok,0.46511627906976744,False,144.0,1.479,0.734
dataset6_CLINIC_0083_data,grupo 3,41,7.0,0.05103611946105957,1,ok,0.4883720930232558,True,144.0,0.941,0.086
dataset6_CLINIC_0083_data,grupo 3,41,4.91,0.0,0,ok,0.4883720930232558,True,144.0,0.941,0.086
dataset6_CLINIC_0083_data,grupo 3,41,7.3,0.2010362148284912,1,ok,0.4883720930232558,False,144.0,0.941,0.086
dataset6_CLINIC_0083_data,grupo 3,42,7.0,0.5997147560119629,1,ok,0.4496124031007752,True,144.0,2.23,0.149
dataset6_CLINIC_0083_data,grupo 3,42,4.91,0.0,0,ok,0.4496124031007752,True,144.0,2.23,0.149
dataset6_CLINIC_0083_data,grupo 3,42,7.3,0.7497148513793945,1,ok,0.4496124031007752,False,144.0,2.23,0.149
dataset6_CLINIC_0083_data,grupo 3,43,7.0,0.0,0,ok,0.40310077519379844,True,144.0,2.699,2.062
dataset6_CLINIC_0083_data,grupo 3,43,4.91,0.0,0,ok,0.40310077519379844,True,144.0,2.699,2.062
dataset6_CLINIC_0083_data,grupo 3,43,7.3,0.0,0,ok,0.40310077519379844,False,144.0,2.699,2.062
dataset6_CLINIC_0083_data,grupo 3,44,7.0,0.0,0,ok,0.4496124031007752,True,144.0,0.275,3.645
dataset6_CLINIC_0083_data,grupo 3,44,4.91,0.0,0,ok,0.4496124031007752,True,144.0,0.275,3.645
dataset6_CLINIC_0083_data,grupo 3,44,7.3,0.0,0,ok,0.4496124031007752,False,144.0,0.275,3.645
dataset6_CLINIC_0083_data,grupo 3,45,7.0,0.0,0,ok,0.49612403100775193,True,144.0,0.6,0.313
dataset6_CLINIC_0083_data,grupo 3,45,4.91,0.0,0,ok,0.49612403100775193,True,144.0,0.6,0.313
dataset6_CLINIC_0083_data,grupo 3,45,7.3,0.0,0,ok,0.49612403100775193,False,144.0,0.6,0.313
dataset6_CLINIC_0083_data,grupo 3,46,7.0,0.0,0,ok,0.5038759689922481,True,144.0,1.107,2.231
dataset6_CLINIC_0083_data,grupo 3,46,4.91,0.0,0,ok,0.5038759689922481,True,144.0,1.107,2.231
dataset6_CLINIC_0083_data,grupo 3,46,7.3,0.0,0,ok,0.5038759689922481,False,144.0,1.107,2.231
dataset6_CLINIC_0083_data,grupo 3,47,7.0,0.05097556114196777,1,ok,0.46511627906976744,True,144.0,1.073,4.568
dataset6_CLINIC_0083_data,grupo 3,47,4.91,0.0,0,ok,0.46511627906976744,True,144.0,1.073,4.568
dataset6_CLINIC_0083_data,grupo 3,47,7.3,0.20097565650939941,1,ok,0.46511627906976744,False,144.0,1.073,4.568
dataset6_CLINIC_0083_data,grupo 3,48,7.0,1.6064971685409546,1,ok,0.4883720930232558,True,144.0,1.543,4.752
dataset6_CLINIC_0083_data,grupo 3,48,4.91,0.5614970922470093,1,ok,0.4883720930232558,True,144.0,1.543,4.752
dataset6_CLINIC_0083_data,grupo 3,48,7.3,1.7564972639083862,1,ok,0.4883720930232558,False,144.0,1.543,4.752
dataset6_CLINIC_0083_data,grupo 3,49,7.0,0.7373900413513184,1,ok,0.4108527131782946,True,144.0,3.169,0.42
dataset6_CLINIC_0083_data,grupo 3,49,4.91,0.0,0,ok,0.4108527131782946,True,144.0,3.169,0.42
dataset6_CLINIC_0083_data,grupo 3,49,7.3,0.88739013671875,1,ok,0.4108527131782946,False,144.0,3.169,0.42
dataset6_CLINIC_0058_data,grupo 3,0,7.0,1.6306357383728027,1,ok,0.4188034188034188,False,132.0,1.925,3.205
dataset6_CLINIC_0058_data,grupo 3,0,4.91,0.5856356620788574,1,ok,0.4188034188034188,True,132.0,1.925,3.205
dataset6_CLINIC_0058_data,grupo 3,0,7.3,1.7806358337402344,1,ok,0.4188034188034188,False,132.0,1.925,3.205
dataset6_CLINIC_0058_data,grupo 3,1,7.0,1.5366753339767456,1,ok,0.37606837606837606,False,132.0,1.552,4.067
dataset6_CLINIC_0058_data,grupo 3,1,4.91,0.4916752576828003,1,ok,0.37606837606837606,True,132.0,1.552,4.067
dataset6_CLINIC_0058_data,grupo 3,1,7.3,1.6866754293441772,1,ok,0.37606837606837606,False,132.0,1.552,4.067
dataset6_CLINIC_0058_data,grupo 3,2,7.0,5.45986270904541,3,ok,0.38181818181818183,False,132.0,5.784,0.928
dataset6_CLINIC_0058_data,grupo 3,2,4.91,4.414862632751465,3,ok,0.38181818181818183,True,132.0,5.784,0.928
dataset6_CLINIC_0058_data,grupo 3,2,7.3,5.609862804412842,3,ok,0.38181818181818183,False,132.0,5.784,0.928
dataset6_CLINIC_0058_data,grupo 3,3,7.0,1.3604249954223633,1,ok,0.26495726495726496,False,132.0,0.985,2.233
dataset6_CLINIC_0058_data,grupo 3,3,4.91,0.31542491912841797,1,ok,0.26495726495726496,True,132.0,0.985,2.233
dataset6_CLINIC_0058_data,grupo 3,3,7.3,1.510425090789795,1,ok,0.26495726495726496,False,132.0,0.985,2.233
dataset6_CLINIC_0058_data,grupo 3,4,7.0,0.0,0,ok,0.37606837606837606,False,132.0,0.334,0.857
dataset6_CLINIC_0058_data,grupo 3,4,4.91,0.0,0,ok,0.37606837606837606,True,132.0,0.334,0.857
dataset6_CLINIC_0058_data,grupo 3,4,7.3,0.0,0,ok,0.37606837606837606,False,132.0,0.334,0.857
dataset6_CLINIC_0058_data,grupo 3,5,7.0,4.045474052429199,3,ok,0.4649122807017544,False,132.0,4.024,1.921
dataset6_CLINIC_0058_data,grupo 3,5,4.91,3.000473976135254,2,ok,0.4649122807017544,True,132.0,4.024,1.921
dataset6_CLINIC_0058_data,grupo 3,5,7.3,4.195474147796631,3,ok,0.4649122807017544,False,132.0,4.024,1.921
dataset6_CLINIC_0058_data,grupo 3,6,7.0,2.7712888717651367,2,ok,0.3333333333333333,False,132.0,3.523,1.824
dataset6_CLINIC_0058_data,grupo 3,6,4.91,1.7262886762619019,1,ok,0.3333333333333333,True,132.0,3.523,1.824
dataset6_CLINIC_0058_data,grupo 3,6,7.3,2.9212889671325684,2,ok,0.3333333333333333,False,132.0,3.523,1.824
dataset6_CLINIC_0058_data,grupo 3,7,7.0,0.15273261070251465,1,ok,0.29914529914529914,False,132.0,0.817,1.392
dataset6_CLINIC_0058_data,grupo 3,7,4.91,0.0,0,ok,0.29914529914529914,True,132.0,0.817,1.392
dataset6_CLINIC_0058_data,grupo 3,7,7.3,0.3027327060699463,1,ok,0.29914529914529914,False,132.0,0.817,1.392
dataset6_CLINIC_0058_data,grupo 3,8,7.0,2.531989574432373,2,ok,0.21367521367521367,False,132.0,4.873,2.803
dataset6_CLINIC_0058_data,grupo 3,8,4.91,1.4869894981384277,1,ok,0.21367521367521367,True,132.0,4.873,2.803
dataset6_CLINIC_0058_data,grupo 3,8,7.3,2.6819896697998047,2,ok,0.21367521367521367,False,132.0,4.873,2.803
dataset6_CLINIC_0058_data,grupo 3,9,7.0,3.928473472595215,2,ok,0.5258620689655172,False,132.0,5.358,0.76
dataset6_CLINIC_0058_data,grupo 3,9,4.91,2.8834733963012695,2,ok,0.5258620689655172,True,132.0,5.358,0.76
dataset6_CLINIC_0058_data,grupo 3,9,7.3,4.0784735679626465,3,ok,0.5258620689655172,False,132.0,5.358,0.76
dataset6_CLINIC_0058_data,grupo 3,10,7.0,0.0,0,ok,0.36752136752136755,False,132.0,0.389,0.602
dataset6_CLINIC_0058_data,grupo 3,10,4.91,0.0,0,ok,0.36752136752136755,True,132.0,0.389,0.602
dataset6_CLINIC_0058_data,grupo 3,10,7.3,0.0,0,ok,0.36752136752136755,False,132.0,0.389,0.602
dataset6_CLINIC_0058_data,grupo 3,11,7.0,0.0,0,ok,0.3504273504273504,False,132.0,0.719,0.623
dataset6_CLINIC_0058_data,grupo 3,11,4.91,0.0,0,ok,0.3504273504273504,True,132.0,0.719,0.623
dataset6_CLINIC_0058_data,grupo 3,11,7.3,0.0,0,ok,0.3504273504273504,False,132.0,0.719,0.623
dataset6_CLINIC_0058_data,grupo 3,12,7.0,0.6956524848937988,1,ok,0.36752136752136755,False,132.0,0.026,2.755
dataset6_CLINIC_0058_data,grupo 3,12,4.91,0.0,0,ok,0.36752136752136755,True,132.0,0.026,2.755
dataset6_CLINIC_0058_data,grupo 3,12,7.3,0.8456525802612305,1,ok,0.36752136752136755,False,132.0,0.026,2.755
dataset6_CLINIC_0058_data,grupo 3,13,7.0,2.10140061378479,2,ok,0.2905982905982906,False,132.0,3.017,0.951
dataset6_CLINIC_0058_data,grupo 3,13,4.91,1.0564005374908447,1,ok,0.2905982905982906,True,132.0,3.017,0.951
dataset6_CLINIC_0058_data,grupo 3,13,7.3,2.2514007091522217,2,ok,0.2905982905982906,False,132.0,3.017,0.951
dataset6_CLINIC_0058_data,grupo 3,14,7.0,2.263390302658081,2,ok,0.4017094017094017,False,132.0,0.303,4.733
dataset6_CLINIC_0058_data,grupo 3,14,4.91,1.2183902263641357,1,ok,0.4017094017094017,True,132.0,0.303,4.733
dataset6_CLINIC_0058_data,grupo 3,14,7.3,2.4133903980255127,2,ok,0.4017094017094017,False,132.0,0.303,4.733
dataset6_CLINIC_0058_data,grupo 3,15,7.0,1.3903155326843262,1,ok,0.4444444444444444,False,132.0,2.683,0.808
dataset6_CLINIC_0058_data,grupo 3,15,4.91,0.34531545639038086,1,ok,0.4444444444444444,True,132.0,2.683,0.808
dataset6_CLINIC_0058_data,grupo 3,15,7.3,1.5403156280517578,1,ok,0.4444444444444444,False,132.0,2.683,0.808
dataset6_CLINIC_0058_data,grupo 3,16,7.0,0.0,0,ok,0.37606837606837606,False,132.0,0.584,0.024
dataset6_CLINIC_0058_data,grupo 3,16,4.91,0.0,0,ok,0.37606837606837606,True,132.0,0.584,0.024
dataset6_CLINIC_0058_data,grupo 3,16,7.3,0.0,0,ok,0.37606837606837606,False,132.0,0.584,0.024
dataset6_CLINIC_0058_data,grupo 3,17,7.0,0.6046402454376221,1,ok,0.3418803418803419,False,132.0,2.153,1.072
dataset6_CLINIC_0058_data,grupo 3,17,4.91,0.0,0,ok,0.3418803418803419,True,132.0,2.153,1.072
dataset6_CLINIC_0058_data,grupo 3,17,7.3,0.7546403408050537,1,ok,0.3418803418803419,False,132.0,2.153,1.072
dataset6_CLINIC_0058_data,grupo 3,18,7.0,1.7447446584701538,1,ok,0.41025641025641024,False,132.0,2.324,1.869
dataset6_CLINIC_0058_data,grupo 3,18,4.91,0.6997445821762085,1,ok,0.41025641025641024,True,132.0,2.324,1.869
dataset6_CLINIC_0058_data,grupo 3,18,7.3,1.8947447538375854,1,ok,0.41025641025641024,False,132.0,2.324,1.869
dataset6_CLINIC_0058_data,grupo 3,19,7.0,1.4401147365570068,1,ok,0.38461538461538464,False,132.0,1.981,3.78
dataset6_CLINIC_0058_data,grupo 3,19,4.91,0.3951146602630615,1,ok,0.38461538461538464,True,132.0,1.981,3.78
dataset6_CLINIC_0058_data,grupo 3,19,7.3,1.5901148319244385,1,ok,0.38461538461538464,False,132.0,1.981,3.78
dataset6_CLINIC_0058_data,grupo 3,20,7.0,0.0,0,ok,0.37606837606837606,False,132.0,0.633,0.23
dataset6_CLINIC_0058_data,grupo 3,20,4.91,0.0,0,ok,0.37606837606837606,True,132.0,0.633,0.23
dataset6_CLINIC_0058_data,grupo 3,20,7.3,0.059980154037475586,1,ok,0.37606837606837606,False,132.0,0.633,0.23
dataset6_CLINIC_0058_data,grupo 3,21,7.0,1.6620354652404785,1,ok,0.38461538461538464,False,132.0,2.843,0.812
dataset6_CLINIC_0058_data,grupo 3,21,4.91,0.6170353889465332,1,ok,0.38461538461538464,True,132.0,2.843,0.812
dataset6_CLINIC_0058_data,grupo 3,21,7.3,1.8120355606079102,1,ok,0.38461538461538464,False,132.0,2.843,0.812
dataset6_CLINIC_0058_data,grupo 3,22,7.0,0.6149969100952148,1,ok,0.39316239316239315,False,132.0,1.866,2.076
dataset6_CLINIC_0058_data,grupo 3,22,4.91,0.0,0,ok,0.39316239316239315,True,132.0,1.866,2.076
dataset6_CLINIC_0058_data,grupo 3,22,7.3,0.7649970054626465,1,ok,0.39316239316239315,False,132.0,1.866,2.076
dataset6_CLINIC_0058_data,grupo 3,23,7.0,2.7955756187438965,2,ok,0.4358974358974359,False,132.0,3.554,1.063
dataset6_CLINIC_0058_data,grupo 3,23,4.91,1.7505755424499512,1,ok,0.4358974358974359,True,132.0,3.554,1.063
dataset6_CLINIC_0058_data,grupo 3,23,7.3,2.945575714111328,2,ok,0.4358974358974359,False,132.0,3.554,1.063
dataset6_CLINIC_0058_data,grupo 3,24,7.0,1.1426687240600586,1,ok,0.47863247863247865,False,132.0,3.043,1.361
dataset6_CLINIC_0058_data,grupo 3,24,4.91,0.09766864776611328,1,ok,0.47863247863247865,True,132.0,3.043,1.361
dataset6_CLINIC_0058_data,grupo 3,24,7.3,1.2926688194274902,1,ok,0.47863247863247865,False,132.0,3.043,1.361
dataset6_CLINIC_0058_data,grupo 3,25,7.0,0.8773419857025146,1,ok,0.39316239316239315,False,132.0,2.023,0.975
dataset6_CLINIC_0058_data,grupo 3,25,4.91,0.0,0,ok,0.39316239316239315,True,132.0,2.023,0.975
dataset6_CLINIC_0058_data,grupo 3,25,7.3,1.0273420810699463,1,ok,0.39316239316239315,False,132.0,2.023,0.975
dataset6_CLINIC_0058_data,grupo 3,26,7.0,1.003615140914917,1,ok,0.29914529914529914,False,132.0,1.521,2.218
dataset6_CLINIC_0058_data,grupo 3,26,4.91,0.0,0,ok,0.29914529914529914,True,132.0,1.521,2.218
dataset6_CLINIC_0058_data,grupo 3,26,7.3,1.1536152362823486,1,ok,0.29914529914529914,False,132.0,1.521,2.218
dataset6_CLINIC_0058_data,grupo 3,27,7.0,0.0,0,ok,0.4017094017094017,False,132.0,0.837,0.632
dataset6_CLINIC_0058_data,grupo 3,27,4.91,0.0,0,ok,0.4017094017094017,True,132.0,0.837,0.632
dataset6_CLINIC_0058_data,grupo 3,27,7.3,0.0,0,ok,0.4017094017094017,False,132.0,0.837,0.632
dataset6_CLINIC_0058_data,grupo 3,28,7.0,0.0,0,ok,0.4017094017094017,False,132.0,0.762,1.784
dataset6_CLINIC_0058_data,grupo 3,28,4.91,0.0,0,ok,0.4017094017094017,True,132.0,0.762,1.784
dataset6_CLINIC_0058_data,grupo 3,28,7.3,0.0,0,ok,0.4017094017094017,False,132.0,0.762,1.784
dataset6_CLINIC_0058_data,grupo 3,29,7.0,0.38532066345214844,1,ok,0.4358974358974359,False,132.0,2.131,4.235
dataset6_CLINIC_0058_data,grupo 3,29,4.91,0.0,0,ok,0.4358974358974359,True,132.0,2.131,4.235
dataset6_CLINIC_0058_data,grupo 3,29,7.3,0.5353207588195801,1,ok,0.4358974358974359,False,132.0,2.131,4.235
dataset6_CLINIC_0058_data,grupo 3,30,7.0,1.070939064025879,1,ok,0.29914529914529914,False,132.0,1.812,0.43
dataset6_CLINIC_0058_data,grupo 3,30,4.91,0.025938987731933594,1,ok,0.29914529914529914,True,132.0,1.812,0.43
dataset6_CLINIC_0058_data,grupo 3,30,7.3,1.2209391593933105,1,ok,0.29914529914529914,False,132.0,1.812,0.43
dataset6_CLINIC_0058_data,grupo 3,31,7.0,1.0137081146240234,1,ok,0.23931623931623933,False,132.0,2.366,2.743
dataset6_CLINIC_0058_data,grupo 3,31,4.91,0.0,0,ok,0.23931623931623933,True,132.0,2.366,2.743
dataset6_CLINIC_0058_data,grupo 3,31,7.3,1.163708209991455,1,ok,0.23931623931623933,False,132.0,2.366,2.743
dataset6_CLINIC_0058_data,grupo 3,32,7.0,0.8915133476257324,1,ok,0.3247863247863248,False,132.0,1.819,4.794
dataset6_CLINIC_0058_data,grupo 3,32,4.91,0.0,0,ok,0.3247863247863248,True,132.0,1.819,4.794
dataset6_CLINIC_0058_data,grupo 3,32,7.3,1.041513442993164,1,ok,0.3247863247863248,False,132.0,1.819,4.794
dataset6_CLINIC_0058_data,grupo 3,33,7.0,5.575987339019775,3,ok,0.41818181818181815,False,132.0,6.011,0.314
dataset6_CLINIC_0058_data,grupo 3,33,4.91,4.53098726272583,3,ok,0.41818181818181815,True,132.0,6.011,0.314
dataset6_CLINIC_0058_data,grupo 3,33,7.3,5.725987434387207,3,ok,0.41818181818181815,False,132.0,6.011,0.314
dataset6_CLINIC_0058_data,grupo 3,34,7.0,0.0,0,ok,0.37606837606837606,False,132.0,0.114,0.371
dataset6_CLINIC_0058_data,grupo 3,34,4.91,0.0,0,ok,0.37606837606837606,True,132.0,0.114,0.371
dataset6_CLINIC_0058_data,grupo 3,34,7.3,0.0,0,ok,0.37606837606837606,False,132.0,0.114,0.371
dataset6_CLINIC_0058_data,grupo 3,35,7.0,1.2611308097839355,1,ok,0.37606837606837606,False,132.0,4.92,4.238
dataset6_CLINIC_0058_data,grupo 3,35,4.91,0.21613073348999023,1,ok,0.37606837606837606,True,132.0,4.92,4.238
dataset6_CLINIC_0058_data,grupo 3,35,7.3,1.4111309051513672,1,ok,0.37606837606837606,False,132.0,4.92,4.238
dataset6_CLINIC_0058_data,grupo 3,36,7.0,0.7232518196105957,1,ok,0.3333333333333333,False,132.0,0.858,2.691
dataset6_CLINIC_0058_data,grupo 3,36,4.91,0.0,0,ok,0.3333333333333333,True,132.0,0.858,2.691
dataset6_CLINIC_0058_data,grupo 3,36,7.3,0.8732519149780273,1,ok,0.3333333333333333,False,132.0,0.858,2.691
dataset6_CLINIC_0058_data,grupo 3,37,7.0,1.6234813928604126,1,ok,0.2905982905982906,False,132.0,2.427,1.233
dataset6_CLINIC_0058_data,grupo 3,37,4.91,0.5784813165664673,1,ok,0.2905982905982906,True,132.0,2.427,1.233
dataset6_CLINIC_0058_data,grupo 3,37,7.3,1.7734814882278442,1,ok,0.2905982905982906,False,132.0,2.427,1.233
dataset6_CLINIC_0058_data,grupo 3,38,7.0,0.0,0,ok,0.39316239316239315,False,132.0,0.822,0.571
dataset6_CLINIC_0058_data,grupo 3,38,4.91,0.0,0,ok,0.39316239316239315,True,132.0,0.822,0.571
dataset6_CLINIC_0058_data,grupo 3,38,7.3,0.0,0,ok,0.39316239316239315,False,132.0,0.822,0.571
dataset6_CLINIC_0058_data,grupo 3,39,7.0,0.4925565719604492,1,ok,0.36752136752136755,False,132.0,2.135,0.715
dataset6_CLINIC_0058_data,grupo 3,39,4.91,0.0,0,ok,0.36752136752136755,True,132.0,2.135,0.715
dataset6_CLINIC_0058_data,grupo 3,39,7.3,0.6425566673278809,1,ok,0.36752136752136755,False,132.0,2.135,0.715
dataset6_CLINIC_0058_data,grupo 3,40,7.0,0.2969248294830322,1,ok,0.358974358974359,False,132.0,2.531,0.484
dataset6_CLINIC_0058_data,grupo 3,40,4.91,0.0,0,ok,0.358974358974359,True,132.0,2.531,0.484
dataset6_CLINIC_0058_data,grupo 3,40,7.3,0.44692492485046387,1,ok,0.358974358974359,False,132.0,2.531,0.484
dataset6_CLINIC_0058_data,grupo 3,41,7.0,0.0,0,ok,0.4188034188034188,False,132.0,1.724,1.627
dataset6_CLINIC_0058_data,grupo 3,41,4.91,0.0,0,ok,0.4188034188034188,True,132.0,1.724,1.627
dataset6_CLINIC_0058_data,grupo 3,41,7.3,0.08983111381530762,1,ok,0.4188034188034188,False,132.0,1.724,1.627
dataset6_CLINIC_0058_data,grupo 3,42,7.0,0.0,0,ok,0.37606837606837606,False,132.0,1.415,1.908
dataset6_CLINIC_0058_data,grupo 3,42,4.91,0.0,0,ok,0.37606837606837606,True,132.0,1.415,1.908
dataset6_CLINIC_0058_data,grupo 3,42,7.3,0.12968850135803223,1,ok,0.37606837606837606,False,132.0,1.415,1.908
dataset6_CLINIC_0058_data,grupo 3,43,7.0,1.4901511669158936,1,ok,0.2905982905982906,False,132.0,0.201,2.745
dataset6_CLINIC_0058_data,grupo 3,43,4.91,0.44515109062194824,1,ok,0.2905982905982906,True,132.0,0.201,2.745
dataset6_CLINIC_0058_data,grupo 3,43,7.3,1.6401512622833252,1,ok,0.2905982905982906,False,132.0,0.201,2.745
dataset6_CLINIC_0058_data,grupo 3,44,7.0,5.681668281555176,3,ok,0.16666666666666666,False,132.0,5.731,2.53
dataset6_CLINIC_0058_data,grupo 3,44,4.91,4.6366682052612305,3,ok,0.16666666666666666,True,132.0,5.731,2.53
dataset6_CLINIC_0058_data,grupo 3,44,7.3,5.831667900085449,3,ok,0.16666666666666666,False,132.0,5.731,2.53
dataset6_CLINIC_0058_data,grupo 3,45,7.0,0.5538125038146973,1,ok,0.3504273504273504,False,132.0,1.356,4.032
dataset6_CLINIC_0058_data,grupo 3,45,4.91,0.0,0,ok,0.3504273504273504,True,132.0,1.356,4.032
dataset6_CLINIC_0058_data,grupo 3,45,7.3,0.7038125991821289,1,ok,0.3504273504273504,False,132.0,1.356,4.032
dataset6_CLINIC_0058_data,grupo 3,46,7.0,0.0,0,ok,0.3333333333333333,False,132.0,1.523,0.722
dataset6_CLINIC_0058_data,grupo 3,46,4.91,0.0,0,ok,0.3333333333333333,True,132.0,1.523,0.722
dataset6_CLINIC_0058_data,grupo 3,46,7.3,0.008194208145141602,1,ok,0.3333333333333333,False,132.0,1.523,0.722
dataset6_CLINIC_0058_data,grupo 3,47,7.0,0.0,0,ok,0.36752136752136755,False,132.0,0.119,0.212
dataset6_CLINIC_0058_data,grupo 3,47,4.91,0.0,0,ok,0.36752136752136755,True,132.0,0.119,0.212
dataset6_CLINIC_0058_data,grupo 3,47,7.3,0.0,0,ok,0.36752136752136755,False,132.0,0.119,0.212
dataset6_CLINIC_0058_data,grupo 3,48,7.0,2.3566040992736816,2,ok,0.2222222222222222,False,132.0,3.641,2.919
dataset6_CLINIC_0058_data,grupo 3,48,4.91,1.3116041421890259,1,ok,0.2222222222222222,True,132.0,3.641,2.919
dataset6_CLINIC_0058_data,grupo 3,48,7.3,2.5066041946411133,2,ok,0.2222222222222222,False,132.0,3.641,2.919
dataset6_CLINIC_0058_data,grupo 3,49,7.0,0.0,0,ok,0.4188034188034188,False,132.0,0.758,0.275
dataset6_CLINIC_0058_data,grupo 3,49,4.91,0.0,0,ok,0.4188034188034188,True,132.0,0.758,0.275
dataset6_CLINIC_0058_data,grupo 3,49,7.3,0.0,0,ok,0.4188034188034188,False,132.0,0.758,0.275
dataset6_CLINIC_0086_data,grupo 3,0,7.0,0.0,0,ok,0.45454545454545453,True,114.0,3.134,4.217
dataset6_CLINIC_0086_data,grupo 3,0,4.91,0.0,0,ok,0.45454545454545453,True,114.0,3.134,4.217
dataset6_CLINIC_0086_data,grupo 3,0,7.3,0.0,0,ok,0.45454545454545453,True,114.0,3.134,4.217
dataset6_CLINIC_0086_data,grupo 3,1,7.0,0.0,0,ok,0.43434343434343436,True,114.0,0.86,2.085
dataset6_CLINIC_0086_data,grupo 3,1,4.91,0.0,0,ok,0.43434343434343436,True,114.0,0.86,2.085
dataset6_CLINIC_0086_data,grupo 3,1,7.3,0.0,0,ok,0.43434343434343436,True,114.0,0.86,2.085
dataset6_CLINIC_0086_data,grupo 3,2,7.0,0.0,0,ok,0.42424242424242425,True,114.0,0.674,0.461
dataset6_CLINIC_0086_data,grupo 3,2,4.91,0.0,0,ok,0.42424242424242425,True,114.0,0.674,0.461
dataset6_CLINIC_0086_data,grupo 3,2,7.3,0.0,0,ok,0.42424242424242425,True,114.0,0.674,0.461
dataset6_CLINIC_0086_data,grupo 3,3,7.0,0.0,0,ok,0.3939393939393939,True,114.0,1.089,0.458
dataset6_CLINIC_0086_data,grupo 3,3,4.91,0.0,0,ok,0.3939393939393939,True,114.0,1.089,0.458
dataset6_CLINIC_0086_data,grupo 3,3,7.3,0.0,0,ok,0.3939393939393939,True,114.0,1.089,0.458
dataset6_CLINIC_0086_data,grupo 3,4,7.0,0.0,0,ok,0.4444444444444444,True,114.0,2.515,1.831
dataset6_CLINIC_0086_data,grupo 3,4,4.91,0.0,0,ok,0.4444444444444444,True,114.0,2.515,1.831
dataset6_CLINIC_0086_data,grupo 3,4,7.3,0.0,0,ok,0.4444444444444444,True,114.0,2.515,1.831
dataset6_CLINIC_0086_data,grupo 3,5,7.0,0.0,0,ok,0.40404040404040403,True,114.0,0.615,1.932
dataset6_CLINIC_0086_data,grupo 3,5,4.91,0.0,0,ok,0.40404040404040403,True,114.0,0.615,1.932
dataset6_CLINIC_0086_data,grupo 3,5,7.3,0.0,0,ok,0.40404040404040403,True,114.0,0.615,1.932
dataset6_CLINIC_0086_data,grupo 3,6,7.0,0.0,0,ok,0.41414141414141414,True,114.0,0.621,0.582
dataset6_CLINIC_0086_data,grupo 3,6,4.91,0.0,0,ok,0.41414141414141414,True,114.0,0.621,0.582
dataset6_CLINIC_0086_data,grupo 3,6,7.3,0.0,0,ok,0.41414141414141414,True,114.0,0.621,0.582
dataset6_CLINIC_0086_data,grupo 3,7,7.0,0.0,0,ok,0.45454545454545453,True,114.0,1.505,1.315
dataset6_CLINIC_0086_data,grupo 3,7,4.91,0.0,0,ok,0.45454545454545453,True,114.0,1.505,1.315
dataset6_CLINIC_0086_data,grupo 3,7,7.3,0.0,0,ok,0.45454545454545453,True,114.0,1.505,1.315
dataset6_CLINIC_0086_data,grupo 3,8,7.0,0.0,0,ok,0.42424242424242425,True,114.0,1.0,1.347
dataset6_CLINIC_0086_data,grupo 3,8,4.91,0.0,0,ok,0.42424242424242425,True,114.0,1.0,1.347
dataset6_CLINIC_0086_data,grupo 3,8,7.3,0.0,0,ok,0.42424242424242425,True,114.0,1.0,1.347
dataset6_CLINIC_0086_data,grupo 3,9,7.0,0.0,0,ok,0.47474747474747475,True,114.0,1.712,0.75
dataset6_CLINIC_0086_data,grupo 3,9,4.91,0.0,0,ok,0.47474747474747475,True,114.0,1.712,0.75
dataset6_CLINIC_0086_data,grupo 3,9,7.3,0.0,0,ok,0.47474747474747475,True,114.0,1.712,0.75
dataset6_CLINIC_0086_data,grupo 3,10,7.0,0.0,0,ok,0.3838383838383838,True,114.0,1.622,0.038
dataset6_CLINIC_0086_data,grupo 3,10,4.91,0.0,0,ok,0.3838383838383838,True,114.0,1.622,0.038
dataset6_CLINIC_0086_data,grupo 3,10,7.3,0.0,0,ok,0.3838383838383838,True,114.0,1.622,0.038
dataset6_CLINIC_0086_data,grupo 3,11,7.0,0.0,0,ok,0.40404040404040403,True,114.0,2.516,1.085
dataset6_CLINIC_0086_data,grupo 3,11,4.91,0.0,0,ok,0.40404040404040403,True,114.0,2.516,1.085
dataset6_CLINIC_0086_data,grupo 3,11,7.3,0.0,0,ok,0.40404040404040403,True,114.0,2.516,1.085
dataset6_CLINIC_0086_data,grupo 3,12,7.0,0.22427845001220703,1,ok,0.41414141414141414,True,114.0,4.164,2.031
dataset6_CLINIC_0086_data,grupo 3,12,4.91,0.0,0,ok,0.41414141414141414,True,114.0,4.164,2.031
dataset6_CLINIC_0086_data,grupo 3,12,7.3,0.37427854537963867,1,ok,0.41414141414141414,True,114.0,4.164,2.031
dataset6_CLINIC_0086_data,grupo 3,13,7.0,0.0,0,ok,0.41414141414141414,True,114.0,2.505,5.365
dataset6_CLINIC_0086_data,grupo 3,13,4.91,0.0,0,ok,0.41414141414141414,True,114.0,2.505,5.365
dataset6_CLINIC_0086_data,grupo 3,13,7.3,0.0,0,ok,0.41414141414141414,True,114.0,2.505,5.365
dataset6_CLINIC_0086_data,grupo 3,14,7.0,0.0,0,ok,0.4444444444444444,True,114.0,1.912,1.834
dataset6_CLINIC_0086_data,grupo 3,14,4.91,0.0,0,ok,0.4444444444444444,True,114.0,1.912,1.834
dataset6_CLINIC_0086_data,grupo 3,14,7.3,0.0,0,ok,0.4444444444444444,True,114.0,1.912,1.834
dataset6_CLINIC_0086_data,grupo 3,15,7.0,0.0,0,ok,0.4444444444444444,True,114.0,0.747,0.277
dataset6_CLINIC_0086_data,grupo 3,15,4.91,0.0,0,ok,0.4444444444444444,True,114.0,0.747,0.277
dataset6_CLINIC_0086_data,grupo 3,15,7.3,0.0,0,ok,0.4444444444444444,True,114.0,0.747,0.277
dataset6_CLINIC_0086_data,grupo 3,16,7.0,0.0,0,ok,0.40404040404040403,True,114.0,0.572,1.251
dataset6_CLINIC_0086_data,grupo 3,16,4.91,0.0,0,ok,0.40404040404040403,True,114.0,0.572,1.251
dataset6_CLINIC_0086_data,grupo 3,16,7.3,0.0,0,ok,0.40404040404040403,True,114.0,0.572,1.251
dataset6_CLINIC_0086_data,grupo 3,17,7.0,0.0,0,ok,0.45454545454545453,True,114.0,3.158,0.489
dataset6_CLINIC_0086_data,grupo 3,17,4.91,0.0,0,ok,0.45454545454545453,True,114.0,3.158,0.489
dataset6_CLINIC_0086_data,grupo 3,17,7.3,0.0,0,ok,0.45454545454545453,True,114.0,3.158,0.489
dataset6_CLINIC_0086_data,grupo 3,18,7.0,0.0,0,ok,0.43434343434343436,True,114.0,0.359,0.265
dataset6_CLINIC_0086_data,grupo 3,18,4.91,0.0,0,ok,0.43434343434343436,True,114.0,0.359,0.265
dataset6_CLINIC_0086_data,grupo 3,18,7.3,0.0,0,ok,0.43434343434343436,True,114.0,0.359,0.265
dataset6_CLINIC_0086_data,grupo 3,19,7.0,0.0,0,ok,0.45454545454545453,True,114.0,1.799,1.258
dataset6_CLINIC_0086_data,grupo 3,19,4.91,0.0,0,ok,0.45454545454545453,True,114.0,1.799,1.258
dataset6_CLINIC_0086_data,grupo 3,19,7.3,0.0,0,ok,0.45454545454545453,True,114.0,1.799,1.258
dataset6_CLINIC_0086_data,grupo 3,20,7.0,0.02321481704711914,1,ok,0.494949494949495,True,114.0,2.492,6.16
dataset6_CLINIC_0086_data,grupo 3,20,4.91,0.0,0,ok,0.494949494949495,True,114.0,2.492,6.16
dataset6_CLINIC_0086_data,grupo 3,20,7.3,0.17321491241455078,1,ok,0.494949494949495,True,114.0,2.492,6.16
dataset6_CLINIC_0086_data,grupo 3,21,7.0,0.0,0,ok,0.46464646464646464,True,114.0,1.219,1.894
dataset6_CLINIC_0086_data,grupo 3,21,4.91,0.0,0,ok,0.46464646464646464,True,114.0,1.219,1.894
dataset6_CLINIC_0086_data,grupo 3,21,7.3,0.0,0,ok,0.46464646464646464,True,114.0,1.219,1.894
dataset6_CLINIC_0086_data,grupo 3,22,7.0,0.0,0,ok,0.3838383838383838,True,114.0,0.661,0.446
dataset6_CLINIC_0086_data,grupo 3,22,4.91,0.0,0,ok,0.3838383838383838,True,114.0,0.661,0.446
dataset6_CLINIC_0086_data,grupo 3,22,7.3,0.0,0,ok,0.3838383838383838,True,114.0,0.661,0.446
dataset6_CLINIC_0086_data,grupo 3,23,7.0,0.0,0,ok,0.41414141414141414,True,114.0,3.692,0.097
dataset6_CLINIC_0086_data,grupo 3,23,4.91,0.0,0,ok,0.41414141414141414,True,114.0,3.692,0.097
dataset6_CLINIC_0086_data,grupo 3,23,7.3,0.0,0,ok,0.41414141414141414,True,114.0,3.692,0.097
dataset6_CLINIC_0086_data,grupo 3,24,7.0,0.4339911937713623,1,ok,0.3434343434343434,True,114.0,5.772,0.38
dataset6_CLINIC_0086_data,grupo 3,24,4.91,0.0,0,ok,0.3434343434343434,True,114.0,5.772,0.38
dataset6_CLINIC_0086_data,grupo 3,24,7.3,0.583991289138794,1,ok,0.3434343434343434,True,114.0,5.772,0.38
dataset6_CLINIC_0086_data,grupo 3,25,7.0,0.0,0,ok,0.47474747474747475,True,114.0,1.07,0.275
dataset6_CLINIC_0086_data,grupo 3,25,4.91,0.0,0,ok,0.47474747474747475,True,114.0,1.07,0.275
dataset6_CLINIC_0086_data,grupo 3,25,7.3,0.0,0,ok,0.47474747474747475,True,114.0,1.07,0.275
dataset6_CLINIC_0086_data,grupo 3,26,7.0,0.0,0,ok,0.43434343434343436,True,114.0,0.606,2.332
dataset6_CLINIC_0086_data,grupo 3,26,4.91,0.0,0,ok,0.43434343434343436,True,114.0,0.606,2.332
dataset6_CLINIC_0086_data,grupo 3,26,7.3,0.0,0,ok,0.43434343434343436,True,114.0,0.606,2.332
dataset6_CLINIC_0086_data,grupo 3,27,7.0,0.0,0,ok,0.45454545454545453,True,114.0,2.069,1.136
dataset6_CLINIC_0086_data,grupo 3,27,4.91,0.0,0,ok,0.45454545454545453,True,114.0,2.069,1.136
dataset6_CLINIC_0086_data,grupo 3,27,7.3,0.0,0,ok,0.45454545454545453,True,114.0,2.069,1.136
dataset6_CLINIC_0086_data,grupo 3,28,7.0,0.0,0,ok,0.3939393939393939,True,114.0,1.826,3.125
dataset6_CLINIC_0086_data,grupo 3,28,4.91,0.0,0,ok,0.3939393939393939,True,114.0,1.826,3.125
dataset6_CLINIC_0086_data,grupo 3,28,7.3,0.0,0,ok,0.3939393939393939,True,114.0,1.826,3.125
dataset6_CLINIC_0086_data,grupo 3,29,7.0,0.0,0,ok,0.36363636363636365,True,114.0,2.259,2.049
dataset6_CLINIC_0086_data,grupo 3,29,4.91,0.0,0,ok,0.36363636363636365,True,114.0,2.259,2.049
dataset6_CLINIC_0086_data,grupo 3,29,7.3,0.0,0,ok,0.36363636363636365,True,114.0,2.259,2.049
dataset6_CLINIC_0086_data,grupo 3,30,7.0,0.0,0,ok,0.35353535353535354,True,114.0,1.259,2.125
dataset6_CLINIC_0086_data,grupo 3,30,4.91,0.0,0,ok,0.35353535353535354,True,114.0,1.259,2.125
dataset6_CLINIC_0086_data,grupo 3,30,7.3,0.0,0,ok,0.35353535353535354,True,114.0,1.259,2.125
dataset6_CLINIC_0086_data,grupo 3,31,7.0,0.0,0,ok,0.46464646464646464,True,114.0,2.356,3.374
dataset6_CLINIC_0086_data,grupo 3,31,4.91,0.0,0,ok,0.46464646464646464,True,114.0,2.356,3.374
dataset6_CLINIC_0086_data,grupo 3,31,7.3,0.0,0,ok,0.46464646464646464,True,114.0,2.356,3.374
dataset6_CLINIC_0086_data,grupo 3,32,7.0,0.0,0,ok,0.3939393939393939,True,114.0,3.006,2.457
dataset6_CLINIC_0086_data,grupo 3,32,4.91,0.0,0,ok,0.3939393939393939,True,114.0,3.006,2.457
dataset6_CLINIC_0086_data,grupo 3,32,7.3,0.0,0,ok,0.3939393939393939,True,114.0,3.006,2.457
dataset6_CLINIC_0086_data,grupo 3,33,7.0,0.0,0,ok,0.45454545454545453,True,114.0,1.144,1.248
dataset6_CLINIC_0086_data,grupo 3,33,4.91,0.0,0,ok,0.45454545454545453,True,114.0,1.144,1.248
dataset6_CLINIC_0086_data,grupo 3,33,7.3,0.0,0,ok,0.45454545454545453,True,114.0,1.144,1.248
dataset6_CLINIC_0086_data,grupo 3,34,7.0,0.0,0,ok,0.45454545454545453,True,114.0,3.069,1.033
dataset6_CLINIC_0086_data,grupo 3,34,4.91,0.0,0,ok,0.45454545454545453,True,114.0,3.069,1.033
dataset6_CLINIC_0086_data,grupo 3,34,7.3,0.0,0,ok,0.45454545454545453,True,114.0,3.069,1.033
dataset6_CLINIC_0086_data,grupo 3,35,7.0,0.0,0,ok,0.42424242424242425,True,114.0,3.062,1.012
dataset6_CLINIC_0086_data,grupo 3,35,4.91,0.0,0,ok,0.42424242424242425,True,114.0,3.062,1.012
dataset6_CLINIC_0086_data,grupo 3,35,7.3,0.0,0,ok,0.42424242424242425,True,114.0,3.062,1.012
dataset6_CLINIC_0086_data,grupo 3,36,7.0,0.0,0,ok,0.47474747474747475,True,114.0,1.263,2.036
dataset6_CLINIC_0086_data,grupo 3,36,4.91,0.0,0,ok,0.47474747474747475,True,114.0,1.263,2.036
dataset6_CLINIC_0086_data,grupo 3,36,7.3,0.0,0,ok,0.47474747474747475,True,114.0,1.263,2.036
dataset6_CLINIC_0086_data,grupo 3,37,7.0,0.0,0,ok,0.4444444444444444,True,114.0,3.441,1.855
dataset6_CLINIC_0086_data,grupo 3,37,4.91,0.0,0,ok,0.4444444444444444,True,114.0,3.441,1.855
dataset6_CLINIC_0086_data,grupo 3,37,7.3,0.0,0,ok,0.4444444444444444,True,114.0,3.441,1.855
dataset6_CLINIC_0086_data,grupo 3,38,7.0,0.0,0,ok,0.42424242424242425,True,114.0,0.619,2.394
dataset6_CLINIC_0086_data,grupo 3,38,4.91,0.0,0,ok,0.42424242424242425,True,114.0,0.619,2.394
dataset6_CLINIC_0086_data,grupo 3,38,7.3,0.0,0,ok,0.42424242424242425,True,114.0,0.619,2.394
dataset6_CLINIC_0086_data,grupo 3,39,7.0,0.0,0,ok,0.42424242424242425,True,114.0,0.713,1.222
dataset6_CLINIC_0086_data,grupo 3,39,4.91,0.0,0,ok,0.42424242424242425,True,114.0,0.713,1.222
dataset6_CLINIC_0086_data,grupo 3,39,7.3,0.0,0,ok,0.42424242424242425,True,114.0,0.713,1.222
dataset6_CLINIC_0086_data,grupo 3,40,7.0,0.6672096252441406,1,ok,0.42424242424242425,True,114.0,4.613,0.684
dataset6_CLINIC_0086_data,grupo 3,40,4.91,0.0,0,ok,0.42424242424242425,True,114.0,4.613,0.684
dataset6_CLINIC_0086_data,grupo 3,40,7.3,0.8172097206115723,1,ok,0.42424242424242425,True,114.0,4.613,0.684
dataset6_CLINIC_0086_data,grupo 3,41,7.0,0.0,0,ok,0.40404040404040403,True,114.0,3.513,2.094
dataset6_CLINIC_0086_data,grupo 3,41,4.91,0.0,0,ok,0.40404040404040403,True,114.0,3.513,2.094
dataset6_CLINIC_0086_data,grupo 3,41,7.3,0.0,0,ok,0.40404040404040403,True,114.0,3.513,2.094
dataset6_CLINIC_0086_data,grupo 3,42,7.0,0.0,0,ok,0.4444444444444444,True,114.0,1.16,2.449
dataset6_CLINIC_0086_data,grupo 3,42,4.91,0.0,0,ok,0.4444444444444444,True,114.0,1.16,2.449
dataset6_CLINIC_0086_data,grupo 3,42,7.3,0.0,0,ok,0.4444444444444444,True,114.0,1.16,2.449
dataset6_CLINIC_0086_data,grupo 3,43,7.0,0.0,0,ok,0.47474747474747475,True,114.0,1.676,2.158
dataset6_CLINIC_0086_data,grupo 3,43,4.91,0.0,0,ok,0.47474747474747475,True,114.0,1.676,2.158
dataset6_CLINIC_0086_data,grupo 3,43,7.3,0.0,0,ok,0.47474747474747475,True,114.0,1.676,2.158
dataset6_CLINIC_0086_data,grupo 3,44,7.0,0.0,0,ok,0.35353535353535354,True,114.0,0.76,3.043
dataset6_CLINIC_0086_data,grupo 3,44,4.91,0.0,0,ok,0.35353535353535354,True,114.0,0.76,3.043
dataset6_CLINIC_0086_data,grupo 3,44,7.3,0.0,0,ok,0.35353535353535354,True,114.0,0.76,3.043
dataset6_CLINIC_0086_data,grupo 3,45,7.0,0.0,0,ok,0.46464646464646464,True,114.0,0.01,1.8
dataset6_CLINIC_0086_data,grupo 3,45,4.91,0.0,0,ok,0.46464646464646464,True,114.0,0.01,1.8
dataset6_CLINIC_0086_data,grupo 3,45,7.3,0.0,0,ok,0.46464646464646464,True,114.0,0.01,1.8
dataset6_CLINIC_0086_data,grupo 3,46,7.0,0.0,0,ok,0.4444444444444444,True,114.0,1.061,3.199
dataset6_CLINIC_0086_data,grupo 3,46,4.91,0.0,0,ok,0.4444444444444444,True,114.0,1.061,3.199
dataset6_CLINIC_0086_data,grupo 3,46,7.3,0.0,0,ok,0.4444444444444444,True,114.0,1.061,3.199
dataset6_CLINIC_0086_data,grupo 3,47,7.0,0.0,0,ok,0.43434343434343436,True,114.0,2.008,0.109
dataset6_CLINIC_0086_data,grupo 3,47,4.91,0.0,0,ok,0.43434343434343436,True,114.0,2.008,0.109
dataset6_CLINIC_0086_data,grupo 3,47,7.3,0.0,0,ok,0.43434343434343436,True,114.0,2.008,0.109
dataset6_CLINIC_0086_data,grupo 3,48,7.0,0.0,0,ok,0.46464646464646464,True,114.0,0.73,0.534
dataset6_CLINIC_0086_data,grupo 3,48,4.91,0.0,0,ok,0.46464646464646464,True,114.0,0.73,0.534
dataset6_CLINIC_0086_data,grupo 3,48,7.3,0.0,0,ok,0.46464646464646464,True,114.0,0.73,0.534
dataset6_CLINIC_0086_data,grupo 3,49,7.0,0.0,0,ok,0.43434343434343436,True,114.0,0.353,5.846
dataset6_CLINIC_0086_data,grupo 3,49,4.91,0.0,0,ok,0.43434343434343436,True,114.0,0.353,5.846
dataset6_CLINIC_0086_data,grupo 3,49,7.3,0.0,0,ok,0.43434343434343436,True,114.0,0.353,5.846
dataset6_CLINIC_0090_data,grupo 3,0,7.0,0.0,0,ok,0.7054263565891473,True,145.0,3.747,1.075
dataset6_CLINIC_0090_data,grupo 3,0,4.91,0.0,0,ok,0.7054263565891473,True,145.0,3.747,1.075
dataset6_CLINIC_0090_data,grupo 3,0,7.3,0.14199566841125488,1,ok,0.7054263565891473,True,145.0,3.747,1.075
dataset6_CLINIC_0090_data,grupo 3,1,7.0,1.348954200744629,1,ok,0.6046511627906976,True,145.0,2.055,3.376
dataset6_CLINIC_0090_data,grupo 3,1,4.91,0.3039541244506836,1,ok,0.6046511627906976,True,145.0,2.055,3.376
dataset6_CLINIC_0090_data,grupo 3,1,7.3,1.4989542961120605,1,ok,0.6046511627906976,True,145.0,2.055,3.376
dataset6_CLINIC_0090_data,grupo 3,2,7.0,0.0,0,ok,0.6356589147286822,True,145.0,3.17,0.705
dataset6_CLINIC_0090_data,grupo 3,2,4.91,0.0,0,ok,0.6356589147286822,True,145.0,3.17,0.705
dataset6_CLINIC_0090_data,grupo 3,2,7.3,0.0,0,ok,0.6356589147286822,True,145.0,3.17,0.705
dataset6_CLINIC_0090_data,grupo 3,3,7.0,0.0,0,ok,0.5813953488372093,True,145.0,0.395,3.734
dataset6_CLINIC_0090_data,grupo 3,3,4.91,0.0,0,ok,0.5813953488372093,True,145.0,0.395,3.734
dataset6_CLINIC_0090_data,grupo 3,3,7.3,0.0,0,ok,0.5813953488372093,True,145.0,0.395,3.734
dataset6_CLINIC_0090_data,grupo 3,4,7.0,0.0,0,ok,0.6434108527131783,True,145.0,1.309,2.066
dataset6_CLINIC_0090_data,grupo 3,4,4.91,0.0,0,ok,0.6434108527131783,True,145.0,1.309,2.066
dataset6_CLINIC_0090_data,grupo 3,4,7.3,0.0,0,ok,0.6434108527131783,True,145.0,1.309,2.066
dataset6_CLINIC_0090_data,grupo 3,5,7.0,0.0,0,ok,0.5658914728682171,True,145.0,1.487,1.578
dataset6_CLINIC_0090_data,grupo 3,5,4.91,0.0,0,ok,0.5658914728682171,True,145.0,1.487,1.578
dataset6_CLINIC_0090_data,grupo 3,5,7.3,0.0,0,ok,0.5658914728682171,True,145.0,1.487,1.578
dataset6_CLINIC_0090_data,grupo 3,6,7.0,0.0,0,ok,0.6046511627906976,True,145.0,0.902,1.839
dataset6_CLINIC_0090_data,grupo 3,6,4.91,0.0,0,ok,0.6046511627906976,True,145.0,0.902,1.839
dataset6_CLINIC_0090_data,grupo 3,6,7.3,0.0,0,ok,0.6046511627906976,True,145.0,0.902,1.839
dataset6_CLINIC_0090_data,grupo 3,7,7.0,0.8152279853820801,1,ok,0.7441860465116279,True,145.0,3.029,0.677
dataset6_CLINIC_0090_data,grupo 3,7,4.91,0.0,0,ok,0.7441860465116279,True,145.0,3.029,0.677
dataset6_CLINIC_0090_data,grupo 3,7,7.3,0.9652280807495117,1,ok,0.7441860465116279,True,145.0,3.029,0.677
dataset6_CLINIC_0090_data,grupo 3,8,7.0,1.8539761304855347,1,ok,0.6821705426356589,True,145.0,2.944,1.313
dataset6_CLINIC_0090_data,grupo 3,8,4.91,0.8089760541915894,1,ok,0.6821705426356589,True,145.0,2.944,1.313
dataset6_CLINIC_0090_data,grupo 3,8,7.3,2.003976345062256,2,ok,0.6821705426356589,True,145.0,2.944,1.313
dataset6_CLINIC_0090_data,grupo 3,9,7.0,0.32126951217651367,1,ok,0.7131782945736435,True,145.0,2.365,0.161
dataset6_CLINIC_0090_data,grupo 3,9,4.91,0.0,0,ok,0.7131782945736435,True,145.0,2.365,0.161
dataset6_CLINIC_0090_data,grupo 3,9,7.3,0.4712696075439453,1,ok,0.7131782945736435,True,145.0,2.365,0.161
dataset6_CLINIC_0090_data,grupo 3,10,7.0,0.0,0,ok,0.6744186046511628,True,145.0,1.857,0.964
dataset6_CLINIC_0090_data,grupo 3,10,4.91,0.0,0,ok,0.6744186046511628,True,145.0,1.857,0.964
dataset6_CLINIC_0090_data,grupo 3,10,7.3,0.0,0,ok,0.6744186046511628,True,145.0,1.857,0.964
dataset6_CLINIC_0090_data,grupo 3,11,7.0,0.0,0,ok,0.6124031007751938,True,145.0,0.017,0.014
dataset6_CLINIC_0090_data,grupo 3,11,4.91,0.0,0,ok,0.6124031007751938,True,145.0,0.017,0.014
dataset6_CLINIC_0090_data,grupo 3,11,7.3,0.0,0,ok,0.6124031007751938,True,145.0,0.017,0.014
dataset6_CLINIC_0090_data,grupo 3,12,7.0,0.0,0,ok,0.5813953488372093,True,145.0,1.767,1.595
dataset6_CLINIC_0090_data,grupo 3,12,4.91,0.0,0,ok,0.5813953488372093,True,145.0,1.767,1.595
dataset6_CLINIC_0090_data,grupo 3,12,7.3,0.0,0,ok,0.5813953488372093,True,145.0,1.767,1.595
dataset6_CLINIC_0090_data,grupo 3,13,7.0,0.4756298065185547,1,ok,0.6821705426356589,True,145.0,2.419,0.656
dataset6_CLINIC_0090_data,grupo 3,13,4.91,0.0,0,ok,0.6821705426356589,True,145.0,2.419,0.656
dataset6_CLINIC_0090_data,grupo 3,13,7.3,0.6256299018859863,1,ok,0.6821705426356589,True,145.0,2.419,0.656
dataset6_CLINIC_0090_data,grupo 3,14,7.0,1.597866177558899,1,ok,0.4496124031007752,True,145.0,4.741,0.255
dataset6_CLINIC_0090_data,grupo 3,14,4.91,0.5528661012649536,1,ok,0.4496124031007752,True,145.0,4.741,0.255
dataset6_CLINIC_0090_data,grupo 3,14,7.3,1.7478662729263306,1,ok,0.4496124031007752,True,145.0,4.741,0.255
dataset6_CLINIC_0090_data,grupo 3,15,7.0,0.0,0,ok,0.5968992248062015,True,145.0,1.848,4.215
dataset6_CLINIC_0090_data,grupo 3,15,4.91,0.0,0,ok,0.5968992248062015,True,145.0,1.848,4.215
dataset6_CLINIC_0090_data,grupo 3,15,7.3,0.0,0,ok,0.5968992248062015,True,145.0,1.848,4.215
dataset6_CLINIC_0090_data,grupo 3,16,7.0,0.0,0,ok,0.6821705426356589,True,145.0,1.246,0.65
dataset6_CLINIC_0090_data,grupo 3,16,4.91,0.0,0,ok,0.6821705426356589,True,145.0,1.246,0.65
dataset6_CLINIC_0090_data,grupo 3,16,7.3,0.0,0,ok,0.6821705426356589,True,145.0,1.246,0.65
dataset6_CLINIC_0090_data,grupo 3,17,7.0,0.0,0,ok,0.5891472868217055,True,145.0,1.591,0.367
dataset6_CLINIC_0090_data,grupo 3,17,4.91,0.0,0,ok,0.5891472868217055,True,145.0,1.591,0.367
dataset6_CLINIC_0090_data,grupo 3,17,7.3,0.0,0,ok,0.5891472868217055,True,145.0,1.591,0.367
dataset6_CLINIC_0090_data,grupo 3,18,7.0,2.1945462226867676,2,ok,0.7131782945736435,True,145.0,5.766,2.031
dataset6_CLINIC_0090_data,grupo 3,18,4.91,1.1495462656021118,1,ok,0.7131782945736435,True,145.0,5.766,2.031
dataset6_CLINIC_0090_data,grupo 3,18,7.3,2.344546318054199,2,ok,0.7131782945736435,True,145.0,5.766,2.031
dataset6_CLINIC_0090_data,grupo 3,19,7.0,0.0,0,ok,0.5426356589147286,True,145.0,1.414,0.682
dataset6_CLINIC_0090_data,grupo 3,19,4.91,0.0,0,ok,0.5426356589147286,True,145.0,1.414,0.682
dataset6_CLINIC_0090_data,grupo 3,19,7.3,0.0,0,ok,0.5426356589147286,True,145.0,1.414,0.682
dataset6_CLINIC_0090_data,grupo 3,20,7.0,2.343597412109375,2,ok,0.7596899224806202,True,145.0,3.507,1.74
dataset6_CLINIC_0090_data,grupo 3,20,4.91,1.2985973358154297,1,ok,0.7596899224806202,True,145.0,3.507,1.74
dataset6_CLINIC_0090_data,grupo 3,20,7.3,2.4935975074768066,2,ok,0.7596899224806202,True,145.0,3.507,1.74
dataset6_CLINIC_0090_data,grupo 3,21,7.0,2.4351842403411865,2,ok,0.7209302325581395,True,145.0,3.88,1.809
dataset6_CLINIC_0090_data,grupo 3,21,4.91,1.3901841640472412,1,ok,0.7209302325581395,True,145.0,3.88,1.809
dataset6_CLINIC_0090_data,grupo 3,21,7.3,2.585184335708618,2,ok,0.7209302325581395,True,145.0,3.88,1.809
dataset6_CLINIC_0090_data,grupo 3,22,7.0,0.0,0,ok,0.6434108527131783,True,145.0,0.15,1.995
dataset6_CLINIC_0090_data,grupo 3,22,4.91,0.0,0,ok,0.6434108527131783,True,145.0,0.15,1.995
dataset6_CLINIC_0090_data,grupo 3,22,7.3,0.0,0,ok,0.6434108527131783,True,145.0,0.15,1.995
dataset6_CLINIC_0090_data,grupo 3,23,7.0,0.8598513603210449,1,ok,0.7286821705426356,True,145.0,2.662,1.175
dataset6_CLINIC_0090_data,grupo 3,23,4.91,0.0,0,ok,0.7286821705426356,True,145.0,2.662,1.175
dataset6_CLINIC_0090_data,grupo 3,23,7.3,1.0098514556884766,1,ok,0.7286821705426356,True,145.0,2.662,1.175
dataset6_CLINIC_0090_data,grupo 3,24,7.0,0.27370762825012207,1,ok,0.5658914728682171,True,145.0,1.432,3.046
dataset6_CLINIC_0090_data,grupo 3,24,4.91,0.0,0,ok,0.5658914728682171,True,145.0,1.432,3.046
dataset6_CLINIC_0090_data,grupo 3,24,7.3,0.4237077236175537,1,ok,0.5658914728682171,True,145.0,1.432,3.046
dataset6_CLINIC_0090_data,grupo 3,25,7.0,0.0,0,ok,0.6744186046511628,True,145.0,0.709,1.3
dataset6_CLINIC_0090_data,grupo 3,25,4.91,0.0,0,ok,0.6744186046511628,True,145.0,0.709,1.3
dataset6_CLINIC_0090_data,grupo 3,25,7.3,0.0,0,ok,0.6744186046511628,True,145.0,0.709,1.3
dataset6_CLINIC_0090_data,grupo 3,26,7.0,1.1093270778656006,1,ok,0.7829457364341085,True,145.0,3.104,0.694
dataset6_CLINIC_0090_data,grupo 3,26,4.91,0.06432700157165527,1,ok,0.7829457364341085,True,145.0,3.104,0.694
dataset6_CLINIC_0090_data,grupo 3,26,7.3,1.2593271732330322,1,ok,0.7829457364341085,True,145.0,3.104,0.694
dataset6_CLINIC_0090_data,grupo 3,27,7.0,0.0,0,ok,0.6976744186046512,True,145.0,2.913,1.839
dataset6_CLINIC_0090_data,grupo 3,27,4.91,0.0,0,ok,0.6976744186046512,True,145.0,2.913,1.839
dataset6_CLINIC_0090_data,grupo 3,27,7.3,0.02610158920288086,1,ok,0.6976744186046512,True,145.0,2.913,1.839
dataset6_CLINIC_0090_data,grupo 3,28,7.0,0.28325462341308594,1,ok,0.6046511627906976,True,145.0,0.364,2.716
dataset6_CLINIC_0090_data,grupo 3,28,4.91,0.0,0,ok,0.6046511627906976,True,145.0,0.364,2.716
dataset6_CLINIC_0090_data,grupo 3,28,7.3,0.4332547187805176,1,ok,0.6046511627906976,True,145.0,0.364,2.716
dataset6_CLINIC_0090_data,grupo 3,29,7.0,0.0,0,ok,0.5891472868217055,True,145.0,0.015,2.795
dataset6_CLINIC_0090_data,grupo 3,29,4.91,0.0,0,ok,0.5891472868217055,True,145.0,0.015,2.795
dataset6_CLINIC_0090_data,grupo 3,29,7.3,0.0,0,ok,0.5891472868217055,True,145.0,0.015,2.795
dataset6_CLINIC_0090_data,grupo 3,30,7.0,0.0,0,ok,0.6046511627906976,True,145.0,0.692,1.238
dataset6_CLINIC_0090_data,grupo 3,30,4.91,0.0,0,ok,0.6046511627906976,True,145.0,0.692,1.238
dataset6_CLINIC_0090_data,grupo 3,30,7.3,0.0,0,ok,0.6046511627906976,True,145.0,0.692,1.238
dataset6_CLINIC_0090_data,grupo 3,31,7.0,0.0,0,ok,0.6124031007751938,True,145.0,0.955,0.725
dataset6_CLINIC_0090_data,grupo 3,31,4.91,0.0,0,ok,0.6124031007751938,True,145.0,0.955,0.725
dataset6_CLINIC_0090_data,grupo 3,31,7.3,0.0,0,ok,0.6124031007751938,True,145.0,0.955,0.725
dataset6_CLINIC_0090_data,grupo 3,32,7.0,0.9478869438171387,1,ok,0.6666666666666666,True,145.0,0.655,3.171
dataset6_CLINIC_0090_data,grupo 3,32,4.91,0.0,0,ok,0.6666666666666666,True,145.0,0.655,3.171
dataset6_CLINIC_0090_data,grupo 3,32,7.3,1.0978870391845703,1,ok,0.6666666666666666,True,145.0,0.655,3.171
dataset6_CLINIC_0090_data,grupo 3,33,7.0,0.0,0,ok,0.6744186046511628,True,145.0,1.598,0.972
dataset6_CLINIC_0090_data,grupo 3,33,4.91,0.0,0,ok,0.6744186046511628,True,145.0,1.598,0.972
dataset6_CLINIC_0090_data,grupo 3,33,7.3,0.0,0,ok,0.6744186046511628,True,145.0,1.598,0.972
dataset6_CLINIC_0090_data,grupo 3,34,7.0,1.9036755561828613,1,ok,0.7829457364341085,True,145.0,3.804,3.731
dataset6_CLINIC_0090_data,grupo 3,34,4.91,0.858675479888916,1,ok,0.7829457364341085,True,145.0,3.804,3.731
dataset6_CLINIC_0090_data,grupo 3,34,7.3,2.053675651550293,2,ok,0.7829457364341085,True,145.0,3.804,3.731
dataset6_CLINIC_0090_data,grupo 3,35,7.0,1.0315907001495361,1,ok,0.5968992248062015,True,145.0,3.009,2.846
dataset6_CLINIC_0090_data,grupo 3,35,4.91,0.0,0,ok,0.5968992248062015,True,145.0,3.009,2.846
dataset6_CLINIC_0090_data,grupo 3,35,7.3,1.1815907955169678,1,ok,0.5968992248062015,True,145.0,3.009,2.846
dataset6_CLINIC_0090_data,grupo 3,36,7.0,0.0,0,ok,0.5736434108527132,True,145.0,3.586,1.618
dataset6_CLINIC_0090_data,grupo 3,36,4.91,0.0,0,ok,0.5736434108527132,True,145.0,3.586,1.618
dataset6_CLINIC_0090_data,grupo 3,36,7.3,0.0,0,ok,0.5736434108527132,True,145.0,3.586,1.618
dataset6_CLINIC_0090_data,grupo 3,37,7.0,0.0,0,ok,0.627906976744186,True,145.0,1.353,2.446
dataset6_CLINIC_0090_data,grupo 3,37,4.91,0.0,0,ok,0.627906976744186,True,145.0,1.353,2.446
dataset6_CLINIC_0090_data,grupo 3,37,7.3,0.0,0,ok,0.627906976744186,True,145.0,1.353,2.446
dataset6_CLINIC_0090_data,grupo 3,38,7.0,0.0,0,ok,0.6046511627906976,True,145.0,0.608,0.581
dataset6_CLINIC_0090_data,grupo 3,38,4.91,0.0,0,ok,0.6046511627906976,True,145.0,0.608,0.581
dataset6_CLINIC_0090_data,grupo 3,38,7.3,0.0,0,ok,0.6046511627906976,True,145.0,0.608,0.581
dataset6_CLINIC_0090_data,grupo 3,39,7.0,0.0,0,ok,0.5968992248062015,True,145.0,0.999,0.353
dataset6_CLINIC_0090_data,grupo 3,39,4.91,0.0,0,ok,0.5968992248062015,True,145.0,0.999,0.353
dataset6_CLINIC_0090_data,grupo 3,39,7.3,0.0,0,ok,0.5968992248062015,True,145.0,0.999,0.353
dataset6_CLINIC_0090_data,grupo 3,40,7.0,0.0,0,ok,0.6046511627906976,True,145.0,2.033,1.457
dataset6_CLINIC_0090_data,grupo 3,40,4.91,0.0,0,ok,0.6046511627906976,True,145.0,2.033,1.457
dataset6_CLINIC_0090_data,grupo 3,40,7.3,0.0,0,ok,0.6046511627906976,True,145.0,2.033,1.457
dataset6_CLINIC_0090_data,grupo 3,41,7.0,0.0,0,ok,0.5736434108527132,True,145.0,2.072,2.204
dataset6_CLINIC_0090_data,grupo 3,41,4.91,0.0,0,ok,0.5736434108527132,True,145.0,2.072,2.204
dataset6_CLINIC_0090_data,grupo 3,41,7.3,0.0,0,ok,0.5736434108527132,True,145.0,2.072,2.204
dataset6_CLINIC_0090_data,grupo 3,42,7.0,0.7078938484191895,1,ok,0.6744186046511628,True,145.0,0.51,1.874
dataset6_CLINIC_0090_data,grupo 3,42,4.91,0.0,0,ok,0.6744186046511628,True,145.0,0.51,1.874
dataset6_CLINIC_0090_data,grupo 3,42,7.3,0.8578939437866211,1,ok,0.6744186046511628,True,145.0,0.51,1.874
dataset6_CLINIC_0090_data,grupo 3,43,7.0,0.0,0,ok,0.5968992248062015,True,145.0,0.74,0.501
dataset6_CLINIC_0090_data,grupo 3,43,4.91,0.0,0,ok,0.5968992248062015,True,145.0,0.74,0.501
dataset6_CLINIC_0090_data,grupo 3,43,7.3,0.0,0,ok,0.5968992248062015,True,145.0,0.74,0.501
dataset6_CLINIC_0090_data,grupo 3,44,7.0,0.0,0,ok,0.6201550387596899,True,145.0,0.793,4.606
dataset6_CLINIC_0090_data,grupo 3,44,4.91,0.0,0,ok,0.6201550387596899,True,145.0,0.793,4.606
dataset6_CLINIC_0090_data,grupo 3,44,7.3,0.0,0,ok,0.6201550387596899,True,145.0,0.793,4.606
dataset6_CLINIC_0090_data,grupo 3,45,7.0,2.1149702072143555,2,ok,0.6821705426356589,True,145.0,3.147,3.439
dataset6_CLINIC_0090_data,grupo 3,45,4.91,1.0699702501296997,1,ok,0.6821705426356589,True,145.0,3.147,3.439
dataset6_CLINIC_0090_data,grupo 3,45,7.3,2.264970302581787,2,ok,0.6821705426356589,True,145.0,3.147,3.439
dataset6_CLINIC_0090_data,grupo 3,46,7.0,0.0,0,ok,0.6201550387596899,True,145.0,1.077,2.248
dataset6_CLINIC_0090_data,grupo 3,46,4.91,0.0,0,ok,0.6201550387596899,True,145.0,1.077,2.248
dataset6_CLINIC_0090_data,grupo 3,46,7.3,0.09399247169494629,1,ok,0.6201550387596899,True,145.0,1.077,2.248
dataset6_CLINIC_0090_data,grupo 3,47,7.0,1.2913413047790527,1,ok,0.7596899224806202,True,145.0,3.577,0.835
dataset6_CLINIC_0090_data,grupo 3,47,4.91,0.24634122848510742,1,ok,0.7596899224806202,True,145.0,3.577,0.835
dataset6_CLINIC_0090_data,grupo 3,47,7.3,1.4413414001464844,1,ok,0.7596899224806202,True,145.0,3.577,0.835
dataset6_CLINIC_0090_data,grupo 3,48,7.0,0.0,0,ok,0.6356589147286822,True,145.0,0.457,2.026
dataset6_CLINIC_0090_data,grupo 3,48,4.91,0.0,0,ok,0.6356589147286822,True,145.0,0.457,2.026
dataset6_CLINIC_0090_data,grupo 3,48,7.3,0.0,0,ok,0.6356589147286822,True,145.0,0.457,2.026
dataset6_CLINIC_0090_data,grupo 3,49,7.0,1.2371623516082764,1,ok,0.7906976744186046,True,145.0,3.301,0.892
dataset6_CLINIC_0090_data,grupo 3,49,4.91,0.19216227531433105,1,ok,0.7906976744186046,True,145.0,3.301,0.892
dataset6_CLINIC_0090_data,grupo 3,49,7.3,1.387162446975708,1,ok,0.7906976744186046,True,145.0,3.301,0.892
dataset6_CLINIC_0088_data,grupo 3,0,7.0,1.4985692501068115,1,ok,0.6666666666666666,True,139.0,3.588,0.565
dataset6_CLINIC_0088_data,grupo 3,0,4.91,0.4535691738128662,1,ok,0.6666666666666666,True,139.0,3.588,0.565
dataset6_CLINIC_0088_data,grupo 3,0,7.3,1.6485693454742432,1,ok,0.6666666666666666,True,139.0,3.588,0.565
dataset6_CLINIC_0088_data,grupo 3,1,7.0,0.0,0,ok,0.6910569105691057,True,139.0,1.297,2.558
dataset6_CLINIC_0088_data,grupo 3,1,4.91,0.0,0,ok,0.6910569105691057,True,139.0,1.297,2.558
dataset6_CLINIC_0088_data,grupo 3,1,7.3,0.0,0,ok,0.6910569105691057,True,139.0,1.297,2.558
dataset6_CLINIC_0088_data,grupo 3,2,7.0,0.012212038040161133,1,ok,0.5609756097560976,True,139.0,2.278,2.09
dataset6_CLINIC_0088_data,grupo 3,2,4.91,0.0,0,ok,0.5609756097560976,True,139.0,2.278,2.09
dataset6_CLINIC_0088_data,grupo 3,2,7.3,0.16221213340759277,1,ok,0.5609756097560976,True,139.0,2.278,2.09
dataset6_CLINIC_0088_data,grupo 3,3,7.0,0.0,0,ok,0.6260162601626016,True,139.0,1.386,1.237
dataset6_CLINIC_0088_data,grupo 3,3,4.91,0.0,0,ok,0.6260162601626016,True,139.0,1.386,1.237
dataset6_CLINIC_0088_data,grupo 3,3,7.3,0.0,0,ok,0.6260162601626016,True,139.0,1.386,1.237
dataset6_CLINIC_0088_data,grupo 3,4,7.0,2.6911587715148926,2,ok,0.4065040650406504,True,139.0,4.717,1.585
dataset6_CLINIC_0088_data,grupo 3,4,4.91,1.6461588144302368,1,ok,0.4065040650406504,True,139.0,4.717,1.585
dataset6_CLINIC_0088_data,grupo 3,4,7.3,2.841158866882324,2,ok,0.4065040650406504,True,139.0,4.717,1.585
dataset6_CLINIC_0088_data,grupo 3,5,7.0,0.10038352012634277,1,ok,0.4878048780487805,True,139.0,3.413,3.372
dataset6_CLINIC_0088_data,grupo 3,5,4.91,0.0,0,ok,0.4878048780487805,True,139.0,3.413,3.372
dataset6_CLINIC_0088_data,grupo 3,5,7.3,0.2503836154937744,1,ok,0.4878048780487805,True,139.0,3.413,3.372
dataset6_CLINIC_0088_data,grupo 3,6,7.0,0.0,0,ok,0.6260162601626016,True,139.0,0.866,0.824
dataset6_CLINIC_0088_data,grupo 3,6,4.91,0.0,0,ok,0.6260162601626016,True,139.0,0.866,0.824
dataset6_CLINIC_0088_data,grupo 3,6,7.3,0.0,0,ok,0.6260162601626016,True,139.0,0.866,0.824
dataset6_CLINIC_0088_data,grupo 3,7,7.0,0.0,0,ok,0.6341463414634146,True,139.0,1.406,1.083
dataset6_CLINIC_0088_data,grupo 3,7,4.91,0.0,0,ok,0.6341463414634146,True,139.0,1.406,1.083
dataset6_CLINIC_0088_data,grupo 3,7,7.3,0.0,0,ok,0.6341463414634146,True,139.0,1.406,1.083
dataset6_CLINIC_0088_data,grupo 3,8,7.0,0.21762418746948242,1,ok,0.5772357723577236,True,139.0,2.151,1.014
dataset6_CLINIC_0088_data,grupo 3,8,4.91,0.0,0,ok,0.5772357723577236,True,139.0,2.151,1.014
dataset6_CLINIC_0088_data,grupo 3,8,7.3,0.36762428283691406,1,ok,0.5772357723577236,True,139.0,2.151,1.014
dataset6_CLINIC_0088_data,grupo 3,9,7.0,0.0,0,ok,0.5934959349593496,True,139.0,1.943,2.363
dataset6_CLINIC_0088_data,grupo 3,9,4.91,0.0,0,ok,0.5934959349593496,True,139.0,1.943,2.363
dataset6_CLINIC_0088_data,grupo 3,9,7.3,0.0,0,ok,0.5934959349593496,True,139.0,1.943,2.363
dataset6_CLINIC_0088_data,grupo 3,10,7.0,0.9966599941253662,1,ok,0.6504065040650406,True,139.0,4.197,0.8
dataset6_CLINIC_0088_data,grupo 3,10,4.91,0.0,0,ok,0.6504065040650406,True,139.0,4.197,0.8
dataset6_CLINIC_0088_data,grupo 3,10,7.3,1.1466600894927979,1,ok,0.6504065040650406,True,139.0,4.197,0.8
dataset6_CLINIC_0088_data,grupo 3,11,7.0,0.40171289443969727,1,ok,0.6585365853658537,True,139.0,3.734,2.31
dataset6_CLINIC_0088_data,grupo 3,11,4.91,0.0,0,ok,0.6585365853658537,True,139.0,3.734,2.31
dataset6_CLINIC_0088_data,grupo 3,11,7.3,0.5517129898071289,1,ok,0.6585365853658537,True,139.0,3.734,2.31
dataset6_CLINIC_0088_data,grupo 3,12,7.0,0.0,0,ok,0.5853658536585366,True,139.0,0.298,0.155
dataset6_CLINIC_0088_data,grupo 3,12,4.91,0.0,0,ok,0.5853658536585366,True,139.0,0.298,0.155
dataset6_CLINIC_0088_data,grupo 3,12,7.3,0.0,0,ok,0.5853658536585366,True,139.0,0.298,0.155
dataset6_CLINIC_0088_data,grupo 3,13,7.0,0.0,0,ok,0.6178861788617886,True,139.0,1.169,1.05
dataset6_CLINIC_0088_data,grupo 3,13,4.91,0.0,0,ok,0.6178861788617886,True,139.0,1.169,1.05
dataset6_CLINIC_0088_data,grupo 3,13,7.3,0.0,0,ok,0.6178861788617886,True,139.0,1.169,1.05
dataset6_CLINIC_0088_data,grupo 3,14,7.0,0.0,0,ok,0.6341463414634146,True,139.0,2.594,0.836
dataset6_CLINIC_0088_data,grupo 3,14,4.91,0.0,0,ok,0.6341463414634146,True,139.0,2.594,0.836
dataset6_CLINIC_0088_data,grupo 3,14,7.3,0.0,0,ok,0.6341463414634146,True,139.0,2.594,0.836
dataset6_CLINIC_0088_data,grupo 3,15,7.0,1.8410379886627197,1,ok,0.3821138211382114,True,139.0,3.744,0.012
dataset6_CLINIC_0088_data,grupo 3,15,4.91,0.7960379123687744,1,ok,0.3821138211382114,True,139.0,3.744,0.012
dataset6_CLINIC_0088_data,grupo 3,15,7.3,1.9910380840301514,1,ok,0.3821138211382114,True,139.0,3.744,0.012
dataset6_CLINIC_0088_data,grupo 3,16,7.0,0.7016215324401855,1,ok,0.5121951219512195,True,139.0,2.525,0.638
dataset6_CLINIC_0088_data,grupo 3,16,4.91,0.0,0,ok,0.5121951219512195,True,139.0,2.525,0.638
dataset6_CLINIC_0088_data,grupo 3,16,7.3,0.8516216278076172,1,ok,0.5121951219512195,True,139.0,2.525,0.638
dataset6_CLINIC_0088_data,grupo 3,17,7.0,0.0,0,ok,0.6341463414634146,True,139.0,0.313,1.954
dataset6_CLINIC_0088_data,grupo 3,17,4.91,0.0,0,ok,0.6341463414634146,True,139.0,0.313,1.954
dataset6_CLINIC_0088_data,grupo 3,17,7.3,0.0,0,ok,0.6341463414634146,True,139.0,0.313,1.954
dataset6_CLINIC_0088_data,grupo 3,18,7.0,0.0,0,ok,0.6016260162601627,True,139.0,0.614,2.479
dataset6_CLINIC_0088_data,grupo 3,18,4.91,0.0,0,ok,0.6016260162601627,True,139.0,0.614,2.479
dataset6_CLINIC_0088_data,grupo 3,18,7.3,0.0,0,ok,0.6016260162601627,True,139.0,0.614,2.479
dataset6_CLINIC_0088_data,grupo 3,19,7.0,1.9550946950912476,1,ok,0.6666666666666666,True,139.0,4.311,0.352
dataset6_CLINIC_0088_data,grupo 3,19,4.91,0.9100946187973022,1,ok,0.6666666666666666,True,139.0,4.311,0.352
dataset6_CLINIC_0088_data,grupo 3,19,7.3,2.1050949096679688,2,ok,0.6666666666666666,True,139.0,4.311,0.352
dataset6_CLINIC_0088_data,grupo 3,20,7.0,0.0,0,ok,0.6585365853658537,True,139.0,1.066,2.591
dataset6_CLINIC_0088_data,grupo 3,20,4.91,0.0,0,ok,0.6585365853658537,True,139.0,1.066,2.591
dataset6_CLINIC_0088_data,grupo 3,20,7.3,0.0,0,ok,0.6585365853658537,True,139.0,1.066,2.591
dataset6_CLINIC_0088_data,grupo 3,21,7.0,1.4865148067474365,1,ok,0.3983739837398374,True,139.0,5.507,1.124
dataset6_CLINIC_0088_data,grupo 3,21,4.91,0.4415147304534912,1,ok,0.3983739837398374,True,139.0,5.507,1.124
dataset6_CLINIC_0088_data,grupo 3,21,7.3,1.6365149021148682,1,ok,0.3983739837398374,True,139.0,5.507,1.124
dataset6_CLINIC_0088_data,grupo 3,22,7.0,0.0,0,ok,0.6178861788617886,True,139.0,0.69,3.928
dataset6_CLINIC_0088_data,grupo 3,22,4.91,0.0,0,ok,0.6178861788617886,True,139.0,0.69,3.928
dataset6_CLINIC_0088_data,grupo 3,22,7.3,0.0,0,ok,0.6178861788617886,True,139.0,0.69,3.928
dataset6_CLINIC_0088_data,grupo 3,23,7.0,0.0,0,ok,0.6504065040650406,True,139.0,0.589,1.715
dataset6_CLINIC_0088_data,grupo 3,23,4.91,0.0,0,ok,0.6504065040650406,True,139.0,0.589,1.715
dataset6_CLINIC_0088_data,grupo 3,23,7.3,0.0,0,ok,0.6504065040650406,True,139.0,0.589,1.715
dataset6_CLINIC_0088_data,grupo 3,24,7.0,0.0,0,ok,0.6504065040650406,True,139.0,0.429,0.271
dataset6_CLINIC_0088_data,grupo 3,24,4.91,0.0,0,ok,0.6504065040650406,True,139.0,0.429,0.271
dataset6_CLINIC_0088_data,grupo 3,24,7.3,0.0,0,ok,0.6504065040650406,True,139.0,0.429,0.271
dataset6_CLINIC_0088_data,grupo 3,25,7.0,1.6245557069778442,1,ok,0.6341463414634146,True,139.0,3.997,1.197
dataset6_CLINIC_0088_data,grupo 3,25,4.91,0.5795556306838989,1,ok,0.6341463414634146,True,139.0,3.997,1.197
dataset6_CLINIC_0088_data,grupo 3,25,7.3,1.7745558023452759,1,ok,0.6341463414634146,True,139.0,3.997,1.197
dataset6_CLINIC_0088_data,grupo 3,26,7.0,0.0,0,ok,0.6178861788617886,True,139.0,1.496,0.72
dataset6_CLINIC_0088_data,grupo 3,26,4.91,0.0,0,ok,0.6178861788617886,True,139.0,1.496,0.72
dataset6_CLINIC_0088_data,grupo 3,26,7.3,0.0,0,ok,0.6178861788617886,True,139.0,1.496,0.72
dataset6_CLINIC_0088_data,grupo 3,27,7.0,0.7240073680877686,1,ok,0.6341463414634146,True,139.0,3.741,1.033
dataset6_CLINIC_0088_data,grupo 3,27,4.91,0.0,0,ok,0.6341463414634146,True,139.0,3.741,1.033
dataset6_CLINIC_0088_data,grupo 3,27,7.3,0.8740074634552002,1,ok,0.6341463414634146,True,139.0,3.741,1.033
dataset6_CLINIC_0088_data,grupo 3,28,7.0,0.0,0,ok,0.6341463414634146,True,139.0,0.476,1.948
dataset6_CLINIC_0088_data,grupo 3,28,4.91,0.0,0,ok,0.6341463414634146,True,139.0,0.476,1.948
dataset6_CLINIC_0088_data,grupo 3,28,7.3,0.0,0,ok,0.6341463414634146,True,139.0,0.476,1.948
dataset6_CLINIC_0088_data,grupo 3,29,7.0,0.0,0,ok,0.6178861788617886,True,139.0,0.813,2.587
dataset6_CLINIC_0088_data,grupo 3,29,4.91,0.0,0,ok,0.6178861788617886,True,139.0,0.813,2.587
dataset6_CLINIC_0088_data,grupo 3,29,7.3,0.0,0,ok,0.6178861788617886,True,139.0,0.813,2.587
dataset6_CLINIC_0088_data,grupo 3,30,7.0,0.8845221996307373,1,ok,0.6341463414634146,True,139.0,3.015,2.604
dataset6_CLINIC_0088_data,grupo 3,30,4.91,0.0,0,ok,0.6341463414634146,True,139.0,3.015,2.604
dataset6_CLINIC_0088_data,grupo 3,30,7.3,1.034522294998169,1,ok,0.6341463414634146,True,139.0,3.015,2.604
dataset6_CLINIC_0088_data,grupo 3,31,7.0,0.0,0,ok,0.6910569105691057,True,139.0,1.234,4.802
dataset6_CLINIC_0088_data,grupo 3,31,4.91,0.0,0,ok,0.6910569105691057,True,139.0,1.234,4.802
dataset6_CLINIC_0088_data,grupo 3,31,7.3,0.0,0,ok,0.6910569105691057,True,139.0,1.234,4.802
dataset6_CLINIC_0088_data,grupo 3,32,7.0,0.0,0,ok,0.6178861788617886,True,139.0,1.141,0.918
dataset6_CLINIC_0088_data,grupo 3,32,4.91,0.0,0,ok,0.6178861788617886,True,139.0,1.141,0.918
dataset6_CLINIC_0088_data,grupo 3,32,7.3,0.0,0,ok,0.6178861788617886,True,139.0,1.141,0.918
dataset6_CLINIC_0088_data,grupo 3,33,7.0,0.0,0,ok,0.6260162601626016,True,139.0,0.471,0.624
dataset6_CLINIC_0088_data,grupo 3,33,4.91,0.0,0,ok,0.6260162601626016,True,139.0,0.471,0.624
dataset6_CLINIC_0088_data,grupo 3,33,7.3,0.0,0,ok,0.6260162601626016,True,139.0,0.471,0.624
dataset6_CLINIC_0088_data,grupo 3,34,7.0,0.0,0,ok,0.6991869918699187,True,139.0,0.677,2.753
dataset6_CLINIC_0088_data,grupo 3,34,4.91,0.0,0,ok,0.6991869918699187,True,139.0,0.677,2.753
dataset6_CLINIC_0088_data,grupo 3,34,7.3,0.0,0,ok,0.6991869918699187,True,139.0,0.677,2.753
dataset6_CLINIC_0088_data,grupo 3,35,7.0,0.0,0,ok,0.5853658536585366,True,139.0,1.981,0.933
dataset6_CLINIC_0088_data,grupo 3,35,4.91,0.0,0,ok,0.5853658536585366,True,139.0,1.981,0.933
dataset6_CLINIC_0088_data,grupo 3,35,7.3,0.0,0,ok,0.5853658536585366,True,139.0,1.981,0.933
dataset6_CLINIC_0088_data,grupo 3,36,7.0,0.0,0,ok,0.6829268292682927,True,139.0,0.483,2.4
dataset6_CLINIC_0088_data,grupo 3,36,4.91,0.0,0,ok,0.6829268292682927,True,139.0,0.483,2.4
dataset6_CLINIC_0088_data,grupo 3,36,7.3,0.0,0,ok,0.6829268292682927,True,139.0,0.483,2.4
dataset6_CLINIC_0088_data,grupo 3,37,7.0,0.22022652626037598,1,ok,0.6097560975609756,True,139.0,2.412,1.741
dataset6_CLINIC_0088_data,grupo 3,37,4.91,0.0,0,ok,0.6097560975609756,True,139.0,2.412,1.741
dataset6_CLINIC_0088_data,grupo 3,37,7.3,0.3702266216278076,1,ok,0.6097560975609756,True,139.0,2.412,1.741
dataset6_CLINIC_0088_data,grupo 3,38,7.0,0.0,0,ok,0.6178861788617886,True,139.0,0.171,3.88
dataset6_CLINIC_0088_data,grupo 3,38,4.91,0.0,0,ok,0.6178861788617886,True,139.0,0.171,3.88
dataset6_CLINIC_0088_data,grupo 3,38,7.3,0.0,0,ok,0.6178861788617886,True,139.0,0.171,3.88
dataset6_CLINIC_0088_data,grupo 3,39,7.0,0.0,0,ok,0.6341463414634146,True,139.0,0.009,0.516
dataset6_CLINIC_0088_data,grupo 3,39,4.91,0.0,0,ok,0.6341463414634146,True,139.0,0.009,0.516
dataset6_CLINIC_0088_data,grupo 3,39,7.3,0.0,0,ok,0.6341463414634146,True,139.0,0.009,0.516
dataset6_CLINIC_0088_data,grupo 3,40,7.0,0.0,0,ok,0.6097560975609756,True,139.0,1.851,0.922
dataset6_CLINIC_0088_data,grupo 3,40,4.91,0.0,0,ok,0.6097560975609756,True,139.0,1.851,0.922
dataset6_CLINIC_0088_data,grupo 3,40,7.3,0.0,0,ok,0.6097560975609756,True,139.0,1.851,0.922
dataset6_CLINIC_0088_data,grupo 3,41,7.0,0.0,0,ok,0.5934959349593496,True,139.0,2.73,0.816
dataset6_CLINIC_0088_data,grupo 3,41,4.91,0.0,0,ok,0.5934959349593496,True,139.0,2.73,0.816
dataset6_CLINIC_0088_data,grupo 3,41,7.3,0.10096096992492676,1,ok,0.5934959349593496,True,139.0,2.73,0.816
dataset6_CLINIC_0088_data,grupo 3,42,7.0,0.0,0,ok,0.6422764227642277,True,139.0,1.046,1.23
dataset6_CLINIC_0088_data,grupo 3,42,4.91,0.0,0,ok,0.6422764227642277,True,139.0,1.046,1.23
dataset6_CLINIC_0088_data,grupo 3,42,7.3,0.0,0,ok,0.6422764227642277,True,139.0,1.046,1.23
dataset6_CLINIC_0088_data,grupo 3,43,7.0,0.0,0,ok,0.6422764227642277,True,139.0,2.704,1.288
dataset6_CLINIC_0088_data,grupo 3,43,4.91,0.0,0,ok,0.6422764227642277,True,139.0,2.704,1.288
dataset6_CLINIC_0088_data,grupo 3,43,7.3,0.0,0,ok,0.6422764227642277,True,139.0,2.704,1.288
dataset6_CLINIC_0088_data,grupo 3,44,7.0,0.0,0,ok,0.6991869918699187,True,139.0,0.336,4.052
dataset6_CLINIC_0088_data,grupo 3,44,4.91,0.0,0,ok,0.6991869918699187,True,139.0,0.336,4.052
dataset6_CLINIC_0088_data,grupo 3,44,7.3,0.0,0,ok,0.6991869918699187,True,139.0,0.336,4.052
dataset6_CLINIC_0088_data,grupo 3,45,7.0,0.0,0,ok,0.6016260162601627,True,139.0,0.465,0.847
dataset6_CLINIC_0088_data,grupo 3,45,4.91,0.0,0,ok,0.6016260162601627,True,139.0,0.465,0.847
dataset6_CLINIC_0088_data,grupo 3,45,7.3,0.0,0,ok,0.6016260162601627,True,139.0,0.465,0.847
dataset6_CLINIC_0088_data,grupo 3,46,7.0,0.0,0,ok,0.6504065040650406,True,139.0,0.42,2.313
dataset6_CLINIC_0088_data,grupo 3,46,4.91,0.0,0,ok,0.6504065040650406,True,139.0,0.42,2.313
dataset6_CLINIC_0088_data,grupo 3,46,7.3,0.0,0,ok,0.6504065040650406,True,139.0,0.42,2.313
dataset6_CLINIC_0088_data,grupo 3,47,7.0,0.0,0,ok,0.6504065040650406,True,139.0,0.676,0.689
dataset6_CLINIC_0088_data,grupo 3,47,4.91,0.0,0,ok,0.6504065040650406,True,139.0,0.676,0.689
dataset6_CLINIC_0088_data,grupo 3,47,7.3,0.0,0,ok,0.6504065040650406,True,139.0,0.676,0.689
dataset6_CLINIC_0088_data,grupo 3,48,7.0,0.0,0,ok,0.6260162601626016,True,139.0,1.252,2.975
dataset6_CLINIC_0088_data,grupo 3,48,4.91,0.0,0,ok,0.6260162601626016,True,139.0,1.252,2.975
dataset6_CLINIC_0088_data,grupo 3,48,7.3,0.0,0,ok,0.6260162601626016,True,139.0,1.252,2.975
dataset6_CLINIC_0088_data,grupo 3,49,7.0,1.0325841903686523,1,ok,0.6585365853658537,True,139.0,2.66,2.657
dataset6_CLINIC_0088_data,grupo 3,49,4.91,0.0,0,ok,0.6585365853658537,True,139.0,2.66,2.657
dataset6_CLINIC_0088_data,grupo 3,49,7.3,1.182584285736084,1,ok,0.6585365853658537,True,139.0,2.66,2.657
dataset6_CLINIC_0094_data,grupo 3,0,7.0,0.0,0,ok,0.7317073170731707,True,138.0,2.768,4.275
dataset6_CLINIC_0094_data,grupo 3,0,4.91,0.0,0,ok,0.7317073170731707,True,138.0,2.768,4.275
dataset6_CLINIC_0094_data,grupo 3,0,7.3,0.010026216506958008,1,ok,0.7317073170731707,True,138.0,2.768,4.275
dataset6_CLINIC_0094_data,grupo 3,1,7.0,0.0,0,ok,0.7642276422764228,True,138.0,0.785,1.6
dataset6_CLINIC_0094_data,grupo 3,1,4.91,0.0,0,ok,0.7642276422764228,True,138.0,0.785,1.6
dataset6_CLINIC_0094_data,grupo 3,1,7.3,0.0,0,ok,0.7642276422764228,True,138.0,0.785,1.6
dataset6_CLINIC_0094_data,grupo 3,2,7.0,0.9737348556518555,1,ok,0.7886178861788617,True,138.0,4.921,2.543
dataset6_CLINIC_0094_data,grupo 3,2,4.91,0.0,0,ok,0.7886178861788617,True,138.0,4.921,2.543
dataset6_CLINIC_0094_data,grupo 3,2,7.3,1.123734951019287,1,ok,0.7886178861788617,True,138.0,4.921,2.543
dataset6_CLINIC_0094_data,grupo 3,3,7.0,1.3912196159362793,1,ok,0.7479674796747967,True,138.0,4.478,3.678
dataset6_CLINIC_0094_data,grupo 3,3,4.91,0.346219539642334,1,ok,0.7479674796747967,True,138.0,4.478,3.678
dataset6_CLINIC_0094_data,grupo 3,3,7.3,1.541219711303711,1,ok,0.7479674796747967,True,138.0,4.478,3.678
dataset6_CLINIC_0094_data,grupo 3,4,7.0,0.0,0,ok,0.7235772357723578,True,138.0,0.263,2.695
dataset6_CLINIC_0094_data,grupo 3,4,4.91,0.0,0,ok,0.7235772357723578,True,138.0,0.263,2.695
dataset6_CLINIC_0094_data,grupo 3,4,7.3,0.0,0,ok,0.7235772357723578,True,138.0,0.263,2.695
dataset6_CLINIC_0094_data,grupo 3,5,7.0,0.0,0,ok,0.6991869918699187,True,138.0,0.653,2.958
dataset6_CLINIC_0094_data,grupo 3,5,4.91,0.0,0,ok,0.6991869918699187,True,138.0,0.653,2.958
dataset6_CLINIC_0094_data,grupo 3,5,7.3,0.0,0,ok,0.6991869918699187,True,138.0,0.653,2.958
dataset6_CLINIC_0094_data,grupo 3,6,7.0,0.0,0,ok,0.8292682926829268,True,138.0,2.35,3.096
dataset6_CLINIC_0094_data,grupo 3,6,4.91,0.0,0,ok,0.8292682926829268,True,138.0,2.35,3.096
dataset6_CLINIC_0094_data,grupo 3,6,7.3,0.0,0,ok,0.8292682926829268,True,138.0,2.35,3.096
dataset6_CLINIC_0094_data,grupo 3,7,7.0,0.0,0,ok,0.7398373983739838,True,138.0,4.543,1.966
dataset6_CLINIC_0094_data,grupo 3,7,4.91,0.0,0,ok,0.7398373983739838,True,138.0,4.543,1.966
dataset6_CLINIC_0094_data,grupo 3,7,7.3,0.0,0,ok,0.7398373983739838,True,138.0,4.543,1.966
dataset6_CLINIC_0094_data,grupo 3,8,7.0,0.0,0,ok,0.6829268292682927,True,138.0,1.92,0.346
dataset6_CLINIC_0094_data,grupo 3,8,4.91,0.0,0,ok,0.6829268292682927,True,138.0,1.92,0.346
dataset6_CLINIC_0094_data,grupo 3,8,7.3,0.0,0,ok,0.6829268292682927,True,138.0,1.92,0.346
dataset6_CLINIC_0094_data,grupo 3,9,7.0,2.370974540710449,2,ok,0.7317073170731707,True,138.0,5.148,2.737
dataset6_CLINIC_0094_data,grupo 3,9,4.91,1.325974464416504,1,ok,0.7317073170731707,True,138.0,5.148,2.737
dataset6_CLINIC_0094_data,grupo 3,9,7.3,2.520974636077881,2,ok,0.7317073170731707,True,138.0,5.148,2.737
dataset6_CLINIC_0094_data,grupo 3,10,7.0,0.01921677589416504,1,ok,0.8048780487804879,True,138.0,1.159,5.504
dataset6_CLINIC_0094_data,grupo 3,10,4.91,0.0,0,ok,0.8048780487804879,True,138.0,1.159,5.504
dataset6_CLINIC_0094_data,grupo 3,10,7.3,0.16921687126159668,1,ok,0.8048780487804879,True,138.0,1.159,5.504
dataset6_CLINIC_0094_data,grupo 3,11,7.0,0.0,0,ok,0.7479674796747967,True,138.0,1.549,1.093
dataset6_CLINIC_0094_data,grupo 3,11,4.91,0.0,0,ok,0.7479674796747967,True,138.0,1.549,1.093
dataset6_CLINIC_0094_data,grupo 3,11,7.3,0.0,0,ok,0.7479674796747967,True,138.0,1.549,1.093
dataset6_CLINIC_0094_data,grupo 3,12,7.0,0.0,0,ok,0.6747967479674797,True,138.0,1.625,0.329
dataset6_CLINIC_0094_data,grupo 3,12,4.91,0.0,0,ok,0.6747967479674797,True,138.0,1.625,0.329
dataset6_CLINIC_0094_data,grupo 3,12,7.3,0.0,0,ok,0.6747967479674797,True,138.0,1.625,0.329
dataset6_CLINIC_0094_data,grupo 3,13,7.0,0.0,0,ok,0.6829268292682927,True,138.0,2.234,1.031
dataset6_CLINIC_0094_data,grupo 3,13,4.91,0.0,0,ok,0.6829268292682927,True,138.0,2.234,1.031
dataset6_CLINIC_0094_data,grupo 3,13,7.3,0.0,0,ok,0.6829268292682927,True,138.0,2.234,1.031
dataset6_CLINIC_0094_data,grupo 3,14,7.0,2.4344348907470703,2,ok,0.7804878048780488,True,138.0,3.967,3.482
dataset6_CLINIC_0094_data,grupo 3,14,4.91,1.3894346952438354,1,ok,0.7804878048780488,True,138.0,3.967,3.482
dataset6_CLINIC_0094_data,grupo 3,14,7.3,2.584434986114502,2,ok,0.7804878048780488,True,138.0,3.967,3.482
dataset6_CLINIC_0094_data,grupo 3,15,7.0,0.0,0,ok,0.6260162601626016,True,138.0,2.304,2.16
dataset6_CLINIC_0094_data,grupo 3,15,4.91,0.0,0,ok,0.6260162601626016,True,138.0,2.304,2.16
dataset6_CLINIC_0094_data,grupo 3,15,7.3,0.0,0,ok,0.6260162601626016,True,138.0,2.304,2.16
dataset6_CLINIC_0094_data,grupo 3,16,7.0,0.6670196056365967,1,ok,0.6991869918699187,True,138.0,3.322,1.252
dataset6_CLINIC_0094_data,grupo 3,16,4.91,0.0,0,ok,0.6991869918699187,True,138.0,3.322,1.252
dataset6_CLINIC_0094_data,grupo 3,16,7.3,0.8170197010040283,1,ok,0.6991869918699187,True,138.0,3.322,1.252
dataset6_CLINIC_0094_data,grupo 3,17,7.0,0.0,0,ok,0.8211382113821138,True,138.0,2.328,4.11
dataset6_CLINIC_0094_data,grupo 3,17,4.91,0.0,0,ok,0.8211382113821138,True,138.0,2.328,4.11
dataset6_CLINIC_0094_data,grupo 3,17,7.3,0.0,0,ok,0.8211382113821138,True,138.0,2.328,4.11
dataset6_CLINIC_0094_data,grupo 3,18,7.0,0.0,0,ok,0.7235772357723578,True,138.0,2.345,2.516
dataset6_CLINIC_0094_data,grupo 3,18,4.91,0.0,0,ok,0.7235772357723578,True,138.0,2.345,2.516
dataset6_CLINIC_0094_data,grupo 3,18,7.3,0.0,0,ok,0.7235772357723578,True,138.0,2.345,2.516
dataset6_CLINIC_0094_data,grupo 3,19,7.0,0.0,0,ok,0.7886178861788617,True,138.0,3.689,0.332
dataset6_CLINIC_0094_data,grupo 3,19,4.91,0.0,0,ok,0.7886178861788617,True,138.0,3.689,0.332
dataset6_CLINIC_0094_data,grupo 3,19,7.3,0.0,0,ok,0.7886178861788617,True,138.0,3.689,0.332
dataset6_CLINIC_0094_data,grupo 3,20,7.0,0.0,0,ok,0.6747967479674797,True,138.0,2.498,1.119
dataset6_CLINIC_0094_data,grupo 3,20,4.91,0.0,0,ok,0.6747967479674797,True,138.0,2.498,1.119
dataset6_CLINIC_0094_data,grupo 3,20,7.3,0.0,0,ok,0.6747967479674797,True,138.0,2.498,1.119
dataset6_CLINIC_0094_data,grupo 3,21,7.0,0.0,0,ok,0.7560975609756098,True,138.0,0.529,1.391
dataset6_CLINIC_0094_data,grupo 3,21,4.91,0.0,0,ok,0.7560975609756098,True,138.0,0.529,1.391
dataset6_CLINIC_0094_data,grupo 3,21,7.3,0.0,0,ok,0.7560975609756098,True,138.0,0.529,1.391
dataset6_CLINIC_0094_data,grupo 3,22,7.0,0.0,0,ok,0.7967479674796748,True,138.0,2.296,0.844
dataset6_CLINIC_0094_data,grupo 3,22,4.91,0.0,0,ok,0.7967479674796748,True,138.0,2.296,0.844
dataset6_CLINIC_0094_data,grupo 3,22,7.3,0.0,0,ok,0.7967479674796748,True,138.0,2.296,0.844
dataset6_CLINIC_0094_data,grupo 3,23,7.0,2.1454672813415527,2,ok,0.7317073170731707,True,138.0,6.109,4.049
dataset6_CLINIC_0094_data,grupo 3,23,4.91,1.100467324256897,1,ok,0.7317073170731707,True,138.0,6.109,4.049
dataset6_CLINIC_0094_data,grupo 3,23,7.3,2.2954673767089844,2,ok,0.7317073170731707,True,138.0,6.109,4.049
dataset6_CLINIC_0094_data,grupo 3,24,7.0,0.0,0,ok,0.6991869918699187,True,138.0,1.631,1.022
dataset6_CLINIC_0094_data,grupo 3,24,4.91,0.0,0,ok,0.6991869918699187,True,138.0,1.631,1.022
dataset6_CLINIC_0094_data,grupo 3,24,7.3,0.0,0,ok,0.6991869918699187,True,138.0,1.631,1.022
dataset6_CLINIC_0094_data,grupo 3,25,7.0,0.0,0,ok,0.7560975609756098,True,138.0,2.749,2.36
dataset6_CLINIC_0094_data,grupo 3,25,4.91,0.0,0,ok,0.7560975609756098,True,138.0,2.749,2.36
dataset6_CLINIC_0094_data,grupo 3,25,7.3,0.0,0,ok,0.7560975609756098,True,138.0,2.749,2.36
dataset6_CLINIC_0094_data,grupo 3,26,7.0,0.0,0,ok,0.7073170731707317,True,138.0,1.98,1.782
dataset6_CLINIC_0094_data,grupo 3,26,4.91,0.0,0,ok,0.7073170731707317,True,138.0,1.98,1.782
dataset6_CLINIC_0094_data,grupo 3,26,7.3,0.0,0,ok,0.7073170731707317,True,138.0,1.98,1.782
dataset6_CLINIC_0094_data,grupo 3,27,7.0,0.0,0,ok,0.7073170731707317,True,138.0,2.183,2.8
dataset6_CLINIC_0094_data,grupo 3,27,4.91,0.0,0,ok,0.7073170731707317,True,138.0,2.183,2.8
dataset6_CLINIC_0094_data,grupo 3,27,7.3,0.04275107383728027,1,ok,0.7073170731707317,True,138.0,2.183,2.8
dataset6_CLINIC_0094_data,grupo 3,28,7.0,0.0,0,ok,0.7235772357723578,True,138.0,1.069,1.643
dataset6_CLINIC_0094_data,grupo 3,28,4.91,0.0,0,ok,0.7235772357723578,True,138.0,1.069,1.643
dataset6_CLINIC_0094_data,grupo 3,28,7.3,0.0,0,ok,0.7235772357723578,True,138.0,1.069,1.643
dataset6_CLINIC_0094_data,grupo 3,29,7.0,0.0,0,ok,0.8048780487804879,True,138.0,2.614,0.622
dataset6_CLINIC_0094_data,grupo 3,29,4.91,0.0,0,ok,0.8048780487804879,True,138.0,2.614,0.622
dataset6_CLINIC_0094_data,grupo 3,29,7.3,0.0,0,ok,0.8048780487804879,True,138.0,2.614,0.622
dataset6_CLINIC_0094_data,grupo 3,30,7.0,0.0,0,ok,0.7886178861788617,True,138.0,0.653,3.474
dataset6_CLINIC_0094_data,grupo 3,30,4.91,0.0,0,ok,0.7886178861788617,True,138.0,0.653,3.474
dataset6_CLINIC_0094_data,grupo 3,30,7.3,0.0,0,ok,0.7886178861788617,True,138.0,0.653,3.474
dataset6_CLINIC_0094_data,grupo 3,31,7.0,1.122666597366333,1,ok,0.7560975609756098,True,138.0,5.424,1.742
dataset6_CLINIC_0094_data,grupo 3,31,4.91,0.0776665210723877,1,ok,0.7560975609756098,True,138.0,5.424,1.742
dataset6_CLINIC_0094_data,grupo 3,31,7.3,1.2726666927337646,1,ok,0.7560975609756098,True,138.0,5.424,1.742
dataset6_CLINIC_0094_data,grupo 3,32,7.0,0.0,0,ok,0.6422764227642277,True,138.0,2.868,2.181
dataset6_CLINIC_0094_data,grupo 3,32,4.91,0.0,0,ok,0.6422764227642277,True,138.0,2.868,2.181
dataset6_CLINIC_0094_data,grupo 3,32,7.3,0.0,0,ok,0.6422764227642277,True,138.0,2.868,2.181
dataset6_CLINIC_0094_data,grupo 3,33,7.0,0.0,0,ok,0.7073170731707317,True,138.0,0.927,0.046
dataset6_CLINIC_0094_data,grupo 3,33,4.91,0.0,0,ok,0.7073170731707317,True,138.0,0.927,0.046
dataset6_CLINIC_0094_data,grupo 3,33,7.3,0.0,0,ok,0.7073170731707317,True,138.0,0.927,0.046
dataset6_CLINIC_0094_data,grupo 3,34,7.0,0.0,0,ok,0.7154471544715447,True,138.0,0.908,0.996
dataset6_CLINIC_0094_data,grupo 3,34,4.91,0.0,0,ok,0.7154471544715447,True,138.0,0.908,0.996
dataset6_CLINIC_0094_data,grupo 3,34,7.3,0.0,0,ok,0.7154471544715447,True,138.0,0.908,0.996
dataset6_CLINIC_0094_data,grupo 3,35,7.0,0.0,0,ok,0.6910569105691057,True,138.0,1.11,1.23
dataset6_CLINIC_0094_data,grupo 3,35,4.91,0.0,0,ok,0.6910569105691057,True,138.0,1.11,1.23
dataset6_CLINIC_0094_data,grupo 3,35,7.3,0.0,0,ok,0.6910569105691057,True,138.0,1.11,1.23
dataset6_CLINIC_0094_data,grupo 3,36,7.0,0.0,0,ok,0.6341463414634146,True,138.0,3.624,1.18
dataset6_CLINIC_0094_data,grupo 3,36,4.91,0.0,0,ok,0.6341463414634146,True,138.0,3.624,1.18
dataset6_CLINIC_0094_data,grupo 3,36,7.3,0.0,0,ok,0.6341463414634146,True,138.0,3.624,1.18
dataset6_CLINIC_0094_data,grupo 3,37,7.0,0.0,0,ok,0.7804878048780488,True,138.0,3.752,1.494
dataset6_CLINIC_0094_data,grupo 3,37,4.91,0.0,0,ok,0.7804878048780488,True,138.0,3.752,1.494
dataset6_CLINIC_0094_data,grupo 3,37,7.3,0.0,0,ok,0.7804878048780488,True,138.0,3.752,1.494
dataset6_CLINIC_0094_data,grupo 3,38,7.0,0.0,0,ok,0.7073170731707317,True,138.0,1.479,0.332
dataset6_CLINIC_0094_data,grupo 3,38,4.91,0.0,0,ok,0.7073170731707317,True,138.0,1.479,0.332
dataset6_CLINIC_0094_data,grupo 3,38,7.3,0.0,0,ok,0.7073170731707317,True,138.0,1.479,0.332
dataset6_CLINIC_0094_data,grupo 3,39,7.0,0.0,0,ok,0.7235772357723578,True,138.0,0.664,1.379
dataset6_CLINIC_0094_data,grupo 3,39,4.91,0.0,0,ok,0.7235772357723578,True,138.0,0.664,1.379
dataset6_CLINIC_0094_data,grupo 3,39,7.3,0.0,0,ok,0.7235772357723578,True,138.0,0.664,1.379
dataset6_CLINIC_0094_data,grupo 3,40,7.0,0.0,0,ok,0.7317073170731707,True,138.0,0.242,1.151
dataset6_CLINIC_0094_data,grupo 3,40,4.91,0.0,0,ok,0.7317073170731707,True,138.0,0.242,1.151
dataset6_CLINIC_0094_data,grupo 3,40,7.3,0.0,0,ok,0.7317073170731707,True,138.0,0.242,1.151
dataset6_CLINIC_0094_data,grupo 3,41,7.0,0.0,0,ok,0.7479674796747967,True,138.0,1.302,1.982
dataset6_CLINIC_0094_data,grupo 3,41,4.91,0.0,0,ok,0.7479674796747967,True,138.0,1.302,1.982
dataset6_CLINIC_0094_data,grupo 3,41,7.3,0.0,0,ok,0.7479674796747967,True,138.0,1.302,1.982
dataset6_CLINIC_0094_data,grupo 3,42,7.0,0.0,0,ok,0.7479674796747967,True,138.0,2.373,4.032
dataset6_CLINIC_0094_data,grupo 3,42,4.91,0.0,0,ok,0.7479674796747967,True,138.0,2.373,4.032
dataset6_CLINIC_0094_data,grupo 3,42,7.3,0.0,0,ok,0.7479674796747967,True,138.0,2.373,4.032
dataset6_CLINIC_0094_data,grupo 3,43,7.0,0.0,0,ok,0.7479674796747967,True,138.0,1.519,1.314
dataset6_CLINIC_0094_data,grupo 3,43,4.91,0.0,0,ok,0.7479674796747967,True,138.0,1.519,1.314
dataset6_CLINIC_0094_data,grupo 3,43,7.3,0.0,0,ok,0.7479674796747967,True,138.0,1.519,1.314
dataset6_CLINIC_0094_data,grupo 3,44,7.0,0.0,0,ok,0.7235772357723578,True,138.0,2.801,1.224
dataset6_CLINIC_0094_data,grupo 3,44,4.91,0.0,0,ok,0.7235772357723578,True,138.0,2.801,1.224
dataset6_CLINIC_0094_data,grupo 3,44,7.3,0.0,0,ok,0.7235772357723578,True,138.0,2.801,1.224
dataset6_CLINIC_0094_data,grupo 3,45,7.0,0.0,0,ok,0.6910569105691057,True,138.0,1.704,0.02
dataset6_CLINIC_0094_data,grupo 3,45,4.91,0.0,0,ok,0.6910569105691057,True,138.0,1.704,0.02
dataset6_CLINIC_0094_data,grupo 3,45,7.3,0.0,0,ok,0.6910569105691057,True,138.0,1.704,0.02
dataset6_CLINIC_0094_data,grupo 3,46,7.0,0.0,0,ok,0.6991869918699187,True,138.0,0.232,1.301
dataset6_CLINIC_0094_data,grupo 3,46,4.91,0.0,0,ok,0.6991869918699187,True,138.0,0.232,1.301
dataset6_CLINIC_0094_data,grupo 3,46,7.3,0.0,0,ok,0.6991869918699187,True,138.0,0.232,1.301
dataset6_CLINIC_0094_data,grupo 3,47,7.0,0.0,0,ok,0.7235772357723578,True,138.0,1.972,1.953
dataset6_CLINIC_0094_data,grupo 3,47,4.91,0.0,0,ok,0.7235772357723578,True,138.0,1.972,1.953
dataset6_CLINIC_0094_data,grupo 3,47,7.3,0.0,0,ok,0.7235772357723578,True,138.0,1.972,1.953
dataset6_CLINIC_0094_data,grupo 3,48,7.0,0.0,0,ok,0.7317073170731707,True,138.0,2.355,0.316
dataset6_CLINIC_0094_data,grupo 3,48,4.91,0.0,0,ok,0.7317073170731707,True,138.0,2.355,0.316
dataset6_CLINIC_0094_data,grupo 3,48,7.3,0.0,0,ok,0.7317073170731707,True,138.0,2.355,0.316
dataset6_CLINIC_0094_data,grupo 3,49,7.0,0.0,0,ok,0.6666666666666666,True,138.0,2.329,1.983
dataset6_CLINIC_0094_data,grupo 3,49,4.91,0.0,0,ok,0.6666666666666666,True,138.0,2.329,1.983
dataset6_CLINIC_0094_data,grupo 3,49,7.3,0.0,0,ok,0.6666666666666666,True,138.0,2.329,1.983
dataset6_CLINIC_0074_data,grupo 3,0,7.0,0.0,0,ok,0.32558139534883723,True,144.0,1.942,2.66
dataset6_CLINIC_0074_data,grupo 3,0,4.91,0.0,0,ok,0.32558139534883723,True,144.0,1.942,2.66
dataset6_CLINIC_0074_data,grupo 3,0,7.3,0.13365626335144043,1,ok,0.32558139534883723,True,144.0,1.942,2.66
dataset6_CLINIC_0074_data,grupo 3,1,7.0,2.236593723297119,2,ok,0.34108527131782945,True,144.0,4.099,2.086
dataset6_CLINIC_0074_data,grupo 3,1,4.91,1.1915935277938843,1,ok,0.34108527131782945,True,144.0,4.099,2.086
dataset6_CLINIC_0074_data,grupo 3,1,7.3,2.386593818664551,2,ok,0.34108527131782945,True,144.0,4.099,2.086
dataset6_CLINIC_0074_data,grupo 3,2,7.0,0.5760488510131836,1,ok,0.3178294573643411,True,144.0,2.861,0.317
dataset6_CLINIC_0074_data,grupo 3,2,4.91,0.0,0,ok,0.3178294573643411,True,144.0,2.861,0.317
dataset6_CLINIC_0074_data,grupo 3,2,7.3,0.7260489463806152,1,ok,0.3178294573643411,True,144.0,2.861,0.317
dataset6_CLINIC_0074_data,grupo 3,3,7.0,3.69936203956604,2,ok,0.2698412698412698,True,144.0,5.212,0.141
dataset6_CLINIC_0074_data,grupo 3,3,4.91,2.6543619632720947,2,ok,0.2698412698412698,True,144.0,5.212,0.141
dataset6_CLINIC_0074_data,grupo 3,3,7.3,3.8493621349334717,2,ok,0.2698412698412698,True,144.0,5.212,0.141
dataset6_CLINIC_0074_data,grupo 3,4,7.0,0.0,0,ok,0.3875968992248062,True,144.0,1.219,0.013
dataset6_CLINIC_0074_data,grupo 3,4,4.91,0.0,0,ok,0.3875968992248062,True,144.0,1.219,0.013
dataset6_CLINIC_0074_data,grupo 3,4,7.3,0.0,0,ok,0.3875968992248062,True,144.0,1.219,0.013
dataset6_CLINIC_0074_data,grupo 3,5,7.0,0.0,0,ok,0.3643410852713178,True,144.0,3.196,1.949
dataset6_CLINIC_0074_data,grupo 3,5,4.91,0.0,0,ok,0.3643410852713178,True,144.0,3.196,1.949
dataset6_CLINIC_0074_data,grupo 3,5,7.3,0.0,0,ok,0.3643410852713178,True,144.0,3.196,1.949
dataset6_CLINIC_0074_data,grupo 3,6,7.0,0.8338682651519775,1,ok,0.4186046511627907,True,144.0,1.446,2.272
dataset6_CLINIC_0074_data,grupo 3,6,4.91,0.0,0,ok,0.4186046511627907,True,144.0,1.446,2.272
dataset6_CLINIC_0074_data,grupo 3,6,7.3,0.9838683605194092,1,ok,0.4186046511627907,True,144.0,1.446,2.272
dataset6_CLINIC_0074_data,grupo 3,7,7.0,0.0,0,ok,0.4108527131782946,True,144.0,1.353,0.482
dataset6_CLINIC_0074_data,grupo 3,7,4.91,0.0,0,ok,0.4108527131782946,True,144.0,1.353,0.482
dataset6_CLINIC_0074_data,grupo 3,7,7.3,0.058136940002441406,1,ok,0.4108527131782946,True,144.0,1.353,0.482
dataset6_CLINIC_0074_data,grupo 3,8,7.0,1.3295817375183105,1,ok,0.4806201550387597,True,144.0,1.647,2.058
dataset6_CLINIC_0074_data,grupo 3,8,4.91,0.28458166122436523,1,ok,0.4806201550387597,True,144.0,1.647,2.058
dataset6_CLINIC_0074_data,grupo 3,8,7.3,1.4795818328857422,1,ok,0.4806201550387597,True,144.0,1.647,2.058
dataset6_CLINIC_0074_data,grupo 3,9,7.0,0.0,0,ok,0.3798449612403101,True,144.0,0.207,2.08
dataset6_CLINIC_0074_data,grupo 3,9,4.91,0.0,0,ok,0.3798449612403101,True,144.0,0.207,2.08
dataset6_CLINIC_0074_data,grupo 3,9,7.3,0.0,0,ok,0.3798449612403101,True,144.0,0.207,2.08
dataset6_CLINIC_0074_data,grupo 3,10,7.0,1.7985175848007202,1,ok,0.3488372093023256,True,144.0,3.723,1.342
dataset6_CLINIC_0074_data,grupo 3,10,4.91,0.7535175085067749,1,ok,0.3488372093023256,True,144.0,3.723,1.342
dataset6_CLINIC_0074_data,grupo 3,10,7.3,1.9485176801681519,1,ok,0.3488372093023256,True,144.0,3.723,1.342
dataset6_CLINIC_0074_data,grupo 3,11,7.0,0.0,0,ok,0.3643410852713178,True,144.0,2.316,1.965
dataset6_CLINIC_0074_data,grupo 3,11,4.91,0.0,0,ok,0.3643410852713178,True,144.0,2.316,1.965
dataset6_CLINIC_0074_data,grupo 3,11,7.3,0.0,0,ok,0.3643410852713178,True,144.0,2.316,1.965
dataset6_CLINIC_0074_data,grupo 3,12,7.0,2.9166030883789062,2,ok,0.18604651162790697,True,144.0,5.717,2.038
dataset6_CLINIC_0074_data,grupo 3,12,4.91,1.8716028928756714,1,ok,0.18604651162790697,True,144.0,5.717,2.038
dataset6_CLINIC_0074_data,grupo 3,12,7.3,3.066603183746338,2,ok,0.18604651162790697,True,144.0,5.717,2.038
dataset6_CLINIC_0074_data,grupo 3,13,7.0,2.024535894393921,2,ok,0.4573643410852713,True,144.0,3.703,4.781
dataset6_CLINIC_0074_data,grupo 3,13,4.91,0.9795358180999756,1,ok,0.4573643410852713,True,144.0,3.703,4.781
dataset6_CLINIC_0074_data,grupo 3,13,7.3,2.1745359897613525,2,ok,0.4573643410852713,True,144.0,3.703,4.781
dataset6_CLINIC_0074_data,grupo 3,14,7.0,0.34954142570495605,1,ok,0.37209302325581395,True,144.0,2.65,1.344
dataset6_CLINIC_0074_data,grupo 3,14,4.91,0.0,0,ok,0.37209302325581395,True,144.0,2.65,1.344
dataset6_CLINIC_0074_data,grupo 3,14,7.3,0.4995415210723877,1,ok,0.37209302325581395,True,144.0,2.65,1.344
dataset6_CLINIC_0074_data,grupo 3,15,7.0,0.0,0,ok,0.3798449612403101,True,144.0,0.218,1.448
dataset6_CLINIC_0074_data,grupo 3,15,4.91,0.0,0,ok,0.3798449612403101,True,144.0,0.218,1.448
dataset6_CLINIC_0074_data,grupo 3,15,7.3,0.0,0,ok,0.3798449612403101,True,144.0,0.218,1.448
dataset6_CLINIC_0074_data,grupo 3,16,7.0,0.0,0,ok,0.3643410852713178,True,144.0,1.861,0.495
dataset6_CLINIC_0074_data,grupo 3,16,4.91,0.0,0,ok,0.3643410852713178,True,144.0,1.861,0.495
dataset6_CLINIC_0074_data,grupo 3,16,7.3,0.0,0,ok,0.3643410852713178,True,144.0,1.861,0.495
dataset6_CLINIC_0074_data,grupo 3,17,7.0,2.826763153076172,2,ok,0.3798449612403101,True,144.0,4.668,0.074
dataset6_CLINIC_0074_data,grupo 3,17,4.91,1.7817630767822266,1,ok,0.3798449612403101,True,144.0,4.668,0.074
dataset6_CLINIC_0074_data,grupo 3,17,7.3,2.9767632484436035,2,ok,0.3798449612403101,True,144.0,4.668,0.074
dataset6_CLINIC_0074_data,grupo 3,18,7.0,0.8143014907836914,1,ok,0.4186046511627907,True,144.0,1.708,0.928
dataset6_CLINIC_0074_data,grupo 3,18,4.91,0.0,0,ok,0.4186046511627907,True,144.0,1.708,0.928
dataset6_CLINIC_0074_data,grupo 3,18,7.3,0.964301586151123,1,ok,0.4186046511627907,True,144.0,1.708,0.928
dataset6_CLINIC_0074_data,grupo 3,19,7.0,0.056887149810791016,1,ok,0.35658914728682173,True,144.0,2.667,1.487
dataset6_CLINIC_0074_data,grupo 3,19,4.91,0.0,0,ok,0.35658914728682173,True,144.0,2.667,1.487
dataset6_CLINIC_0074_data,grupo 3,19,7.3,0.20688724517822266,1,ok,0.35658914728682173,True,144.0,2.667,1.487
dataset6_CLINIC_0074_data,grupo 3,20,7.0,0.0,0,ok,0.3953488372093023,True,144.0,1.422,1.186
dataset6_CLINIC_0074_data,grupo 3,20,4.91,0.0,0,ok,0.3953488372093023,True,144.0,1.422,1.186
dataset6_CLINIC_0074_data,grupo 3,20,7.3,0.0,0,ok,0.3953488372093023,True,144.0,1.422,1.186
dataset6_CLINIC_0074_data,grupo 3,21,7.0,0.0,0,ok,0.3875968992248062,True,144.0,0.3,2.751
dataset6_CLINIC_0074_data,grupo 3,21,4.91,0.0,0,ok,0.3875968992248062,True,144.0,0.3,2.751
dataset6_CLINIC_0074_data,grupo 3,21,7.3,0.0,0,ok,0.3875968992248062,True,144.0,0.3,2.751
dataset6_CLINIC_0074_data,grupo 3,22,7.0,0.0,0,ok,0.35658914728682173,True,144.0,0.368,0.8
dataset6_CLINIC_0074_data,grupo 3,22,4.91,0.0,0,ok,0.35658914728682173,True,144.0,0.368,0.8
dataset6_CLINIC_0074_data,grupo 3,22,7.3,0.0,0,ok,0.35658914728682173,True,144.0,0.368,0.8
dataset6_CLINIC_0074_data,grupo 3,23,7.0,0.0,0,ok,0.3798449612403101,True,144.0,0.825,1.024
dataset6_CLINIC_0074_data,grupo 3,23,4.91,0.0,0,ok,0.3798449612403101,True,144.0,0.825,1.024
dataset6_CLINIC_0074_data,grupo 3,23,7.3,0.0,0,ok,0.3798449612403101,True,144.0,0.825,1.024
dataset6_CLINIC_0074_data,grupo 3,24,7.0,0.5793771743774414,1,ok,0.34108527131782945,True,144.0,1.52,2.405
dataset6_CLINIC_0074_data,grupo 3,24,4.91,0.0,0,ok,0.34108527131782945,True,144.0,1.52,2.405
dataset6_CLINIC_0074_data,grupo 3,24,7.3,0.729377269744873,1,ok,0.34108527131782945,True,144.0,1.52,2.405
dataset6_CLINIC_0074_data,grupo 3,25,7.0,0.3749973773956299,1,ok,0.3488372093023256,True,144.0,2.404,0.247
dataset6_CLINIC_0074_data,grupo 3,25,4.91,0.0,0,ok,0.3488372093023256,True,144.0,2.404,0.247
dataset6_CLINIC_0074_data,grupo 3,25,7.3,0.5249974727630615,1,ok,0.3488372093023256,True,144.0,2.404,0.247
dataset6_CLINIC_0074_data,grupo 3,26,7.0,2.285651683807373,2,ok,0.40310077519379844,True,144.0,0.414,5.017
dataset6_CLINIC_0074_data,grupo 3,26,4.91,1.2406517267227173,1,ok,0.40310077519379844,True,144.0,0.414,5.017
dataset6_CLINIC_0074_data,grupo 3,26,7.3,2.4356517791748047,2,ok,0.40310077519379844,True,144.0,0.414,5.017
dataset6_CLINIC_0074_data,grupo 3,27,7.0,1.366133213043213,1,ok,0.17829457364341086,True,144.0,4.331,1.905
dataset6_CLINIC_0074_data,grupo 3,27,4.91,0.3211331367492676,1,ok,0.17829457364341086,True,144.0,4.331,1.905
dataset6_CLINIC_0074_data,grupo 3,27,7.3,1.5161333084106445,1,ok,0.17829457364341086,True,144.0,4.331,1.905
dataset6_CLINIC_0074_data,grupo 3,28,7.0,0.0,0,ok,0.34108527131782945,True,144.0,2.999,0.075
dataset6_CLINIC_0074_data,grupo 3,28,4.91,0.0,0,ok,0.34108527131782945,True,144.0,2.999,0.075
dataset6_CLINIC_0074_data,grupo 3,28,7.3,0.0,0,ok,0.34108527131782945,True,144.0,2.999,0.075
dataset6_CLINIC_0074_data,grupo 3,29,7.0,0.0,0,ok,0.3875968992248062,True,144.0,1.41,1.343
dataset6_CLINIC_0074_data,grupo 3,29,4.91,0.0,0,ok,0.3875968992248062,True,144.0,1.41,1.343
dataset6_CLINIC_0074_data,grupo 3,29,7.3,0.03835558891296387,1,ok,0.3875968992248062,True,144.0,1.41,1.343
dataset6_CLINIC_0074_data,grupo 3,30,7.0,2.3908605575561523,2,ok,0.4186046511627907,True,144.0,3.588,2.108
dataset6_CLINIC_0074_data,grupo 3,30,4.91,1.3458603620529175,1,ok,0.4186046511627907,True,144.0,3.588,2.108
dataset6_CLINIC_0074_data,grupo 3,30,7.3,2.540860652923584,2,ok,0.4186046511627907,True,144.0,3.588,2.108
dataset6_CLINIC_0074_data,grupo 3,31,7.0,2.773838996887207,2,ok,0.20930232558139536,True,144.0,4.27,3.888
dataset6_CLINIC_0074_data,grupo 3,31,4.91,1.7288389205932617,1,ok,0.20930232558139536,True,144.0,4.27,3.888
dataset6_CLINIC_0074_data,grupo 3,31,7.3,2.9238390922546387,2,ok,0.20930232558139536,True,144.0,4.27,3.888
dataset6_CLINIC_0074_data,grupo 3,32,7.0,1.9280318021774292,1,ok,0.3798449612403101,True,144.0,1.581,3.712
dataset6_CLINIC_0074_data,grupo 3,32,4.91,0.8830317258834839,1,ok,0.3798449612403101,True,144.0,1.581,3.712
dataset6_CLINIC_0074_data,grupo 3,32,7.3,2.0780320167541504,2,ok,0.3798449612403101,True,144.0,1.581,3.712
dataset6_CLINIC_0074_data,grupo 3,33,7.0,0.0,0,ok,0.34108527131782945,True,144.0,0.126,0.792
dataset6_CLINIC_0074_data,grupo 3,33,4.91,0.0,0,ok,0.34108527131782945,True,144.0,0.126,0.792
dataset6_CLINIC_0074_data,grupo 3,33,7.3,0.0,0,ok,0.34108527131782945,True,144.0,0.126,0.792
dataset6_CLINIC_0074_data,grupo 3,34,7.0,1.3322100639343262,1,ok,0.3798449612403101,True,144.0,5.44,1.47
dataset6_CLINIC_0074_data,grupo 3,34,4.91,0.28720998764038086,1,ok,0.3798449612403101,True,144.0,5.44,1.47
dataset6_CLINIC_0074_data,grupo 3,34,7.3,1.4822101593017578,1,ok,0.3798449612403101,True,144.0,5.44,1.47
dataset6_CLINIC_0074_data,grupo 3,35,7.0,0.0,0,ok,0.35658914728682173,True,144.0,1.667,0.781
dataset6_CLINIC_0074_data,grupo 3,35,4.91,0.0,0,ok,0.35658914728682173,True,144.0,1.667,0.781
dataset6_CLINIC_0074_data,grupo 3,35,7.3,0.0,0,ok,0.35658914728682173,True,144.0,1.667,0.781
dataset6_CLINIC_0074_data,grupo 3,36,7.0,0.014356136322021484,1,ok,0.4418604651162791,True,144.0,1.359,1.363
dataset6_CLINIC_0074_data,grupo 3,36,4.91,0.0,0,ok,0.4418604651162791,True,144.0,1.359,1.363
dataset6_CLINIC_0074_data,grupo 3,36,7.3,0.16435623168945312,1,ok,0.4418604651162791,True,144.0,1.359,1.363
dataset6_CLINIC_0074_data,grupo 3,37,7.0,0.32724714279174805,1,ok,0.37209302325581395,True,144.0,1.254,1.211
dataset6_CLINIC_0074_data,grupo 3,37,4.91,0.0,0,ok,0.37209302325581395,True,144.0,1.254,1.211
dataset6_CLINIC_0074_data,grupo 3,37,7.3,0.4772472381591797,1,ok,0.37209302325581395,True,144.0,1.254,1.211
dataset6_CLINIC_0074_data,grupo 3,38,7.0,0.0,0,ok,0.40310077519379844,True,144.0,1.241,0.831
dataset6_CLINIC_0074_data,grupo 3,38,4.91,0.0,0,ok,0.40310077519379844,True,144.0,1.241,0.831
dataset6_CLINIC_0074_data,grupo 3,38,7.3,0.0,0,ok,0.40310077519379844,True,144.0,1.241,0.831
dataset6_CLINIC_0074_data,grupo 3,39,7.0,1.16994047164917,1,ok,0.4573643410852713,True,144.0,3.394,0.995
dataset6_CLINIC_0074_data,grupo 3,39,4.91,0.12494039535522461,1,ok,0.4573643410852713,True,144.0,3.394,0.995
dataset6_CLINIC_0074_data,grupo 3,39,7.3,1.3199405670166016,1,ok,0.4573643410852713,True,144.0,3.394,0.995
dataset6_CLINIC_0074_data,grupo 3,40,7.0,1.2275032997131348,1,ok,0.1937984496124031,True,144.0,3.97,0.106
dataset6_CLINIC_0074_data,grupo 3,40,4.91,0.18250322341918945,1,ok,0.1937984496124031,True,144.0,3.97,0.106
dataset6_CLINIC_0074_data,grupo 3,40,7.3,1.3775033950805664,1,ok,0.1937984496124031,True,144.0,3.97,0.106
dataset6_CLINIC_0074_data,grupo 3,41,7.0,0.0,0,ok,0.37209302325581395,True,144.0,1.11,1.672
dataset6_CLINIC_0074_data,grupo 3,41,4.91,0.0,0,ok,0.37209302325581395,True,144.0,1.11,1.672
dataset6_CLINIC_0074_data,grupo 3,41,7.3,0.0,0,ok,0.37209302325581395,True,144.0,1.11,1.672
dataset6_CLINIC_0074_data,grupo 3,42,7.0,0.37139010429382324,1,ok,0.3643410852713178,True,144.0,1.917,0.62
dataset6_CLINIC_0074_data,grupo 3,42,4.91,0.0,0,ok,0.3643410852713178,True,144.0,1.917,0.62
dataset6_CLINIC_0074_data,grupo 3,42,7.3,0.5213901996612549,1,ok,0.3643410852713178,True,144.0,1.917,0.62
dataset6_CLINIC_0074_data,grupo 3,43,7.0,0.22288227081298828,1,ok,0.3023255813953488,True,144.0,3.443,4.825
dataset6_CLINIC_0074_data,grupo 3,43,4.91,0.0,0,ok,0.3023255813953488,True,144.0,3.443,4.825
dataset6_CLINIC_0074_data,grupo 3,43,7.3,0.3728823661804199,1,ok,0.3023255813953488,True,144.0,3.443,4.825
dataset6_CLINIC_0074_data,grupo 3,44,7.0,0.0,0,ok,0.3798449612403101,True,144.0,0.372,0.804
dataset6_CLINIC_0074_data,grupo 3,44,4.91,0.0,0,ok,0.3798449612403101,True,144.0,0.372,0.804
dataset6_CLINIC_0074_data,grupo 3,44,7.3,0.0,0,ok,0.3798449612403101,True,144.0,0.372,0.804
dataset6_CLINIC_0074_data,grupo 3,45,7.0,0.0,0,ok,0.37209302325581395,True,144.0,0.258,2.497
dataset6_CLINIC_0074_data,grupo 3,45,4.91,0.0,0,ok,0.37209302325581395,True,144.0,0.258,2.497
dataset6_CLINIC_0074_data,grupo 3,45,7.3,0.0,0,ok,0.37209302325581395,True,144.0,0.258,2.497
dataset6_CLINIC_0074_data,grupo 3,46,7.0,0.0,0,ok,0.3875968992248062,True,144.0,0.083,1.294
dataset6_CLINIC_0074_data,grupo 3,46,4.91,0.0,0,ok,0.3875968992248062,True,144.0,0.083,1.294
dataset6_CLINIC_0074_data,grupo 3,46,7.3,0.0,0,ok,0.3875968992248062,True,144.0,0.083,1.294
dataset6_CLINIC_0074_data,grupo 3,47,7.0,0.13919401168823242,1,ok,0.3875968992248062,True,144.0,0.009,3.461
dataset6_CLINIC_0074_data,grupo 3,47,4.91,0.0,0,ok,0.3875968992248062,True,144.0,0.009,3.461
dataset6_CLINIC_0074_data,grupo 3,47,7.3,0.28919410705566406,1,ok,0.3875968992248062,True,144.0,0.009,3.461
dataset6_CLINIC_0074_data,grupo 3,48,7.0,0.0,0,ok,0.32558139534883723,True,144.0,0.038,3.509
dataset6_CLINIC_0074_data,grupo 3,48,4.91,0.0,0,ok,0.32558139534883723,True,144.0,0.038,3.509
dataset6_CLINIC_0074_data,grupo 3,48,7.3,0.0,0,ok,0.32558139534883723,True,144.0,0.038,3.509
dataset6_CLINIC_0074_data,grupo 3,49,7.0,0.02167963981628418,1,ok,0.4108527131782946,True,144.0,1.23,0.12
dataset6_CLINIC_0074_data,grupo 3,49,4.91,0.0,0,ok,0.4108527131782946,True,144.0,1.23,0.12
dataset6_CLINIC_0074_data,grupo 3,49,7.3,0.17167973518371582,1,ok,0.4108527131782946,True,144.0,1.23,0.12
dataset6_CLINIC_0096_data,grupo 3,0,7.0,2.163724899291992,2,ok,0.5263157894736842,False,111.0,1.837,2.829
dataset6_CLINIC_0096_data,grupo 3,0,4.91,1.1187247037887573,1,ok,0.5263157894736842,False,111.0,1.837,2.829
dataset6_CLINIC_0096_data,grupo 3,0,7.3,2.313724994659424,2,ok,0.5263157894736842,False,111.0,1.837,2.829
dataset6_CLINIC_0096_data,grupo 3,1,7.0,1.421536922454834,1,ok,0.7684210526315789,False,111.0,3.471,0.876
dataset6_CLINIC_0096_data,grupo 3,1,4.91,0.37653684616088867,1,ok,0.7684210526315789,False,111.0,3.471,0.876
dataset6_CLINIC_0096_data,grupo 3,1,7.3,1.5715370178222656,1,ok,0.7684210526315789,False,111.0,3.471,0.876
dataset6_CLINIC_0096_data,grupo 3,2,7.0,0.0,0,ok,0.7157894736842105,False,111.0,3.121,1.895
dataset6_CLINIC_0096_data,grupo 3,2,4.91,0.0,0,ok,0.7157894736842105,False,111.0,3.121,1.895
dataset6_CLINIC_0096_data,grupo 3,2,7.3,0.0,0,ok,0.7157894736842105,False,111.0,3.121,1.895
dataset6_CLINIC_0096_data,grupo 3,3,7.0,1.6898746490478516,1,ok,0.6526315789473685,False,111.0,0.182,1.929
dataset6_CLINIC_0096_data,grupo 3,3,4.91,0.6448745727539062,1,ok,0.6526315789473685,False,111.0,0.182,1.929
dataset6_CLINIC_0096_data,grupo 3,3,7.3,1.8398747444152832,1,ok,0.6526315789473685,False,111.0,0.182,1.929
dataset6_CLINIC_0096_data,grupo 3,4,7.0,0.614691972732544,1,ok,0.6105263157894737,False,111.0,0.341,0.416
dataset6_CLINIC_0096_data,grupo 3,4,4.91,0.0,0,ok,0.6105263157894737,False,111.0,0.341,0.416
dataset6_CLINIC_0096_data,grupo 3,4,7.3,0.7646920680999756,1,ok,0.6105263157894737,False,111.0,0.341,0.416
dataset6_CLINIC_0096_data,grupo 3,5,7.0,4.2251057624816895,3,ok,0.6847826086956522,False,111.0,0.261,6.394
dataset6_CLINIC_0096_data,grupo 3,5,4.91,3.180105686187744,2,ok,0.6847826086956522,False,111.0,0.261,6.394
dataset6_CLINIC_0096_data,grupo 3,5,7.3,4.375105857849121,3,ok,0.6847826086956522,False,111.0,0.261,6.394
dataset6_CLINIC_0096_data,grupo 3,6,7.0,0.4617316722869873,1,ok,0.6736842105263158,False,111.0,2.414,1.545
dataset6_CLINIC_0096_data,grupo 3,6,4.91,0.0,0,ok,0.6736842105263158,False,111.0,2.414,1.545
dataset6_CLINIC_0096_data,grupo 3,6,7.3,0.611731767654419,1,ok,0.6736842105263158,False,111.0,2.414,1.545
dataset6_CLINIC_0096_data,grupo 3,7,7.0,1.0259709358215332,1,ok,0.6105263157894737,False,111.0,3.236,2.082
dataset6_CLINIC_0096_data,grupo 3,7,4.91,0.0,0,ok,0.6105263157894737,False,111.0,3.236,2.082
dataset6_CLINIC_0096_data,grupo 3,7,7.3,1.1759710311889648,1,ok,0.6105263157894737,False,111.0,3.236,2.082
dataset6_CLINIC_0096_data,grupo 3,8,7.0,1.3915929794311523,1,ok,0.5578947368421052,False,111.0,1.156,3.57
dataset6_CLINIC_0096_data,grupo 3,8,4.91,0.34659290313720703,1,ok,0.5578947368421052,False,111.0,1.156,3.57
dataset6_CLINIC_0096_data,grupo 3,8,7.3,1.541593074798584,1,ok,0.5578947368421052,False,111.0,1.156,3.57
dataset6_CLINIC_0096_data,grupo 3,9,7.0,0.43465709686279297,1,ok,0.6526315789473685,False,111.0,3.142,1.824
dataset6_CLINIC_0096_data,grupo 3,9,4.91,0.0,0,ok,0.6526315789473685,False,111.0,3.142,1.824
dataset6_CLINIC_0096_data,grupo 3,9,7.3,0.5846571922302246,1,ok,0.6526315789473685,False,111.0,3.142,1.824
dataset6_CLINIC_0096_data,grupo 3,10,7.0,0.5407512187957764,1,ok,0.6526315789473685,False,111.0,0.065,1.808
dataset6_CLINIC_0096_data,grupo 3,10,4.91,0.0,0,ok,0.6526315789473685,False,111.0,0.065,1.808
dataset6_CLINIC_0096_data,grupo 3,10,7.3,0.690751314163208,1,ok,0.6526315789473685,False,111.0,0.065,1.808
dataset6_CLINIC_0096_data,grupo 3,11,7.0,0.0,0,ok,0.6631578947368421,False,111.0,0.533,0.473
dataset6_CLINIC_0096_data,grupo 3,11,4.91,0.0,0,ok,0.6631578947368421,False,111.0,0.533,0.473
dataset6_CLINIC_0096_data,grupo 3,11,7.3,0.12741351127624512,1,ok,0.6631578947368421,False,111.0,0.533,0.473
dataset6_CLINIC_0096_data,grupo 3,12,7.0,0.5146517753601074,1,ok,0.6947368421052632,False,111.0,2.966,5.366
dataset6_CLINIC_0096_data,grupo 3,12,4.91,0.0,0,ok,0.6947368421052632,False,111.0,2.966,5.366
dataset6_CLINIC_0096_data,grupo 3,12,7.3,0.6646518707275391,1,ok,0.6947368421052632,False,111.0,2.966,5.366
dataset6_CLINIC_0096_data,grupo 3,13,7.0,4.335686206817627,3,ok,0.6559139784946236,False,111.0,1.082,4.03
dataset6_CLINIC_0096_data,grupo 3,13,4.91,3.2906861305236816,2,ok,0.6559139784946236,False,111.0,1.082,4.03
dataset6_CLINIC_0096_data,grupo 3,13,7.3,4.485686302185059,3,ok,0.6559139784946236,False,111.0,1.082,4.03
dataset6_CLINIC_0096_data,grupo 3,14,7.0,0.713860273361206,1,ok,0.6947368421052632,False,111.0,1.011,1.94
dataset6_CLINIC_0096_data,grupo 3,14,4.91,0.0,0,ok,0.6947368421052632,False,111.0,1.011,1.94
dataset6_CLINIC_0096_data,grupo 3,14,7.3,0.8638603687286377,1,ok,0.6947368421052632,False,111.0,1.011,1.94
dataset6_CLINIC_0096_data,grupo 3,15,7.0,0.6239347457885742,1,ok,0.6105263157894737,False,111.0,1.087,4.117
dataset6_CLINIC_0096_data,grupo 3,15,4.91,0.0,0,ok,0.6105263157894737,False,111.0,1.087,4.117
dataset6_CLINIC_0096_data,grupo 3,15,7.3,0.7739348411560059,1,ok,0.6105263157894737,False,111.0,1.087,4.117
dataset6_CLINIC_0096_data,grupo 3,16,7.0,0.0,0,ok,0.5894736842105263,False,111.0,0.119,0.623
dataset6_CLINIC_0096_data,grupo 3,16,4.91,0.0,0,ok,0.5894736842105263,False,111.0,0.119,0.623
dataset6_CLINIC_0096_data,grupo 3,16,7.3,0.0,0,ok,0.5894736842105263,False,111.0,0.119,0.623
dataset6_CLINIC_0096_data,grupo 3,17,7.0,1.0220866203308105,1,ok,0.4842105263157895,False,111.0,0.654,2.319
dataset6_CLINIC_0096_data,grupo 3,17,4.91,0.0,0,ok,0.4842105263157895,False,111.0,0.654,2.319
dataset6_CLINIC_0096_data,grupo 3,17,7.3,1.1720867156982422,1,ok,0.4842105263157895,False,111.0,0.654,2.319
dataset6_CLINIC_0096_data,grupo 3,18,7.0,4.1144256591796875,3,ok,0.574468085106383,False,111.0,2.516,2.353
dataset6_CLINIC_0096_data,grupo 3,18,4.91,3.069425582885742,2,ok,0.574468085106383,False,111.0,2.516,2.353
dataset6_CLINIC_0096_data,grupo 3,18,7.3,4.264425754547119,3,ok,0.574468085106383,False,111.0,2.516,2.353
dataset6_CLINIC_0096_data,grupo 3,19,7.0,0.0,0,ok,0.6421052631578947,False,111.0,1.563,1.071
dataset6_CLINIC_0096_data,grupo 3,19,4.91,0.0,0,ok,0.6421052631578947,False,111.0,1.563,1.071
dataset6_CLINIC_0096_data,grupo 3,19,7.3,0.0,0,ok,0.6421052631578947,False,111.0,1.563,1.071
dataset6_CLINIC_0096_data,grupo 3,20,7.0,0.0,0,ok,0.6210526315789474,False,111.0,0.378,0.235
dataset6_CLINIC_0096_data,grupo 3,20,4.91,0.0,0,ok,0.6210526315789474,False,111.0,0.378,0.235
dataset6_CLINIC_0096_data,grupo 3,20,7.3,0.12045931816101074,1,ok,0.6210526315789474,False,111.0,0.378,0.235
dataset6_CLINIC_0096_data,grupo 3,21,7.0,0.0,0,ok,0.7157894736842105,False,111.0,3.936,1.794
dataset6_CLINIC_0096_data,grupo 3,21,4.91,0.0,0,ok,0.7157894736842105,False,111.0,3.936,1.794
dataset6_CLINIC_0096_data,grupo 3,21,7.3,0.0,0,ok,0.7157894736842105,False,111.0,3.936,1.794
dataset6_CLINIC_0096_data,grupo 3,22,7.0,0.0,0,ok,0.6526315789473685,False,111.0,0.728,0.189
dataset6_CLINIC_0096_data,grupo 3,22,4.91,0.0,0,ok,0.6526315789473685,False,111.0,0.728,0.189
dataset6_CLINIC_0096_data,grupo 3,22,7.3,0.0,0,ok,0.6526315789473685,False,111.0,0.728,0.189
dataset6_CLINIC_0096_data,grupo 3,23,7.0,0.26732707023620605,1,ok,0.7578947368421053,False,111.0,2.756,2.15
dataset6_CLINIC_0096_data,grupo 3,23,4.91,0.0,0,ok,0.7578947368421053,False,111.0,2.756,2.15
dataset6_CLINIC_0096_data,grupo 3,23,7.3,0.4173271656036377,1,ok,0.7578947368421053,False,111.0,2.756,2.15
dataset6_CLINIC_0096_data,grupo 3,24,7.0,0.5408766269683838,1,ok,0.6210526315789474,False,111.0,2.699,2.285
dataset6_CLINIC_0096_data,grupo 3,24,4.91,0.0,0,ok,0.6210526315789474,False,111.0,2.699,2.285
dataset6_CLINIC_0096_data,grupo 3,24,7.3,0.6908767223358154,1,ok,0.6210526315789474,False,111.0,2.699,2.285
dataset6_CLINIC_0096_data,grupo 3,25,7.0,0.9444050788879395,1,ok,0.5578947368421052,False,111.0,2.79,1.088
dataset6_CLINIC_0096_data,grupo 3,25,4.91,0.0,0,ok,0.5578947368421052,False,111.0,2.79,1.088
dataset6_CLINIC_0096_data,grupo 3,25,7.3,1.094405174255371,1,ok,0.5578947368421052,False,111.0,2.79,1.088
dataset6_CLINIC_0096_data,grupo 3,26,7.0,0.2820730209350586,1,ok,0.5578947368421052,False,111.0,2.751,0.742
dataset6_CLINIC_0096_data,grupo 3,26,4.91,0.0,0,ok,0.5578947368421052,False,111.0,2.751,0.742
dataset6_CLINIC_0096_data,grupo 3,26,7.3,0.43207311630249023,1,ok,0.5578947368421052,False,111.0,2.751,0.742
dataset6_CLINIC_0096_data,grupo 3,27,7.0,4.3686323165893555,3,ok,0.44565217391304346,False,111.0,4.249,1.858
dataset6_CLINIC_0096_data,grupo 3,27,4.91,3.32363224029541,2,ok,0.44565217391304346,False,111.0,4.249,1.858
dataset6_CLINIC_0096_data,grupo 3,27,7.3,4.518632411956787,3,ok,0.44565217391304346,False,111.0,4.249,1.858
dataset6_CLINIC_0096_data,grupo 3,28,7.0,1.7345150709152222,1,ok,0.5789473684210527,False,111.0,1.903,0.948
dataset6_CLINIC_0096_data,grupo 3,28,4.91,0.6895149946212769,1,ok,0.5789473684210527,False,111.0,1.903,0.948
dataset6_CLINIC_0096_data,grupo 3,28,7.3,1.8845151662826538,1,ok,0.5789473684210527,False,111.0,1.903,0.948
dataset6_CLINIC_0096_data,grupo 3,29,7.0,1.3629069328308105,1,ok,0.49473684210526314,False,111.0,3.497,3.505
dataset6_CLINIC_0096_data,grupo 3,29,4.91,0.31790685653686523,1,ok,0.49473684210526314,False,111.0,3.497,3.505
dataset6_CLINIC_0096_data,grupo 3,29,7.3,1.5129070281982422,1,ok,0.49473684210526314,False,111.0,3.497,3.505
dataset6_CLINIC_0096_data,grupo 3,30,7.0,0.0,0,ok,0.7263157894736842,False,111.0,1.667,0.327
dataset6_CLINIC_0096_data,grupo 3,30,4.91,0.0,0,ok,0.7263157894736842,False,111.0,1.667,0.327
dataset6_CLINIC_0096_data,grupo 3,30,7.3,0.0,0,ok,0.7263157894736842,False,111.0,1.667,0.327
dataset6_CLINIC_0096_data,grupo 3,31,7.0,0.299243688583374,1,ok,0.6105263157894737,False,111.0,3.281,0.612
dataset6_CLINIC_0096_data,grupo 3,31,4.91,0.0,0,ok,0.6105263157894737,False,111.0,3.281,0.612
dataset6_CLINIC_0096_data,grupo 3,31,7.3,0.44924378395080566,1,ok,0.6105263157894737,False,111.0,3.281,0.612
dataset6_CLINIC_0096_data,grupo 3,32,7.0,1.7327388525009155,1,ok,0.5578947368421052,False,111.0,1.32,2.135
dataset6_CLINIC_0096_data,grupo 3,32,4.91,0.6877387762069702,1,ok,0.5578947368421052,False,111.0,1.32,2.135
dataset6_CLINIC_0096_data,grupo 3,32,7.3,1.8827389478683472,1,ok,0.5578947368421052,False,111.0,1.32,2.135
dataset6_CLINIC_0096_data,grupo 3,33,7.0,1.9588289260864258,1,ok,0.6,False,111.0,1.387,1.041
dataset6_CLINIC_0096_data,grupo 3,33,4.91,0.9138288497924805,1,ok,0.6,False,111.0,1.387,1.041
dataset6_CLINIC_0096_data,grupo 3,33,7.3,2.1088290214538574,2,ok,0.6,False,111.0,1.387,1.041
dataset6_CLINIC_0096_data,grupo 3,34,7.0,0.3594965934753418,1,ok,0.5368421052631579,False,111.0,0.229,1.946
dataset6_CLINIC_0096_data,grupo 3,34,4.91,0.0,0,ok,0.5368421052631579,False,111.0,0.229,1.946
dataset6_CLINIC_0096_data,grupo 3,34,7.3,0.5094966888427734,1,ok,0.5368421052631579,False,111.0,0.229,1.946
dataset6_CLINIC_0096_data,grupo 3,35,7.0,4.510433673858643,3,ok,0.46808510638297873,False,111.0,3.693,5.604
dataset6_CLINIC_0096_data,grupo 3,35,4.91,3.4654335975646973,2,ok,0.46808510638297873,False,111.0,3.693,5.604
dataset6_CLINIC_0096_data,grupo 3,35,7.3,4.660433769226074,3,ok,0.46808510638297873,False,111.0,3.693,5.604
dataset6_CLINIC_0096_data,grupo 3,36,7.0,0.9165177345275879,1,ok,0.6631578947368421,False,111.0,1.003,2.178
dataset6_CLINIC_0096_data,grupo 3,36,4.91,0.0,0,ok,0.6631578947368421,False,111.0,1.003,2.178
dataset6_CLINIC_0096_data,grupo 3,36,7.3,1.0665178298950195,1,ok,0.6631578947368421,False,111.0,1.003,2.178
dataset6_CLINIC_0096_data,grupo 3,37,7.0,0.835364818572998,1,ok,0.4842105263157895,False,111.0,1.293,1.204
dataset6_CLINIC_0096_data,grupo 3,37,4.91,0.0,0,ok,0.4842105263157895,False,111.0,1.293,1.204
dataset6_CLINIC_0096_data,grupo 3,37,7.3,0.9853649139404297,1,ok,0.4842105263157895,False,111.0,1.293,1.204
dataset6_CLINIC_0096_data,grupo 3,38,7.0,4.310026168823242,3,ok,0.4891304347826087,False,111.0,3.169,1.564
dataset6_CLINIC_0096_data,grupo 3,38,4.91,3.265026330947876,2,ok,0.4891304347826087,False,111.0,3.169,1.564
dataset6_CLINIC_0096_data,grupo 3,38,7.3,4.460026741027832,3,ok,0.4891304347826087,False,111.0,3.169,1.564
dataset6_CLINIC_0096_data,grupo 3,39,7.0,0.0,0,ok,0.7578947368421053,False,111.0,2.453,2.936
dataset6_CLINIC_0096_data,grupo 3,39,4.91,0.0,0,ok,0.7578947368421053,False,111.0,2.453,2.936
dataset6_CLINIC_0096_data,grupo 3,39,7.3,0.0,0,ok,0.7578947368421053,False,111.0,2.453,2.936
dataset6_CLINIC_0096_data,grupo 3,40,7.0,0.0,0,ok,0.6526315789473685,False,111.0,0.564,0.015
dataset6_CLINIC_0096_data,grupo 3,40,4.91,0.0,0,ok,0.6526315789473685,False,111.0,0.564,0.015
dataset6_CLINIC_0096_data,grupo 3,40,7.3,0.021557092666625977,1,ok,0.6526315789473685,False,111.0,0.564,0.015
dataset6_CLINIC_0096_data,grupo 3,41,7.0,1.1807806491851807,1,ok,0.4842105263157895,False,111.0,2.374,1.432
dataset6_CLINIC_0096_data,grupo 3,41,4.91,0.13578057289123535,1,ok,0.4842105263157895,False,111.0,2.374,1.432
dataset6_CLINIC_0096_data,grupo 3,41,7.3,1.3307807445526123,1,ok,0.4842105263157895,False,111.0,2.374,1.432
dataset6_CLINIC_0096_data,grupo 3,42,7.0,0.6071035861968994,1,ok,0.7684210526315789,False,111.0,5.506,2.37
dataset6_CLINIC_0096_data,grupo 3,42,4.91,0.0,0,ok,0.7684210526315789,False,111.0,5.506,2.37
dataset6_CLINIC_0096_data,grupo 3,42,7.3,0.757103681564331,1,ok,0.7684210526315789,False,111.0,5.506,2.37
dataset6_CLINIC_0096_data,grupo 3,43,7.0,6.271602153778076,3,ok,0.1643835616438356,False,111.0,4.828,3.609
dataset6_CLINIC_0096_data,grupo 3,43,4.91,5.226602077484131,3,ok,0.1643835616438356,False,111.0,4.828,3.609
dataset6_CLINIC_0096_data,grupo 3,43,7.3,6.421602249145508,3,ok,0.1643835616438356,False,111.0,4.828,3.609
dataset6_CLINIC_0096_data,grupo 3,44,7.0,0.40976834297180176,1,ok,0.6736842105263158,False,111.0,1.903,2.073
dataset6_CLINIC_0096_data,grupo 3,44,4.91,0.0,0,ok,0.6736842105263158,False,111.0,1.903,2.073
dataset6_CLINIC_0096_data,grupo 3,44,7.3,0.5597684383392334,1,ok,0.6736842105263158,False,111.0,1.903,2.073
dataset6_CLINIC_0096_data,grupo 3,45,7.0,0.0,0,ok,0.6,False,111.0,2.597,0.915
dataset6_CLINIC_0096_data,grupo 3,45,4.91,0.0,0,ok,0.6,False,111.0,2.597,0.915
dataset6_CLINIC_0096_data,grupo 3,45,7.3,0.0,0,ok,0.6,False,111.0,2.597,0.915
dataset6_CLINIC_0096_data,grupo 3,46,7.0,1.5487902164459229,1,ok,0.5157894736842106,False,111.0,5.568,1.772
dataset6_CLINIC_0096_data,grupo 3,46,4.91,0.5037901401519775,1,ok,0.5157894736842106,False,111.0,5.568,1.772
dataset6_CLINIC_0096_data,grupo 3,46,7.3,1.6987903118133545,1,ok,0.5157894736842106,False,111.0,5.568,1.772
dataset6_CLINIC_0096_data,grupo 3,47,7.0,1.1406464576721191,1,ok,0.6105263157894737,False,111.0,0.234,0.922
dataset6_CLINIC_0096_data,grupo 3,47,4.91,0.09564638137817383,1,ok,0.6105263157894737,False,111.0,0.234,0.922
dataset6_CLINIC_0096_data,grupo 3,47,7.3,1.2906465530395508,1,ok,0.6105263157894737,False,111.0,0.234,0.922
dataset6_CLINIC_0096_data,grupo 3,48,7.0,2.3488457202911377,2,ok,0.47368421052631576,False,111.0,2.838,3.466
dataset6_CLINIC_0096_data,grupo 3,48,4.91,1.3038456439971924,1,ok,0.47368421052631576,False,111.0,2.838,3.466
dataset6_CLINIC_0096_data,grupo 3,48,7.3,2.4988458156585693,2,ok,0.47368421052631576,False,111.0,2.838,3.466
dataset6_CLINIC_0096_data,grupo 3,49,7.0,0.7930848598480225,1,ok,0.6421052631578947,False,111.0,0.29,1.496
dataset6_CLINIC_0096_data,grupo 3,49,4.91,0.0,0,ok,0.6421052631578947,False,111.0,0.29,1.496
dataset6_CLINIC_0096_data,grupo 3,49,7.3,0.9430849552154541,1,ok,0.6421052631578947,False,111.0,0.29,1.496
dataset6_CLINIC_0092_data,grupo 3,0,7.0,0.0,0,ok,0.9136690647482014,True,154.0,0.669,1.254
dataset6_CLINIC_0092_data,grupo 3,0,4.91,0.0,0,ok,0.9136690647482014,True,154.0,0.669,1.254
dataset6_CLINIC_0092_data,grupo 3,0,7.3,0.0,0,ok,0.9136690647482014,True,154.0,0.669,1.254
dataset6_CLINIC_0092_data,grupo 3,1,7.0,0.0,0,ok,0.8992805755395683,True,154.0,3.444,0.814
dataset6_CLINIC_0092_data,grupo 3,1,4.91,0.0,0,ok,0.8992805755395683,True,154.0,3.444,0.814
dataset6_CLINIC_0092_data,grupo 3,1,7.3,0.0,0,ok,0.8992805755395683,True,154.0,3.444,0.814
dataset6_CLINIC_0092_data,grupo 3,2,7.0,0.0,0,ok,0.920863309352518,True,154.0,1.258,0.731
dataset6_CLINIC_0092_data,grupo 3,2,4.91,0.0,0,ok,0.920863309352518,True,154.0,1.258,0.731
dataset6_CLINIC_0092_data,grupo 3,2,7.3,0.0,0,ok,0.920863309352518,True,154.0,1.258,0.731
dataset6_CLINIC_0092_data,grupo 3,3,7.0,0.0,0,ok,0.920863309352518,True,154.0,0.679,0.336
dataset6_CLINIC_0092_data,grupo 3,3,4.91,0.0,0,ok,0.920863309352518,True,154.0,0.679,0.336
dataset6_CLINIC_0092_data,grupo 3,3,7.3,0.0,0,ok,0.920863309352518,True,154.0,0.679,0.336
dataset6_CLINIC_0092_data,grupo 3,4,7.0,0.0,0,ok,0.9136690647482014,True,154.0,1.969,0.667
dataset6_CLINIC_0092_data,grupo 3,4,4.91,0.0,0,ok,0.9136690647482014,True,154.0,1.969,0.667
dataset6_CLINIC_0092_data,grupo 3,4,7.3,0.0,0,ok,0.9136690647482014,True,154.0,1.969,0.667
dataset6_CLINIC_0092_data,grupo 3,5,7.0,0.0,0,ok,0.8992805755395683,True,154.0,1.886,2.789
dataset6_CLINIC_0092_data,grupo 3,5,4.91,0.0,0,ok,0.8992805755395683,True,154.0,1.886,2.789
dataset6_CLINIC_0092_data,grupo 3,5,7.3,0.0,0,ok,0.8992805755395683,True,154.0,1.886,2.789
dataset6_CLINIC_0092_data,grupo 3,6,7.0,0.0,0,ok,0.935251798561151,True,154.0,2.949,0.444
dataset6_CLINIC_0092_data,grupo 3,6,4.91,0.0,0,ok,0.935251798561151,True,154.0,2.949,0.444
dataset6_CLINIC_0092_data,grupo 3,6,7.3,0.0,0,ok,0.935251798561151,True,154.0,2.949,0.444
dataset6_CLINIC_0092_data,grupo 3,7,7.0,2.32681941986084,2,ok,0.9064748201438849,True,154.0,5.492,2.451
dataset6_CLINIC_0092_data,grupo 3,7,4.91,1.2818193435668945,1,ok,0.9064748201438849,True,154.0,5.492,2.451
dataset6_CLINIC_0092_data,grupo 3,7,7.3,2.4768195152282715,2,ok,0.9064748201438849,True,154.0,5.492,2.451
dataset6_CLINIC_0092_data,grupo 3,8,7.0,0.6328184604644775,1,ok,0.9064748201438849,True,154.0,3.965,2.544
dataset6_CLINIC_0092_data,grupo 3,8,4.91,0.0,0,ok,0.9064748201438849,True,154.0,3.965,2.544
dataset6_CLINIC_0092_data,grupo 3,8,7.3,0.7828185558319092,1,ok,0.9064748201438849,True,154.0,3.965,2.544
dataset6_CLINIC_0092_data,grupo 3,9,7.0,0.0,0,ok,0.9496402877697842,True,154.0,3.689,0.817
dataset6_CLINIC_0092_data,grupo 3,9,4.91,0.0,0,ok,0.9496402877697842,True,154.0,3.689,0.817
dataset6_CLINIC_0092_data,grupo 3,9,7.3,0.0,0,ok,0.9496402877697842,True,154.0,3.689,0.817
dataset6_CLINIC_0092_data,grupo 3,10,7.0,0.0,0,ok,0.8848920863309353,True,154.0,0.56,2.221
dataset6_CLINIC_0092_data,grupo 3,10,4.91,0.0,0,ok,0.8848920863309353,True,154.0,0.56,2.221
dataset6_CLINIC_0092_data,grupo 3,10,7.3,0.0,0,ok,0.8848920863309353,True,154.0,0.56,2.221
dataset6_CLINIC_0092_data,grupo 3,11,7.0,0.0,0,ok,0.9064748201438849,True,154.0,0.297,0.74
dataset6_CLINIC_0092_data,grupo 3,11,4.91,0.0,0,ok,0.9064748201438849,True,154.0,0.297,0.74
dataset6_CLINIC_0092_data,grupo 3,11,7.3,0.0,0,ok,0.9064748201438849,True,154.0,0.297,0.74
dataset6_CLINIC_0092_data,grupo 3,12,7.0,0.0,0,ok,0.935251798561151,True,154.0,0.742,4.117
dataset6_CLINIC_0092_data,grupo 3,12,4.91,0.0,0,ok,0.935251798561151,True,154.0,0.742,4.117
dataset6_CLINIC_0092_data,grupo 3,12,7.3,0.0,0,ok,0.935251798561151,True,154.0,0.742,4.117
dataset6_CLINIC_0092_data,grupo 3,13,7.0,0.0,0,ok,0.9064748201438849,True,154.0,0.417,1.002
dataset6_CLINIC_0092_data,grupo 3,13,4.91,0.0,0,ok,0.9064748201438849,True,154.0,0.417,1.002
dataset6_CLINIC_0092_data,grupo 3,13,7.3,0.0,0,ok,0.9064748201438849,True,154.0,0.417,1.002
dataset6_CLINIC_0092_data,grupo 3,14,7.0,0.0,0,ok,0.8992805755395683,True,154.0,3.471,3.799
dataset6_CLINIC_0092_data,grupo 3,14,4.91,0.0,0,ok,0.8992805755395683,True,154.0,3.471,3.799
dataset6_CLINIC_0092_data,grupo 3,14,7.3,0.0,0,ok,0.8992805755395683,True,154.0,3.471,3.799
dataset6_CLINIC_0092_data,grupo 3,15,7.0,0.0,0,ok,0.8992805755395683,True,154.0,1.497,1.049
dataset6_CLINIC_0092_data,grupo 3,15,4.91,0.0,0,ok,0.8992805755395683,True,154.0,1.497,1.049
dataset6_CLINIC_0092_data,grupo 3,15,7.3,0.0,0,ok,0.8992805755395683,True,154.0,1.497,1.049
dataset6_CLINIC_0092_data,grupo 3,16,7.0,0.0,0,ok,0.9136690647482014,True,154.0,1.936,0.135
dataset6_CLINIC_0092_data,grupo 3,16,4.91,0.0,0,ok,0.9136690647482014,True,154.0,1.936,0.135
dataset6_CLINIC_0092_data,grupo 3,16,7.3,0.0,0,ok,0.9136690647482014,True,154.0,1.936,0.135
dataset6_CLINIC_0092_data,grupo 3,17,7.0,0.0,0,ok,0.9064748201438849,True,154.0,1.731,0.634
dataset6_CLINIC_0092_data,grupo 3,17,4.91,0.0,0,ok,0.9064748201438849,True,154.0,1.731,0.634
dataset6_CLINIC_0092_data,grupo 3,17,7.3,0.0,0,ok,0.9064748201438849,True,154.0,1.731,0.634
dataset6_CLINIC_0092_data,grupo 3,18,7.0,0.0,0,ok,0.8920863309352518,True,154.0,0.551,0.089
dataset6_CLINIC_0092_data,grupo 3,18,4.91,0.0,0,ok,0.8920863309352518,True,154.0,0.551,0.089
dataset6_CLINIC_0092_data,grupo 3,18,7.3,0.0,0,ok,0.8920863309352518,True,154.0,0.551,0.089
dataset6_CLINIC_0092_data,grupo 3,19,7.0,0.0,0,ok,0.9280575539568345,True,154.0,2.804,1.712
dataset6_CLINIC_0092_data,grupo 3,19,4.91,0.0,0,ok,0.9280575539568345,True,154.0,2.804,1.712
dataset6_CLINIC_0092_data,grupo 3,19,7.3,0.0,0,ok,0.9280575539568345,True,154.0,2.804,1.712
dataset6_CLINIC_0092_data,grupo 3,20,7.0,0.0,0,ok,0.8992805755395683,True,154.0,3.975,2.393
dataset6_CLINIC_0092_data,grupo 3,20,4.91,0.0,0,ok,0.8992805755395683,True,154.0,3.975,2.393
dataset6_CLINIC_0092_data,grupo 3,20,7.3,0.0,0,ok,0.8992805755395683,True,154.0,3.975,2.393
dataset6_CLINIC_0092_data,grupo 3,21,7.0,0.0,0,ok,0.9136690647482014,True,154.0,1.838,0.821
dataset6_CLINIC_0092_data,grupo 3,21,4.91,0.0,0,ok,0.9136690647482014,True,154.0,1.838,0.821
dataset6_CLINIC_0092_data,grupo 3,21,7.3,0.0,0,ok,0.9136690647482014,True,154.0,1.838,0.821
dataset6_CLINIC_0092_data,grupo 3,22,7.0,0.0,0,ok,0.8992805755395683,True,154.0,2.119,3.777
dataset6_CLINIC_0092_data,grupo 3,22,4.91,0.0,0,ok,0.8992805755395683,True,154.0,2.119,3.777
dataset6_CLINIC_0092_data,grupo 3,22,7.3,0.0,0,ok,0.8992805755395683,True,154.0,2.119,3.777
dataset6_CLINIC_0092_data,grupo 3,23,7.0,0.0,0,ok,0.9280575539568345,True,154.0,1.481,0.381
dataset6_CLINIC_0092_data,grupo 3,23,4.91,0.0,0,ok,0.9280575539568345,True,154.0,1.481,0.381
dataset6_CLINIC_0092_data,grupo 3,23,7.3,0.0,0,ok,0.9280575539568345,True,154.0,1.481,0.381
dataset6_CLINIC_0092_data,grupo 3,24,7.0,0.0,0,ok,0.920863309352518,True,154.0,0.065,3.145
dataset6_CLINIC_0092_data,grupo 3,24,4.91,0.0,0,ok,0.920863309352518,True,154.0,0.065,3.145
dataset6_CLINIC_0092_data,grupo 3,24,7.3,0.0,0,ok,0.920863309352518,True,154.0,0.065,3.145
dataset6_CLINIC_0092_data,grupo 3,25,7.0,0.0,0,ok,0.8920863309352518,True,154.0,3.651,2.077
dataset6_CLINIC_0092_data,grupo 3,25,4.91,0.0,0,ok,0.8920863309352518,True,154.0,3.651,2.077
dataset6_CLINIC_0092_data,grupo 3,25,7.3,0.004013538360595703,1,ok,0.8920863309352518,True,154.0,3.651,2.077
dataset6_CLINIC_0092_data,grupo 3,26,7.0,0.0,0,ok,0.9136690647482014,True,154.0,3.532,1.859
dataset6_CLINIC_0092_data,grupo 3,26,4.91,0.0,0,ok,0.9136690647482014,True,154.0,3.532,1.859
dataset6_CLINIC_0092_data,grupo 3,26,7.3,0.0,0,ok,0.9136690647482014,True,154.0,3.532,1.859
dataset6_CLINIC_0092_data,grupo 3,27,7.0,0.17301607131958008,1,ok,0.9064748201438849,True,154.0,4.455,1.194
dataset6_CLINIC_0092_data,grupo 3,27,4.91,0.0,0,ok,0.9064748201438849,True,154.0,4.455,1.194
dataset6_CLINIC_0092_data,grupo 3,27,7.3,0.3230161666870117,1,ok,0.9064748201438849,True,154.0,4.455,1.194
dataset6_CLINIC_0092_data,grupo 3,28,7.0,0.0,0,ok,0.9136690647482014,True,154.0,1.665,2.095
dataset6_CLINIC_0092_data,grupo 3,28,4.91,0.0,0,ok,0.9136690647482014,True,154.0,1.665,2.095
dataset6_CLINIC_0092_data,grupo 3,28,7.3,0.0,0,ok,0.9136690647482014,True,154.0,1.665,2.095
dataset6_CLINIC_0092_data,grupo 3,29,7.0,0.0,0,ok,0.920863309352518,True,154.0,2.424,0.599
dataset6_CLINIC_0092_data,grupo 3,29,4.91,0.0,0,ok,0.920863309352518,True,154.0,2.424,0.599
dataset6_CLINIC_0092_data,grupo 3,29,7.3,0.0,0,ok,0.920863309352518,True,154.0,2.424,0.599
dataset6_CLINIC_0092_data,grupo 3,30,7.0,0.0,0,ok,0.8920863309352518,True,154.0,0.407,0.458
dataset6_CLINIC_0092_data,grupo 3,30,4.91,0.0,0,ok,0.8920863309352518,True,154.0,0.407,0.458
dataset6_CLINIC_0092_data,grupo 3,30,7.3,0.0,0,ok,0.8920863309352518,True,154.0,0.407,0.458
dataset6_CLINIC_0092_data,grupo 3,31,7.0,0.0,0,ok,0.9064748201438849,True,154.0,0.976,1.665
dataset6_CLINIC_0092_data,grupo 3,31,4.91,0.0,0,ok,0.9064748201438849,True,154.0,0.976,1.665
dataset6_CLINIC_0092_data,grupo 3,31,7.3,0.0,0,ok,0.9064748201438849,True,154.0,0.976,1.665
dataset6_CLINIC_0092_data,grupo 3,32,7.0,0.0,0,ok,0.920863309352518,True,154.0,2.628,0.942
dataset6_CLINIC_0092_data,grupo 3,32,4.91,0.0,0,ok,0.920863309352518,True,154.0,2.628,0.942
dataset6_CLINIC_0092_data,grupo 3,32,7.3,0.0,0,ok,0.920863309352518,True,154.0,2.628,0.942
dataset6_CLINIC_0092_data,grupo 3,33,7.0,0.0,0,ok,0.935251798561151,True,154.0,1.956,1.841
dataset6_CLINIC_0092_data,grupo 3,33,4.91,0.0,0,ok,0.935251798561151,True,154.0,1.956,1.841
dataset6_CLINIC_0092_data,grupo 3,33,7.3,0.0,0,ok,0.935251798561151,True,154.0,1.956,1.841
dataset6_CLINIC_0092_data,grupo 3,34,7.0,0.0,0,ok,0.8992805755395683,True,154.0,3.283,1.853
dataset6_CLINIC_0092_data,grupo 3,34,4.91,0.0,0,ok,0.8992805755395683,True,154.0,3.283,1.853
dataset6_CLINIC_0092_data,grupo 3,34,7.3,0.0,0,ok,0.8992805755395683,True,154.0,3.283,1.853
dataset6_CLINIC_0092_data,grupo 3,35,7.0,0.0,0,ok,0.9064748201438849,True,154.0,2.272,0.538
dataset6_CLINIC_0092_data,grupo 3,35,4.91,0.0,0,ok,0.9064748201438849,True,154.0,2.272,0.538
dataset6_CLINIC_0092_data,grupo 3,35,7.3,0.0,0,ok,0.9064748201438849,True,154.0,2.272,0.538
dataset6_CLINIC_0092_data,grupo 3,36,7.0,0.0,0,ok,0.8992805755395683,True,154.0,1.844,0.944
dataset6_CLINIC_0092_data,grupo 3,36,4.91,0.0,0,ok,0.8992805755395683,True,154.0,1.844,0.944
dataset6_CLINIC_0092_data,grupo 3,36,7.3,0.0,0,ok,0.8992805755395683,True,154.0,1.844,0.944
dataset6_CLINIC_0092_data,grupo 3,37,7.0,0.0,0,ok,0.9136690647482014,True,154.0,0.513,0.159
dataset6_CLINIC_0092_data,grupo 3,37,4.91,0.0,0,ok,0.9136690647482014,True,154.0,0.513,0.159
dataset6_CLINIC_0092_data,grupo 3,37,7.3,0.0,0,ok,0.9136690647482014,True,154.0,0.513,0.159
dataset6_CLINIC_0092_data,grupo 3,38,7.0,0.0,0,ok,0.9136690647482014,True,154.0,2.153,2.982
dataset6_CLINIC_0092_data,grupo 3,38,4.91,0.0,0,ok,0.9136690647482014,True,154.0,2.153,2.982
dataset6_CLINIC_0092_data,grupo 3,38,7.3,0.0,0,ok,0.9136690647482014,True,154.0,2.153,2.982
dataset6_CLINIC_0092_data,grupo 3,39,7.0,0.0,0,ok,0.9136690647482014,True,154.0,0.448,0.572
dataset6_CLINIC_0092_data,grupo 3,39,4.91,0.0,0,ok,0.9136690647482014,True,154.0,0.448,0.572
dataset6_CLINIC_0092_data,grupo 3,39,7.3,0.0,0,ok,0.9136690647482014,True,154.0,0.448,0.572
dataset6_CLINIC_0092_data,grupo 3,40,7.0,0.0,0,ok,0.8992805755395683,True,154.0,2.246,2.154
dataset6_CLINIC_0092_data,grupo 3,40,4.91,0.0,0,ok,0.8992805755395683,True,154.0,2.246,2.154
dataset6_CLINIC_0092_data,grupo 3,40,7.3,0.0,0,ok,0.8992805755395683,True,154.0,2.246,2.154
dataset6_CLINIC_0092_data,grupo 3,41,7.0,0.0,0,ok,0.8920863309352518,True,154.0,0.571,0.441
dataset6_CLINIC_0092_data,grupo 3,41,4.91,0.0,0,ok,0.8920863309352518,True,154.0,0.571,0.441
dataset6_CLINIC_0092_data,grupo 3,41,7.3,0.0,0,ok,0.8920863309352518,True,154.0,0.571,0.441
dataset6_CLINIC_0092_data,grupo 3,42,7.0,0.0,0,ok,0.9424460431654677,True,154.0,1.758,0.849
dataset6_CLINIC_0092_data,grupo 3,42,4.91,0.0,0,ok,0.9424460431654677,True,154.0,1.758,0.849
dataset6_CLINIC_0092_data,grupo 3,42,7.3,0.0,0,ok,0.9424460431654677,True,154.0,1.758,0.849
dataset6_CLINIC_0092_data,grupo 3,43,7.0,0.11594152450561523,1,ok,0.9136690647482014,True,154.0,5.586,2.929
dataset6_CLINIC_0092_data,grupo 3,43,4.91,0.0,0,ok,0.9136690647482014,True,154.0,5.586,2.929
dataset6_CLINIC_0092_data,grupo 3,43,7.3,0.2659416198730469,1,ok,0.9136690647482014,True,154.0,5.586,2.929
dataset6_CLINIC_0092_data,grupo 3,44,7.0,0.0,0,ok,0.9424460431654677,True,154.0,2.829,0.361
dataset6_CLINIC_0092_data,grupo 3,44,4.91,0.0,0,ok,0.9424460431654677,True,154.0,2.829,0.361
dataset6_CLINIC_0092_data,grupo 3,44,7.3,0.0,0,ok,0.9424460431654677,True,154.0,2.829,0.361
dataset6_CLINIC_0092_data,grupo 3,45,7.0,0.0,0,ok,0.9064748201438849,True,154.0,0.034,0.81
dataset6_CLINIC_0092_data,grupo 3,45,4.91,0.0,0,ok,0.9064748201438849,True,154.0,0.034,0.81
dataset6_CLINIC_0092_data,grupo 3,45,7.3,0.0,0,ok,0.9064748201438849,True,154.0,0.034,0.81
dataset6_CLINIC_0092_data,grupo 3,46,7.0,0.0,0,ok,0.920863309352518,True,154.0,1.091,1.598
dataset6_CLINIC_0092_data,grupo 3,46,4.91,0.0,0,ok,0.920863309352518,True,154.0,1.091,1.598
dataset6_CLINIC_0092_data,grupo 3,46,7.3,0.0,0,ok,0.920863309352518,True,154.0,1.091,1.598
dataset6_CLINIC_0092_data,grupo 3,47,7.0,0.0,0,ok,0.935251798561151,True,154.0,0.187,2.296
dataset6_CLINIC_0092_data,grupo 3,47,4.91,0.0,0,ok,0.935251798561151,True,154.0,0.187,2.296
dataset6_CLINIC_0092_data,grupo 3,47,7.3,0.0,0,ok,0.935251798561151,True,154.0,0.187,2.296
dataset6_CLINIC_0092_data,grupo 3,48,7.0,0.0,0,ok,0.920863309352518,True,154.0,2.412,0.641
dataset6_CLINIC_0092_data,grupo 3,48,4.91,0.0,0,ok,0.920863309352518,True,154.0,2.412,0.641
dataset6_CLINIC_0092_data,grupo 3,48,7.3,0.0,0,ok,0.920863309352518,True,154.0,2.412,0.641
dataset6_CLINIC_0092_data,grupo 3,49,7.0,0.5327756404876709,1,ok,0.8848920863309353,True,154.0,2.541,2.388
dataset6_CLINIC_0092_data,grupo 3,49,4.91,0.0,0,ok,0.8848920863309353,True,154.0,2.541,2.388
dataset6_CLINIC_0092_data,grupo 3,49,7.3,0.6827757358551025,1,ok,0.8848920863309353,True,154.0,2.541,2.388
dataset6_CLINIC_0101_data,grupo 3,0,7.0,0.4006946086883545,1,ok,0.7037037037037037,True,150.0,2.382,0.978
dataset6_CLINIC_0101_data,grupo 3,0,4.91,0.0,0,ok,0.7037037037037037,True,150.0,2.382,0.978
dataset6_CLINIC_0101_data,grupo 3,0,7.3,0.5506947040557861,1,ok,0.7037037037037037,True,150.0,2.382,0.978
dataset6_CLINIC_0101_data,grupo 3,1,7.0,1.3233633041381836,1,ok,0.7481481481481481,True,150.0,3.069,0.13
dataset6_CLINIC_0101_data,grupo 3,1,4.91,0.2783632278442383,1,ok,0.7481481481481481,True,150.0,3.069,0.13
dataset6_CLINIC_0101_data,grupo 3,1,7.3,1.4733633995056152,1,ok,0.7481481481481481,True,150.0,3.069,0.13
dataset6_CLINIC_0101_data,grupo 3,2,7.0,0.0,0,ok,0.6592592592592592,True,150.0,1.617,0.817
dataset6_CLINIC_0101_data,grupo 3,2,4.91,0.0,0,ok,0.6592592592592592,True,150.0,1.617,0.817
dataset6_CLINIC_0101_data,grupo 3,2,7.3,0.0,0,ok,0.6592592592592592,True,150.0,1.617,0.817
dataset6_CLINIC_0101_data,grupo 3,3,7.0,1.313506841659546,1,ok,0.762962962962963,True,150.0,3.294,0.891
dataset6_CLINIC_0101_data,grupo 3,3,4.91,0.2685067653656006,1,ok,0.762962962962963,True,150.0,3.294,0.891
dataset6_CLINIC_0101_data,grupo 3,3,7.3,1.4635069370269775,1,ok,0.762962962962963,True,150.0,3.294,0.891
dataset6_CLINIC_0101_data,grupo 3,4,7.0,0.0,0,ok,0.674074074074074,True,150.0,0.11,2.27
dataset6_CLINIC_0101_data,grupo 3,4,4.91,0.0,0,ok,0.674074074074074,True,150.0,0.11,2.27
dataset6_CLINIC_0101_data,grupo 3,4,7.3,0.0,0,ok,0.674074074074074,True,150.0,0.11,2.27
dataset6_CLINIC_0101_data,grupo 3,5,7.0,0.1720142364501953,1,ok,0.6518518518518519,True,150.0,1.924,1.502
dataset6_CLINIC_0101_data,grupo 3,5,4.91,0.0,0,ok,0.6518518518518519,True,150.0,1.924,1.502
dataset6_CLINIC_0101_data,grupo 3,5,7.3,0.32201433181762695,1,ok,0.6518518518518519,True,150.0,1.924,1.502
dataset6_CLINIC_0101_data,grupo 3,6,7.0,0.0,0,ok,0.6814814814814815,True,150.0,0.295,2.197
dataset6_CLINIC_0101_data,grupo 3,6,4.91,0.0,0,ok,0.6814814814814815,True,150.0,0.295,2.197
dataset6_CLINIC_0101_data,grupo 3,6,7.3,0.0,0,ok,0.6814814814814815,True,150.0,0.295,2.197
dataset6_CLINIC_0101_data,grupo 3,7,7.0,0.28972601890563965,1,ok,0.5481481481481482,True,150.0,5.315,0.723
dataset6_CLINIC_0101_data,grupo 3,7,4.91,0.0,0,ok,0.5481481481481482,True,150.0,5.315,0.723
dataset6_CLINIC_0101_data,grupo 3,7,7.3,0.4397261142730713,1,ok,0.5481481481481482,True,150.0,5.315,0.723
dataset6_CLINIC_0101_data,grupo 3,8,7.0,0.0,0,ok,0.6814814814814815,True,150.0,0.978,0.927
dataset6_CLINIC_0101_data,grupo 3,8,4.91,0.0,0,ok,0.6814814814814815,True,150.0,0.978,0.927
dataset6_CLINIC_0101_data,grupo 3,8,7.3,0.0,0,ok,0.6814814814814815,True,150.0,0.978,0.927
dataset6_CLINIC_0101_data,grupo 3,9,7.0,0.0,0,ok,0.6518518518518519,True,150.0,2.013,0.823
dataset6_CLINIC_0101_data,grupo 3,9,4.91,0.0,0,ok,0.6518518518518519,True,150.0,2.013,0.823
dataset6_CLINIC_0101_data,grupo 3,9,7.3,0.04145479202270508,1,ok,0.6518518518518519,True,150.0,2.013,0.823
dataset6_CLINIC_0101_data,grupo 3,10,7.0,2.702927350997925,2,ok,0.7111111111111111,True,150.0,4.549,2.726
dataset6_CLINIC_0101_data,grupo 3,10,4.91,1.6579272747039795,1,ok,0.7111111111111111,True,150.0,4.549,2.726
dataset6_CLINIC_0101_data,grupo 3,10,7.3,2.8529274463653564,2,ok,0.7111111111111111,True,150.0,4.549,2.726
dataset6_CLINIC_0101_data,grupo 3,11,7.0,0.7048985958099365,1,ok,0.6814814814814815,True,150.0,1.852,2.935
dataset6_CLINIC_0101_data,grupo 3,11,4.91,0.0,0,ok,0.6814814814814815,True,150.0,1.852,2.935
dataset6_CLINIC_0101_data,grupo 3,11,7.3,0.8548986911773682,1,ok,0.6814814814814815,True,150.0,1.852,2.935
dataset6_CLINIC_0101_data,grupo 3,12,7.0,0.0,0,ok,0.6444444444444445,True,150.0,1.423,0.189
dataset6_CLINIC_0101_data,grupo 3,12,4.91,0.0,0,ok,0.6444444444444445,True,150.0,1.423,0.189
dataset6_CLINIC_0101_data,grupo 3,12,7.3,0.0,0,ok,0.6444444444444445,True,150.0,1.423,0.189
dataset6_CLINIC_0101_data,grupo 3,13,7.0,0.0,0,ok,0.6518518518518519,True,150.0,1.96,0.807
dataset6_CLINIC_0101_data,grupo 3,13,4.91,0.0,0,ok,0.6518518518518519,True,150.0,1.96,0.807
dataset6_CLINIC_0101_data,grupo 3,13,7.3,0.0,0,ok,0.6518518518518519,True,150.0,1.96,0.807
dataset6_CLINIC_0101_data,grupo 3,14,7.0,0.0,0,ok,0.674074074074074,True,150.0,4.276,0.953
dataset6_CLINIC_0101_data,grupo 3,14,4.91,0.0,0,ok,0.674074074074074,True,150.0,4.276,0.953
dataset6_CLINIC_0101_data,grupo 3,14,7.3,0.0,0,ok,0.674074074074074,True,150.0,4.276,0.953
dataset6_CLINIC_0101_data,grupo 3,15,7.0,0.0,0,ok,0.6666666666666666,True,150.0,1.236,0.57
dataset6_CLINIC_0101_data,grupo 3,15,4.91,0.0,0,ok,0.6666666666666666,True,150.0,1.236,0.57
dataset6_CLINIC_0101_data,grupo 3,15,7.3,0.0,0,ok,0.6666666666666666,True,150.0,1.236,0.57
dataset6_CLINIC_0101_data,grupo 3,16,7.0,4.758993625640869,3,ok,0.49230769230769234,True,150.0,7.323,0.669
dataset6_CLINIC_0101_data,grupo 3,16,4.91,3.713993549346924,2,ok,0.49230769230769234,True,150.0,7.323,0.669
dataset6_CLINIC_0101_data,grupo 3,16,7.3,4.908993721008301,3,ok,0.49230769230769234,True,150.0,7.323,0.669
dataset6_CLINIC_0101_data,grupo 3,17,7.0,3.756261110305786,2,ok,0.7686567164179104,True,150.0,4.797,0.909
dataset6_CLINIC_0101_data,grupo 3,17,4.91,2.711261034011841,2,ok,0.7686567164179104,True,150.0,4.797,0.909
dataset6_CLINIC_0101_data,grupo 3,17,7.3,3.9062612056732178,2,ok,0.7686567164179104,True,150.0,4.797,0.909
dataset6_CLINIC_0101_data,grupo 3,18,7.0,1.748232126235962,1,ok,0.5407407407407407,True,150.0,5.556,2.09
dataset6_CLINIC_0101_data,grupo 3,18,4.91,0.7032320499420166,1,ok,0.5407407407407407,True,150.0,5.556,2.09
dataset6_CLINIC_0101_data,grupo 3,18,7.3,1.8982322216033936,1,ok,0.5407407407407407,True,150.0,5.556,2.09
dataset6_CLINIC_0101_data,grupo 3,19,7.0,0.0,0,ok,0.6592592592592592,True,150.0,2.241,0.563
dataset6_CLINIC_0101_data,grupo 3,19,4.91,0.0,0,ok,0.6592592592592592,True,150.0,2.241,0.563
dataset6_CLINIC_0101_data,grupo 3,19,7.3,0.0,0,ok,0.6592592592592592,True,150.0,2.241,0.563
dataset6_CLINIC_0101_data,grupo 3,20,7.0,0.0,0,ok,0.6592592592592592,True,150.0,1.174,0.875
dataset6_CLINIC_0101_data,grupo 3,20,4.91,0.0,0,ok,0.6592592592592592,True,150.0,1.174,0.875
dataset6_CLINIC_0101_data,grupo 3,20,7.3,0.0,0,ok,0.6592592592592592,True,150.0,1.174,0.875
dataset6_CLINIC_0101_data,grupo 3,21,7.0,0.0,0,ok,0.6370370370370371,True,150.0,0.994,1.104
dataset6_CLINIC_0101_data,grupo 3,21,4.91,0.0,0,ok,0.6370370370370371,True,150.0,0.994,1.104
dataset6_CLINIC_0101_data,grupo 3,21,7.3,0.0,0,ok,0.6370370370370371,True,150.0,0.994,1.104
dataset6_CLINIC_0101_data,grupo 3,22,7.0,0.1699669361114502,1,ok,0.6814814814814815,True,150.0,2.027,1.017
dataset6_CLINIC_0101_data,grupo 3,22,4.91,0.0,0,ok,0.6814814814814815,True,150.0,2.027,1.017
dataset6_CLINIC_0101_data,grupo 3,22,7.3,0.31996703147888184,1,ok,0.6814814814814815,True,150.0,2.027,1.017
dataset6_CLINIC_0101_data,grupo 3,23,7.0,0.0,0,ok,0.674074074074074,True,150.0,0.055,0.957
dataset6_CLINIC_0101_data,grupo 3,23,4.91,0.0,0,ok,0.674074074074074,True,150.0,0.055,0.957
dataset6_CLINIC_0101_data,grupo 3,23,7.3,0.0,0,ok,0.674074074074074,True,150.0,0.055,0.957
dataset6_CLINIC_0101_data,grupo 3,24,7.0,0.0,0,ok,0.6814814814814815,True,150.0,1.199,2.554
dataset6_CLINIC_0101_data,grupo 3,24,4.91,0.0,0,ok,0.6814814814814815,True,150.0,1.199,2.554
dataset6_CLINIC_0101_data,grupo 3,24,7.3,0.02558445930480957,1,ok,0.6814814814814815,True,150.0,1.199,2.554
dataset6_CLINIC_0101_data,grupo 3,25,7.0,1.321253776550293,1,ok,0.7555555555555555,True,150.0,3.124,0.428
dataset6_CLINIC_0101_data,grupo 3,25,4.91,0.27625370025634766,1,ok,0.7555555555555555,True,150.0,3.124,0.428
dataset6_CLINIC_0101_data,grupo 3,25,7.3,1.4712538719177246,1,ok,0.7555555555555555,True,150.0,3.124,0.428
dataset6_CLINIC_0101_data,grupo 3,26,7.0,0.0,0,ok,0.6592592592592592,True,150.0,1.111,0.184
dataset6_CLINIC_0101_data,grupo 3,26,4.91,0.0,0,ok,0.6592592592592592,True,150.0,1.111,0.184
dataset6_CLINIC_0101_data,grupo 3,26,7.3,0.0,0,ok,0.6592592592592592,True,150.0,1.111,0.184
dataset6_CLINIC_0101_data,grupo 3,27,7.0,0.0,0,ok,0.6296296296296297,True,150.0,2.867,0.743
dataset6_CLINIC_0101_data,grupo 3,27,4.91,0.0,0,ok,0.6296296296296297,True,150.0,2.867,0.743
dataset6_CLINIC_0101_data,grupo 3,27,7.3,0.0,0,ok,0.6296296296296297,True,150.0,2.867,0.743
dataset6_CLINIC_0101_data,grupo 3,28,7.0,0.0,0,ok,0.6962962962962963,True,150.0,0.486,0.436
dataset6_CLINIC_0101_data,grupo 3,28,4.91,0.0,0,ok,0.6962962962962963,True,150.0,0.486,0.436
dataset6_CLINIC_0101_data,grupo 3,28,7.3,0.0,0,ok,0.6962962962962963,True,150.0,0.486,0.436
dataset6_CLINIC_0101_data,grupo 3,29,7.0,0.0,0,ok,0.7037037037037037,True,150.0,2.05,0.518
dataset6_CLINIC_0101_data,grupo 3,29,4.91,0.0,0,ok,0.7037037037037037,True,150.0,2.05,0.518
dataset6_CLINIC_0101_data,grupo 3,29,7.3,0.0,0,ok,0.7037037037037037,True,150.0,2.05,0.518
dataset6_CLINIC_0101_data,grupo 3,30,7.0,0.5285615921020508,1,ok,0.7555555555555555,True,150.0,2.791,2.392
dataset6_CLINIC_0101_data,grupo 3,30,4.91,0.0,0,ok,0.7555555555555555,True,150.0,2.791,2.392
dataset6_CLINIC_0101_data,grupo 3,30,7.3,0.6785616874694824,1,ok,0.7555555555555555,True,150.0,2.791,2.392
dataset6_CLINIC_0101_data,grupo 3,31,7.0,0.0,0,ok,0.6666666666666666,True,150.0,1.774,0.483
dataset6_CLINIC_0101_data,grupo 3,31,4.91,0.0,0,ok,0.6666666666666666,True,150.0,1.774,0.483
dataset6_CLINIC_0101_data,grupo 3,31,7.3,0.08716249465942383,1,ok,0.6666666666666666,True,150.0,1.774,0.483
dataset6_CLINIC_0101_data,grupo 3,32,7.0,0.0,0,ok,0.6518518518518519,True,150.0,1.825,0.164
dataset6_CLINIC_0101_data,grupo 3,32,4.91,0.0,0,ok,0.6518518518518519,True,150.0,1.825,0.164
dataset6_CLINIC_0101_data,grupo 3,32,7.3,0.0,0,ok,0.6518518518518519,True,150.0,1.825,0.164
dataset6_CLINIC_0101_data,grupo 3,33,7.0,0.0,0,ok,0.6,True,150.0,4.268,1.704
dataset6_CLINIC_0101_data,grupo 3,33,4.91,0.0,0,ok,0.6,True,150.0,4.268,1.704
dataset6_CLINIC_0101_data,grupo 3,33,7.3,0.0,0,ok,0.6,True,150.0,4.268,1.704
dataset6_CLINIC_0101_data,grupo 3,34,7.0,0.0,0,ok,0.6666666666666666,True,150.0,0.853,1.051
dataset6_CLINIC_0101_data,grupo 3,34,4.91,0.0,0,ok,0.6666666666666666,True,150.0,0.853,1.051
dataset6_CLINIC_0101_data,grupo 3,34,7.3,0.0,0,ok,0.6666666666666666,True,150.0,0.853,1.051
dataset6_CLINIC_0101_data,grupo 3,35,7.0,0.44593167304992676,1,ok,0.7037037037037037,True,150.0,3.128,1.763
dataset6_CLINIC_0101_data,grupo 3,35,4.91,0.0,0,ok,0.7037037037037037,True,150.0,3.128,1.763
dataset6_CLINIC_0101_data,grupo 3,35,7.3,0.5959317684173584,1,ok,0.7037037037037037,True,150.0,3.128,1.763
dataset6_CLINIC_0101_data,grupo 3,36,7.0,0.0,0,ok,0.6814814814814815,True,150.0,1.279,4.646
dataset6_CLINIC_0101_data,grupo 3,36,4.91,0.0,0,ok,0.6814814814814815,True,150.0,1.279,4.646
dataset6_CLINIC_0101_data,grupo 3,36,7.3,0.11359548568725586,1,ok,0.6814814814814815,True,150.0,1.279,4.646
dataset6_CLINIC_0101_data,grupo 3,37,7.0,0.0,0,ok,0.6888888888888889,True,150.0,3.273,1.609
dataset6_CLINIC_0101_data,grupo 3,37,4.91,0.0,0,ok,0.6888888888888889,True,150.0,3.273,1.609
dataset6_CLINIC_0101_data,grupo 3,37,7.3,0.13863205909729004,1,ok,0.6888888888888889,True,150.0,3.273,1.609
dataset6_CLINIC_0101_data,grupo 3,38,7.0,0.0,0,ok,0.6888888888888889,True,150.0,1.391,2.25
dataset6_CLINIC_0101_data,grupo 3,38,4.91,0.0,0,ok,0.6888888888888889,True,150.0,1.391,2.25
dataset6_CLINIC_0101_data,grupo 3,38,7.3,0.0,0,ok,0.6888888888888889,True,150.0,1.391,2.25
dataset6_CLINIC_0101_data,grupo 3,39,7.0,0.0,0,ok,0.6814814814814815,True,150.0,1.357,0.593
dataset6_CLINIC_0101_data,grupo 3,39,4.91,0.0,0,ok,0.6814814814814815,True,150.0,1.357,0.593
dataset6_CLINIC_0101_data,grupo 3,39,7.3,0.0,0,ok,0.6814814814814815,True,150.0,1.357,0.593
dataset6_CLINIC_0101_data,grupo 3,40,7.0,0.0,0,ok,0.6518518518518519,True,150.0,1.262,3.583
dataset6_CLINIC_0101_data,grupo 3,40,4.91,0.0,0,ok,0.6518518518518519,True,150.0,1.262,3.583
dataset6_CLINIC_0101_data,grupo 3,40,7.3,0.0,0,ok,0.6518518518518519,True,150.0,1.262,3.583
dataset6_CLINIC_0101_data,grupo 3,41,7.0,0.0,0,ok,0.6962962962962963,True,150.0,0.877,0.361
dataset6_CLINIC_0101_data,grupo 3,41,4.91,0.0,0,ok,0.6962962962962963,True,150.0,0.877,0.361
dataset6_CLINIC_0101_data,grupo 3,41,7.3,0.0,0,ok,0.6962962962962963,True,150.0,0.877,0.361
dataset6_CLINIC_0101_data,grupo 3,42,7.0,0.0,0,ok,0.674074074074074,True,150.0,1.463,2.616
dataset6_CLINIC_0101_data,grupo 3,42,4.91,0.0,0,ok,0.674074074074074,True,150.0,1.463,2.616
dataset6_CLINIC_0101_data,grupo 3,42,7.3,0.0,0,ok,0.674074074074074,True,150.0,1.463,2.616
dataset6_CLINIC_0101_data,grupo 3,43,7.0,1.1055455207824707,1,ok,0.7037037037037037,True,150.0,3.072,1.313
dataset6_CLINIC_0101_data,grupo 3,43,4.91,0.06054544448852539,1,ok,0.7037037037037037,True,150.0,3.072,1.313
dataset6_CLINIC_0101_data,grupo 3,43,7.3,1.2555456161499023,1,ok,0.7037037037037037,True,150.0,3.072,1.313
dataset6_CLINIC_0101_data,grupo 3,44,7.0,0.0,0,ok,0.6814814814814815,True,150.0,0.567,3.334
dataset6_CLINIC_0101_data,grupo 3,44,4.91,0.0,0,ok,0.6814814814814815,True,150.0,0.567,3.334
dataset6_CLINIC_0101_data,grupo 3,44,7.3,0.0,0,ok,0.6814814814814815,True,150.0,0.567,3.334
dataset6_CLINIC_0101_data,grupo 3,45,7.0,0.34662818908691406,1,ok,0.5851851851851851,True,150.0,3.775,0.981
dataset6_CLINIC_0101_data,grupo 3,45,4.91,0.0,0,ok,0.5851851851851851,True,150.0,3.775,0.981
dataset6_CLINIC_0101_data,grupo 3,45,7.3,0.4966282844543457,1,ok,0.5851851851851851,True,150.0,3.775,0.981
dataset6_CLINIC_0101_data,grupo 3,46,7.0,1.080486536026001,1,ok,0.7481481481481481,True,150.0,3.207,0.731
dataset6_CLINIC_0101_data,grupo 3,46,4.91,0.035486459732055664,1,ok,0.7481481481481481,True,150.0,3.207,0.731
dataset6_CLINIC_0101_data,grupo 3,46,7.3,1.2304866313934326,1,ok,0.7481481481481481,True,150.0,3.207,0.731
dataset6_CLINIC_0101_data,grupo 3,47,7.0,0.0,0,ok,0.7037037037037037,True,150.0,3.625,0.313
dataset6_CLINIC_0101_data,grupo 3,47,4.91,0.0,0,ok,0.7037037037037037,True,150.0,3.625,0.313
dataset6_CLINIC_0101_data,grupo 3,47,7.3,0.0,0,ok,0.7037037037037037,True,150.0,3.625,0.313
dataset6_CLINIC_0101_data,grupo 3,48,7.0,1.9347997903823853,1,ok,0.6592592592592592,True,150.0,1.286,4.372
dataset6_CLINIC_0101_data,grupo 3,48,4.91,0.8897997140884399,1,ok,0.6592592592592592,True,150.0,1.286,4.372
dataset6_CLINIC_0101_data,grupo 3,48,7.3,2.0847997665405273,2,ok,0.6592592592592592,True,150.0,1.286,4.372
dataset6_CLINIC_0101_data,grupo 3,49,7.0,0.2783489227294922,1,ok,0.674074074074074,True,150.0,3.238,1.702
dataset6_CLINIC_0101_data,grupo 3,49,4.91,0.0,0,ok,0.674074074074074,True,150.0,3.238,1.702
dataset6_CLINIC_0101_data,grupo 3,49,7.3,0.42834901809692383,1,ok,0.674074074074074,True,150.0,3.238,1.702
dataset6_CLINIC_0100_data,grupo 3,0,7.0,0.0,0,ok,0.5777777777777777,True,151.0,0.948,0.43
dataset6_CLINIC_0100_data,grupo 3,0,4.91,0.0,0,ok,0.5777777777777777,True,151.0,0.948,0.43
dataset6_CLINIC_0100_data,grupo 3,0,7.3,0.0,0,ok,0.5777777777777777,True,151.0,0.948,0.43
dataset6_CLINIC_0100_data,grupo 3,1,7.0,0.0,0,ok,0.6296296296296297,True,151.0,2.352,1.232
dataset6_CLINIC_0100_data,grupo 3,1,4.91,0.0,0,ok,0.6296296296296297,True,151.0,2.352,1.232
dataset6_CLINIC_0100_data,grupo 3,1,7.3,0.0,0,ok,0.6296296296296297,True,151.0,2.352,1.232
dataset6_CLINIC_0100_data,grupo 3,2,7.0,0.0,0,ok,0.4888888888888889,True,151.0,0.905,3.954
dataset6_CLINIC_0100_data,grupo 3,2,4.91,0.0,0,ok,0.4888888888888889,True,151.0,0.905,3.954
dataset6_CLINIC_0100_data,grupo 3,2,7.3,0.0,0,ok,0.4888888888888889,True,151.0,0.905,3.954
dataset6_CLINIC_0100_data,grupo 3,3,7.0,0.0,0,ok,0.4444444444444444,True,151.0,2.637,0.338
dataset6_CLINIC_0100_data,grupo 3,3,4.91,0.0,0,ok,0.4444444444444444,True,151.0,2.637,0.338
dataset6_CLINIC_0100_data,grupo 3,3,7.3,0.0,0,ok,0.4444444444444444,True,151.0,2.637,0.338
dataset6_CLINIC_0100_data,grupo 3,4,7.0,0.0,0,ok,0.4444444444444444,True,151.0,2.24,0.067
dataset6_CLINIC_0100_data,grupo 3,4,4.91,0.0,0,ok,0.4444444444444444,True,151.0,2.24,0.067
dataset6_CLINIC_0100_data,grupo 3,4,7.3,0.0,0,ok,0.4444444444444444,True,151.0,2.24,0.067
dataset6_CLINIC_0100_data,grupo 3,5,7.0,0.0,0,ok,0.5925925925925926,True,151.0,0.338,0.162
dataset6_CLINIC_0100_data,grupo 3,5,4.91,0.0,0,ok,0.5925925925925926,True,151.0,0.338,0.162
dataset6_CLINIC_0100_data,grupo 3,5,7.3,0.0,0,ok,0.5925925925925926,True,151.0,0.338,0.162
dataset6_CLINIC_0100_data,grupo 3,6,7.0,0.0,0,ok,0.5925925925925926,True,151.0,3.434,2.625
dataset6_CLINIC_0100_data,grupo 3,6,4.91,0.0,0,ok,0.5925925925925926,True,151.0,3.434,2.625
dataset6_CLINIC_0100_data,grupo 3,6,7.3,0.0,0,ok,0.5925925925925926,True,151.0,3.434,2.625
dataset6_CLINIC_0100_data,grupo 3,7,7.0,0.0,0,ok,0.45185185185185184,True,151.0,2.141,2.866
dataset6_CLINIC_0100_data,grupo 3,7,4.91,0.0,0,ok,0.45185185185185184,True,151.0,2.141,2.866
dataset6_CLINIC_0100_data,grupo 3,7,7.3,0.0,0,ok,0.45185185185185184,True,151.0,2.141,2.866
dataset6_CLINIC_0100_data,grupo 3,8,7.0,0.0,0,ok,0.48148148148148145,True,151.0,5.651,0.957
dataset6_CLINIC_0100_data,grupo 3,8,4.91,0.0,0,ok,0.48148148148148145,True,151.0,5.651,0.957
dataset6_CLINIC_0100_data,grupo 3,8,7.3,0.0,0,ok,0.48148148148148145,True,151.0,5.651,0.957
dataset6_CLINIC_0100_data,grupo 3,9,7.0,0.0,0,ok,0.5925925925925926,True,151.0,2.521,1.725
dataset6_CLINIC_0100_data,grupo 3,9,4.91,0.0,0,ok,0.5925925925925926,True,151.0,2.521,1.725
dataset6_CLINIC_0100_data,grupo 3,9,7.3,0.0,0,ok,0.5925925925925926,True,151.0,2.521,1.725
dataset6_CLINIC_0100_data,grupo 3,10,7.0,0.5344152450561523,1,ok,0.562962962962963,True,151.0,3.645,2.057
dataset6_CLINIC_0100_data,grupo 3,10,4.91,0.0,0,ok,0.562962962962963,True,151.0,3.645,2.057
dataset6_CLINIC_0100_data,grupo 3,10,7.3,0.684415340423584,1,ok,0.562962962962963,True,151.0,3.645,2.057
dataset6_CLINIC_0100_data,grupo 3,11,7.0,0.0,0,ok,0.5037037037037037,True,151.0,0.944,0.34
dataset6_CLINIC_0100_data,grupo 3,11,4.91,0.0,0,ok,0.5037037037037037,True,151.0,0.944,0.34
dataset6_CLINIC_0100_data,grupo 3,11,7.3,0.0,0,ok,0.5037037037037037,True,151.0,0.944,0.34
dataset6_CLINIC_0100_data,grupo 3,12,7.0,0.0,0,ok,0.5851851851851851,True,151.0,2.846,0.396
dataset6_CLINIC_0100_data,grupo 3,12,4.91,0.0,0,ok,0.5851851851851851,True,151.0,2.846,0.396
dataset6_CLINIC_0100_data,grupo 3,12,7.3,0.0,0,ok,0.5851851851851851,True,151.0,2.846,0.396
dataset6_CLINIC_0100_data,grupo 3,13,7.0,0.0,0,ok,0.6222222222222222,True,151.0,1.662,0.192
dataset6_CLINIC_0100_data,grupo 3,13,4.91,0.0,0,ok,0.6222222222222222,True,151.0,1.662,0.192
dataset6_CLINIC_0100_data,grupo 3,13,7.3,0.0,0,ok,0.6222222222222222,True,151.0,1.662,0.192
dataset6_CLINIC_0100_data,grupo 3,14,7.0,0.0,0,ok,0.37777777777777777,True,151.0,2.066,5.192
dataset6_CLINIC_0100_data,grupo 3,14,4.91,0.0,0,ok,0.37777777777777777,True,151.0,2.066,5.192
dataset6_CLINIC_0100_data,grupo 3,14,7.3,0.0,0,ok,0.37777777777777777,True,151.0,2.066,5.192
dataset6_CLINIC_0100_data,grupo 3,15,7.0,0.0,0,ok,0.5333333333333333,True,151.0,0.042,1.462
dataset6_CLINIC_0100_data,grupo 3,15,4.91,0.0,0,ok,0.5333333333333333,True,151.0,0.042,1.462
dataset6_CLINIC_0100_data,grupo 3,15,7.3,0.0,0,ok,0.5333333333333333,True,151.0,0.042,1.462
dataset6_CLINIC_0100_data,grupo 3,16,7.0,0.0,0,ok,0.5481481481481482,True,151.0,0.745,0.037
dataset6_CLINIC_0100_data,grupo 3,16,4.91,0.0,0,ok,0.5481481481481482,True,151.0,0.745,0.037
dataset6_CLINIC_0100_data,grupo 3,16,7.3,0.0,0,ok,0.5481481481481482,True,151.0,0.745,0.037
dataset6_CLINIC_0100_data,grupo 3,17,7.0,0.0,0,ok,0.5185185185185185,True,151.0,1.533,2.013
dataset6_CLINIC_0100_data,grupo 3,17,4.91,0.0,0,ok,0.5185185185185185,True,151.0,1.533,2.013
dataset6_CLINIC_0100_data,grupo 3,17,7.3,0.0,0,ok,0.5185185185185185,True,151.0,1.533,2.013
dataset6_CLINIC_0100_data,grupo 3,18,7.0,0.0,0,ok,0.31851851851851853,True,151.0,4.975,2.675
dataset6_CLINIC_0100_data,grupo 3,18,4.91,0.0,0,ok,0.31851851851851853,True,151.0,4.975,2.675
dataset6_CLINIC_0100_data,grupo 3,18,7.3,0.14425182342529297,1,ok,0.31851851851851853,True,151.0,4.975,2.675
dataset6_CLINIC_0100_data,grupo 3,19,7.0,0.0,0,ok,0.6296296296296297,True,151.0,2.853,0.279
dataset6_CLINIC_0100_data,grupo 3,19,4.91,0.0,0,ok,0.6296296296296297,True,151.0,2.853,0.279
dataset6_CLINIC_0100_data,grupo 3,19,7.3,0.0,0,ok,0.6296296296296297,True,151.0,2.853,0.279
dataset6_CLINIC_0100_data,grupo 3,20,7.0,1.2952089309692383,1,ok,0.6074074074074074,True,151.0,4.171,2.998
dataset6_CLINIC_0100_data,grupo 3,20,4.91,0.25020885467529297,1,ok,0.6074074074074074,True,151.0,4.171,2.998
dataset6_CLINIC_0100_data,grupo 3,20,7.3,1.44520902633667,1,ok,0.6074074074074074,True,151.0,4.171,2.998
dataset6_CLINIC_0100_data,grupo 3,21,7.0,0.0,0,ok,0.5185185185185185,True,151.0,0.918,2.269
dataset6_CLINIC_0100_data,grupo 3,21,4.91,0.0,0,ok,0.5185185185185185,True,151.0,0.918,2.269
dataset6_CLINIC_0100_data,grupo 3,21,7.3,0.0,0,ok,0.5185185185185185,True,151.0,0.918,2.269
dataset6_CLINIC_0100_data,grupo 3,22,7.0,0.8091170787811279,1,ok,0.37037037037037035,True,151.0,3.198,4.178
dataset6_CLINIC_0100_data,grupo 3,22,4.91,0.0,0,ok,0.37037037037037035,True,151.0,3.198,4.178
dataset6_CLINIC_0100_data,grupo 3,22,7.3,0.9591171741485596,1,ok,0.37037037037037035,True,151.0,3.198,4.178
dataset6_CLINIC_0100_data,grupo 3,23,7.0,0.0,0,ok,0.6,True,151.0,3.304,0.495
dataset6_CLINIC_0100_data,grupo 3,23,4.91,0.0,0,ok,0.6,True,151.0,3.304,0.495
dataset6_CLINIC_0100_data,grupo 3,23,7.3,0.0,0,ok,0.6,True,151.0,3.304,0.495
dataset6_CLINIC_0100_data,grupo 3,24,7.0,0.0,0,ok,0.6370370370370371,True,151.0,2.022,0.279
dataset6_CLINIC_0100_data,grupo 3,24,4.91,0.0,0,ok,0.6370370370370371,True,151.0,2.022,0.279
dataset6_CLINIC_0100_data,grupo 3,24,7.3,0.0,0,ok,0.6370370370370371,True,151.0,2.022,0.279
dataset6_CLINIC_0100_data,grupo 3,25,7.0,0.0,0,ok,0.4148148148148148,True,151.0,1.749,0.317
dataset6_CLINIC_0100_data,grupo 3,25,4.91,0.0,0,ok,0.4148148148148148,True,151.0,1.749,0.317
dataset6_CLINIC_0100_data,grupo 3,25,7.3,0.0,0,ok,0.4148148148148148,True,151.0,1.749,0.317
dataset6_CLINIC_0100_data,grupo 3,26,7.0,0.0,0,ok,0.6296296296296297,True,151.0,1.701,0.488
dataset6_CLINIC_0100_data,grupo 3,26,4.91,0.0,0,ok,0.6296296296296297,True,151.0,1.701,0.488
dataset6_CLINIC_0100_data,grupo 3,26,7.3,0.0,0,ok,0.6296296296296297,True,151.0,1.701,0.488
dataset6_CLINIC_0100_data,grupo 3,27,7.0,0.0,0,ok,0.5333333333333333,True,151.0,2.026,1.156
dataset6_CLINIC_0100_data,grupo 3,27,4.91,0.0,0,ok,0.5333333333333333,True,151.0,2.026,1.156
dataset6_CLINIC_0100_data,grupo 3,27,7.3,0.0,0,ok,0.5333333333333333,True,151.0,2.026,1.156
dataset6_CLINIC_0100_data,grupo 3,28,7.0,0.0,0,ok,0.5407407407407407,True,151.0,1.608,0.633
dataset6_CLINIC_0100_data,grupo 3,28,4.91,0.0,0,ok,0.5407407407407407,True,151.0,1.608,0.633
dataset6_CLINIC_0100_data,grupo 3,28,7.3,0.0,0,ok,0.5407407407407407,True,151.0,1.608,0.633
dataset6_CLINIC_0100_data,grupo 3,29,7.0,0.0,0,ok,0.5703703703703704,True,151.0,1.285,0.809
dataset6_CLINIC_0100_data,grupo 3,29,4.91,0.0,0,ok,0.5703703703703704,True,151.0,1.285,0.809
dataset6_CLINIC_0100_data,grupo 3,29,7.3,0.0,0,ok,0.5703703703703704,True,151.0,1.285,0.809
dataset6_CLINIC_0100_data,grupo 3,30,7.0,0.0,0,ok,0.5407407407407407,True,151.0,0.2,0.526
dataset6_CLINIC_0100_data,grupo 3,30,4.91,0.0,0,ok,0.5407407407407407,True,151.0,0.2,0.526
dataset6_CLINIC_0100_data,grupo 3,30,7.3,0.0,0,ok,0.5407407407407407,True,151.0,0.2,0.526
dataset6_CLINIC_0100_data,grupo 3,31,7.0,0.0,0,ok,0.5407407407407407,True,151.0,2.73,2.181
dataset6_CLINIC_0100_data,grupo 3,31,4.91,0.0,0,ok,0.5407407407407407,True,151.0,2.73,2.181
dataset6_CLINIC_0100_data,grupo 3,31,7.3,0.0,0,ok,0.5407407407407407,True,151.0,2.73,2.181
dataset6_CLINIC_0100_data,grupo 3,32,7.0,0.0,0,ok,0.5407407407407407,True,151.0,1.077,2.127
dataset6_CLINIC_0100_data,grupo 3,32,4.91,0.0,0,ok,0.5407407407407407,True,151.0,1.077,2.127
dataset6_CLINIC_0100_data,grupo 3,32,7.3,0.0,0,ok,0.5407407407407407,True,151.0,1.077,2.127
dataset6_CLINIC_0100_data,grupo 3,33,7.0,0.0,0,ok,0.5555555555555556,True,151.0,0.833,0.109
dataset6_CLINIC_0100_data,grupo 3,33,4.91,0.0,0,ok,0.5555555555555556,True,151.0,0.833,0.109
dataset6_CLINIC_0100_data,grupo 3,33,7.3,0.0,0,ok,0.5555555555555556,True,151.0,0.833,0.109
dataset6_CLINIC_0100_data,grupo 3,34,7.0,0.0,0,ok,0.5481481481481482,True,151.0,2.022,0.044
dataset6_CLINIC_0100_data,grupo 3,34,4.91,0.0,0,ok,0.5481481481481482,True,151.0,2.022,0.044
dataset6_CLINIC_0100_data,grupo 3,34,7.3,0.0,0,ok,0.5481481481481482,True,151.0,2.022,0.044
dataset6_CLINIC_0100_data,grupo 3,35,7.0,0.0,0,ok,0.48148148148148145,True,151.0,3.958,2.567
dataset6_CLINIC_0100_data,grupo 3,35,4.91,0.0,0,ok,0.48148148148148145,True,151.0,3.958,2.567
dataset6_CLINIC_0100_data,grupo 3,35,7.3,0.0,0,ok,0.48148148148148145,True,151.0,3.958,2.567
dataset6_CLINIC_0100_data,grupo 3,36,7.0,0.0,0,ok,0.7407407407407407,True,151.0,3.179,0.962
dataset6_CLINIC_0100_data,grupo 3,36,4.91,0.0,0,ok,0.7407407407407407,True,151.0,3.179,0.962
dataset6_CLINIC_0100_data,grupo 3,36,7.3,0.0,0,ok,0.7407407407407407,True,151.0,3.179,0.962
dataset6_CLINIC_0100_data,grupo 3,37,7.0,0.0,0,ok,0.562962962962963,True,151.0,0.51,1.868
dataset6_CLINIC_0100_data,grupo 3,37,4.91,0.0,0,ok,0.562962962962963,True,151.0,0.51,1.868
dataset6_CLINIC_0100_data,grupo 3,37,7.3,0.0,0,ok,0.562962962962963,True,151.0,0.51,1.868
dataset6_CLINIC_0100_data,grupo 3,38,7.0,0.0,0,ok,0.6444444444444445,True,151.0,1.747,0.484
dataset6_CLINIC_0100_data,grupo 3,38,4.91,0.0,0,ok,0.6444444444444445,True,151.0,1.747,0.484
dataset6_CLINIC_0100_data,grupo 3,38,7.3,0.0,0,ok,0.6444444444444445,True,151.0,1.747,0.484
dataset6_CLINIC_0100_data,grupo 3,39,7.0,0.0,0,ok,0.7111111111111111,True,151.0,4.368,0.893
dataset6_CLINIC_0100_data,grupo 3,39,4.91,0.0,0,ok,0.7111111111111111,True,151.0,4.368,0.893
dataset6_CLINIC_0100_data,grupo 3,39,7.3,0.0,0,ok,0.7111111111111111,True,151.0,4.368,0.893
dataset6_CLINIC_0100_data,grupo 3,40,7.0,0.0,0,ok,0.6888888888888889,True,151.0,2.213,1.63
dataset6_CLINIC_0100_data,grupo 3,40,4.91,0.0,0,ok,0.6888888888888889,True,151.0,2.213,1.63
dataset6_CLINIC_0100_data,grupo 3,40,7.3,0.0,0,ok,0.6888888888888889,True,151.0,2.213,1.63
dataset6_CLINIC_0100_data,grupo 3,41,7.0,0.0,0,ok,0.5259259259259259,True,151.0,0.618,1.466
dataset6_CLINIC_0100_data,grupo 3,41,4.91,0.0,0,ok,0.5259259259259259,True,151.0,0.618,1.466
dataset6_CLINIC_0100_data,grupo 3,41,7.3,0.0,0,ok,0.5259259259259259,True,151.0,0.618,1.466
dataset6_CLINIC_0100_data,grupo 3,42,7.0,0.0,0,ok,0.48148148148148145,True,151.0,1.619,0.061
dataset6_CLINIC_0100_data,grupo 3,42,4.91,0.0,0,ok,0.48148148148148145,True,151.0,1.619,0.061
dataset6_CLINIC_0100_data,grupo 3,42,7.3,0.0,0,ok,0.48148148148148145,True,151.0,1.619,0.061
dataset6_CLINIC_0100_data,grupo 3,43,7.0,0.0,0,ok,0.5555555555555556,True,151.0,0.043,1.244
dataset6_CLINIC_0100_data,grupo 3,43,4.91,0.0,0,ok,0.5555555555555556,True,151.0,0.043,1.244
dataset6_CLINIC_0100_data,grupo 3,43,7.3,0.0,0,ok,0.5555555555555556,True,151.0,0.043,1.244
dataset6_CLINIC_0100_data,grupo 3,44,7.0,0.0,0,ok,0.562962962962963,True,151.0,1.169,0.782
dataset6_CLINIC_0100_data,grupo 3,44,4.91,0.0,0,ok,0.562962962962963,True,151.0,1.169,0.782
dataset6_CLINIC_0100_data,grupo 3,44,7.3,0.0,0,ok,0.562962962962963,True,151.0,1.169,0.782
dataset6_CLINIC_0100_data,grupo 3,45,7.0,0.0,0,ok,0.5703703703703704,True,151.0,1.15,1.012
dataset6_CLINIC_0100_data,grupo 3,45,4.91,0.0,0,ok,0.5703703703703704,True,151.0,1.15,1.012
dataset6_CLINIC_0100_data,grupo 3,45,7.3,0.0,0,ok,0.5703703703703704,True,151.0,1.15,1.012
dataset6_CLINIC_0100_data,grupo 3,46,7.0,0.0,0,ok,0.7037037037037037,True,151.0,2.98,0.959
dataset6_CLINIC_0100_data,grupo 3,46,4.91,0.0,0,ok,0.7037037037037037,True,151.0,2.98,0.959
dataset6_CLINIC_0100_data,grupo 3,46,7.3,0.0,0,ok,0.7037037037037037,True,151.0,2.98,0.959
dataset6_CLINIC_0100_data,grupo 3,47,7.0,0.0,0,ok,0.5185185185185185,True,151.0,0.453,1.72
dataset6_CLINIC_0100_data,grupo 3,47,4.91,0.0,0,ok,0.5185185185185185,True,151.0,0.453,1.72
dataset6_CLINIC_0100_data,grupo 3,47,7.3,0.0,0,ok,0.5185185185185185,True,151.0,0.453,1.72
dataset6_CLINIC_0100_data,grupo 3,48,7.0,0.0,0,ok,0.5851851851851851,True,151.0,2.913,0.611
dataset6_CLINIC_0100_data,grupo 3,48,4.91,0.0,0,ok,0.5851851851851851,True,151.0,2.913,0.611
dataset6_CLINIC_0100_data,grupo 3,48,7.3,0.0,0,ok,0.5851851851851851,True,151.0,2.913,0.611
dataset6_CLINIC_0100_data,grupo 3,49,7.0,0.0,0,ok,0.5333333333333333,True,151.0,2.617,0.865
dataset6_CLINIC_0100_data,grupo 3,49,4.91,0.0,0,ok,0.5333333333333333,True,151.0,2.617,0.865
dataset6_CLINIC_0100_data,grupo 3,49,7.3,0.0,0,ok,0.5333333333333333,True,151.0,2.617,0.865
dataset6_CLINIC_0103_data,grupo 3,0,7.0,1.0879895687103271,1,ok,0.42857142857142855,False,134.0,1.11,2.058
dataset6_CLINIC_0103_data,grupo 3,0,4.91,0.042989492416381836,1,ok,0.42857142857142855,True,134.0,1.11,2.058
dataset6_CLINIC_0103_data,grupo 3,0,7.3,1.2379896640777588,1,ok,0.42857142857142855,False,134.0,1.11,2.058
dataset6_CLINIC_0103_data,grupo 3,1,7.0,5.442775726318359,3,ok,0.3508771929824561,False,134.0,0.802,4.9
dataset6_CLINIC_0103_data,grupo 3,1,4.91,4.397775650024414,3,ok,0.3508771929824561,True,134.0,0.802,4.9
dataset6_CLINIC_0103_data,grupo 3,1,7.3,5.592775821685791,3,ok,0.3508771929824561,False,134.0,0.802,4.9
dataset6_CLINIC_0103_data,grupo 3,2,7.0,0.008843660354614258,1,ok,0.5378151260504201,False,134.0,2.011,1.651
dataset6_CLINIC_0103_data,grupo 3,2,4.91,0.0,0,ok,0.5378151260504201,True,134.0,2.011,1.651
dataset6_CLINIC_0103_data,grupo 3,2,7.3,0.1588437557220459,1,ok,0.5378151260504201,False,134.0,2.011,1.651
dataset6_CLINIC_0103_data,grupo 3,3,7.0,0.29590487480163574,1,ok,0.48739495798319327,False,134.0,2.673,1.47
dataset6_CLINIC_0103_data,grupo 3,3,4.91,0.0,0,ok,0.48739495798319327,True,134.0,2.673,1.47
dataset6_CLINIC_0103_data,grupo 3,3,7.3,0.4459049701690674,1,ok,0.48739495798319327,False,134.0,2.673,1.47
dataset6_CLINIC_0103_data,grupo 3,4,7.0,0.9125888347625732,1,ok,0.453781512605042,False,134.0,1.094,0.657
dataset6_CLINIC_0103_data,grupo 3,4,4.91,0.0,0,ok,0.453781512605042,True,134.0,1.094,0.657
dataset6_CLINIC_0103_data,grupo 3,4,7.3,1.0625889301300049,1,ok,0.453781512605042,False,134.0,1.094,0.657
dataset6_CLINIC_0103_data,grupo 3,5,7.0,0.0,0,ok,0.5126050420168067,False,134.0,1.008,0.719
dataset6_CLINIC_0103_data,grupo 3,5,4.91,0.0,0,ok,0.5126050420168067,True,134.0,1.008,0.719
dataset6_CLINIC_0103_data,grupo 3,5,7.3,0.0,0,ok,0.5126050420168067,False,134.0,1.008,0.719
dataset6_CLINIC_0103_data,grupo 3,6,7.0,3.023599863052368,2,ok,0.6470588235294118,False,134.0,3.561,2.322
dataset6_CLINIC_0103_data,grupo 3,6,4.91,1.9785997867584229,1,ok,0.6470588235294118,True,134.0,3.561,2.322
dataset6_CLINIC_0103_data,grupo 3,6,7.3,3.1735999584198,2,ok,0.6470588235294118,False,134.0,3.561,2.322
dataset6_CLINIC_0103_data,grupo 3,7,7.0,0.5603768825531006,1,ok,0.5630252100840336,False,134.0,1.588,0.595
dataset6_CLINIC_0103_data,grupo 3,7,4.91,0.0,0,ok,0.5630252100840336,True,134.0,1.588,0.595
dataset6_CLINIC_0103_data,grupo 3,7,7.3,0.7103769779205322,1,ok,0.5630252100840336,False,134.0,1.588,0.595
dataset6_CLINIC_0103_data,grupo 3,8,7.0,5.158498764038086,3,ok,0.30357142857142855,False,134.0,2.356,3.718
dataset6_CLINIC_0103_data,grupo 3,8,4.91,4.113498687744141,3,ok,0.30357142857142855,True,134.0,2.356,3.718
dataset6_CLINIC_0103_data,grupo 3,8,7.3,5.308499336242676,3,ok,0.30357142857142855,False,134.0,2.356,3.718
dataset6_CLINIC_0103_data,grupo 3,9,7.0,0.0,0,ok,0.4789915966386555,False,134.0,1.154,1.243
dataset6_CLINIC_0103_data,grupo 3,9,4.91,0.0,0,ok,0.4789915966386555,True,134.0,1.154,1.243
dataset6_CLINIC_0103_data,grupo 3,9,7.3,0.0,0,ok,0.4789915966386555,False,134.0,1.154,1.243
dataset6_CLINIC_0103_data,grupo 3,10,7.0,2.326223373413086,2,ok,0.3697478991596639,False,134.0,1.777,2.639
dataset6_CLINIC_0103_data,grupo 3,10,4.91,1.2812234163284302,1,ok,0.3697478991596639,True,134.0,1.777,2.639
dataset6_CLINIC_0103_data,grupo 3,10,7.3,2.4762234687805176,2,ok,0.3697478991596639,False,134.0,1.777,2.639
dataset6_CLINIC_0103_data,grupo 3,11,7.0,1.1492936611175537,1,ok,0.46218487394957986,False,134.0,4.941,3.292
dataset6_CLINIC_0103_data,grupo 3,11,4.91,0.1042935848236084,1,ok,0.46218487394957986,True,134.0,4.941,3.292
dataset6_CLINIC_0103_data,grupo 3,11,7.3,1.2992937564849854,1,ok,0.46218487394957986,False,134.0,4.941,3.292
dataset6_CLINIC_0103_data,grupo 3,12,7.0,4.7805352210998535,3,ok,0.30701754385964913,False,134.0,1.97,2.896
dataset6_CLINIC_0103_data,grupo 3,12,4.91,3.735535144805908,2,ok,0.30701754385964913,True,134.0,1.97,2.896
dataset6_CLINIC_0103_data,grupo 3,12,7.3,4.930535316467285,3,ok,0.30701754385964913,False,134.0,1.97,2.896
dataset6_CLINIC_0103_data,grupo 3,13,7.0,0.0,0,ok,0.5462184873949579,False,134.0,1.517,0.587
dataset6_CLINIC_0103_data,grupo 3,13,4.91,0.0,0,ok,0.5462184873949579,True,134.0,1.517,0.587
dataset6_CLINIC_0103_data,grupo 3,13,7.3,0.0,0,ok,0.5462184873949579,False,134.0,1.517,0.587
dataset6_CLINIC_0103_data,grupo 3,14,7.0,0.0,0,ok,0.5042016806722689,False,134.0,2.017,2.065
dataset6_CLINIC_0103_data,grupo 3,14,4.91,0.0,0,ok,0.5042016806722689,True,134.0,2.017,2.065
dataset6_CLINIC_0103_data,grupo 3,14,7.3,0.0,0,ok,0.5042016806722689,False,134.0,2.017,2.065
dataset6_CLINIC_0103_data,grupo 3,15,7.0,0.4424471855163574,1,ok,0.5042016806722689,False,134.0,1.62,0.395
dataset6_CLINIC_0103_data,grupo 3,15,4.91,0.0,0,ok,0.5042016806722689,True,134.0,1.62,0.395
dataset6_CLINIC_0103_data,grupo 3,15,7.3,0.5924472808837891,1,ok,0.5042016806722689,False,134.0,1.62,0.395
dataset6_CLINIC_0103_data,grupo 3,16,7.0,0.0,0,ok,0.5378151260504201,False,134.0,0.459,4.442
dataset6_CLINIC_0103_data,grupo 3,16,4.91,0.0,0,ok,0.5378151260504201,True,134.0,0.459,4.442
dataset6_CLINIC_0103_data,grupo 3,16,7.3,0.0,0,ok,0.5378151260504201,False,134.0,0.459,4.442
dataset6_CLINIC_0103_data,grupo 3,17,7.0,1.8783211708068848,1,ok,0.3865546218487395,False,134.0,0.42,2.296
dataset6_CLINIC_0103_data,grupo 3,17,4.91,0.8333210945129395,1,ok,0.3865546218487395,True,134.0,0.42,2.296
dataset6_CLINIC_0103_data,grupo 3,17,7.3,2.0283212661743164,2,ok,0.3865546218487395,False,134.0,0.42,2.296
dataset6_CLINIC_0103_data,grupo 3,18,7.0,3.6865668296813965,2,ok,0.3474576271186441,False,134.0,4.331,3.443
dataset6_CLINIC_0103_data,grupo 3,18,4.91,2.641566753387451,2,ok,0.3474576271186441,True,134.0,4.331,3.443
dataset6_CLINIC_0103_data,grupo 3,18,7.3,3.836566925048828,2,ok,0.3474576271186441,False,134.0,4.331,3.443
dataset6_CLINIC_0103_data,grupo 3,19,7.0,0.8917503356933594,1,ok,0.5714285714285714,False,134.0,1.784,0.454
dataset6_CLINIC_0103_data,grupo 3,19,4.91,0.0,0,ok,0.5714285714285714,True,134.0,1.784,0.454
dataset6_CLINIC_0103_data,grupo 3,19,7.3,1.041750431060791,1,ok,0.5714285714285714,False,134.0,1.784,0.454
dataset6_CLINIC_0103_data,grupo 3,20,7.0,0.46100306510925293,1,ok,0.5546218487394958,False,134.0,1.957,1.284
dataset6_CLINIC_0103_data,grupo 3,20,4.91,0.0,0,ok,0.5546218487394958,True,134.0,1.957,1.284
dataset6_CLINIC_0103_data,grupo 3,20,7.3,0.6110031604766846,1,ok,0.5546218487394958,False,134.0,1.957,1.284
dataset6_CLINIC_0103_data,grupo 3,21,7.0,1.3949451446533203,1,ok,0.46218487394957986,False,134.0,1.274,0.21
dataset6_CLINIC_0103_data,grupo 3,21,4.91,0.349945068359375,1,ok,0.46218487394957986,True,134.0,1.274,0.21
dataset6_CLINIC_0103_data,grupo 3,21,7.3,1.544945240020752,1,ok,0.46218487394957986,False,134.0,1.274,0.21
dataset6_CLINIC_0103_data,grupo 3,22,7.0,0.8090364933013916,1,ok,0.4369747899159664,False,134.0,0.389,1.693
dataset6_CLINIC_0103_data,grupo 3,22,4.91,0.0,0,ok,0.4369747899159664,True,134.0,0.389,1.693
dataset6_CLINIC_0103_data,grupo 3,22,7.3,0.9590365886688232,1,ok,0.4369747899159664,False,134.0,0.389,1.693
dataset6_CLINIC_0103_data,grupo 3,23,7.0,4.741842269897461,3,ok,0.5555555555555556,False,134.0,6.001,0.528
dataset6_CLINIC_0103_data,grupo 3,23,4.91,3.6968421936035156,2,ok,0.5555555555555556,True,134.0,6.001,0.528
dataset6_CLINIC_0103_data,grupo 3,23,7.3,4.891842365264893,3,ok,0.5555555555555556,False,134.0,6.001,0.528
dataset6_CLINIC_0103_data,grupo 3,24,7.0,0.8217387199401855,1,ok,0.6050420168067226,False,134.0,3.197,0.211
dataset6_CLINIC_0103_data,grupo 3,24,4.91,0.0,0,ok,0.6050420168067226,True,134.0,3.197,0.211
dataset6_CLINIC_0103_data,grupo 3,24,7.3,0.9717388153076172,1,ok,0.6050420168067226,False,134.0,3.197,0.211
dataset6_CLINIC_0103_data,grupo 3,25,7.0,0.274946928024292,1,ok,0.5294117647058824,False,134.0,1.248,0.807
dataset6_CLINIC_0103_data,grupo 3,25,4.91,0.0,0,ok,0.5294117647058824,True,134.0,1.248,0.807
dataset6_CLINIC_0103_data,grupo 3,25,7.3,0.42494702339172363,1,ok,0.5294117647058824,False,134.0,1.248,0.807
dataset6_CLINIC_0103_data,grupo 3,26,7.0,0.0,0,ok,0.4789915966386555,False,134.0,0.31,1.194
dataset6_CLINIC_0103_data,grupo 3,26,4.91,0.0,0,ok,0.4789915966386555,True,134.0,0.31,1.194
dataset6_CLINIC_0103_data,grupo 3,26,7.3,0.0,0,ok,0.4789915966386555,False,134.0,0.31,1.194
dataset6_CLINIC_0103_data,grupo 3,27,7.0,4.5279364585876465,3,ok,0.3275862068965517,False,134.0,0.6,4.732
dataset6_CLINIC_0103_data,grupo 3,27,4.91,3.482936382293701,2,ok,0.3275862068965517,True,134.0,0.6,4.732
dataset6_CLINIC_0103_data,grupo 3,27,7.3,4.677936553955078,3,ok,0.3275862068965517,False,134.0,0.6,4.732
dataset6_CLINIC_0103_data,grupo 3,28,7.0,0.0,0,ok,0.5126050420168067,False,134.0,0.27,2.019
dataset6_CLINIC_0103_data,grupo 3,28,4.91,0.0,0,ok,0.5126050420168067,True,134.0,0.27,2.019
dataset6_CLINIC_0103_data,grupo 3,28,7.3,0.0,0,ok,0.5126050420168067,False,134.0,0.27,2.019
dataset6_CLINIC_0103_data,grupo 3,29,7.0,1.190911054611206,1,ok,0.5210084033613446,False,134.0,1.946,1.578
dataset6_CLINIC_0103_data,grupo 3,29,4.91,0.14591097831726074,1,ok,0.5210084033613446,True,134.0,1.946,1.578
dataset6_CLINIC_0103_data,grupo 3,29,7.3,1.3409111499786377,1,ok,0.5210084033613446,False,134.0,1.946,1.578
dataset6_CLINIC_0103_data,grupo 3,30,7.0,2.0444464683532715,2,ok,0.48739495798319327,False,134.0,3.675,0.131
dataset6_CLINIC_0103_data,grupo 3,30,4.91,0.9994463920593262,1,ok,0.48739495798319327,True,134.0,3.675,0.131
dataset6_CLINIC_0103_data,grupo 3,30,7.3,2.194446563720703,2,ok,0.48739495798319327,False,134.0,3.675,0.131
dataset6_CLINIC_0103_data,grupo 3,31,7.0,2.140676736831665,2,ok,0.3445378151260504,False,134.0,2.295,0.021
dataset6_CLINIC_0103_data,grupo 3,31,4.91,1.0956766605377197,1,ok,0.3445378151260504,True,134.0,2.295,0.021
dataset6_CLINIC_0103_data,grupo 3,31,7.3,2.2906768321990967,2,ok,0.3445378151260504,False,134.0,2.295,0.021
dataset6_CLINIC_0103_data,grupo 3,32,7.0,0.2709183692932129,1,ok,0.5546218487394958,False,134.0,1.191,0.101
dataset6_CLINIC_0103_data,grupo 3,32,4.91,0.0,0,ok,0.5546218487394958,True,134.0,1.191,0.101
dataset6_CLINIC_0103_data,grupo 3,32,7.3,0.42091846466064453,1,ok,0.5546218487394958,False,134.0,1.191,0.101
dataset6_CLINIC_0103_data,grupo 3,33,7.0,1.3128206729888916,1,ok,0.44537815126050423,False,134.0,1.807,1.943
dataset6_CLINIC_0103_data,grupo 3,33,4.91,0.2678205966949463,1,ok,0.44537815126050423,True,134.0,1.807,1.943
dataset6_CLINIC_0103_data,grupo 3,33,7.3,1.4628207683563232,1,ok,0.44537815126050423,False,134.0,1.807,1.943
dataset6_CLINIC_0103_data,grupo 3,34,7.0,0.1212763786315918,1,ok,0.5042016806722689,False,134.0,1.326,1.09
dataset6_CLINIC_0103_data,grupo 3,34,4.91,0.0,0,ok,0.5042016806722689,True,134.0,1.326,1.09
dataset6_CLINIC_0103_data,grupo 3,34,7.3,0.27127647399902344,1,ok,0.5042016806722689,False,134.0,1.326,1.09
dataset6_CLINIC_0103_data,grupo 3,35,7.0,4.662020683288574,3,ok,0.6428571428571429,False,134.0,5.516,1.645
dataset6_CLINIC_0103_data,grupo 3,35,4.91,3.617020845413208,2,ok,0.6428571428571429,True,134.0,5.516,1.645
dataset6_CLINIC_0103_data,grupo 3,35,7.3,4.812021255493164,3,ok,0.6428571428571429,False,134.0,5.516,1.645
dataset6_CLINIC_0103_data,grupo 3,36,7.0,0.1295466423034668,1,ok,0.46218487394957986,False,134.0,0.334,0.157
dataset6_CLINIC_0103_data,grupo 3,36,4.91,0.0,0,ok,0.46218487394957986,True,134.0,0.334,0.157
dataset6_CLINIC_0103_data,grupo 3,36,7.3,0.27954673767089844,1,ok,0.46218487394957986,False,134.0,0.334,0.157
dataset6_CLINIC_0103_data,grupo 3,37,7.0,2.583390474319458,2,ok,0.3697478991596639,False,134.0,0.953,2.093
dataset6_CLINIC_0103_data,grupo 3,37,4.91,1.5383903980255127,1,ok,0.3697478991596639,True,134.0,0.953,2.093
dataset6_CLINIC_0103_data,grupo 3,37,7.3,2.7333905696868896,2,ok,0.3697478991596639,False,134.0,0.953,2.093
dataset6_CLINIC_0103_data,grupo 3,38,7.0,1.669852614402771,1,ok,0.40336134453781514,False,134.0,1.403,2.437
dataset6_CLINIC_0103_data,grupo 3,38,4.91,0.6248525381088257,1,ok,0.40336134453781514,True,134.0,1.403,2.437
dataset6_CLINIC_0103_data,grupo 3,38,7.3,1.8198527097702026,1,ok,0.40336134453781514,False,134.0,1.403,2.437
dataset6_CLINIC_0103_data,grupo 3,39,7.0,5.488917350769043,3,ok,0.25688073394495414,False,134.0,4.638,2.703
dataset6_CLINIC_0103_data,grupo 3,39,4.91,4.443917274475098,3,ok,0.25688073394495414,True,134.0,4.638,2.703
dataset6_CLINIC_0103_data,grupo 3,39,7.3,5.638916969299316,3,ok,0.25688073394495414,False,134.0,4.638,2.703
dataset6_CLINIC_0103_data,grupo 3,40,7.0,0.0,0,ok,0.4789915966386555,False,134.0,0.872,1.09
dataset6_CLINIC_0103_data,grupo 3,40,4.91,0.0,0,ok,0.4789915966386555,True,134.0,0.872,1.09
dataset6_CLINIC_0103_data,grupo 3,40,7.3,0.08293485641479492,1,ok,0.4789915966386555,False,134.0,0.872,1.09
dataset6_CLINIC_0103_data,grupo 3,41,7.0,2.591878890991211,2,ok,0.29411764705882354,False,134.0,3.12,2.035
dataset6_CLINIC_0103_data,grupo 3,41,4.91,1.5468788146972656,1,ok,0.29411764705882354,True,134.0,3.12,2.035
dataset6_CLINIC_0103_data,grupo 3,41,7.3,2.7418789863586426,2,ok,0.29411764705882354,False,134.0,3.12,2.035
dataset6_CLINIC_0103_data,grupo 3,42,7.0,0.0,0,ok,0.44537815126050423,False,134.0,0.376,2.559
dataset6_CLINIC_0103_data,grupo 3,42,4.91,0.0,0,ok,0.44537815126050423,True,134.0,0.376,2.559
dataset6_CLINIC_0103_data,grupo 3,42,7.3,0.0,0,ok,0.44537815126050423,False,134.0,0.376,2.559
dataset6_CLINIC_0103_data,grupo 3,43,7.0,0.4756746292114258,1,ok,0.4789915966386555,False,134.0,4.392,1.403
dataset6_CLINIC_0103_data,grupo 3,43,4.91,0.0,0,ok,0.4789915966386555,True,134.0,4.392,1.403
dataset6_CLINIC_0103_data,grupo 3,43,7.3,0.6256747245788574,1,ok,0.4789915966386555,False,134.0,4.392,1.403
dataset6_CLINIC_0103_data,grupo 3,44,7.0,0.6445286273956299,1,ok,0.4369747899159664,False,134.0,2.308,1.603
dataset6_CLINIC_0103_data,grupo 3,44,4.91,0.0,0,ok,0.4369747899159664,True,134.0,2.308,1.603
dataset6_CLINIC_0103_data,grupo 3,44,7.3,0.7945287227630615,1,ok,0.4369747899159664,False,134.0,2.308,1.603
dataset6_CLINIC_0103_data,grupo 3,45,7.0,0.9714951515197754,1,ok,0.4369747899159664,False,134.0,1.205,1.48
dataset6_CLINIC_0103_data,grupo 3,45,4.91,0.0,0,ok,0.4369747899159664,True,134.0,1.205,1.48
dataset6_CLINIC_0103_data,grupo 3,45,7.3,1.121495246887207,1,ok,0.4369747899159664,False,134.0,1.205,1.48
dataset6_CLINIC_0103_data,grupo 3,46,7.0,0.7370452880859375,1,ok,0.36134453781512604,False,134.0,3.014,1.577
dataset6_CLINIC_0103_data,grupo 3,46,4.91,0.0,0,ok,0.36134453781512604,True,134.0,3.014,1.577
dataset6_CLINIC_0103_data,grupo 3,46,7.3,0.8870453834533691,1,ok,0.36134453781512604,False,134.0,3.014,1.577
dataset6_CLINIC_0103_data,grupo 3,47,7.0,0.0,0,ok,0.48739495798319327,False,134.0,0.441,2.736
dataset6_CLINIC_0103_data,grupo 3,47,4.91,0.0,0,ok,0.48739495798319327,True,134.0,0.441,2.736
dataset6_CLINIC_0103_data,grupo 3,47,7.3,0.0,0,ok,0.48739495798319327,False,134.0,0.441,2.736
dataset6_CLINIC_0103_data,grupo 3,48,7.0,0.0,0,ok,0.44537815126050423,False,134.0,3.31,3.741
dataset6_CLINIC_0103_data,grupo 3,48,4.91,0.0,0,ok,0.44537815126050423,True,134.0,3.31,3.741
dataset6_CLINIC_0103_data,grupo 3,48,7.3,0.0,0,ok,0.44537815126050423,False,134.0,3.31,3.741
dataset6_CLINIC_0103_data,grupo 3,49,7.0,4.741832256317139,3,ok,0.35964912280701755,False,134.0,1.247,4.191
dataset6_CLINIC_0103_data,grupo 3,49,4.91,3.6968321800231934,2,ok,0.35964912280701755,True,134.0,1.247,4.191
dataset6_CLINIC_0103_data,grupo 3,49,7.3,4.89183235168457,3,ok,0.35964912280701755,False,134.0,1.247,4.191
