Caso,Grupo,cohorte,clinico,estado_TS,fov7,S1_toca_fov,modo,F_limpieza,politica_metal,igual_a_F,vox_quitados,vox_quitados_recorte,vox_ocupados_recorte,D_TS_max_mm,L_TS_mejor_mm,D_IS_izq_max_mm,D_IS_der_max_mm,pico_sup_z_rel_mm,pico_sup_D_mm,pico_inf_z_rel_mm,pico_inf_D_mm,z_mejor_rel_mm,y_mejor_rel_mm,ang_coronal_crestas_deg,ang_axial_eips_deg,c_x_mm,c_y_mm,c_z_mm,u_x,u_y,u_z,frac_metal_eje,frac_eje_metal_r2mm,dist_eje_metal_min_mm,cilindro_toca_metal,n_eje_en_mascara,hu_p50_eje,frac_bajo150_eje,viable_TS_10mm,viable_TS_d6.5_c1,viable_TS_d6.5_c2,viable_TS_d7.3_c1,viable_TS_d7.3_c2,viable_TS_d8.0_c1,viable_TS_d8.0_c2,segundos,Error
dataset6_CLINIC_0013_data,grupo 3,calibracion,nan,concordante,False,nan,default6mm,0.0,hueso,,0,0,0,8.3,107.0,11.4,10.7,-9.0,8.3,-30.0,7.7,-9.0,-9.0,4.9,6.9,248.4,259.9,201.9,0.9812,0.173,0.0858,0.0,0.0,nan,False,81,184.0,0.37,no,no,no,no,no,no,no,3.4,
dataset6_CLINIC_0013_data,grupo 3,calibracion,nan,concordante,False,nan,default6mm,0.001,hueso,,144,144,0,8.3,107.0,11.4,10.7,-9.0,8.3,-30.0,7.7,-9.0,-9.0,4.9,6.9,248.4,259.9,201.9,0.9812,0.173,0.0858,0.0,0.0,nan,False,81,184.0,0.37,no,no,no,no,no,no,no,2.8,
dataset6_CLINIC_0013_data,grupo 3,calibracion,nan,concordante,False,nan,default6mm,0.01,hueso,0.001,144,144,0,8.3,107.0,11.4,10.7,-9.0,8.3,-30.0,7.7,-9.0,-9.0,4.9,6.9,248.4,259.9,201.9,0.9812,0.173,0.0858,0.0,0.0,nan,False,81,184.0,0.37,no,no,no,no,no,no,no,0.0,
dataset6_CLINIC_0013_data,grupo 3,calibracion,nan,concordante,False,nan,default6mm,0.05,hueso,0.001,144,144,0,8.3,107.0,11.4,10.7,-9.0,8.3,-30.0,7.7,-9.0,-9.0,4.9,6.9,248.4,259.9,201.9,0.9812,0.173,0.0858,0.0,0.0,nan,False,81,184.0,0.37,no,no,no,no,no,no,no,0.0,
dataset6_CLINIC_0013_data,grupo 3,calibracion,nan,concordante,False,nan,robust3mm,0.0,hueso,,0,0,0,8.3,107.0,11.6,9.8,-9.0,8.3,-30.0,7.8,-9.0,-9.0,4.9,6.9,248.4,259.9,201.9,0.9812,0.173,0.0858,0.0,0.0,nan,False,81,184.0,0.37,no,no,no,no,no,no,no,3.1,
dataset6_CLINIC_0013_data,grupo 3,calibracion,nan,concordante,False,nan,robust3mm,0.001,hueso,,316,314,0,8.3,107.0,11.6,9.8,-9.0,8.3,-30.0,7.8,-9.0,-9.0,4.9,6.9,248.4,259.9,201.9,0.9812,0.173,0.0858,0.0,0.0,nan,False,81,184.0,0.37,no,no,no,no,no,no,no,3.0,
dataset6_CLINIC_0013_data,grupo 3,calibracion,nan,concordante,False,nan,robust3mm,0.01,hueso,0.001,316,314,0,8.3,107.0,11.6,9.8,-9.0,8.3,-30.0,7.8,-9.0,-9.0,4.9,6.9,248.4,259.9,201.9,0.9812,0.173,0.0858,0.0,0.0,nan,False,81,184.0,0.37,no,no,no,no,no,no,no,0.0,
dataset6_CLINIC_0013_data,grupo 3,calibracion,nan,concordante,False,nan,robust3mm,0.05,hueso,0.001,316,314,0,8.3,107.0,11.6,9.8,-9.0,8.3,-30.0,7.8,-9.0,-9.0,4.9,6.9,248.4,259.9,201.9,0.9812,0.173,0.0858,0.0,0.0,nan,False,81,184.0,0.37,no,no,no,no,no,no,no,0.0,
dataset6_CLINIC_0012_data,grupo 3,calibracion,nan,concordante,False,nan,default6mm,0.0,hueso,,0,0,0,9.6,101.0,11.4,12.5,-27.0,9.6,-45.0,7.5,-27.0,3.0,18.0,25.2,256.2,201.6,171.3,0.9113,0.3317,0.2442,0.0,0.0,nan,False,79,103.0,0.633,no,si,no,si,no,no,no,4.1,
dataset6_CLINIC_0012_data,grupo 3,calibracion,nan,concordante,False,nan,default6mm,0.001,hueso,,165,165,0,9.6,101.0,11.2,12.5,-27.0,9.6,-45.0,7.5,-27.0,3.0,18.0,25.2,256.2,201.6,171.3,0.9113,0.3317,0.2442,0.0,0.0,nan,False,79,103.0,0.633,no,si,no,si,no,no,no,3.5,
dataset6_CLINIC_0012_data,grupo 3,calibracion,nan,concordante,False,nan,default6mm,0.01,hueso,0.001,165,165,0,9.6,101.0,11.2,12.5,-27.0,9.6,-45.0,7.5,-27.0,3.0,18.0,25.2,256.2,201.6,171.3,0.9113,0.3317,0.2442,0.0,0.0,nan,False,79,103.0,0.633,no,si,no,si,no,no,no,0.0,
dataset6_CLINIC_0012_data,grupo 3,calibracion,nan,concordante,False,nan,default6mm,0.05,hueso,0.001,165,165,0,9.6,101.0,11.2,12.5,-27.0,9.6,-45.0,7.5,-27.0,3.0,18.0,25.2,256.2,201.6,171.3,0.9113,0.3317,0.2442,0.0,0.0,nan,False,79,103.0,0.633,no,si,no,si,no,no,no,0.0,
dataset6_CLINIC_0012_data,grupo 3,calibracion,nan,concordante,False,nan,robust3mm,0.0,hueso,,0,0,0,8.4,100.0,11.4,13.5,-24.0,8.4,-45.0,6.1,-24.0,3.0,23.0,25.2,256.2,201.6,174.3,0.8891,0.3236,0.3236,0.0,0.0,nan,False,79,88.0,0.62,no,no,no,no,no,no,no,3.4,
dataset6_CLINIC_0012_data,grupo 3,calibracion,nan,concordante,False,nan,robust3mm,0.001,hueso,,152,152,0,8.4,100.0,11.4,13.5,-24.0,8.4,-45.0,6.1,-24.0,3.0,23.0,25.2,256.2,201.6,174.3,0.8891,0.3236,0.3236,0.0,0.0,nan,False,79,88.0,0.62,no,no,no,no,no,no,no,3.4,
dataset6_CLINIC_0012_data,grupo 3,calibracion,nan,concordante,False,nan,robust3mm,0.01,hueso,0.001,152,152,0,8.4,100.0,11.4,13.5,-24.0,8.4,-45.0,6.1,-24.0,3.0,23.0,25.2,256.2,201.6,174.3,0.8891,0.3236,0.3236,0.0,0.0,nan,False,79,88.0,0.62,no,no,no,no,no,no,no,0.0,
dataset6_CLINIC_0012_data,grupo 3,calibracion,nan,concordante,False,nan,robust3mm,0.05,hueso,0.001,152,152,0,8.4,100.0,11.4,13.5,-24.0,8.4,-45.0,6.1,-24.0,3.0,23.0,25.2,256.2,201.6,174.3,0.8891,0.3236,0.3236,0.0,0.0,nan,False,79,88.0,0.62,no,no,no,no,no,no,no,0.0,
dataset6_CLINIC_0010_data,grupo 3,calibracion,nan,concordante,False,z+,default6mm,0.0,hueso,,0,0,0,8.7,144.0,12.7,10.9,-15.0,6.0,-30.0,8.7,-30.0,-21.0,0.0,1.8,239.1,173.8,227.6,0.9962,-0.0872,0.0,0.0,0.0,nan,False,126,110.5,0.722,no,si,no,no,no,no,no,3.8,
dataset6_CLINIC_0010_data,grupo 3,calibracion,nan,concordante,False,z+,default6mm,0.001,hueso,,64,64,0,8.7,144.0,12.7,10.9,-15.0,6.0,-30.0,8.7,-30.0,-21.0,0.0,1.8,239.1,173.8,227.6,0.9962,-0.0872,0.0,0.0,0.0,nan,False,126,110.5,0.722,no,si,no,no,no,no,no,3.3,
dataset6_CLINIC_0010_data,grupo 3,calibracion,nan,concordante,False,z+,default6mm,0.01,hueso,0.001,64,64,0,8.7,144.0,12.7,10.9,-15.0,6.0,-30.0,8.7,-30.0,-21.0,0.0,1.8,239.1,173.8,227.6,0.9962,-0.0872,0.0,0.0,0.0,nan,False,126,110.5,0.722,no,si,no,no,no,no,no,0.0,
dataset6_CLINIC_0010_data,grupo 3,calibracion,nan,concordante,False,z+,default6mm,0.05,hueso,0.001,64,64,0,8.7,144.0,12.7,10.9,-15.0,6.0,-30.0,8.7,-30.0,-21.0,0.0,1.8,239.1,173.8,227.6,0.9962,-0.0872,0.0,0.0,0.0,nan,False,126,110.5,0.722,no,si,no,no,no,no,no,0.0,
dataset6_CLINIC_0010_data,grupo 3,calibracion,nan,concordante,False,z+,robust3mm,0.0,hueso,,0,0,0,8.4,145.0,12.3,10.9,-12.0,4.8,-30.0,8.4,-30.0,-21.0,0.0,1.8,239.1,173.8,227.6,0.9962,-0.0872,0.0,0.0,0.0,nan,False,128,117.0,0.68,no,no,no,no,no,no,no,3.3,
dataset6_CLINIC_0010_data,grupo 3,calibracion,nan,concordante,False,z+,robust3mm,0.001,hueso,,131,131,0,8.4,145.0,12.3,10.9,-12.0,4.8,-30.0,8.4,-30.0,-21.0,0.0,1.8,239.1,173.8,227.6,0.9962,-0.0872,0.0,0.0,0.0,nan,False,128,117.0,0.68,no,no,no,no,no,no,no,3.3,
dataset6_CLINIC_0010_data,grupo 3,calibracion,nan,concordante,False,z+,robust3mm,0.01,hueso,0.001,131,131,0,8.4,145.0,12.3,10.9,-12.0,4.8,-30.0,8.4,-30.0,-21.0,0.0,1.8,239.1,173.8,227.6,0.9962,-0.0872,0.0,0.0,0.0,nan,False,128,117.0,0.68,no,no,no,no,no,no,no,0.0,
dataset6_CLINIC_0010_data,grupo 3,calibracion,nan,concordante,False,z+,robust3mm,0.05,hueso,0.001,131,131,0,8.4,145.0,12.3,10.9,-12.0,4.8,-30.0,8.4,-30.0,-21.0,0.0,1.8,239.1,173.8,227.6,0.9962,-0.0872,0.0,0.0,0.0,nan,False,128,117.0,0.68,no,no,no,no,no,no,no,0.0,
dataset6_CLINIC_0018_data,grupo 3,calibracion,nan,concordante,False,nan,default6mm,0.0,hueso,,0,0,0,7.0,117.0,8.9,13.8,-36.0,6.7,-54.0,7.0,-54.0,-42.0,1.7,2.4,242.5,185.9,180.0,0.9848,0.0,-0.1736,0.0,0.0,nan,False,100,125.0,0.68,no,no,no,no,no,no,no,3.9,
dataset6_CLINIC_0018_data,grupo 3,calibracion,nan,concordante,False,nan,default6mm,0.001,hueso,,148,148,0,7.0,117.0,8.9,13.8,-36.0,6.7,-54.0,7.0,-54.0,-42.0,1.7,2.4,242.5,185.9,180.0,0.9848,0.0,-0.1736,0.0,0.0,nan,False,100,125.0,0.68,no,no,no,no,no,no,no,3.5,
dataset6_CLINIC_0018_data,grupo 3,calibracion,nan,concordante,False,nan,default6mm,0.01,hueso,0.001,148,148,0,7.0,117.0,8.9,13.8,-36.0,6.7,-54.0,7.0,-54.0,-42.0,1.7,2.4,242.5,185.9,180.0,0.9848,0.0,-0.1736,0.0,0.0,nan,False,100,125.0,0.68,no,no,no,no,no,no,no,0.0,
dataset6_CLINIC_0018_data,grupo 3,calibracion,nan,concordante,False,nan,default6mm,0.05,hueso,0.001,148,148,0,7.0,117.0,8.9,13.8,-36.0,6.7,-54.0,7.0,-54.0,-42.0,1.7,2.4,242.5,185.9,180.0,0.9848,0.0,-0.1736,0.0,0.0,nan,False,100,125.0,0.68,no,no,no,no,no,no,no,0.0,
dataset6_CLINIC_0018_data,grupo 3,calibracion,nan,concordante,False,nan,robust3mm,0.0,hueso,,0,0,0,7.6,117.0,8.9,13.9,-36.0,6.5,-54.0,7.6,-54.0,-42.0,1.7,2.4,242.5,185.9,180.0,0.9848,0.0,-0.1736,0.0,0.0,nan,False,100,125.0,0.68,no,no,no,no,no,no,no,3.4,
dataset6_CLINIC_0018_data,grupo 3,calibracion,nan,concordante,False,nan,robust3mm,0.001,hueso,,210,210,0,7.6,117.0,8.9,13.9,-36.0,6.5,-54.0,7.6,-54.0,-42.0,1.7,2.4,242.5,185.9,180.0,0.9848,0.0,-0.1736,0.0,0.0,nan,False,100,125.0,0.68,no,no,no,no,no,no,no,3.3,
dataset6_CLINIC_0018_data,grupo 3,calibracion,nan,concordante,False,nan,robust3mm,0.01,hueso,0.001,210,210,0,7.6,117.0,8.9,13.9,-36.0,6.5,-54.0,7.6,-54.0,-42.0,1.7,2.4,242.5,185.9,180.0,0.9848,0.0,-0.1736,0.0,0.0,nan,False,100,125.0,0.68,no,no,no,no,no,no,no,0.0,
dataset6_CLINIC_0018_data,grupo 3,calibracion,nan,concordante,False,nan,robust3mm,0.05,hueso,0.001,210,210,0,7.6,117.0,8.9,13.9,-36.0,6.5,-54.0,7.6,-54.0,-42.0,1.7,2.4,242.5,185.9,180.0,0.9848,0.0,-0.1736,0.0,0.0,nan,False,100,125.0,0.68,no,no,no,no,no,no,no,0.0,
dataset6_CLINIC_0008_data,grupo 2,otro,nan,concordante,False,nan,default6mm,0.0,hueso,,0,0,0,4.8,149.0,8.4,11.0,-6.0,1.9,-30.0,4.8,-30.0,-27.0,3.5,3.2,260.0,221.4,164.7,0.9812,0.173,-0.0858,0.0,0.0,nan,False,132,292.5,0.114,no,no,no,no,no,no,no,3.6,
dataset6_CLINIC_0008_data,grupo 2,otro,nan,concordante,False,nan,default6mm,0.001,hueso,,172,172,0,4.8,149.0,8.4,11.0,-6.0,1.9,-30.0,4.8,-30.0,-27.0,3.5,3.2,260.0,221.4,164.7,0.9812,0.173,-0.0858,0.0,0.0,nan,False,132,292.5,0.114,no,no,no,no,no,no,no,3.0,
dataset6_CLINIC_0008_data,grupo 2,otro,nan,concordante,False,nan,default6mm,0.01,hueso,,388,388,0,4.8,149.0,8.4,11.0,-6.0,1.9,-30.0,4.8,-30.0,-27.0,3.5,3.2,260.0,221.4,164.7,0.9812,0.173,-0.0858,0.0,0.0,nan,False,132,292.5,0.114,no,no,no,no,no,no,no,2.9,
dataset6_CLINIC_0008_data,grupo 2,otro,nan,concordante,False,nan,default6mm,0.05,hueso,0.01,388,388,0,4.8,149.0,8.4,11.0,-6.0,1.9,-30.0,4.8,-30.0,-27.0,3.5,3.2,260.0,221.4,164.7,0.9812,0.173,-0.0858,0.0,0.0,nan,False,132,292.5,0.114,no,no,no,no,no,no,no,0.0,
dataset6_CLINIC_0008_data,grupo 2,otro,nan,concordante,False,nan,robust3mm,0.0,hueso,,0,0,0,5.4,148.0,6.4,12.2,-9.0,2.5,-27.0,5.4,-27.0,-27.0,3.5,3.2,260.0,221.4,167.7,0.9812,0.173,-0.0858,0.0,0.0,nan,False,129,261.0,0.155,no,no,no,no,no,no,no,2.9,
dataset6_CLINIC_0008_data,grupo 2,otro,nan,concordante,False,nan,robust3mm,0.001,hueso,,151,151,0,5.4,148.0,6.4,12.2,-9.0,2.5,-27.0,5.4,-27.0,-27.0,3.5,3.2,260.0,221.4,167.7,0.9812,0.173,-0.0858,0.0,0.0,nan,False,129,261.0,0.155,no,no,no,no,no,no,no,2.9,
dataset6_CLINIC_0008_data,grupo 2,otro,nan,concordante,False,nan,robust3mm,0.01,hueso,0.001,151,151,0,5.4,148.0,6.4,12.2,-9.0,2.5,-27.0,5.4,-27.0,-27.0,3.5,3.2,260.0,221.4,167.7,0.9812,0.173,-0.0858,0.0,0.0,nan,False,129,261.0,0.155,no,no,no,no,no,no,no,0.0,
dataset6_CLINIC_0008_data,grupo 2,otro,nan,concordante,False,nan,robust3mm,0.05,hueso,0.001,151,151,0,5.4,148.0,6.4,12.2,-9.0,2.5,-27.0,5.4,-27.0,-27.0,3.5,3.2,260.0,221.4,167.7,0.9812,0.173,-0.0858,0.0,0.0,nan,False,129,261.0,0.155,no,no,no,no,no,no,no,0.0,
dataset6_CLINIC_0014_data,grupo 3,calibracion,nan,concordante,False,nan,default6mm,0.0,hueso,,0,0,0,8.4,131.0,10.6,11.1,-9.0,7.7,-30.0,8.4,-30.0,-27.0,1.7,4.8,172.4,184.5,177.2,0.9962,0.0872,0.0,0.0,0.0,nan,False,112,138.5,0.527,no,no,no,no,no,no,no,4.5,
dataset6_CLINIC_0014_data,grupo 3,calibracion,nan,concordante,False,nan,default6mm,0.001,hueso,,248,248,0,8.4,131.0,10.6,11.1,-9.0,7.7,-30.0,8.4,-30.0,-27.0,1.7,4.8,172.4,184.5,177.2,0.9962,0.0872,0.0,0.0,0.0,nan,False,112,138.5,0.527,no,no,no,no,no,no,no,4.0,
dataset6_CLINIC_0014_data,grupo 3,calibracion,nan,concordante,False,nan,default6mm,0.01,hueso,0.001,248,248,0,8.4,131.0,10.6,11.1,-9.0,7.7,-30.0,8.4,-30.0,-27.0,1.7,4.8,172.4,184.5,177.2,0.9962,0.0872,0.0,0.0,0.0,nan,False,112,138.5,0.527,no,no,no,no,no,no,no,0.0,
dataset6_CLINIC_0014_data,grupo 3,calibracion,nan,concordante,False,nan,default6mm,0.05,hueso,0.001,248,248,0,8.4,131.0,10.6,11.1,-9.0,7.7,-30.0,8.4,-30.0,-27.0,1.7,4.8,172.4,184.5,177.2,0.9962,0.0872,0.0,0.0,0.0,nan,False,112,138.5,0.527,no,no,no,no,no,no,no,0.0,
dataset6_CLINIC_0014_data,grupo 3,calibracion,nan,concordante,False,nan,robust3mm,0.0,hueso,,0,0,0,9.9,130.0,10.7,12.4,-9.0,8.0,-30.0,9.9,-30.0,-27.0,1.7,4.8,172.4,184.5,177.2,0.9962,0.0872,0.0,0.0,0.0,nan,False,110,137.0,0.527,no,si,no,si,no,no,no,4.1,
dataset6_CLINIC_0014_data,grupo 3,calibracion,nan,concordante,False,nan,robust3mm,0.001,hueso,,254,254,0,9.9,130.0,10.7,12.4,-9.0,8.0,-30.0,9.9,-30.0,-27.0,1.7,4.8,172.4,184.5,177.2,0.9962,0.0872,0.0,0.0,0.0,nan,False,110,137.0,0.527,no,si,no,si,no,no,no,4.1,
dataset6_CLINIC_0014_data,grupo 3,calibracion,nan,concordante,False,nan,robust3mm,0.01,hueso,0.001,254,254,0,9.9,130.0,10.7,12.4,-9.0,8.0,-30.0,9.9,-30.0,-27.0,1.7,4.8,172.4,184.5,177.2,0.9962,0.0872,0.0,0.0,0.0,nan,False,110,137.0,0.527,no,si,no,si,no,no,no,0.0,
dataset6_CLINIC_0014_data,grupo 3,calibracion,nan,concordante,False,nan,robust3mm,0.05,hueso,0.001,254,254,0,9.9,130.0,10.7,12.4,-9.0,8.0,-30.0,9.9,-30.0,-27.0,1.7,4.8,172.4,184.5,177.2,0.9962,0.0872,0.0,0.0,0.0,nan,False,110,137.0,0.527,no,si,no,si,no,no,no,0.0,
dataset6_CLINIC_0001_data,grupo 2,otro,nan,concordante,False,nan,default6mm,0.0,hueso,,0,0,0,5.7,99.0,9.1,9.4,-12.0,5.7,-39.0,2.2,-12.0,9.0,24.5,15.4,205.3,140.8,165.6,0.9271,-0.1635,-0.3374,0.0,0.0,nan,False,84,213.0,0.226,no,no,no,no,no,no,no,4.6,
dataset6_CLINIC_0001_data,grupo 2,otro,nan,concordante,False,nan,default6mm,0.001,hueso,,60,60,0,5.7,99.0,9.1,9.4,-12.0,5.7,-39.0,2.2,-12.0,9.0,24.5,15.4,205.3,140.8,165.6,0.9271,-0.1635,-0.3374,0.0,0.0,nan,False,84,213.0,0.226,no,no,no,no,no,no,no,4.1,
dataset6_CLINIC_0001_data,grupo 2,otro,nan,concordante,False,nan,default6mm,0.01,hueso,0.001,60,60,0,5.7,99.0,9.1,9.4,-12.0,5.7,-39.0,2.2,-12.0,9.0,24.5,15.4,205.3,140.8,165.6,0.9271,-0.1635,-0.3374,0.0,0.0,nan,False,84,213.0,0.226,no,no,no,no,no,no,no,0.0,
dataset6_CLINIC_0001_data,grupo 2,otro,nan,concordante,False,nan,default6mm,0.05,hueso,0.001,60,60,0,5.7,99.0,9.1,9.4,-12.0,5.7,-39.0,2.2,-12.0,9.0,24.5,15.4,205.3,140.8,165.6,0.9271,-0.1635,-0.3374,0.0,0.0,nan,False,84,213.0,0.226,no,no,no,no,no,no,no,0.0,
dataset6_CLINIC_0001_data,grupo 2,otro,nan,concordante,False,nan,robust3mm,0.0,hueso,,0,0,0,4.7,104.0,8.4,4.7,-15.0,4.7,-36.0,2.2,-15.0,9.0,14.5,20.4,205.3,140.8,162.6,0.9522,-0.2551,-0.1679,0.0,0.0,nan,False,85,162.0,0.459,no,no,no,no,no,no,no,4.2,
dataset6_CLINIC_0001_data,grupo 2,otro,nan,concordante,False,nan,robust3mm,0.001,hueso,,96,96,0,4.7,104.0,8.4,4.7,-15.0,4.7,-36.0,2.2,-15.0,9.0,14.5,20.4,205.3,140.8,162.6,0.9522,-0.2551,-0.1679,0.0,0.0,nan,False,85,162.0,0.459,no,no,no,no,no,no,no,4.1,
dataset6_CLINIC_0001_data,grupo 2,otro,nan,concordante,False,nan,robust3mm,0.01,hueso,0.001,96,96,0,4.7,104.0,8.4,4.7,-15.0,4.7,-36.0,2.2,-15.0,9.0,14.5,20.4,205.3,140.8,162.6,0.9522,-0.2551,-0.1679,0.0,0.0,nan,False,85,162.0,0.459,no,no,no,no,no,no,no,0.0,
dataset6_CLINIC_0001_data,grupo 2,otro,nan,concordante,False,nan,robust3mm,0.05,hueso,0.001,96,96,0,4.7,104.0,8.4,4.7,-15.0,4.7,-36.0,2.2,-15.0,9.0,14.5,20.4,205.3,140.8,162.6,0.9522,-0.2551,-0.1679,0.0,0.0,nan,False,85,162.0,0.459,no,no,no,no,no,no,no,0.0,
dataset6_CLINIC_0002_data,grupo 3,calibracion,nan,R1 arriba de TS,False,nan,default6mm,0.0,hueso,,0,0,0,9.2,154.0,12.5,12.3,-36.0,9.2,,,-36.0,-24.0,2.6,3.2,198.8,143.6,157.4,1.0,0.0,0.0,0.0,0.0,nan,False,136,141.0,0.551,no,si,no,no,no,no,no,4.4,
dataset6_CLINIC_0002_data,grupo 3,calibracion,nan,R1 arriba de TS,False,nan,default6mm,0.001,hueso,,16,16,0,9.2,154.0,12.5,12.3,-36.0,9.2,,,-36.0,-24.0,2.6,3.2,198.8,143.6,157.4,1.0,0.0,0.0,0.0,0.0,nan,False,136,141.0,0.551,no,si,no,no,no,no,no,3.7,
dataset6_CLINIC_0002_data,grupo 3,calibracion,nan,R1 arriba de TS,False,nan,default6mm,0.01,hueso,0.001,16,16,0,9.2,154.0,12.5,12.3,-36.0,9.2,,,-36.0,-24.0,2.6,3.2,198.8,143.6,157.4,1.0,0.0,0.0,0.0,0.0,nan,False,136,141.0,0.551,no,si,no,no,no,no,no,0.0,
dataset6_CLINIC_0002_data,grupo 3,calibracion,nan,R1 arriba de TS,False,nan,default6mm,0.05,hueso,0.001,16,16,0,9.2,154.0,12.5,12.3,-36.0,9.2,,,-36.0,-24.0,2.6,3.2,198.8,143.6,157.4,1.0,0.0,0.0,0.0,0.0,nan,False,136,141.0,0.551,no,si,no,no,no,no,no,0.0,
dataset6_CLINIC_0002_data,grupo 3,calibracion,nan,R1 arriba de TS,False,nan,robust3mm,0.0,hueso,,0,0,0,9.2,154.0,12.9,11.5,-36.0,9.2,,,-36.0,-24.0,2.6,3.2,198.8,143.6,157.4,1.0,0.0,0.0,0.0,0.0,nan,False,134,141.0,0.552,no,si,no,no,no,no,no,3.8,
dataset6_CLINIC_0002_data,grupo 3,calibracion,nan,R1 arriba de TS,False,nan,robust3mm,0.001,hueso,0.0,40,0,0,9.2,154.0,12.9,11.5,-36.0,9.2,,,-36.0,-24.0,2.6,3.2,198.8,143.6,157.4,1.0,0.0,0.0,0.0,0.0,nan,False,134,141.0,0.552,no,si,no,no,no,no,no,0.0,
dataset6_CLINIC_0002_data,grupo 3,calibracion,nan,R1 arriba de TS,False,nan,robust3mm,0.01,hueso,0.0,40,0,0,9.2,154.0,12.9,11.5,-36.0,9.2,,,-36.0,-24.0,2.6,3.2,198.8,143.6,157.4,1.0,0.0,0.0,0.0,0.0,nan,False,134,141.0,0.552,no,si,no,no,no,no,no,0.0,
dataset6_CLINIC_0002_data,grupo 3,calibracion,nan,R1 arriba de TS,False,nan,robust3mm,0.05,hueso,0.0,40,0,0,9.2,154.0,12.9,11.5,-36.0,9.2,,,-36.0,-24.0,2.6,3.2,198.8,143.6,157.4,1.0,0.0,0.0,0.0,0.0,nan,False,134,141.0,0.552,no,si,no,no,no,no,no,0.0,
dataset6_CLINIC_0003_data,grupo 3,calibracion,nan,concordante,False,nan,default6mm,0.0,hueso,,0,0,0,9.0,137.0,12.3,12.9,-12.0,7.7,-33.0,9.0,-33.0,-21.0,0.4,11.4,216.2,157.7,158.8,0.9848,0.1736,0.0,0.0,0.0,nan,False,117,246.0,0.222,no,si,no,no,no,no,no,4.9,
dataset6_CLINIC_0003_data,grupo 3,calibracion,nan,concordante,False,nan,default6mm,0.001,hueso,,364,364,0,9.0,137.0,12.3,12.9,-12.0,7.7,-33.0,9.0,-33.0,-21.0,0.4,11.4,216.2,157.7,158.8,0.9848,0.1736,0.0,0.0,0.0,nan,False,117,246.0,0.222,no,si,no,no,no,no,no,4.3,
dataset6_CLINIC_0003_data,grupo 3,calibracion,nan,concordante,False,nan,default6mm,0.01,hueso,0.001,364,364,0,9.0,137.0,12.3,12.9,-12.0,7.7,-33.0,9.0,-33.0,-21.0,0.4,11.4,216.2,157.7,158.8,0.9848,0.1736,0.0,0.0,0.0,nan,False,117,246.0,0.222,no,si,no,no,no,no,no,0.0,
dataset6_CLINIC_0003_data,grupo 3,calibracion,nan,concordante,False,nan,default6mm,0.05,hueso,0.001,364,364,0,9.0,137.0,12.3,12.9,-12.0,7.7,-33.0,9.0,-33.0,-21.0,0.4,11.4,216.2,157.7,158.8,0.9848,0.1736,0.0,0.0,0.0,nan,False,117,246.0,0.222,no,si,no,no,no,no,no,0.0,
dataset6_CLINIC_0003_data,grupo 3,calibracion,nan,concordante,False,nan,robust3mm,0.0,hueso,,0,0,0,8.6,113.0,12.5,14.1,-12.0,8.5,-36.0,8.6,-36.0,-21.0,10.4,6.4,216.2,157.7,155.8,0.9812,0.0858,0.173,0.0,0.0,nan,False,89,240.0,0.202,no,si,no,no,no,no,no,4.4,
dataset6_CLINIC_0003_data,grupo 3,calibracion,nan,concordante,False,nan,robust3mm,0.001,hueso,,188,188,0,8.6,113.0,12.5,14.1,-12.0,8.5,-36.0,8.6,-36.0,-21.0,10.4,6.4,216.2,157.7,155.8,0.9812,0.0858,0.173,0.0,0.0,nan,False,89,240.0,0.202,no,si,no,no,no,no,no,4.3,
dataset6_CLINIC_0003_data,grupo 3,calibracion,nan,concordante,False,nan,robust3mm,0.01,hueso,0.001,188,188,0,8.6,113.0,12.5,14.1,-12.0,8.5,-36.0,8.6,-36.0,-21.0,10.4,6.4,216.2,157.7,155.8,0.9812,0.0858,0.173,0.0,0.0,nan,False,89,240.0,0.202,no,si,no,no,no,no,no,0.0,
dataset6_CLINIC_0003_data,grupo 3,calibracion,nan,concordante,False,nan,robust3mm,0.05,hueso,0.001,188,188,0,8.6,113.0,12.5,14.1,-12.0,8.5,-36.0,8.6,-36.0,-21.0,10.4,6.4,216.2,157.7,155.8,0.9812,0.0858,0.173,0.0,0.0,nan,False,89,240.0,0.202,no,si,no,no,no,no,no,0.0,
dataset6_CLINIC_0015_data,grupo 3,calibracion,nan,concordante,False,nan,default6mm,0.0,hueso,,0,0,0,7.8,118.0,11.7,12.7,-15.0,7.8,-27.0,7.0,-15.0,9.0,13.1,11.7,230.8,225.2,178.6,0.9812,0.0858,0.173,0.0,0.0,nan,False,89,216.0,0.36,no,no,no,no,no,no,no,3.9,
dataset6_CLINIC_0015_data,grupo 3,calibracion,nan,concordante,False,nan,default6mm,0.001,hueso,,45,45,0,7.8,118.0,11.7,12.7,-15.0,7.8,-27.0,7.0,-15.0,9.0,13.1,11.7,230.8,225.2,178.6,0.9812,0.0858,0.173,0.0,0.0,nan,False,89,216.0,0.36,no,no,no,no,no,no,no,3.3,
dataset6_CLINIC_0015_data,grupo 3,calibracion,nan,concordante,False,nan,default6mm,0.01,hueso,,1083,1083,0,7.8,118.0,11.7,12.7,-15.0,7.8,-27.0,7.0,-15.0,9.0,13.1,11.7,230.8,225.2,178.6,0.9812,0.0858,0.173,0.0,0.0,nan,False,89,216.0,0.36,no,no,no,no,no,no,no,3.0,
dataset6_CLINIC_0015_data,grupo 3,calibracion,nan,concordante,False,nan,default6mm,0.05,hueso,0.01,1083,1083,0,7.8,118.0,11.7,12.7,-15.0,7.8,-27.0,7.0,-15.0,9.0,13.1,11.7,230.8,225.2,178.6,0.9812,0.0858,0.173,0.0,0.0,nan,False,89,216.0,0.36,no,no,no,no,no,no,no,0.0,
dataset6_CLINIC_0015_data,grupo 3,calibracion,nan,concordante,False,nan,robust3mm,0.0,hueso,,0,0,0,8.0,119.0,11.8,12.6,-15.0,8.0,-39.0,6.4,-15.0,9.0,8.1,11.7,230.8,225.2,178.6,0.9924,0.0868,0.0868,0.0,0.0,nan,False,89,228.0,0.348,no,no,no,no,no,no,no,3.3,
dataset6_CLINIC_0015_data,grupo 3,calibracion,nan,concordante,False,nan,robust3mm,0.001,hueso,,34,34,0,8.0,119.0,11.8,12.6,-15.0,8.0,-39.0,6.4,-15.0,9.0,8.1,11.7,230.8,225.2,178.6,0.9924,0.0868,0.0868,0.0,0.0,nan,False,89,228.0,0.348,no,no,no,no,no,no,no,3.4,
dataset6_CLINIC_0015_data,grupo 3,calibracion,nan,concordante,False,nan,robust3mm,0.01,hueso,,978,978,0,8.0,119.0,11.8,12.6,-15.0,8.0,-39.0,6.4,-15.0,9.0,8.1,11.7,230.8,225.2,178.6,0.9924,0.0868,0.0868,0.0,0.0,nan,False,89,228.0,0.348,no,no,no,no,no,no,no,3.0,
dataset6_CLINIC_0015_data,grupo 3,calibracion,nan,concordante,False,nan,robust3mm,0.05,hueso,0.01,978,978,0,8.0,119.0,11.8,12.6,-15.0,8.0,-39.0,6.4,-15.0,9.0,8.1,11.7,230.8,225.2,178.6,0.9924,0.0868,0.0868,0.0,0.0,nan,False,89,228.0,0.348,no,no,no,no,no,no,no,0.0,
dataset6_CLINIC_0019_data,grupo 2,otro,nan,R1 arriba de TS,False,nan,default6mm,0.0,hueso,,0,0,0,1.6,136.0,3.1,5.0,-75.0,1.6,,,-75.0,9.0,3.3,2.5,206.6,184.4,207.9,0.9924,0.0868,0.0868,0.0,0.0,nan,False,116,59.0,0.75,no,no,no,no,no,no,no,3.8,
dataset6_CLINIC_0019_data,grupo 2,otro,nan,R1 arriba de TS,False,nan,default6mm,0.001,hueso,,148,148,0,1.6,136.0,3.1,5.0,-75.0,1.6,,,-75.0,9.0,3.3,2.5,206.6,184.4,207.9,0.9924,0.0868,0.0868,0.0,0.0,nan,False,116,59.0,0.75,no,no,no,no,no,no,no,3.0,
dataset6_CLINIC_0019_data,grupo 2,otro,nan,R1 arriba de TS,False,nan,default6mm,0.01,hueso,0.001,148,148,0,1.6,136.0,3.1,5.0,-75.0,1.6,,,-75.0,9.0,3.3,2.5,206.6,184.4,207.9,0.9924,0.0868,0.0868,0.0,0.0,nan,False,116,59.0,0.75,no,no,no,no,no,no,no,0.0,
dataset6_CLINIC_0019_data,grupo 2,otro,nan,R1 arriba de TS,False,nan,default6mm,0.05,hueso,0.001,148,148,0,1.6,136.0,3.1,5.0,-75.0,1.6,,,-75.0,9.0,3.3,2.5,206.6,184.4,207.9,0.9924,0.0868,0.0868,0.0,0.0,nan,False,116,59.0,0.75,no,no,no,no,no,no,no,0.0,
dataset6_CLINIC_0019_data,grupo 2,otro,nan,R1 arriba de TS,False,nan,robust3mm,0.0,hueso,,0,0,0,1.6,137.0,3.5,3.8,-75.0,1.6,,,-72.0,9.0,13.3,2.5,206.6,184.4,210.9,0.9625,0.0842,0.2579,0.0,0.0,nan,False,115,84.0,0.713,no,no,no,no,no,no,no,2.9,
dataset6_CLINIC_0019_data,grupo 2,otro,nan,R1 arriba de TS,False,nan,robust3mm,0.001,hueso,,167,167,0,1.6,137.0,3.5,3.8,-75.0,1.6,,,-72.0,9.0,13.3,2.5,206.6,184.4,210.9,0.9625,0.0842,0.2579,0.0,0.0,nan,False,115,84.0,0.713,no,no,no,no,no,no,no,3.2,
dataset6_CLINIC_0019_data,grupo 2,otro,nan,R1 arriba de TS,False,nan,robust3mm,0.01,hueso,0.001,167,167,0,1.6,137.0,3.5,3.8,-75.0,1.6,,,-72.0,9.0,13.3,2.5,206.6,184.4,210.9,0.9625,0.0842,0.2579,0.0,0.0,nan,False,115,84.0,0.713,no,no,no,no,no,no,no,0.0,
dataset6_CLINIC_0019_data,grupo 2,otro,nan,R1 arriba de TS,False,nan,robust3mm,0.05,hueso,0.001,167,167,0,1.6,137.0,3.5,3.8,-75.0,1.6,,,-72.0,9.0,13.3,2.5,206.6,184.4,210.9,0.9625,0.0842,0.2579,0.0,0.0,nan,False,115,84.0,0.713,no,no,no,no,no,no,no,0.0,
dataset6_CLINIC_0016_data,grupo 3,calibracion,nan,concordante,False,nan,default6mm,0.0,hueso,,0,0,0,3.1,125.0,7.9,3.6,-39.0,3.1,,,-39.0,-42.0,3.5,2.3,194.3,150.8,167.9,0.9924,-0.0868,-0.0868,0.0,0.0,nan,False,106,115.5,0.557,no,no,no,no,no,no,no,4.7,
dataset6_CLINIC_0016_data,grupo 3,calibracion,nan,concordante,False,nan,default6mm,0.001,hueso,,498,498,0,3.1,125.0,7.9,3.6,-39.0,3.1,,,-39.0,-42.0,3.5,2.3,194.3,150.8,167.9,0.9924,-0.0868,-0.0868,0.0,0.0,nan,False,106,115.5,0.557,no,no,no,no,no,no,no,4.2,
dataset6_CLINIC_0016_data,grupo 3,calibracion,nan,concordante,False,nan,default6mm,0.01,hueso,,1530,1530,0,3.1,125.0,7.9,3.6,-39.0,3.1,,,-39.0,-42.0,3.5,2.3,194.3,150.8,167.9,0.9924,-0.0868,-0.0868,0.0,0.0,nan,False,106,115.5,0.557,no,no,no,no,no,no,no,4.3,
dataset6_CLINIC_0016_data,grupo 3,calibracion,nan,concordante,False,nan,default6mm,0.05,hueso,0.01,1530,1530,0,3.1,125.0,7.9,3.6,-39.0,3.1,,,-39.0,-42.0,3.5,2.3,194.3,150.8,167.9,0.9924,-0.0868,-0.0868,0.0,0.0,nan,False,106,115.5,0.557,no,no,no,no,no,no,no,0.0,
dataset6_CLINIC_0016_data,grupo 3,calibracion,nan,concordante,False,nan,robust3mm,0.0,hueso,,0,0,0,3.1,131.0,6.7,4.5,-39.0,3.1,,,-39.0,-39.0,8.5,2.7,194.3,153.8,167.9,0.9848,0.0,-0.1736,0.0,0.0,nan,False,113,152.0,0.496,no,no,no,no,no,no,no,4.1,
dataset6_CLINIC_0016_data,grupo 3,calibracion,nan,concordante,False,nan,robust3mm,0.001,hueso,,510,510,0,3.1,131.0,6.7,4.5,-39.0,3.1,,,-39.0,-39.0,8.5,2.7,194.3,153.8,167.9,0.9848,0.0,-0.1736,0.0,0.0,nan,False,113,152.0,0.496,no,no,no,no,no,no,no,4.2,
dataset6_CLINIC_0016_data,grupo 3,calibracion,nan,concordante,False,nan,robust3mm,0.01,hueso,,1872,1872,0,3.1,131.0,6.7,4.5,-39.0,3.1,,,-39.0,-39.0,8.5,2.7,194.3,153.8,167.9,0.9848,0.0,-0.1736,0.0,0.0,nan,False,113,152.0,0.496,no,no,no,no,no,no,no,4.2,
dataset6_CLINIC_0016_data,grupo 3,calibracion,nan,concordante,False,nan,robust3mm,0.05,hueso,0.01,1872,1872,0,3.1,131.0,6.7,4.5,-39.0,3.1,,,-39.0,-39.0,8.5,2.7,194.3,153.8,167.9,0.9848,0.0,-0.1736,0.0,0.0,nan,False,113,152.0,0.496,no,no,no,no,no,no,no,0.0,
dataset6_CLINIC_0004_data,grupo 3,calibracion,nan,concordante,False,nan,default6mm,0.0,hueso,,0,0,0,9.4,132.0,12.2,11.8,-24.0,9.4,-45.0,8.9,-24.0,-12.0,13.4,3.0,208.7,110.3,162.2,0.9625,0.0842,0.2579,0.0,0.0,nan,False,113,126.0,0.558,no,si,no,si,no,no,no,5.3,
dataset6_CLINIC_0004_data,grupo 3,calibracion,nan,concordante,False,nan,default6mm,0.001,hueso,,24,24,0,9.4,132.0,12.2,11.8,-24.0,9.4,-45.0,8.9,-24.0,-12.0,13.4,3.0,208.7,110.3,162.2,0.9625,0.0842,0.2579,0.0,0.0,nan,False,113,126.0,0.558,no,si,no,si,no,no,no,4.4,
dataset6_CLINIC_0004_data,grupo 3,calibracion,nan,concordante,False,nan,default6mm,0.01,hueso,,588,588,0,9.4,132.0,12.2,11.8,-24.0,9.4,-45.0,8.9,-24.0,-12.0,13.4,3.0,208.7,110.3,162.2,0.9625,0.0842,0.2579,0.0,0.0,nan,False,113,126.0,0.558,no,si,no,si,no,no,no,4.7,
dataset6_CLINIC_0004_data,grupo 3,calibracion,nan,concordante,False,nan,default6mm,0.05,hueso,0.01,588,588,0,9.4,132.0,12.2,11.8,-24.0,9.4,-45.0,8.9,-24.0,-12.0,13.4,3.0,208.7,110.3,162.2,0.9625,0.0842,0.2579,0.0,0.0,nan,False,113,126.0,0.558,no,si,no,si,no,no,no,0.0,
dataset6_CLINIC_0004_data,grupo 3,calibracion,nan,concordante,False,nan,robust3mm,0.0,hueso,,0,0,0,9.4,131.0,12.2,13.3,-24.0,9.4,-42.0,8.1,-24.0,-12.0,13.4,3.0,208.7,110.3,162.2,0.9625,0.0842,0.2579,0.0,0.0,nan,False,111,113.0,0.577,no,si,no,si,no,no,no,4.5,
dataset6_CLINIC_0004_data,grupo 3,calibracion,nan,concordante,False,nan,robust3mm,0.001,hueso,,72,72,0,9.4,131.0,12.2,13.3,-24.0,9.4,-42.0,8.1,-24.0,-12.0,13.4,3.0,208.7,110.3,162.2,0.9625,0.0842,0.2579,0.0,0.0,nan,False,111,113.0,0.577,no,si,no,si,no,no,no,4.8,
dataset6_CLINIC_0004_data,grupo 3,calibracion,nan,concordante,False,nan,robust3mm,0.01,hueso,0.001,72,72,0,9.4,131.0,12.2,13.3,-24.0,9.4,-42.0,8.1,-24.0,-12.0,13.4,3.0,208.7,110.3,162.2,0.9625,0.0842,0.2579,0.0,0.0,nan,False,111,113.0,0.577,no,si,no,si,no,no,no,0.0,
dataset6_CLINIC_0004_data,grupo 3,calibracion,nan,concordante,False,nan,robust3mm,0.05,hueso,0.001,72,72,0,9.4,131.0,12.2,13.3,-24.0,9.4,-42.0,8.1,-24.0,-12.0,13.4,3.0,208.7,110.3,162.2,0.9625,0.0842,0.2579,0.0,0.0,nan,False,111,113.0,0.577,no,si,no,si,no,no,no,0.0,
dataset6_CLINIC_0023_data,grupo 3,calibracion,nan,concordante,False,nan,default6mm,0.0,hueso,,0,0,0,13.6,112.0,16.5,17.3,-9.0,13.6,-33.0,11.2,-9.0,-6.0,5.0,5.1,265.4,240.4,204.4,0.9962,-0.0872,0.0,0.0,0.0,nan,False,84,218.0,0.31,si,si,si,si,si,si,si,3.5,
dataset6_CLINIC_0023_data,grupo 3,calibracion,nan,concordante,False,nan,default6mm,0.001,hueso,,10,10,0,13.6,112.0,16.5,17.3,-9.0,13.6,-33.0,11.2,-9.0,-6.0,5.0,5.1,265.4,240.4,204.4,0.9962,-0.0872,0.0,0.0,0.0,nan,False,84,218.0,0.31,si,si,si,si,si,si,si,3.4,
dataset6_CLINIC_0023_data,grupo 3,calibracion,nan,concordante,False,nan,default6mm,0.01,hueso,0.001,10,10,0,13.6,112.0,16.5,17.3,-9.0,13.6,-33.0,11.2,-9.0,-6.0,5.0,5.1,265.4,240.4,204.4,0.9962,-0.0872,0.0,0.0,0.0,nan,False,84,218.0,0.31,si,si,si,si,si,si,si,0.0,
dataset6_CLINIC_0023_data,grupo 3,calibracion,nan,concordante,False,nan,default6mm,0.05,hueso,0.001,10,10,0,13.6,112.0,16.5,17.3,-9.0,13.6,-33.0,11.2,-9.0,-6.0,5.0,5.1,265.4,240.4,204.4,0.9962,-0.0872,0.0,0.0,0.0,nan,False,84,218.0,0.31,si,si,si,si,si,si,si,0.0,
dataset6_CLINIC_0023_data,grupo 3,calibracion,nan,concordante,False,nan,robust3mm,0.0,hueso,,0,0,0,14.8,112.0,16.2,15.7,-6.0,14.8,-33.0,11.7,-6.0,-6.0,5.0,5.1,265.4,240.4,207.4,0.9812,-0.0858,0.173,0.0,0.0,nan,False,86,209.0,0.326,si,si,si,si,si,si,si,3.4,
dataset6_CLINIC_0023_data,grupo 3,calibracion,nan,concordante,False,nan,robust3mm,0.001,hueso,,12,12,0,14.8,112.0,16.2,15.7,-6.0,14.8,-33.0,11.7,-6.0,-6.0,5.0,5.1,265.4,240.4,207.4,0.9812,-0.0858,0.173,0.0,0.0,nan,False,86,209.0,0.326,si,si,si,si,si,si,si,3.2,
dataset6_CLINIC_0023_data,grupo 3,calibracion,nan,concordante,False,nan,robust3mm,0.01,hueso,0.001,12,12,0,14.8,112.0,16.2,15.7,-6.0,14.8,-33.0,11.7,-6.0,-6.0,5.0,5.1,265.4,240.4,207.4,0.9812,-0.0858,0.173,0.0,0.0,nan,False,86,209.0,0.326,si,si,si,si,si,si,si,0.0,
dataset6_CLINIC_0023_data,grupo 3,calibracion,nan,concordante,False,nan,robust3mm,0.05,hueso,0.001,12,12,0,14.8,112.0,16.2,15.7,-6.0,14.8,-33.0,11.7,-6.0,-6.0,5.0,5.1,265.4,240.4,207.4,0.9812,-0.0858,0.173,0.0,0.0,nan,False,86,209.0,0.326,si,si,si,si,si,si,si,0.0,
dataset6_CLINIC_0020_data,grupo 3,calibracion,nan,concordante,False,nan,default6mm,0.0,hueso,,0,0,0,11.1,119.0,15.4,13.3,-9.0,11.1,-27.0,1.6,-9.0,0.0,6.3,7.4,197.5,178.7,184.1,0.9812,0.0858,0.173,0.0,0.0,nan,False,88,286.5,0.33,si,si,si,si,no,si,no,4.4,
dataset6_CLINIC_0020_data,grupo 3,calibracion,nan,concordante,False,nan,default6mm,0.001,hueso,,252,252,0,11.1,119.0,15.4,13.3,-9.0,11.1,-27.0,1.6,-9.0,0.0,6.3,7.4,197.5,178.7,184.1,0.9812,0.0858,0.173,0.0,0.0,nan,False,88,286.5,0.33,si,si,si,si,no,si,no,4.3,
dataset6_CLINIC_0020_data,grupo 3,calibracion,nan,concordante,False,nan,default6mm,0.01,hueso,0.001,252,252,0,11.1,119.0,15.4,13.3,-9.0,11.1,-27.0,1.6,-9.0,0.0,6.3,7.4,197.5,178.7,184.1,0.9812,0.0858,0.173,0.0,0.0,nan,False,88,286.5,0.33,si,si,si,si,no,si,no,0.0,
dataset6_CLINIC_0020_data,grupo 3,calibracion,nan,concordante,False,nan,default6mm,0.05,hueso,0.001,252,252,0,11.1,119.0,15.4,13.3,-9.0,11.1,-27.0,1.6,-9.0,0.0,6.3,7.4,197.5,178.7,184.1,0.9812,0.0858,0.173,0.0,0.0,nan,False,88,286.5,0.33,si,si,si,si,no,si,no,0.0,
dataset6_CLINIC_0020_data,grupo 3,calibracion,nan,concordante,False,nan,robust3mm,0.0,hueso,,0,0,0,11.1,119.0,15.4,14.3,-9.0,11.1,,,-9.0,0.0,6.3,7.4,197.5,178.7,184.1,0.9812,0.0858,0.173,0.0,0.0,nan,False,87,288.0,0.322,si,si,si,si,no,si,no,4.2,
dataset6_CLINIC_0020_data,grupo 3,calibracion,nan,concordante,False,nan,robust3mm,0.001,hueso,,370,370,0,11.1,119.0,15.4,14.3,-9.0,11.1,,,-9.0,0.0,6.3,7.4,197.5,178.7,184.1,0.9812,0.0858,0.173,0.0,0.0,nan,False,87,288.0,0.322,si,si,si,si,no,si,no,4.1,
dataset6_CLINIC_0020_data,grupo 3,calibracion,nan,concordante,False,nan,robust3mm,0.01,hueso,0.001,370,370,0,11.1,119.0,15.4,14.3,-9.0,11.1,,,-9.0,0.0,6.3,7.4,197.5,178.7,184.1,0.9812,0.0858,0.173,0.0,0.0,nan,False,87,288.0,0.322,si,si,si,si,no,si,no,0.0,
dataset6_CLINIC_0020_data,grupo 3,calibracion,nan,concordante,False,nan,robust3mm,0.05,hueso,0.001,370,370,0,11.1,119.0,15.4,14.3,-9.0,11.1,,,-9.0,0.0,6.3,7.4,197.5,178.7,184.1,0.9812,0.0858,0.173,0.0,0.0,nan,False,87,288.0,0.322,si,si,si,si,no,si,no,0.0,
dataset6_CLINIC_0030_data,grupo 3,calibracion,nan,concordante,False,nan,default6mm,0.0,hueso,,0,0,0,8.8,125.0,9.6,12.9,-12.0,7.5,-30.0,8.8,-30.0,-15.0,4.4,1.2,226.4,175.9,156.1,0.9924,-0.0868,0.0868,0.0,0.0,nan,False,106,115.5,0.708,no,si,no,no,no,no,no,3.9,
dataset6_CLINIC_0030_data,grupo 3,calibracion,nan,concordante,False,nan,default6mm,0.001,hueso,,10,10,0,8.8,125.0,9.6,12.9,-12.0,7.5,-30.0,8.8,-30.0,-15.0,4.4,1.2,226.4,175.9,156.1,0.9924,-0.0868,0.0868,0.0,0.0,nan,False,106,115.5,0.708,no,si,no,no,no,no,no,3.3,
dataset6_CLINIC_0030_data,grupo 3,calibracion,nan,concordante,False,nan,default6mm,0.01,hueso,0.001,10,10,0,8.8,125.0,9.6,12.9,-12.0,7.5,-30.0,8.8,-30.0,-15.0,4.4,1.2,226.4,175.9,156.1,0.9924,-0.0868,0.0868,0.0,0.0,nan,False,106,115.5,0.708,no,si,no,no,no,no,no,0.0,
dataset6_CLINIC_0030_data,grupo 3,calibracion,nan,concordante,False,nan,default6mm,0.05,hueso,0.001,10,10,0,8.8,125.0,9.6,12.9,-12.0,7.5,-30.0,8.8,-30.0,-15.0,4.4,1.2,226.4,175.9,156.1,0.9924,-0.0868,0.0868,0.0,0.0,nan,False,106,115.5,0.708,no,si,no,no,no,no,no,0.0,
dataset6_CLINIC_0030_data,grupo 3,calibracion,nan,concordante,False,nan,robust3mm,0.0,hueso,,0,0,0,7.5,149.0,8.1,12.6,-12.0,7.5,-30.0,7.3,-12.0,9.0,4.4,1.2,226.4,199.9,174.1,0.9924,-0.0868,0.0868,0.0,0.0,nan,False,133,157.0,0.481,no,no,no,no,no,no,no,3.4,
dataset6_CLINIC_0030_data,grupo 3,calibracion,nan,concordante,False,nan,robust3mm,0.001,hueso,,12,12,0,7.5,149.0,8.1,12.6,-12.0,7.5,-30.0,7.3,-12.0,9.0,4.4,1.2,226.4,199.9,174.1,0.9924,-0.0868,0.0868,0.0,0.0,nan,False,133,157.0,0.481,no,no,no,no,no,no,no,3.7,
dataset6_CLINIC_0030_data,grupo 3,calibracion,nan,concordante,False,nan,robust3mm,0.01,hueso,0.001,12,12,0,7.5,149.0,8.1,12.6,-12.0,7.5,-30.0,7.3,-12.0,9.0,4.4,1.2,226.4,199.9,174.1,0.9924,-0.0868,0.0868,0.0,0.0,nan,False,133,157.0,0.481,no,no,no,no,no,no,no,0.0,
dataset6_CLINIC_0030_data,grupo 3,calibracion,nan,concordante,False,nan,robust3mm,0.05,hueso,0.001,12,12,0,7.5,149.0,8.1,12.6,-12.0,7.5,-30.0,7.3,-12.0,9.0,4.4,1.2,226.4,199.9,174.1,0.9924,-0.0868,0.0868,0.0,0.0,nan,False,133,157.0,0.481,no,no,no,no,no,no,no,0.0,
dataset6_CLINIC_0021_data,grupo 3,calibracion,nan,concordante,False,nan,default6mm,0.0,hueso,,0,0,0,7.2,151.0,8.1,10.1,-30.0,7.2,-48.0,6.5,-30.0,-27.0,16.2,3.3,185.7,150.0,197.9,0.9625,-0.0842,-0.2579,0.0,0.0,nan,False,134,184.5,0.336,no,no,no,no,no,no,no,4.8,
dataset6_CLINIC_0021_data,grupo 3,calibracion,nan,concordante,False,nan,default6mm,0.001,hueso,,672,672,0,7.2,151.0,8.1,10.1,-30.0,7.2,-48.0,6.5,-30.0,-27.0,16.2,3.3,185.7,150.0,197.9,0.9625,-0.0842,-0.2579,0.0,0.0,nan,False,134,184.5,0.336,no,no,no,no,no,no,no,4.6,
dataset6_CLINIC_0021_data,grupo 3,calibracion,nan,concordante,False,nan,default6mm,0.01,hueso,0.001,672,672,0,7.2,151.0,8.1,10.1,-30.0,7.2,-48.0,6.5,-30.0,-27.0,16.2,3.3,185.7,150.0,197.9,0.9625,-0.0842,-0.2579,0.0,0.0,nan,False,134,184.5,0.336,no,no,no,no,no,no,no,0.0,
dataset6_CLINIC_0021_data,grupo 3,calibracion,nan,concordante,False,nan,default6mm,0.05,hueso,0.001,672,672,0,7.2,151.0,8.1,10.1,-30.0,7.2,-48.0,6.5,-30.0,-27.0,16.2,3.3,185.7,150.0,197.9,0.9625,-0.0842,-0.2579,0.0,0.0,nan,False,134,184.5,0.336,no,no,no,no,no,no,no,0.0,
dataset6_CLINIC_0021_data,grupo 3,calibracion,nan,concordante,False,nan,robust3mm,0.0,hueso,,0,0,0,7.5,120.0,10.2,10.1,-30.0,7.2,-48.0,7.5,-48.0,-45.0,1.2,1.7,185.7,132.0,179.9,1.0,0.0,0.0,0.0,0.0,nan,False,99,201.0,0.162,no,no,no,no,no,no,no,4.6,
dataset6_CLINIC_0021_data,grupo 3,calibracion,nan,concordante,False,nan,robust3mm,0.001,hueso,,558,558,0,7.5,120.0,10.2,10.1,-30.0,7.2,-48.0,7.5,-48.0,-45.0,1.2,1.7,185.7,132.0,179.9,1.0,0.0,0.0,0.0,0.0,nan,False,99,201.0,0.162,no,no,no,no,no,no,no,4.6,
dataset6_CLINIC_0021_data,grupo 3,calibracion,nan,concordante,False,nan,robust3mm,0.01,hueso,0.001,558,558,0,7.5,120.0,10.2,10.1,-30.0,7.2,-48.0,7.5,-48.0,-45.0,1.2,1.7,185.7,132.0,179.9,1.0,0.0,0.0,0.0,0.0,nan,False,99,201.0,0.162,no,no,no,no,no,no,no,0.0,
dataset6_CLINIC_0021_data,grupo 3,calibracion,nan,concordante,False,nan,robust3mm,0.05,hueso,0.001,558,558,0,7.5,120.0,10.2,10.1,-30.0,7.2,-48.0,7.5,-48.0,-45.0,1.2,1.7,185.7,132.0,179.9,1.0,0.0,0.0,0.0,0.0,nan,False,99,201.0,0.162,no,no,no,no,no,no,no,0.0,
dataset6_CLINIC_0026_data,grupo 3,calibracion,nan,concordante,False,nan,default6mm,0.0,hueso,,0,0,0,12.2,138.0,15.3,14.5,-9.0,5.6,-30.0,12.2,-30.0,-24.0,2.7,1.1,231.6,192.3,183.0,0.9962,-0.0872,0.0,0.0,0.0,nan,False,117,165.0,0.385,si,si,si,si,si,si,si,4.2,
dataset6_CLINIC_0026_data,grupo 3,calibracion,nan,concordante,False,nan,default6mm,0.001,hueso,,62,62,0,12.2,138.0,15.3,14.5,-9.0,5.6,-30.0,12.2,-30.0,-24.0,2.7,1.1,231.6,192.3,183.0,0.9962,-0.0872,0.0,0.0,0.0,nan,False,117,165.0,0.385,si,si,si,si,si,si,si,3.9,
dataset6_CLINIC_0026_data,grupo 3,calibracion,nan,concordante,False,nan,default6mm,0.01,hueso,0.001,62,62,0,12.2,138.0,15.3,14.5,-9.0,5.6,-30.0,12.2,-30.0,-24.0,2.7,1.1,231.6,192.3,183.0,0.9962,-0.0872,0.0,0.0,0.0,nan,False,117,165.0,0.385,si,si,si,si,si,si,si,0.0,
dataset6_CLINIC_0026_data,grupo 3,calibracion,nan,concordante,False,nan,default6mm,0.05,hueso,0.001,62,62,0,12.2,138.0,15.3,14.5,-9.0,5.6,-30.0,12.2,-30.0,-24.0,2.7,1.1,231.6,192.3,183.0,0.9962,-0.0872,0.0,0.0,0.0,nan,False,117,165.0,0.385,si,si,si,si,si,si,si,0.0,
dataset6_CLINIC_0026_data,grupo 3,calibracion,nan,concordante,False,nan,robust3mm,0.0,hueso,,0,0,0,11.9,137.0,15.3,14.1,-9.0,4.7,-27.0,11.9,-27.0,-24.0,2.3,1.1,231.6,192.3,186.0,0.9924,-0.0868,-0.0868,0.0,0.0,nan,False,116,159.0,0.431,si,si,si,si,si,si,no,4.0,
dataset6_CLINIC_0026_data,grupo 3,calibracion,nan,concordante,False,nan,robust3mm,0.001,hueso,,144,144,0,11.9,137.0,15.3,14.1,-9.0,4.7,-27.0,11.9,-27.0,-24.0,2.3,1.1,231.6,192.3,186.0,0.9924,-0.0868,-0.0868,0.0,0.0,nan,False,116,159.0,0.431,si,si,si,si,si,si,no,3.9,
dataset6_CLINIC_0026_data,grupo 3,calibracion,nan,concordante,False,nan,robust3mm,0.01,hueso,0.001,144,144,0,11.9,137.0,15.3,14.1,-9.0,4.7,-27.0,11.9,-27.0,-24.0,2.3,1.1,231.6,192.3,186.0,0.9924,-0.0868,-0.0868,0.0,0.0,nan,False,116,159.0,0.431,si,si,si,si,si,si,no,0.0,
dataset6_CLINIC_0026_data,grupo 3,calibracion,nan,concordante,False,nan,robust3mm,0.05,hueso,0.001,144,144,0,11.9,137.0,15.3,14.1,-9.0,4.7,-27.0,11.9,-27.0,-24.0,2.3,1.1,231.6,192.3,186.0,0.9924,-0.0868,-0.0868,0.0,0.0,nan,False,116,159.0,0.431,si,si,si,si,si,si,no,0.0,
dataset6_CLINIC_0017_data,grupo 2,otro,nan,concordante,False,nan,default6mm,0.0,hueso,,0,0,0,8.5,154.0,11.4,10.6,-9.0,8.5,-33.0,8.0,-9.0,-6.0,3.1,6.6,255.9,236.6,171.0,0.9848,0.0,-0.1736,0.0,0.0,55.4,False,135,172.0,0.467,no,si,no,no,no,no,no,3.7,
dataset6_CLINIC_0017_data,grupo 2,otro,nan,concordante,False,nan,default6mm,0.0,ocupado_2500,,0,0,0,8.5,154.0,11.4,10.6,-9.0,8.5,-33.0,8.0,-9.0,-6.0,3.1,6.6,255.9,236.6,171.0,0.9848,0.0,-0.1736,0.0,0.0,55.4,False,135,172.0,0.467,no,si,no,no,no,no,no,3.2,
dataset6_CLINIC_0017_data,grupo 2,otro,nan,concordante,False,nan,default6mm,0.0,ocupado_semimax,,0,0,0,8.5,154.0,11.4,10.6,-9.0,8.5,-33.0,8.0,-9.0,-6.0,3.1,6.6,255.9,236.6,171.0,0.9848,0.0,-0.1736,0.0,0.0,55.4,False,135,172.0,0.467,no,si,no,no,no,no,no,3.1,
dataset6_CLINIC_0017_data,grupo 2,otro,nan,concordante,False,nan,default6mm,0.001,hueso,,85,85,0,8.5,154.0,11.4,10.6,-9.0,8.5,-33.0,8.0,-9.0,-6.0,3.1,6.6,255.9,236.6,171.0,0.9848,0.0,-0.1736,0.0,0.0,55.4,False,135,172.0,0.467,no,si,no,no,no,no,no,3.3,
dataset6_CLINIC_0017_data,grupo 2,otro,nan,concordante,False,nan,default6mm,0.001,ocupado_2500,,85,85,0,8.5,154.0,11.4,10.6,-9.0,8.5,-33.0,8.0,-9.0,-6.0,3.1,6.6,255.9,236.6,171.0,0.9848,0.0,-0.1736,0.0,0.0,55.4,False,135,172.0,0.467,no,si,no,no,no,no,no,2.9,
dataset6_CLINIC_0017_data,grupo 2,otro,nan,concordante,False,nan,default6mm,0.001,ocupado_semimax,,85,85,0,8.5,154.0,11.4,10.6,-9.0,8.5,-33.0,8.0,-9.0,-6.0,3.1,6.6,255.9,236.6,171.0,0.9848,0.0,-0.1736,0.0,0.0,55.4,False,135,172.0,0.467,no,si,no,no,no,no,no,2.9,
dataset6_CLINIC_0017_data,grupo 2,otro,nan,concordante,False,nan,default6mm,0.01,hueso,0.001,85,85,0,8.5,154.0,11.4,10.6,-9.0,8.5,-33.0,8.0,-9.0,-6.0,3.1,6.6,255.9,236.6,171.0,0.9848,0.0,-0.1736,0.0,0.0,55.4,False,135,172.0,0.467,no,si,no,no,no,no,no,0.0,
dataset6_CLINIC_0017_data,grupo 2,otro,nan,concordante,False,nan,default6mm,0.01,ocupado_2500,0.001,85,85,0,8.5,154.0,11.4,10.6,-9.0,8.5,-33.0,8.0,-9.0,-6.0,3.1,6.6,255.9,236.6,171.0,0.9848,0.0,-0.1736,0.0,0.0,55.4,False,135,172.0,0.467,no,si,no,no,no,no,no,0.0,
dataset6_CLINIC_0017_data,grupo 2,otro,nan,concordante,False,nan,default6mm,0.01,ocupado_semimax,0.001,85,85,0,8.5,154.0,11.4,10.6,-9.0,8.5,-33.0,8.0,-9.0,-6.0,3.1,6.6,255.9,236.6,171.0,0.9848,0.0,-0.1736,0.0,0.0,55.4,False,135,172.0,0.467,no,si,no,no,no,no,no,0.0,
dataset6_CLINIC_0017_data,grupo 2,otro,nan,concordante,False,nan,default6mm,0.05,hueso,0.001,85,85,0,8.5,154.0,11.4,10.6,-9.0,8.5,-33.0,8.0,-9.0,-6.0,3.1,6.6,255.9,236.6,171.0,0.9848,0.0,-0.1736,0.0,0.0,55.4,False,135,172.0,0.467,no,si,no,no,no,no,no,0.0,
dataset6_CLINIC_0017_data,grupo 2,otro,nan,concordante,False,nan,default6mm,0.05,ocupado_2500,0.001,85,85,0,8.5,154.0,11.4,10.6,-9.0,8.5,-33.0,8.0,-9.0,-6.0,3.1,6.6,255.9,236.6,171.0,0.9848,0.0,-0.1736,0.0,0.0,55.4,False,135,172.0,0.467,no,si,no,no,no,no,no,0.0,
dataset6_CLINIC_0017_data,grupo 2,otro,nan,concordante,False,nan,default6mm,0.05,ocupado_semimax,0.001,85,85,0,8.5,154.0,11.4,10.6,-9.0,8.5,-33.0,8.0,-9.0,-6.0,3.1,6.6,255.9,236.6,171.0,0.9848,0.0,-0.1736,0.0,0.0,55.4,False,135,172.0,0.467,no,si,no,no,no,no,no,0.0,
dataset6_CLINIC_0017_data,grupo 2,otro,nan,concordante,False,nan,robust3mm,0.0,hueso,,0,0,0,8.2,154.0,11.4,10.0,-12.0,8.2,-33.0,8.0,-9.0,-6.0,3.1,6.6,255.9,236.6,171.0,0.9848,0.0,-0.1736,0.0,0.0,55.4,False,137,172.0,0.467,no,no,no,no,no,no,no,3.2,
dataset6_CLINIC_0017_data,grupo 2,otro,nan,concordante,False,nan,robust3mm,0.0,ocupado_2500,,0,0,0,8.2,154.0,11.4,10.0,-12.0,8.2,-33.0,8.0,-9.0,-6.0,3.1,6.6,255.9,236.6,171.0,0.9848,0.0,-0.1736,0.0,0.0,55.4,False,137,172.0,0.467,no,no,no,no,no,no,no,3.1,
dataset6_CLINIC_0017_data,grupo 2,otro,nan,concordante,False,nan,robust3mm,0.0,ocupado_semimax,,0,0,0,8.2,154.0,11.4,10.0,-12.0,8.2,-33.0,8.0,-9.0,-6.0,3.1,6.6,255.9,236.6,171.0,0.9848,0.0,-0.1736,0.0,0.0,55.4,False,137,172.0,0.467,no,no,no,no,no,no,no,3.2,
dataset6_CLINIC_0017_data,grupo 2,otro,nan,concordante,False,nan,robust3mm,0.001,hueso,,10,10,0,8.2,154.0,11.4,10.0,-12.0,8.2,-33.0,8.0,-9.0,-6.0,3.1,6.6,255.9,236.6,171.0,0.9848,0.0,-0.1736,0.0,0.0,55.4,False,137,172.0,0.467,no,no,no,no,no,no,no,3.1,
dataset6_CLINIC_0017_data,grupo 2,otro,nan,concordante,False,nan,robust3mm,0.001,ocupado_2500,,10,10,0,8.2,154.0,11.4,10.0,-12.0,8.2,-33.0,8.0,-9.0,-6.0,3.1,6.6,255.9,236.6,171.0,0.9848,0.0,-0.1736,0.0,0.0,55.4,False,137,172.0,0.467,no,no,no,no,no,no,no,3.2,
dataset6_CLINIC_0017_data,grupo 2,otro,nan,concordante,False,nan,robust3mm,0.001,ocupado_semimax,,10,10,0,8.2,154.0,11.4,10.0,-12.0,8.2,-33.0,8.0,-9.0,-6.0,3.1,6.6,255.9,236.6,171.0,0.9848,0.0,-0.1736,0.0,0.0,55.4,False,137,172.0,0.467,no,no,no,no,no,no,no,3.0,
dataset6_CLINIC_0017_data,grupo 2,otro,nan,concordante,False,nan,robust3mm,0.01,hueso,0.001,10,10,0,8.2,154.0,11.4,10.0,-12.0,8.2,-33.0,8.0,-9.0,-6.0,3.1,6.6,255.9,236.6,171.0,0.9848,0.0,-0.1736,0.0,0.0,55.4,False,137,172.0,0.467,no,no,no,no,no,no,no,0.0,
dataset6_CLINIC_0017_data,grupo 2,otro,nan,concordante,False,nan,robust3mm,0.01,ocupado_2500,0.001,10,10,0,8.2,154.0,11.4,10.0,-12.0,8.2,-33.0,8.0,-9.0,-6.0,3.1,6.6,255.9,236.6,171.0,0.9848,0.0,-0.1736,0.0,0.0,55.4,False,137,172.0,0.467,no,no,no,no,no,no,no,0.0,
dataset6_CLINIC_0017_data,grupo 2,otro,nan,concordante,False,nan,robust3mm,0.01,ocupado_semimax,0.001,10,10,0,8.2,154.0,11.4,10.0,-12.0,8.2,-33.0,8.0,-9.0,-6.0,3.1,6.6,255.9,236.6,171.0,0.9848,0.0,-0.1736,0.0,0.0,55.4,False,137,172.0,0.467,no,no,no,no,no,no,no,0.0,
dataset6_CLINIC_0017_data,grupo 2,otro,nan,concordante,False,nan,robust3mm,0.05,hueso,0.001,10,10,0,8.2,154.0,11.4,10.0,-12.0,8.2,-33.0,8.0,-9.0,-6.0,3.1,6.6,255.9,236.6,171.0,0.9848,0.0,-0.1736,0.0,0.0,55.4,False,137,172.0,0.467,no,no,no,no,no,no,no,0.0,
dataset6_CLINIC_0017_data,grupo 2,otro,nan,concordante,False,nan,robust3mm,0.05,ocupado_2500,0.001,10,10,0,8.2,154.0,11.4,10.0,-12.0,8.2,-33.0,8.0,-9.0,-6.0,3.1,6.6,255.9,236.6,171.0,0.9848,0.0,-0.1736,0.0,0.0,55.4,False,137,172.0,0.467,no,no,no,no,no,no,no,0.0,
dataset6_CLINIC_0017_data,grupo 2,otro,nan,concordante,False,nan,robust3mm,0.05,ocupado_semimax,0.001,10,10,0,8.2,154.0,11.4,10.0,-12.0,8.2,-33.0,8.0,-9.0,-6.0,3.1,6.6,255.9,236.6,171.0,0.9848,0.0,-0.1736,0.0,0.0,55.4,False,137,172.0,0.467,no,no,no,no,no,no,no,0.0,
dataset6_CLINIC_0031_data,grupo 2,otro,nan,concordante,False,nan,default6mm,0.0,hueso,,0,0,0,10.9,108.0,14.0,15.4,-9.0,10.9,-21.0,10.1,-9.0,-9.0,5.7,6.6,204.2,230.2,198.4,0.9962,0.0872,0.0,0.0,0.0,nan,False,82,294.0,0.256,si,si,si,si,no,si,no,4.1,
dataset6_CLINIC_0031_data,grupo 2,otro,nan,concordante,False,nan,default6mm,0.001,hueso,,142,142,0,10.9,108.0,14.0,15.4,-9.0,10.9,-21.0,10.1,-9.0,-9.0,5.7,6.6,204.2,230.2,198.4,0.9962,0.0872,0.0,0.0,0.0,nan,False,82,294.0,0.256,si,si,si,si,no,si,no,3.6,
dataset6_CLINIC_0031_data,grupo 2,otro,nan,concordante,False,nan,default6mm,0.01,hueso,0.001,142,142,0,10.9,108.0,14.0,15.4,-9.0,10.9,-21.0,10.1,-9.0,-9.0,5.7,6.6,204.2,230.2,198.4,0.9962,0.0872,0.0,0.0,0.0,nan,False,82,294.0,0.256,si,si,si,si,no,si,no,0.0,
dataset6_CLINIC_0031_data,grupo 2,otro,nan,concordante,False,nan,default6mm,0.05,hueso,0.001,142,142,0,10.9,108.0,14.0,15.4,-9.0,10.9,-21.0,10.1,-9.0,-9.0,5.7,6.6,204.2,230.2,198.4,0.9962,0.0872,0.0,0.0,0.0,nan,False,82,294.0,0.256,si,si,si,si,no,si,no,0.0,
dataset6_CLINIC_0031_data,grupo 2,otro,nan,concordante,False,nan,robust3mm,0.0,hueso,,0,0,0,10.0,109.0,13.5,14.4,-12.0,10.0,-24.0,9.4,-9.0,-9.0,5.7,6.6,204.2,230.2,198.4,0.9962,0.0872,0.0,0.0,0.0,nan,False,80,294.0,0.237,si,si,no,si,no,si,no,3.9,
dataset6_CLINIC_0031_data,grupo 2,otro,nan,concordante,False,nan,robust3mm,0.001,hueso,,144,144,0,10.0,109.0,13.5,14.4,-12.0,10.0,-24.0,9.4,-9.0,-9.0,5.7,6.6,204.2,230.2,198.4,0.9962,0.0872,0.0,0.0,0.0,nan,False,80,294.0,0.237,si,si,no,si,no,si,no,3.5,
dataset6_CLINIC_0031_data,grupo 2,otro,nan,concordante,False,nan,robust3mm,0.01,hueso,0.001,144,144,0,10.0,109.0,13.5,14.4,-12.0,10.0,-24.0,9.4,-9.0,-9.0,5.7,6.6,204.2,230.2,198.4,0.9962,0.0872,0.0,0.0,0.0,nan,False,80,294.0,0.237,si,si,no,si,no,si,no,0.0,
dataset6_CLINIC_0031_data,grupo 2,otro,nan,concordante,False,nan,robust3mm,0.05,hueso,0.001,144,144,0,10.0,109.0,13.5,14.4,-12.0,10.0,-24.0,9.4,-9.0,-9.0,5.7,6.6,204.2,230.2,198.4,0.9962,0.0872,0.0,0.0,0.0,nan,False,80,294.0,0.237,si,si,no,si,no,si,no,0.0,
dataset6_CLINIC_0022_data,grupo 3,calibracion,nan,concordante,False,nan,default6mm,0.0,hueso,,0,0,0,4.7,140.0,6.7,7.9,-45.0,4.7,-63.0,3.5,-45.0,-18.0,3.4,1.1,230.3,185.7,167.9,1.0,0.0,0.0,0.0,0.0,nan,False,120,225.5,0.342,no,no,no,no,no,no,no,4.5,
dataset6_CLINIC_0022_data,grupo 3,calibracion,nan,concordante,False,nan,default6mm,0.001,hueso,,246,246,0,4.7,140.0,6.7,7.9,-45.0,4.7,-63.0,3.5,-45.0,-18.0,3.4,1.1,230.3,185.7,167.9,1.0,0.0,0.0,0.0,0.0,nan,False,120,225.5,0.342,no,no,no,no,no,no,no,4.3,
dataset6_CLINIC_0022_data,grupo 3,calibracion,nan,concordante,False,nan,default6mm,0.01,hueso,,1496,1010,0,4.7,140.0,6.7,7.9,-45.0,4.7,-63.0,3.5,-45.0,-18.0,3.4,1.1,230.3,185.7,167.9,1.0,0.0,0.0,0.0,0.0,nan,False,120,225.5,0.342,no,no,no,no,no,no,no,4.3,
dataset6_CLINIC_0022_data,grupo 3,calibracion,nan,concordante,False,nan,default6mm,0.05,hueso,0.01,1496,1010,0,4.7,140.0,6.7,7.9,-45.0,4.7,-63.0,3.5,-45.0,-18.0,3.4,1.1,230.3,185.7,167.9,1.0,0.0,0.0,0.0,0.0,nan,False,120,225.5,0.342,no,no,no,no,no,no,no,0.0,
dataset6_CLINIC_0022_data,grupo 3,calibracion,nan,concordante,False,nan,robust3mm,0.0,hueso,,0,0,0,4.7,139.0,6.7,7.9,-45.0,4.7,-63.0,4.5,-45.0,-18.0,3.4,1.1,230.3,185.7,167.9,1.0,0.0,0.0,0.0,0.0,nan,False,119,231.0,0.353,no,no,no,no,no,no,no,4.3,
dataset6_CLINIC_0022_data,grupo 3,calibracion,nan,concordante,False,nan,robust3mm,0.001,hueso,,404,326,0,4.7,139.0,6.7,7.9,-45.0,4.7,-63.0,4.5,-45.0,-18.0,3.4,1.1,230.3,185.7,167.9,1.0,0.0,0.0,0.0,0.0,nan,False,119,231.0,0.353,no,no,no,no,no,no,no,4.0,
dataset6_CLINIC_0022_data,grupo 3,calibracion,nan,concordante,False,nan,robust3mm,0.01,hueso,0.001,1000,326,0,4.7,139.0,6.7,7.9,-45.0,4.7,-63.0,4.5,-45.0,-18.0,3.4,1.1,230.3,185.7,167.9,1.0,0.0,0.0,0.0,0.0,nan,False,119,231.0,0.353,no,no,no,no,no,no,no,0.0,
dataset6_CLINIC_0022_data,grupo 3,calibracion,nan,concordante,False,nan,robust3mm,0.05,hueso,0.001,1000,326,0,4.7,139.0,6.7,7.9,-45.0,4.7,-63.0,4.5,-45.0,-18.0,3.4,1.1,230.3,185.7,167.9,1.0,0.0,0.0,0.0,0.0,nan,False,119,231.0,0.353,no,no,no,no,no,no,no,0.0,
dataset6_CLINIC_0032_data,grupo 3,calibracion,nan,R1 arriba de TS,False,nan,default6mm,0.0,hueso,,0,0,0,0.0,nan,0.0,0.0,,,,,,,,,,,,,,,,,,,,,,no,no,no,no,no,no,no,4.0,
dataset6_CLINIC_0032_data,grupo 3,calibracion,nan,R1 arriba de TS,False,nan,default6mm,0.001,hueso,,665,665,0,0.0,nan,0.0,0.0,,,,,,,,,,,,,,,,,,,,,,no,no,no,no,no,no,no,3.8,
dataset6_CLINIC_0032_data,grupo 3,calibracion,nan,R1 arriba de TS,False,nan,default6mm,0.01,hueso,0.001,665,665,0,0.0,nan,0.0,0.0,,,,,,,,,,,,,,,,,,,,,,no,no,no,no,no,no,no,0.0,
dataset6_CLINIC_0032_data,grupo 3,calibracion,nan,R1 arriba de TS,False,nan,default6mm,0.05,hueso,0.001,665,665,0,0.0,nan,0.0,0.0,,,,,,,,,,,,,,,,,,,,,,no,no,no,no,no,no,no,0.0,
dataset6_CLINIC_0032_data,grupo 3,calibracion,nan,R1 arriba de TS,False,nan,robust3mm,0.0,hueso,,0,0,0,0.0,nan,0.0,0.0,,,,,,,,,,,,,,,,,,,,,,no,no,no,no,no,no,no,3.9,
dataset6_CLINIC_0032_data,grupo 3,calibracion,nan,R1 arriba de TS,False,nan,robust3mm,0.001,hueso,,498,498,0,0.0,nan,0.0,0.0,,,,,,,,,,,,,,,,,,,,,,no,no,no,no,no,no,no,3.8,
dataset6_CLINIC_0032_data,grupo 3,calibracion,nan,R1 arriba de TS,False,nan,robust3mm,0.01,hueso,0.001,498,498,0,0.0,nan,0.0,0.0,,,,,,,,,,,,,,,,,,,,,,no,no,no,no,no,no,no,0.0,
dataset6_CLINIC_0032_data,grupo 3,calibracion,nan,R1 arriba de TS,False,nan,robust3mm,0.05,hueso,0.001,498,498,0,0.0,nan,0.0,0.0,,,,,,,,,,,,,,,,,,,,,,no,no,no,no,no,no,no,0.0,
dataset6_CLINIC_0025_data,grupo 3,calibracion,nan,concordante,False,nan,default6mm,0.0,hueso,,0,0,0,11.5,156.0,14.5,15.7,-12.0,11.5,-24.0,6.8,-12.0,-9.0,2.7,2.6,215.1,195.3,176.0,0.9962,0.0872,0.0,0.0,0.0,nan,False,137,171.0,0.409,si,si,si,si,si,si,no,3.9,
dataset6_CLINIC_0025_data,grupo 3,calibracion,nan,concordante,False,nan,default6mm,0.001,hueso,,58,58,0,11.5,156.0,14.5,15.7,-12.0,11.5,-24.0,6.8,-12.0,-9.0,2.7,2.6,215.1,195.3,176.0,0.9962,0.0872,0.0,0.0,0.0,nan,False,137,171.0,0.409,si,si,si,si,si,si,no,4.0,
dataset6_CLINIC_0025_data,grupo 3,calibracion,nan,concordante,False,nan,default6mm,0.01,hueso,0.001,58,58,0,11.5,156.0,14.5,15.7,-12.0,11.5,-24.0,6.8,-12.0,-9.0,2.7,2.6,215.1,195.3,176.0,0.9962,0.0872,0.0,0.0,0.0,nan,False,137,171.0,0.409,si,si,si,si,si,si,no,0.0,
dataset6_CLINIC_0025_data,grupo 3,calibracion,nan,concordante,False,nan,default6mm,0.05,hueso,0.001,58,58,0,11.5,156.0,14.5,15.7,-12.0,11.5,-24.0,6.8,-12.0,-9.0,2.7,2.6,215.1,195.3,176.0,0.9962,0.0872,0.0,0.0,0.0,nan,False,137,171.0,0.409,si,si,si,si,si,si,no,0.0,
dataset6_CLINIC_0025_data,grupo 3,calibracion,nan,concordante,False,nan,robust3mm,0.0,hueso,,0,0,0,11.0,159.0,14.1,16.7,-9.0,11.0,,,-9.0,-9.0,7.3,7.6,215.1,195.3,179.0,0.9703,0.1711,0.1711,0.0,0.0,nan,False,140,163.0,0.479,si,si,si,si,no,si,no,3.9,
dataset6_CLINIC_0025_data,grupo 3,calibracion,nan,concordante,False,nan,robust3mm,0.001,hueso,,36,36,0,11.0,159.0,14.1,16.7,-9.0,11.0,,,-9.0,-9.0,7.3,7.6,215.1,195.3,179.0,0.9703,0.1711,0.1711,0.0,0.0,nan,False,140,163.0,0.479,si,si,si,si,no,si,no,4.0,
dataset6_CLINIC_0025_data,grupo 3,calibracion,nan,concordante,False,nan,robust3mm,0.01,hueso,0.001,36,36,0,11.0,159.0,14.1,16.7,-9.0,11.0,,,-9.0,-9.0,7.3,7.6,215.1,195.3,179.0,0.9703,0.1711,0.1711,0.0,0.0,nan,False,140,163.0,0.479,si,si,si,si,no,si,no,0.0,
dataset6_CLINIC_0025_data,grupo 3,calibracion,nan,concordante,False,nan,robust3mm,0.05,hueso,0.001,36,36,0,11.0,159.0,14.1,16.7,-9.0,11.0,,,-9.0,-9.0,7.3,7.6,215.1,195.3,179.0,0.9703,0.1711,0.1711,0.0,0.0,nan,False,140,163.0,0.479,si,si,si,si,no,si,no,0.0,
dataset6_CLINIC_0024_data,grupo 3,calibracion,nan,concordante,False,nan,default6mm,0.0,hueso,,0,0,0,12.2,146.0,14.6,14.7,-33.0,12.2,,,-33.0,-24.0,3.0,0.1,219.4,204.0,180.7,0.9812,0.0858,-0.173,0.0,0.0,nan,False,126,108.0,0.683,si,si,si,si,si,si,si,4.5,
dataset6_CLINIC_0024_data,grupo 3,calibracion,nan,concordante,False,nan,default6mm,0.001,hueso,,157,157,0,12.2,146.0,14.6,14.7,-33.0,12.2,,,-33.0,-24.0,3.0,0.1,219.4,204.0,180.7,0.9812,0.0858,-0.173,0.0,0.0,nan,False,126,108.0,0.683,si,si,si,si,si,si,si,4.0,
dataset6_CLINIC_0024_data,grupo 3,calibracion,nan,concordante,False,nan,default6mm,0.01,hueso,0.001,157,157,0,12.2,146.0,14.6,14.7,-33.0,12.2,,,-33.0,-24.0,3.0,0.1,219.4,204.0,180.7,0.9812,0.0858,-0.173,0.0,0.0,nan,False,126,108.0,0.683,si,si,si,si,si,si,si,0.0,
dataset6_CLINIC_0024_data,grupo 3,calibracion,nan,concordante,False,nan,default6mm,0.05,hueso,,18600,18384,0,12.2,146.0,14.6,14.7,-33.0,12.2,,,-33.0,-24.0,3.0,0.1,219.4,204.0,180.7,0.9812,0.0858,-0.173,0.0,0.0,nan,False,126,108.0,0.683,si,si,si,si,si,si,si,4.2,
dataset6_CLINIC_0024_data,grupo 3,calibracion,nan,concordante,False,nan,robust3mm,0.0,hueso,,0,0,0,14.0,146.0,15.4,14.3,-39.0,14.0,-54.0,3.6,-39.0,-24.0,2.0,0.1,219.4,204.0,174.7,0.9924,0.0868,-0.0868,0.0,0.0,nan,False,125,124.0,0.584,si,si,si,si,si,si,si,4.0,
dataset6_CLINIC_0024_data,grupo 3,calibracion,nan,concordante,False,nan,robust3mm,0.001,hueso,,232,224,0,14.0,146.0,15.4,14.3,-39.0,14.0,-54.0,3.6,-39.0,-24.0,2.0,0.1,219.4,204.0,174.7,0.9924,0.0868,-0.0868,0.0,0.0,nan,False,125,124.0,0.584,si,si,si,si,si,si,si,4.0,
dataset6_CLINIC_0024_data,grupo 3,calibracion,nan,concordante,False,nan,robust3mm,0.01,hueso,0.001,232,224,0,14.0,146.0,15.4,14.3,-39.0,14.0,-54.0,3.6,-39.0,-24.0,2.0,0.1,219.4,204.0,174.7,0.9924,0.0868,-0.0868,0.0,0.0,nan,False,125,124.0,0.584,si,si,si,si,si,si,si,0.0,
dataset6_CLINIC_0024_data,grupo 3,calibracion,nan,concordante,False,nan,robust3mm,0.05,hueso,,17616,17500,0,14.0,146.0,15.4,14.3,-39.0,14.0,-54.0,3.6,-39.0,-24.0,2.0,0.1,219.4,204.0,174.7,0.9924,0.0868,-0.0868,0.0,0.0,nan,False,125,124.0,0.584,si,si,si,si,si,si,si,4.1,
dataset6_CLINIC_0027_data,grupo 3,calibracion,nan,concordante,False,nan,default6mm,0.0,hueso,,0,0,0,4.8,118.0,6.0,8.7,-6.0,2.3,-21.0,4.8,-21.0,-18.0,8.9,16.0,243.2,171.3,176.8,0.9625,-0.2579,-0.0842,0.0,0.0,nan,False,100,127.0,0.6,no,no,no,no,no,no,no,3.9,
dataset6_CLINIC_0027_data,grupo 3,calibracion,nan,concordante,False,nan,default6mm,0.001,hueso,,194,194,0,4.8,118.0,6.0,8.7,-6.0,2.3,-21.0,4.8,-21.0,-18.0,8.9,16.0,243.2,171.3,176.8,0.9625,-0.2579,-0.0842,0.0,0.0,nan,False,100,127.0,0.6,no,no,no,no,no,no,no,4.0,
dataset6_CLINIC_0027_data,grupo 3,calibracion,nan,concordante,False,nan,default6mm,0.01,hueso,0.001,194,194,0,4.8,118.0,6.0,8.7,-6.0,2.3,-21.0,4.8,-21.0,-18.0,8.9,16.0,243.2,171.3,176.8,0.9625,-0.2579,-0.0842,0.0,0.0,nan,False,100,127.0,0.6,no,no,no,no,no,no,no,0.0,
dataset6_CLINIC_0027_data,grupo 3,calibracion,nan,concordante,False,nan,default6mm,0.05,hueso,,2163,2163,0,4.8,118.0,6.0,8.7,-6.0,2.3,-21.0,4.8,-21.0,-18.0,8.9,16.0,243.2,171.3,176.8,0.9625,-0.2579,-0.0842,0.0,0.0,nan,False,100,127.0,0.6,no,no,no,no,no,no,no,3.9,
dataset6_CLINIC_0027_data,grupo 3,calibracion,nan,concordante,False,nan,robust3mm,0.0,hueso,,0,0,0,4.1,119.0,6.8,8.6,-21.0,4.1,,,-21.0,-18.0,8.9,16.0,243.2,171.3,176.8,0.9625,-0.2579,-0.0842,0.0,0.0,nan,False,101,127.0,0.594,no,no,no,no,no,no,no,4.0,
dataset6_CLINIC_0027_data,grupo 3,calibracion,nan,concordante,False,nan,robust3mm,0.001,hueso,,260,260,0,4.1,119.0,6.8,8.6,-21.0,4.1,,,-21.0,-18.0,8.9,16.0,243.2,171.3,176.8,0.9625,-0.2579,-0.0842,0.0,0.0,nan,False,101,127.0,0.594,no,no,no,no,no,no,no,3.9,
dataset6_CLINIC_0027_data,grupo 3,calibracion,nan,concordante,False,nan,robust3mm,0.01,hueso,0.001,260,260,0,4.1,119.0,6.8,8.6,-21.0,4.1,,,-21.0,-18.0,8.9,16.0,243.2,171.3,176.8,0.9625,-0.2579,-0.0842,0.0,0.0,nan,False,101,127.0,0.594,no,no,no,no,no,no,no,0.0,
dataset6_CLINIC_0027_data,grupo 3,calibracion,nan,concordante,False,nan,robust3mm,0.05,hueso,,2393,2393,0,4.1,119.0,6.8,8.6,-21.0,4.1,,,-21.0,-18.0,8.9,16.0,243.2,171.3,176.8,0.9625,-0.2579,-0.0842,0.0,0.0,nan,False,101,127.0,0.594,no,no,no,no,no,no,no,3.7,
dataset6_CLINIC_0005_data,grupo 2,otro,nan,R1 arriba de TS,False,nan,default6mm,0.0,hueso,,0,0,0,9.0,148.0,10.9,12.8,-33.0,9.0,-54.0,7.9,-33.0,-24.0,3.2,1.1,166.0,204.5,172.4,0.9924,-0.0868,0.0868,0.0,0.0,80.2,False,132,-1.0,0.879,no,si,no,no,no,no,no,4.7,
dataset6_CLINIC_0005_data,grupo 2,otro,nan,R1 arriba de TS,False,nan,default6mm,0.0,ocupado_2500,,0,0,0,9.0,148.0,10.9,12.8,-33.0,9.0,-54.0,7.9,-33.0,-24.0,3.2,1.1,166.0,204.5,172.4,0.9924,-0.0868,0.0868,0.0,0.0,80.2,False,132,-1.0,0.879,no,si,no,no,no,no,no,3.6,
dataset6_CLINIC_0005_data,grupo 2,otro,nan,R1 arriba de TS,False,nan,default6mm,0.0,ocupado_semimax,,0,0,0,9.0,148.0,10.9,12.8,-33.0,9.0,-54.0,7.9,-33.0,-24.0,3.2,1.1,166.0,204.5,172.4,0.9924,-0.0868,0.0868,0.0,0.0,80.2,False,132,-1.0,0.879,no,si,no,no,no,no,no,3.5,
dataset6_CLINIC_0005_data,grupo 2,otro,nan,R1 arriba de TS,False,nan,default6mm,0.001,hueso,,60,60,0,9.0,148.0,10.9,12.8,-33.0,9.0,-54.0,7.9,-33.0,-24.0,3.2,1.1,166.0,204.5,172.4,0.9924,-0.0868,0.0868,0.0,0.0,80.2,False,132,-1.0,0.879,no,si,no,no,no,no,no,3.9,
dataset6_CLINIC_0005_data,grupo 2,otro,nan,R1 arriba de TS,False,nan,default6mm,0.001,ocupado_2500,,60,60,0,9.0,148.0,10.9,12.8,-33.0,9.0,-54.0,7.9,-33.0,-24.0,3.2,1.1,166.0,204.5,172.4,0.9924,-0.0868,0.0868,0.0,0.0,80.2,False,132,-1.0,0.879,no,si,no,no,no,no,no,3.4,
dataset6_CLINIC_0005_data,grupo 2,otro,nan,R1 arriba de TS,False,nan,default6mm,0.001,ocupado_semimax,,60,60,0,9.0,148.0,10.9,12.8,-33.0,9.0,-54.0,7.9,-33.0,-24.0,3.2,1.1,166.0,204.5,172.4,0.9924,-0.0868,0.0868,0.0,0.0,80.2,False,132,-1.0,0.879,no,si,no,no,no,no,no,3.5,
dataset6_CLINIC_0005_data,grupo 2,otro,nan,R1 arriba de TS,False,nan,default6mm,0.01,hueso,0.001,60,60,0,9.0,148.0,10.9,12.8,-33.0,9.0,-54.0,7.9,-33.0,-24.0,3.2,1.1,166.0,204.5,172.4,0.9924,-0.0868,0.0868,0.0,0.0,80.2,False,132,-1.0,0.879,no,si,no,no,no,no,no,0.0,
dataset6_CLINIC_0005_data,grupo 2,otro,nan,R1 arriba de TS,False,nan,default6mm,0.01,ocupado_2500,0.001,60,60,0,9.0,148.0,10.9,12.8,-33.0,9.0,-54.0,7.9,-33.0,-24.0,3.2,1.1,166.0,204.5,172.4,0.9924,-0.0868,0.0868,0.0,0.0,80.2,False,132,-1.0,0.879,no,si,no,no,no,no,no,0.0,
dataset6_CLINIC_0005_data,grupo 2,otro,nan,R1 arriba de TS,False,nan,default6mm,0.01,ocupado_semimax,0.001,60,60,0,9.0,148.0,10.9,12.8,-33.0,9.0,-54.0,7.9,-33.0,-24.0,3.2,1.1,166.0,204.5,172.4,0.9924,-0.0868,0.0868,0.0,0.0,80.2,False,132,-1.0,0.879,no,si,no,no,no,no,no,0.0,
dataset6_CLINIC_0005_data,grupo 2,otro,nan,R1 arriba de TS,False,nan,default6mm,0.05,hueso,0.001,60,60,0,9.0,148.0,10.9,12.8,-33.0,9.0,-54.0,7.9,-33.0,-24.0,3.2,1.1,166.0,204.5,172.4,0.9924,-0.0868,0.0868,0.0,0.0,80.2,False,132,-1.0,0.879,no,si,no,no,no,no,no,0.0,
dataset6_CLINIC_0005_data,grupo 2,otro,nan,R1 arriba de TS,False,nan,default6mm,0.05,ocupado_2500,0.001,60,60,0,9.0,148.0,10.9,12.8,-33.0,9.0,-54.0,7.9,-33.0,-24.0,3.2,1.1,166.0,204.5,172.4,0.9924,-0.0868,0.0868,0.0,0.0,80.2,False,132,-1.0,0.879,no,si,no,no,no,no,no,0.0,
dataset6_CLINIC_0005_data,grupo 2,otro,nan,R1 arriba de TS,False,nan,default6mm,0.05,ocupado_semimax,0.001,60,60,0,9.0,148.0,10.9,12.8,-33.0,9.0,-54.0,7.9,-33.0,-24.0,3.2,1.1,166.0,204.5,172.4,0.9924,-0.0868,0.0868,0.0,0.0,80.2,False,132,-1.0,0.879,no,si,no,no,no,no,no,0.0,
dataset6_CLINIC_0005_data,grupo 2,otro,nan,R1 arriba de TS,False,nan,robust3mm,0.0,hueso,,0,0,0,8.4,148.0,10.9,12.8,-33.0,8.4,-54.0,7.9,-33.0,-24.0,3.2,1.1,166.0,204.5,172.4,0.9924,-0.0868,0.0868,0.0,0.0,80.2,False,131,-2.0,0.878,no,no,no,no,no,no,no,3.9,
dataset6_CLINIC_0005_data,grupo 2,otro,nan,R1 arriba de TS,False,nan,robust3mm,0.0,ocupado_2500,,0,0,0,8.4,148.0,10.9,12.8,-33.0,8.4,-54.0,7.9,-33.0,-24.0,3.2,1.1,166.0,204.5,172.4,0.9924,-0.0868,0.0868,0.0,0.0,80.2,False,131,-2.0,0.878,no,no,no,no,no,no,no,3.4,
dataset6_CLINIC_0005_data,grupo 2,otro,nan,R1 arriba de TS,False,nan,robust3mm,0.0,ocupado_semimax,,0,0,0,8.4,148.0,10.9,12.8,-33.0,8.4,-54.0,7.9,-33.0,-24.0,3.2,1.1,166.0,204.5,172.4,0.9924,-0.0868,0.0868,0.0,0.0,80.2,False,131,-2.0,0.878,no,no,no,no,no,no,no,3.6,
dataset6_CLINIC_0005_data,grupo 2,otro,nan,R1 arriba de TS,False,nan,robust3mm,0.001,hueso,,28,28,0,8.4,148.0,10.9,12.8,-33.0,8.4,-54.0,7.9,-33.0,-24.0,3.2,1.1,166.0,204.5,172.4,0.9924,-0.0868,0.0868,0.0,0.0,80.2,False,131,-2.0,0.878,no,no,no,no,no,no,no,4.0,
dataset6_CLINIC_0005_data,grupo 2,otro,nan,R1 arriba de TS,False,nan,robust3mm,0.001,ocupado_2500,,28,28,0,8.4,148.0,10.9,12.8,-33.0,8.4,-54.0,7.9,-33.0,-24.0,3.2,1.1,166.0,204.5,172.4,0.9924,-0.0868,0.0868,0.0,0.0,80.2,False,131,-2.0,0.878,no,no,no,no,no,no,no,3.4,
dataset6_CLINIC_0005_data,grupo 2,otro,nan,R1 arriba de TS,False,nan,robust3mm,0.001,ocupado_semimax,,28,28,0,8.4,148.0,10.9,12.8,-33.0,8.4,-54.0,7.9,-33.0,-24.0,3.2,1.1,166.0,204.5,172.4,0.9924,-0.0868,0.0868,0.0,0.0,80.2,False,131,-2.0,0.878,no,no,no,no,no,no,no,3.5,
dataset6_CLINIC_0005_data,grupo 2,otro,nan,R1 arriba de TS,False,nan,robust3mm,0.01,hueso,0.001,28,28,0,8.4,148.0,10.9,12.8,-33.0,8.4,-54.0,7.9,-33.0,-24.0,3.2,1.1,166.0,204.5,172.4,0.9924,-0.0868,0.0868,0.0,0.0,80.2,False,131,-2.0,0.878,no,no,no,no,no,no,no,0.0,
dataset6_CLINIC_0005_data,grupo 2,otro,nan,R1 arriba de TS,False,nan,robust3mm,0.01,ocupado_2500,0.001,28,28,0,8.4,148.0,10.9,12.8,-33.0,8.4,-54.0,7.9,-33.0,-24.0,3.2,1.1,166.0,204.5,172.4,0.9924,-0.0868,0.0868,0.0,0.0,80.2,False,131,-2.0,0.878,no,no,no,no,no,no,no,0.0,
dataset6_CLINIC_0005_data,grupo 2,otro,nan,R1 arriba de TS,False,nan,robust3mm,0.01,ocupado_semimax,0.001,28,28,0,8.4,148.0,10.9,12.8,-33.0,8.4,-54.0,7.9,-33.0,-24.0,3.2,1.1,166.0,204.5,172.4,0.9924,-0.0868,0.0868,0.0,0.0,80.2,False,131,-2.0,0.878,no,no,no,no,no,no,no,0.0,
dataset6_CLINIC_0005_data,grupo 2,otro,nan,R1 arriba de TS,False,nan,robust3mm,0.05,hueso,0.001,28,28,0,8.4,148.0,10.9,12.8,-33.0,8.4,-54.0,7.9,-33.0,-24.0,3.2,1.1,166.0,204.5,172.4,0.9924,-0.0868,0.0868,0.0,0.0,80.2,False,131,-2.0,0.878,no,no,no,no,no,no,no,0.0,
dataset6_CLINIC_0005_data,grupo 2,otro,nan,R1 arriba de TS,False,nan,robust3mm,0.05,ocupado_2500,0.001,28,28,0,8.4,148.0,10.9,12.8,-33.0,8.4,-54.0,7.9,-33.0,-24.0,3.2,1.1,166.0,204.5,172.4,0.9924,-0.0868,0.0868,0.0,0.0,80.2,False,131,-2.0,0.878,no,no,no,no,no,no,no,0.0,
dataset6_CLINIC_0005_data,grupo 2,otro,nan,R1 arriba de TS,False,nan,robust3mm,0.05,ocupado_semimax,0.001,28,28,0,8.4,148.0,10.9,12.8,-33.0,8.4,-54.0,7.9,-33.0,-24.0,3.2,1.1,166.0,204.5,172.4,0.9924,-0.0868,0.0868,0.0,0.0,80.2,False,131,-2.0,0.878,no,no,no,no,no,no,no,0.0,
dataset6_CLINIC_0039_data,grupo 2,calibracion,nan,concordante,False,nan,default6mm,0.0,hueso,,0,0,0,12.8,139.0,15.8,15.0,-18.0,12.8,-33.0,11.3,-15.0,-3.0,7.1,4.1,286.8,310.3,213.3,0.9962,0.0872,0.0,0.0,0.0,nan,False,116,266.0,0.138,si,si,si,si,si,si,si,3.2,
dataset6_CLINIC_0039_data,grupo 2,calibracion,nan,concordante,False,nan,default6mm,0.001,hueso,,107,107,0,12.8,139.0,15.8,15.0,-18.0,12.8,-33.0,11.3,-15.0,-3.0,7.1,4.1,286.8,310.3,213.3,0.9962,0.0872,0.0,0.0,0.0,nan,False,116,266.0,0.138,si,si,si,si,si,si,si,2.8,
dataset6_CLINIC_0039_data,grupo 2,calibracion,nan,concordante,False,nan,default6mm,0.01,hueso,0.001,107,107,0,12.8,139.0,15.8,15.0,-18.0,12.8,-33.0,11.3,-15.0,-3.0,7.1,4.1,286.8,310.3,213.3,0.9962,0.0872,0.0,0.0,0.0,nan,False,116,266.0,0.138,si,si,si,si,si,si,si,0.0,
dataset6_CLINIC_0039_data,grupo 2,calibracion,nan,concordante,False,nan,default6mm,0.05,hueso,0.001,107,107,0,12.8,139.0,15.8,15.0,-18.0,12.8,-33.0,11.3,-15.0,-3.0,7.1,4.1,286.8,310.3,213.3,0.9962,0.0872,0.0,0.0,0.0,nan,False,116,266.0,0.138,si,si,si,si,si,si,si,0.0,
dataset6_CLINIC_0039_data,grupo 2,calibracion,nan,concordante,False,nan,robust3mm,0.0,hueso,,0,0,0,12.6,131.0,14.8,15.2,-18.0,12.6,-33.0,11.1,-18.0,-3.0,2.9,0.9,286.8,310.3,210.3,0.9703,0.1711,-0.1711,0.0,0.0,nan,False,110,245.0,0.191,si,si,si,si,si,si,si,2.7,
dataset6_CLINIC_0039_data,grupo 2,calibracion,nan,concordante,False,nan,robust3mm,0.001,hueso,,114,114,0,12.6,131.0,14.8,15.2,-18.0,12.6,-33.0,11.1,-18.0,-3.0,2.9,0.9,286.8,310.3,210.3,0.9703,0.1711,-0.1711,0.0,0.0,nan,False,110,245.0,0.191,si,si,si,si,si,si,si,3.0,
dataset6_CLINIC_0039_data,grupo 2,calibracion,nan,concordante,False,nan,robust3mm,0.01,hueso,0.001,114,114,0,12.6,131.0,14.8,15.2,-18.0,12.6,-33.0,11.1,-18.0,-3.0,2.9,0.9,286.8,310.3,210.3,0.9703,0.1711,-0.1711,0.0,0.0,nan,False,110,245.0,0.191,si,si,si,si,si,si,si,0.0,
dataset6_CLINIC_0039_data,grupo 2,calibracion,nan,concordante,False,nan,robust3mm,0.05,hueso,0.001,114,114,0,12.6,131.0,14.8,15.2,-18.0,12.6,-33.0,11.1,-18.0,-3.0,2.9,0.9,286.8,310.3,210.3,0.9703,0.1711,-0.1711,0.0,0.0,nan,False,110,245.0,0.191,si,si,si,si,si,si,si,0.0,
dataset6_CLINIC_0035_data,grupo 3,calibracion,nan,concordante,False,nan,default6mm,0.0,hueso,,0,0,0,9.0,126.0,9.4,12.5,-12.0,7.8,-24.0,9.0,-24.0,-24.0,0.7,4.1,203.7,139.0,152.4,1.0,0.0,0.0,0.0,0.0,nan,False,106,64.0,0.783,no,si,no,no,no,no,no,4.2,
dataset6_CLINIC_0035_data,grupo 3,calibracion,nan,concordante,False,nan,default6mm,0.001,hueso,,40,40,0,9.0,126.0,9.4,12.5,-12.0,7.8,-24.0,9.0,-24.0,-24.0,0.7,4.1,203.7,139.0,152.4,1.0,0.0,0.0,0.0,0.0,nan,False,106,64.0,0.783,no,si,no,no,no,no,no,3.9,
dataset6_CLINIC_0035_data,grupo 3,calibracion,nan,concordante,False,nan,default6mm,0.01,hueso,0.001,40,40,0,9.0,126.0,9.4,12.5,-12.0,7.8,-24.0,9.0,-24.0,-24.0,0.7,4.1,203.7,139.0,152.4,1.0,0.0,0.0,0.0,0.0,nan,False,106,64.0,0.783,no,si,no,no,no,no,no,0.0,
dataset6_CLINIC_0035_data,grupo 3,calibracion,nan,concordante,False,nan,default6mm,0.05,hueso,0.001,40,40,0,9.0,126.0,9.4,12.5,-12.0,7.8,-24.0,9.0,-24.0,-24.0,0.7,4.1,203.7,139.0,152.4,1.0,0.0,0.0,0.0,0.0,nan,False,106,64.0,0.783,no,si,no,no,no,no,no,0.0,
dataset6_CLINIC_0035_data,grupo 3,calibracion,nan,concordante,False,nan,robust3mm,0.0,hueso,,0,0,0,8.2,130.0,9.3,12.0,-12.0,7.8,-24.0,8.2,-24.0,-24.0,4.3,0.9,203.7,139.0,152.4,0.9924,0.0868,0.0868,0.0,0.0,nan,False,114,83.0,0.719,no,no,no,no,no,no,no,4.0,
dataset6_CLINIC_0035_data,grupo 3,calibracion,nan,concordante,False,nan,robust3mm,0.001,hueso,,140,140,0,8.2,130.0,9.3,12.0,-12.0,7.8,-24.0,8.2,-24.0,-24.0,4.3,0.9,203.7,139.0,152.4,0.9924,0.0868,0.0868,0.0,0.0,nan,False,114,83.0,0.719,no,no,no,no,no,no,no,4.0,
dataset6_CLINIC_0035_data,grupo 3,calibracion,nan,concordante,False,nan,robust3mm,0.01,hueso,0.001,140,140,0,8.2,130.0,9.3,12.0,-12.0,7.8,-24.0,8.2,-24.0,-24.0,4.3,0.9,203.7,139.0,152.4,0.9924,0.0868,0.0868,0.0,0.0,nan,False,114,83.0,0.719,no,no,no,no,no,no,no,0.0,
dataset6_CLINIC_0035_data,grupo 3,calibracion,nan,concordante,False,nan,robust3mm,0.05,hueso,0.001,140,140,0,8.2,130.0,9.3,12.0,-12.0,7.8,-24.0,8.2,-24.0,-24.0,4.3,0.9,203.7,139.0,152.4,0.9924,0.0868,0.0868,0.0,0.0,nan,False,114,83.0,0.719,no,no,no,no,no,no,no,0.0,
dataset6_CLINIC_0033_data,grupo 3,calibracion,nan,concordante,False,nan,default6mm,0.0,hueso,,0,0,0,9.8,161.0,14.2,12.7,-9.0,7.3,-33.0,9.8,-33.0,-24.0,8.9,1.0,226.4,180.4,198.2,0.9848,-0.1736,0.0,0.0,0.0,nan,False,141,158.0,0.426,no,si,no,si,no,no,no,4.2,
dataset6_CLINIC_0033_data,grupo 3,calibracion,nan,concordante,False,nan,default6mm,0.001,hueso,,187,187,0,9.8,161.0,14.2,12.7,-9.0,7.3,-33.0,9.8,-33.0,-24.0,8.9,1.0,226.4,180.4,198.2,0.9848,-0.1736,0.0,0.0,0.0,nan,False,141,158.0,0.426,no,si,no,si,no,no,no,3.9,
dataset6_CLINIC_0033_data,grupo 3,calibracion,nan,concordante,False,nan,default6mm,0.01,hueso,0.001,187,187,0,9.8,161.0,14.2,12.7,-9.0,7.3,-33.0,9.8,-33.0,-24.0,8.9,1.0,226.4,180.4,198.2,0.9848,-0.1736,0.0,0.0,0.0,nan,False,141,158.0,0.426,no,si,no,si,no,no,no,0.0,
dataset6_CLINIC_0033_data,grupo 3,calibracion,nan,concordante,False,nan,default6mm,0.05,hueso,0.001,187,187,0,9.8,161.0,14.2,12.7,-9.0,7.3,-33.0,9.8,-33.0,-24.0,8.9,1.0,226.4,180.4,198.2,0.9848,-0.1736,0.0,0.0,0.0,nan,False,141,158.0,0.426,no,si,no,si,no,no,no,0.0,
dataset6_CLINIC_0033_data,grupo 3,calibracion,nan,concordante,False,nan,robust3mm,0.0,hueso,,0,0,0,9.8,161.0,15.5,13.5,-9.0,6.2,-33.0,9.8,-33.0,-24.0,8.9,1.0,226.4,180.4,198.2,0.9848,-0.1736,0.0,0.0,0.0,nan,False,143,158.0,0.427,no,si,no,si,no,no,no,4.0,
dataset6_CLINIC_0033_data,grupo 3,calibracion,nan,concordante,False,nan,robust3mm,0.001,hueso,,106,106,0,9.8,161.0,15.5,13.5,-9.0,6.2,-33.0,9.8,-33.0,-24.0,8.9,1.0,226.4,180.4,198.2,0.9848,-0.1736,0.0,0.0,0.0,nan,False,143,158.0,0.427,no,si,no,si,no,no,no,4.0,
dataset6_CLINIC_0033_data,grupo 3,calibracion,nan,concordante,False,nan,robust3mm,0.01,hueso,0.001,106,106,0,9.8,161.0,15.5,13.5,-9.0,6.2,-33.0,9.8,-33.0,-24.0,8.9,1.0,226.4,180.4,198.2,0.9848,-0.1736,0.0,0.0,0.0,nan,False,143,158.0,0.427,no,si,no,si,no,no,no,0.0,
dataset6_CLINIC_0033_data,grupo 3,calibracion,nan,concordante,False,nan,robust3mm,0.05,hueso,0.001,106,106,0,9.8,161.0,15.5,13.5,-9.0,6.2,-33.0,9.8,-33.0,-24.0,8.9,1.0,226.4,180.4,198.2,0.9848,-0.1736,0.0,0.0,0.0,nan,False,143,158.0,0.427,no,si,no,si,no,no,no,0.0,
dataset6_CLINIC_0043_data,grupo 3,calibracion,nan,concordante,False,nan,default6mm,0.0,hueso,,0,0,0,11.7,153.0,15.1,12.8,-27.0,11.7,,,-27.0,-30.0,0.7,0.8,242.5,231.1,194.9,0.9962,0.0,-0.0872,0.0,0.0,nan,False,131,175.0,0.405,si,si,si,si,si,si,no,3.1,
dataset6_CLINIC_0043_data,grupo 3,calibracion,nan,concordante,False,nan,default6mm,0.001,hueso,,248,248,0,11.7,153.0,15.1,12.8,-27.0,11.7,,,-27.0,-30.0,0.7,0.8,242.5,231.1,194.9,0.9962,0.0,-0.0872,0.0,0.0,nan,False,131,175.0,0.405,si,si,si,si,si,si,no,3.2,
dataset6_CLINIC_0043_data,grupo 3,calibracion,nan,concordante,False,nan,default6mm,0.01,hueso,0.001,248,248,0,11.7,153.0,15.1,12.8,-27.0,11.7,,,-27.0,-30.0,0.7,0.8,242.5,231.1,194.9,0.9962,0.0,-0.0872,0.0,0.0,nan,False,131,175.0,0.405,si,si,si,si,si,si,no,0.0,
dataset6_CLINIC_0043_data,grupo 3,calibracion,nan,concordante,False,nan,default6mm,0.05,hueso,0.001,248,248,0,11.7,153.0,15.1,12.8,-27.0,11.7,,,-27.0,-30.0,0.7,0.8,242.5,231.1,194.9,0.9962,0.0,-0.0872,0.0,0.0,nan,False,131,175.0,0.405,si,si,si,si,si,si,no,0.0,
dataset6_CLINIC_0043_data,grupo 3,calibracion,nan,concordante,False,nan,robust3mm,0.0,hueso,,0,0,0,11.7,152.0,15.1,11.8,-27.0,11.7,-39.0,5.1,-27.0,-30.0,0.7,0.8,242.5,231.1,194.9,0.9962,0.0,-0.0872,0.0,0.0,nan,False,135,167.0,0.422,si,si,si,si,si,si,no,3.1,
dataset6_CLINIC_0043_data,grupo 3,calibracion,nan,concordante,False,nan,robust3mm,0.001,hueso,,150,150,0,11.7,152.0,15.1,11.8,-27.0,11.7,-39.0,5.1,-27.0,-30.0,0.7,0.8,242.5,231.1,194.9,0.9962,0.0,-0.0872,0.0,0.0,nan,False,135,167.0,0.422,si,si,si,si,si,si,no,2.8,
dataset6_CLINIC_0043_data,grupo 3,calibracion,nan,concordante,False,nan,robust3mm,0.01,hueso,0.001,150,150,0,11.7,152.0,15.1,11.8,-27.0,11.7,-39.0,5.1,-27.0,-30.0,0.7,0.8,242.5,231.1,194.9,0.9962,0.0,-0.0872,0.0,0.0,nan,False,135,167.0,0.422,si,si,si,si,si,si,no,0.0,
dataset6_CLINIC_0043_data,grupo 3,calibracion,nan,concordante,False,nan,robust3mm,0.05,hueso,0.001,150,150,0,11.7,152.0,15.1,11.8,-27.0,11.7,-39.0,5.1,-27.0,-30.0,0.7,0.8,242.5,231.1,194.9,0.9962,0.0,-0.0872,0.0,0.0,nan,False,135,167.0,0.422,si,si,si,si,si,si,no,0.0,
dataset6_CLINIC_0046_data,grupo 3,calibracion,nan,R1 arriba de TS,False,nan,default6mm,0.0,hueso,,0,0,0,7.0,141.0,15.1,9.8,-42.0,7.0,,,-42.0,-27.0,18.0,5.9,244.5,220.4,184.2,0.9659,0.0,0.2588,0.0,0.0,nan,False,118,205.5,0.297,no,no,no,no,no,no,no,2.7,
dataset6_CLINIC_0046_data,grupo 3,calibracion,nan,R1 arriba de TS,False,nan,default6mm,0.001,hueso,,146,146,0,7.0,141.0,15.1,9.8,-42.0,7.0,,,-42.0,-27.0,18.0,5.9,244.5,220.4,184.2,0.9659,0.0,0.2588,0.0,0.0,nan,False,118,205.5,0.297,no,no,no,no,no,no,no,2.8,
dataset6_CLINIC_0046_data,grupo 3,calibracion,nan,R1 arriba de TS,False,nan,default6mm,0.01,hueso,0.001,146,146,0,7.0,141.0,15.1,9.8,-42.0,7.0,,,-42.0,-27.0,18.0,5.9,244.5,220.4,184.2,0.9659,0.0,0.2588,0.0,0.0,nan,False,118,205.5,0.297,no,no,no,no,no,no,no,0.0,
dataset6_CLINIC_0046_data,grupo 3,calibracion,nan,R1 arriba de TS,False,nan,default6mm,0.05,hueso,0.001,146,146,0,7.0,141.0,15.1,9.8,-42.0,7.0,,,-42.0,-27.0,18.0,5.9,244.5,220.4,184.2,0.9659,0.0,0.2588,0.0,0.0,nan,False,118,205.5,0.297,no,no,no,no,no,no,no,0.0,
dataset6_CLINIC_0046_data,grupo 3,calibracion,nan,R1 arriba de TS,False,nan,robust3mm,0.0,hueso,,0,0,0,7.7,141.0,14.9,8.0,-42.0,7.7,,,-42.0,-27.0,18.0,5.9,244.5,220.4,184.2,0.9659,0.0,0.2588,0.0,0.0,nan,False,119,204.0,0.303,no,no,no,no,no,no,no,2.8,
dataset6_CLINIC_0046_data,grupo 3,calibracion,nan,R1 arriba de TS,False,nan,robust3mm,0.001,hueso,,100,100,0,7.7,141.0,14.9,8.0,-42.0,7.7,,,-42.0,-27.0,18.0,5.9,244.5,220.4,184.2,0.9659,0.0,0.2588,0.0,0.0,nan,False,119,204.0,0.303,no,no,no,no,no,no,no,2.5,
dataset6_CLINIC_0046_data,grupo 3,calibracion,nan,R1 arriba de TS,False,nan,robust3mm,0.01,hueso,0.001,100,100,0,7.7,141.0,14.9,8.0,-42.0,7.7,,,-42.0,-27.0,18.0,5.9,244.5,220.4,184.2,0.9659,0.0,0.2588,0.0,0.0,nan,False,119,204.0,0.303,no,no,no,no,no,no,no,0.0,
dataset6_CLINIC_0046_data,grupo 3,calibracion,nan,R1 arriba de TS,False,nan,robust3mm,0.05,hueso,0.001,100,100,0,7.7,141.0,14.9,8.0,-42.0,7.7,,,-42.0,-27.0,18.0,5.9,244.5,220.4,184.2,0.9659,0.0,0.2588,0.0,0.0,nan,False,119,204.0,0.303,no,no,no,no,no,no,no,0.0,
dataset6_CLINIC_0042_data,grupo 3,calibracion,nan,concordante,False,nan,default6mm,0.0,hueso,,0,0,0,5.7,134.0,10.5,7.9,-15.0,5.0,-36.0,5.7,-36.0,-36.0,19.2,24.2,206.8,188.0,161.2,0.8891,-0.3236,-0.3236,0.0,0.0,nan,False,106,58.0,0.623,no,no,no,no,no,no,no,4.1,
dataset6_CLINIC_0042_data,grupo 3,calibracion,nan,concordante,False,nan,default6mm,0.001,hueso,,708,484,0,5.7,134.0,10.5,7.9,-15.0,5.0,-36.0,5.7,-36.0,-36.0,19.2,24.2,206.8,188.0,161.2,0.8891,-0.3236,-0.3236,0.0,0.0,nan,False,106,58.0,0.623,no,no,no,no,no,no,no,3.8,
dataset6_CLINIC_0042_data,grupo 3,calibracion,nan,concordante,False,nan,default6mm,0.01,hueso,0.001,708,484,0,5.7,134.0,10.5,7.9,-15.0,5.0,-36.0,5.7,-36.0,-36.0,19.2,24.2,206.8,188.0,161.2,0.8891,-0.3236,-0.3236,0.0,0.0,nan,False,106,58.0,0.623,no,no,no,no,no,no,no,0.0,
dataset6_CLINIC_0042_data,grupo 3,calibracion,nan,concordante,False,nan,default6mm,0.05,hueso,0.001,708,484,0,5.7,134.0,10.5,7.9,-15.0,5.0,-36.0,5.7,-36.0,-36.0,19.2,24.2,206.8,188.0,161.2,0.8891,-0.3236,-0.3236,0.0,0.0,nan,False,106,58.0,0.623,no,no,no,no,no,no,no,0.0,
dataset6_CLINIC_0042_data,grupo 3,calibracion,nan,concordante,False,nan,robust3mm,0.0,hueso,,0,0,0,6.4,134.0,10.6,6.7,-12.0,3.5,-36.0,6.4,-36.0,-36.0,19.2,24.2,206.8,188.0,161.2,0.8891,-0.3236,-0.3236,0.0,0.0,nan,False,107,59.0,0.617,no,no,no,no,no,no,no,4.0,
dataset6_CLINIC_0042_data,grupo 3,calibracion,nan,concordante,False,nan,robust3mm,0.001,hueso,,464,196,0,6.4,134.0,10.6,6.7,-12.0,3.5,-36.0,6.4,-36.0,-36.0,19.2,24.2,206.8,188.0,161.2,0.8891,-0.3236,-0.3236,0.0,0.0,nan,False,107,59.0,0.617,no,no,no,no,no,no,no,4.0,
dataset6_CLINIC_0042_data,grupo 3,calibracion,nan,concordante,False,nan,robust3mm,0.01,hueso,,771,503,0,6.4,134.0,10.6,6.7,-12.0,3.5,-36.0,6.4,-36.0,-36.0,19.2,24.2,206.8,188.0,161.2,0.8891,-0.3236,-0.3236,0.0,0.0,nan,False,107,59.0,0.617,no,no,no,no,no,no,no,3.8,
dataset6_CLINIC_0042_data,grupo 3,calibracion,nan,concordante,False,nan,robust3mm,0.05,hueso,0.01,771,503,0,6.4,134.0,10.6,6.7,-12.0,3.5,-36.0,6.4,-36.0,-36.0,19.2,24.2,206.8,188.0,161.2,0.8891,-0.3236,-0.3236,0.0,0.0,nan,False,107,59.0,0.617,no,no,no,no,no,no,no,0.0,
dataset6_CLINIC_0050_data,grupo 3,calibracion,nan,concordante,False,nan,default6mm,0.0,hueso,,0,0,0,9.0,147.0,11.1,12.7,-6.0,8.9,-27.0,9.0,-27.0,-27.0,0.6,3.4,248.1,222.1,168.9,0.9962,0.0872,0.0,0.0,0.0,nan,False,128,99.5,0.719,no,si,no,no,no,no,no,3.8,
dataset6_CLINIC_0050_data,grupo 3,calibracion,nan,concordante,False,nan,default6mm,0.001,hueso,,6,6,0,9.0,147.0,11.1,12.7,-6.0,8.9,-27.0,9.0,-27.0,-27.0,0.6,3.4,248.1,222.1,168.9,0.9962,0.0872,0.0,0.0,0.0,nan,False,128,99.5,0.719,no,si,no,no,no,no,no,3.2,
dataset6_CLINIC_0050_data,grupo 3,calibracion,nan,concordante,False,nan,default6mm,0.01,hueso,0.001,6,6,0,9.0,147.0,11.1,12.7,-6.0,8.9,-27.0,9.0,-27.0,-27.0,0.6,3.4,248.1,222.1,168.9,0.9962,0.0872,0.0,0.0,0.0,nan,False,128,99.5,0.719,no,si,no,no,no,no,no,0.0,
dataset6_CLINIC_0050_data,grupo 3,calibracion,nan,concordante,False,nan,default6mm,0.05,hueso,0.001,6,6,0,9.0,147.0,11.1,12.7,-6.0,8.9,-27.0,9.0,-27.0,-27.0,0.6,3.4,248.1,222.1,168.9,0.9962,0.0872,0.0,0.0,0.0,nan,False,128,99.5,0.719,no,si,no,no,no,no,no,0.0,
dataset6_CLINIC_0050_data,grupo 3,calibracion,nan,concordante,False,nan,robust3mm,0.0,hueso,,0,0,0,9.7,147.0,11.1,12.7,-12.0,7.2,-27.0,9.7,-27.0,-27.0,0.6,3.4,248.1,222.1,168.9,0.9962,0.0872,0.0,0.0,0.0,nan,False,129,100.0,0.721,no,si,no,si,no,no,no,3.6,
dataset6_CLINIC_0050_data,grupo 3,calibracion,nan,concordante,False,nan,robust3mm,0.001,hueso,,26,26,0,9.7,147.0,11.1,12.7,-12.0,7.2,-27.0,9.7,-27.0,-27.0,0.6,3.4,248.1,222.1,168.9,0.9962,0.0872,0.0,0.0,0.0,nan,False,129,100.0,0.721,no,si,no,si,no,no,no,3.3,
dataset6_CLINIC_0050_data,grupo 3,calibracion,nan,concordante,False,nan,robust3mm,0.01,hueso,0.001,26,26,0,9.7,147.0,11.1,12.7,-12.0,7.2,-27.0,9.7,-27.0,-27.0,0.6,3.4,248.1,222.1,168.9,0.9962,0.0872,0.0,0.0,0.0,nan,False,129,100.0,0.721,no,si,no,si,no,no,no,0.0,
dataset6_CLINIC_0050_data,grupo 3,calibracion,nan,concordante,False,nan,robust3mm,0.05,hueso,0.001,26,26,0,9.7,147.0,11.1,12.7,-12.0,7.2,-27.0,9.7,-27.0,-27.0,0.6,3.4,248.1,222.1,168.9,0.9962,0.0872,0.0,0.0,0.0,nan,False,129,100.0,0.721,no,si,no,si,no,no,no,0.0,
dataset6_CLINIC_0051_data,grupo 3,calibracion,nan,concordante,False,nan,default6mm,0.0,hueso,,0,0,0,10.1,161.0,12.0,16.8,-12.0,10.1,-30.0,9.7,-12.0,-3.0,3.1,2.5,206.8,163.5,203.5,1.0,0.0,0.0,0.0,0.0,nan,False,141,256.0,0.213,si,si,no,si,no,si,no,4.0,
dataset6_CLINIC_0051_data,grupo 3,calibracion,nan,concordante,False,nan,default6mm,0.001,hueso,,66,66,0,10.1,161.0,12.0,16.8,-12.0,10.1,-30.0,9.7,-12.0,-3.0,3.1,2.5,206.8,163.5,203.5,1.0,0.0,0.0,0.0,0.0,nan,False,141,256.0,0.213,si,si,no,si,no,si,no,3.7,
dataset6_CLINIC_0051_data,grupo 3,calibracion,nan,concordante,False,nan,default6mm,0.01,hueso,0.001,66,66,0,10.1,161.0,12.0,16.8,-12.0,10.1,-30.0,9.7,-12.0,-3.0,3.1,2.5,206.8,163.5,203.5,1.0,0.0,0.0,0.0,0.0,nan,False,141,256.0,0.213,si,si,no,si,no,si,no,0.0,
dataset6_CLINIC_0051_data,grupo 3,calibracion,nan,concordante,False,nan,default6mm,0.05,hueso,0.001,66,66,0,10.1,161.0,12.0,16.8,-12.0,10.1,-30.0,9.7,-12.0,-3.0,3.1,2.5,206.8,163.5,203.5,1.0,0.0,0.0,0.0,0.0,nan,False,141,256.0,0.213,si,si,no,si,no,si,no,0.0,
dataset6_CLINIC_0051_data,grupo 3,calibracion,nan,concordante,False,nan,robust3mm,0.0,hueso,,0,0,0,10.2,156.0,12.7,15.5,-12.0,10.2,-30.0,9.4,-12.0,-9.0,3.1,2.5,206.8,157.5,203.5,0.9962,-0.0872,0.0,0.0,0.0,nan,False,136,161.0,0.471,si,si,no,si,no,si,no,3.8,
dataset6_CLINIC_0051_data,grupo 3,calibracion,nan,concordante,False,nan,robust3mm,0.001,hueso,,36,36,0,10.2,156.0,12.7,15.5,-12.0,10.2,-30.0,9.4,-12.0,-9.0,3.1,2.5,206.8,157.5,203.5,0.9962,-0.0872,0.0,0.0,0.0,nan,False,136,161.0,0.471,si,si,no,si,no,si,no,3.8,
dataset6_CLINIC_0051_data,grupo 3,calibracion,nan,concordante,False,nan,robust3mm,0.01,hueso,0.001,36,36,0,10.2,156.0,12.7,15.5,-12.0,10.2,-30.0,9.4,-12.0,-9.0,3.1,2.5,206.8,157.5,203.5,0.9962,-0.0872,0.0,0.0,0.0,nan,False,136,161.0,0.471,si,si,no,si,no,si,no,0.0,
dataset6_CLINIC_0051_data,grupo 3,calibracion,nan,concordante,False,nan,robust3mm,0.05,hueso,0.001,36,36,0,10.2,156.0,12.7,15.5,-12.0,10.2,-30.0,9.4,-12.0,-9.0,3.1,2.5,206.8,157.5,203.5,0.9962,-0.0872,0.0,0.0,0.0,nan,False,136,161.0,0.471,si,si,no,si,no,si,no,0.0,
dataset6_CLINIC_0007_data,grupo 2,otro,nan,R1 arriba de TS,False,nan,default6mm,0.0,hueso,,0,0,0,6.0,165.0,13.5,6.5,-42.0,6.0,-66.0,3.6,-42.0,-30.0,0.5,2.5,213.1,187.2,193.8,0.9924,0.0868,0.0868,0.0,0.0,82.1,False,147,147.0,0.51,no,no,no,no,no,no,no,4.3,
dataset6_CLINIC_0007_data,grupo 2,otro,nan,R1 arriba de TS,False,nan,default6mm,0.0,ocupado_2500,,0,0,0,6.0,165.0,13.5,6.5,-42.0,6.0,-66.0,3.6,-42.0,-30.0,0.5,2.5,213.1,187.2,193.8,0.9924,0.0868,0.0868,0.0,0.0,82.1,False,147,147.0,0.51,no,no,no,no,no,no,no,3.7,
dataset6_CLINIC_0007_data,grupo 2,otro,nan,R1 arriba de TS,False,nan,default6mm,0.0,ocupado_semimax,,0,0,0,6.0,165.0,13.5,6.5,-42.0,6.0,-66.0,3.6,-42.0,-30.0,0.5,2.5,213.1,187.2,193.8,0.9924,0.0868,0.0868,0.0,0.0,82.1,False,147,147.0,0.51,no,no,no,no,no,no,no,3.8,
dataset6_CLINIC_0007_data,grupo 2,otro,nan,R1 arriba de TS,False,nan,default6mm,0.001,hueso,,28,28,0,6.0,165.0,13.5,6.5,-42.0,6.0,-66.0,3.6,-42.0,-30.0,0.5,2.5,213.1,187.2,193.8,0.9924,0.0868,0.0868,0.0,0.0,82.1,False,147,147.0,0.51,no,no,no,no,no,no,no,4.0,
dataset6_CLINIC_0007_data,grupo 2,otro,nan,R1 arriba de TS,False,nan,default6mm,0.001,ocupado_2500,,28,28,0,6.0,165.0,13.5,6.5,-42.0,6.0,-66.0,3.6,-42.0,-30.0,0.5,2.5,213.1,187.2,193.8,0.9924,0.0868,0.0868,0.0,0.0,82.1,False,147,147.0,0.51,no,no,no,no,no,no,no,3.7,
dataset6_CLINIC_0007_data,grupo 2,otro,nan,R1 arriba de TS,False,nan,default6mm,0.001,ocupado_semimax,,28,28,0,6.0,165.0,13.5,6.5,-42.0,6.0,-66.0,3.6,-42.0,-30.0,0.5,2.5,213.1,187.2,193.8,0.9924,0.0868,0.0868,0.0,0.0,82.1,False,147,147.0,0.51,no,no,no,no,no,no,no,3.5,
dataset6_CLINIC_0007_data,grupo 2,otro,nan,R1 arriba de TS,False,nan,default6mm,0.01,hueso,,1789,1789,0,6.0,165.0,13.5,6.5,-42.0,6.0,-66.0,3.6,-42.0,-30.0,0.5,2.5,213.1,187.2,193.8,0.9924,0.0868,0.0868,0.0,0.0,82.1,False,147,147.0,0.51,no,no,no,no,no,no,no,3.9,
dataset6_CLINIC_0007_data,grupo 2,otro,nan,R1 arriba de TS,False,nan,default6mm,0.01,ocupado_2500,,1789,1789,0,6.0,165.0,13.5,6.5,-42.0,6.0,-66.0,3.6,-42.0,-30.0,0.5,2.5,213.1,187.2,193.8,0.9924,0.0868,0.0868,0.0,0.0,82.1,False,147,147.0,0.51,no,no,no,no,no,no,no,3.6,
dataset6_CLINIC_0007_data,grupo 2,otro,nan,R1 arriba de TS,False,nan,default6mm,0.01,ocupado_semimax,,1789,1789,0,6.0,165.0,13.5,6.5,-42.0,6.0,-66.0,3.6,-42.0,-30.0,0.5,2.5,213.1,187.2,193.8,0.9924,0.0868,0.0868,0.0,0.0,82.1,False,147,147.0,0.51,no,no,no,no,no,no,no,3.5,
dataset6_CLINIC_0007_data,grupo 2,otro,nan,R1 arriba de TS,False,nan,default6mm,0.05,hueso,0.01,1789,1789,0,6.0,165.0,13.5,6.5,-42.0,6.0,-66.0,3.6,-42.0,-30.0,0.5,2.5,213.1,187.2,193.8,0.9924,0.0868,0.0868,0.0,0.0,82.1,False,147,147.0,0.51,no,no,no,no,no,no,no,0.0,
dataset6_CLINIC_0007_data,grupo 2,otro,nan,R1 arriba de TS,False,nan,default6mm,0.05,ocupado_2500,0.01,1789,1789,0,6.0,165.0,13.5,6.5,-42.0,6.0,-66.0,3.6,-42.0,-30.0,0.5,2.5,213.1,187.2,193.8,0.9924,0.0868,0.0868,0.0,0.0,82.1,False,147,147.0,0.51,no,no,no,no,no,no,no,0.0,
dataset6_CLINIC_0007_data,grupo 2,otro,nan,R1 arriba de TS,False,nan,default6mm,0.05,ocupado_semimax,0.01,1789,1789,0,6.0,165.0,13.5,6.5,-42.0,6.0,-66.0,3.6,-42.0,-30.0,0.5,2.5,213.1,187.2,193.8,0.9924,0.0868,0.0868,0.0,0.0,82.1,False,147,147.0,0.51,no,no,no,no,no,no,no,0.0,
dataset6_CLINIC_0007_data,grupo 2,otro,nan,R1 arriba de TS,False,nan,robust3mm,0.0,hueso,,0,0,0,6.4,120.0,12.2,7.0,-39.0,6.4,-63.0,4.9,-39.0,-30.0,14.5,12.5,213.1,187.2,196.8,0.9812,-0.0858,-0.173,0.0,0.0,84.2,False,92,189.5,0.326,no,no,no,no,no,no,no,3.9,
dataset6_CLINIC_0007_data,grupo 2,otro,nan,R1 arriba de TS,False,nan,robust3mm,0.0,ocupado_2500,,0,0,0,6.4,120.0,12.2,7.0,-39.0,6.4,-63.0,4.9,-39.0,-30.0,14.5,12.5,213.1,187.2,196.8,0.9812,-0.0858,-0.173,0.0,0.0,84.2,False,92,189.5,0.326,no,no,no,no,no,no,no,3.5,
dataset6_CLINIC_0007_data,grupo 2,otro,nan,R1 arriba de TS,False,nan,robust3mm,0.0,ocupado_semimax,,0,0,0,6.4,120.0,12.2,7.0,-39.0,6.4,-63.0,4.9,-39.0,-30.0,14.5,12.5,213.1,187.2,196.8,0.9812,-0.0858,-0.173,0.0,0.0,84.2,False,92,189.5,0.326,no,no,no,no,no,no,no,3.4,
dataset6_CLINIC_0007_data,grupo 2,otro,nan,R1 arriba de TS,False,nan,robust3mm,0.001,hueso,,24,24,0,6.4,120.0,12.2,7.0,-39.0,6.4,-63.0,4.9,-39.0,-30.0,14.5,12.5,213.1,187.2,196.8,0.9812,-0.0858,-0.173,0.0,0.0,84.2,False,92,189.5,0.326,no,no,no,no,no,no,no,3.8,
dataset6_CLINIC_0007_data,grupo 2,otro,nan,R1 arriba de TS,False,nan,robust3mm,0.001,ocupado_2500,,24,24,0,6.4,120.0,12.2,7.0,-39.0,6.4,-63.0,4.9,-39.0,-30.0,14.5,12.5,213.1,187.2,196.8,0.9812,-0.0858,-0.173,0.0,0.0,84.2,False,92,189.5,0.326,no,no,no,no,no,no,no,3.6,
dataset6_CLINIC_0007_data,grupo 2,otro,nan,R1 arriba de TS,False,nan,robust3mm,0.001,ocupado_semimax,,24,24,0,6.4,120.0,12.2,7.0,-39.0,6.4,-63.0,4.9,-39.0,-30.0,14.5,12.5,213.1,187.2,196.8,0.9812,-0.0858,-0.173,0.0,0.0,84.2,False,92,189.5,0.326,no,no,no,no,no,no,no,3.4,
dataset6_CLINIC_0007_data,grupo 2,otro,nan,R1 arriba de TS,False,nan,robust3mm,0.01,hueso,,1967,1967,0,6.4,120.0,12.2,7.0,-39.0,6.4,-63.0,4.9,-39.0,-30.0,14.5,12.5,213.1,187.2,196.8,0.9812,-0.0858,-0.173,0.0,0.0,84.2,False,92,189.5,0.326,no,no,no,no,no,no,no,3.8,
dataset6_CLINIC_0007_data,grupo 2,otro,nan,R1 arriba de TS,False,nan,robust3mm,0.01,ocupado_2500,,1967,1967,0,6.4,120.0,12.2,7.0,-39.0,6.4,-63.0,4.9,-39.0,-30.0,14.5,12.5,213.1,187.2,196.8,0.9812,-0.0858,-0.173,0.0,0.0,84.2,False,92,189.5,0.326,no,no,no,no,no,no,no,3.8,
dataset6_CLINIC_0007_data,grupo 2,otro,nan,R1 arriba de TS,False,nan,robust3mm,0.01,ocupado_semimax,,1967,1967,0,6.4,120.0,12.2,7.0,-39.0,6.4,-63.0,4.9,-39.0,-30.0,14.5,12.5,213.1,187.2,196.8,0.9812,-0.0858,-0.173,0.0,0.0,84.2,False,92,189.5,0.326,no,no,no,no,no,no,no,3.6,
dataset6_CLINIC_0007_data,grupo 2,otro,nan,R1 arriba de TS,False,nan,robust3mm,0.05,hueso,0.01,1967,1967,0,6.4,120.0,12.2,7.0,-39.0,6.4,-63.0,4.9,-39.0,-30.0,14.5,12.5,213.1,187.2,196.8,0.9812,-0.0858,-0.173,0.0,0.0,84.2,False,92,189.5,0.326,no,no,no,no,no,no,no,0.0,
dataset6_CLINIC_0007_data,grupo 2,otro,nan,R1 arriba de TS,False,nan,robust3mm,0.05,ocupado_2500,0.01,1967,1967,0,6.4,120.0,12.2,7.0,-39.0,6.4,-63.0,4.9,-39.0,-30.0,14.5,12.5,213.1,187.2,196.8,0.9812,-0.0858,-0.173,0.0,0.0,84.2,False,92,189.5,0.326,no,no,no,no,no,no,no,0.1,
dataset6_CLINIC_0007_data,grupo 2,otro,nan,R1 arriba de TS,False,nan,robust3mm,0.05,ocupado_semimax,0.01,1967,1967,0,6.4,120.0,12.2,7.0,-39.0,6.4,-63.0,4.9,-39.0,-30.0,14.5,12.5,213.1,187.2,196.8,0.9812,-0.0858,-0.173,0.0,0.0,84.2,False,92,189.5,0.326,no,no,no,no,no,no,no,0.0,
dataset6_CLINIC_0045_data,grupo 3,calibracion,nan,concordante,False,nan,default6mm,0.0,hueso,,0,0,0,7.9,106.0,13.1,11.6,-12.0,7.9,-24.0,5.5,-12.0,-9.0,6.9,16.0,184.4,150.2,182.8,0.9522,0.1679,0.2551,0.0,0.0,nan,False,84,214.0,0.381,no,no,no,no,no,no,no,5.4,
dataset6_CLINIC_0045_data,grupo 3,calibracion,nan,concordante,False,nan,default6mm,0.001,hueso,,414,414,0,7.9,106.0,13.1,11.6,-12.0,7.9,-24.0,5.5,-12.0,-9.0,6.9,16.0,184.4,150.2,182.8,0.9522,0.1679,0.2551,0.0,0.0,nan,False,84,214.0,0.381,no,no,no,no,no,no,no,5.3,
dataset6_CLINIC_0045_data,grupo 3,calibracion,nan,concordante,False,nan,default6mm,0.01,hueso,0.001,414,414,0,7.9,106.0,13.1,11.6,-12.0,7.9,-24.0,5.5,-12.0,-9.0,6.9,16.0,184.4,150.2,182.8,0.9522,0.1679,0.2551,0.0,0.0,nan,False,84,214.0,0.381,no,no,no,no,no,no,no,0.0,
dataset6_CLINIC_0045_data,grupo 3,calibracion,nan,concordante,False,nan,default6mm,0.05,hueso,0.001,414,414,0,7.9,106.0,13.1,11.6,-12.0,7.9,-24.0,5.5,-12.0,-9.0,6.9,16.0,184.4,150.2,182.8,0.9522,0.1679,0.2551,0.0,0.0,nan,False,84,214.0,0.381,no,no,no,no,no,no,no,0.0,
dataset6_CLINIC_0045_data,grupo 3,calibracion,nan,concordante,False,nan,robust3mm,0.0,hueso,,0,0,0,9.3,110.0,12.6,11.7,-12.0,9.3,-24.0,6.6,-12.0,-6.0,6.9,11.0,184.4,153.2,182.8,0.9625,0.0842,0.2579,0.0,0.0,nan,False,85,247.0,0.329,no,si,no,si,no,no,no,5.4,
dataset6_CLINIC_0045_data,grupo 3,calibracion,nan,concordante,False,nan,robust3mm,0.001,hueso,,288,288,0,9.3,110.0,12.6,11.7,-12.0,9.3,-24.0,6.6,-12.0,-6.0,6.9,11.0,184.4,153.2,182.8,0.9625,0.0842,0.2579,0.0,0.0,nan,False,85,247.0,0.329,no,si,no,si,no,no,no,5.5,
dataset6_CLINIC_0045_data,grupo 3,calibracion,nan,concordante,False,nan,robust3mm,0.01,hueso,0.001,288,288,0,9.3,110.0,12.6,11.7,-12.0,9.3,-24.0,6.6,-12.0,-6.0,6.9,11.0,184.4,153.2,182.8,0.9625,0.0842,0.2579,0.0,0.0,nan,False,85,247.0,0.329,no,si,no,si,no,no,no,0.0,
dataset6_CLINIC_0045_data,grupo 3,calibracion,nan,concordante,False,nan,robust3mm,0.05,hueso,0.001,288,288,0,9.3,110.0,12.6,11.7,-12.0,9.3,-24.0,6.6,-12.0,-6.0,6.9,11.0,184.4,153.2,182.8,0.9625,0.0842,0.2579,0.0,0.0,nan,False,85,247.0,0.329,no,si,no,si,no,no,no,0.0,
dataset6_CLINIC_0049_data,grupo 3,calibracion,nan,concordante,False,nan,default6mm,0.0,hueso,,0,0,0,10.9,150.0,11.7,11.7,-27.0,10.9,-42.0,6.2,-27.0,-24.0,3.9,0.0,246.4,233.2,162.9,0.9962,0.0,0.0872,0.0,0.0,nan,False,131,199.0,0.389,si,si,si,si,no,si,no,3.4,
dataset6_CLINIC_0049_data,grupo 3,calibracion,nan,concordante,False,nan,default6mm,0.001,hueso,,16,16,0,10.9,150.0,11.7,11.7,-27.0,10.9,-42.0,6.2,-27.0,-24.0,3.9,0.0,246.4,233.2,162.9,0.9962,0.0,0.0872,0.0,0.0,nan,False,131,199.0,0.389,si,si,si,si,no,si,no,2.9,
dataset6_CLINIC_0049_data,grupo 3,calibracion,nan,concordante,False,nan,default6mm,0.01,hueso,,268,268,0,10.9,150.0,11.7,11.7,-27.0,10.9,-42.0,6.2,-27.0,-24.0,3.9,0.0,246.4,233.2,162.9,0.9962,0.0,0.0872,0.0,0.0,nan,False,131,199.0,0.389,si,si,si,si,no,si,no,2.8,
dataset6_CLINIC_0049_data,grupo 3,calibracion,nan,concordante,False,nan,default6mm,0.05,hueso,0.01,268,268,0,10.9,150.0,11.7,11.7,-27.0,10.9,-42.0,6.2,-27.0,-24.0,3.9,0.0,246.4,233.2,162.9,0.9962,0.0,0.0872,0.0,0.0,nan,False,131,199.0,0.389,si,si,si,si,no,si,no,0.0,
dataset6_CLINIC_0049_data,grupo 3,calibracion,nan,concordante,False,nan,robust3mm,0.0,hueso,,0,0,0,11.7,150.0,11.8,12.8,-27.0,11.7,-42.0,6.7,-27.0,-24.0,3.9,0.0,246.4,233.2,162.9,0.9962,0.0,0.0872,0.0,0.0,nan,False,130,197.5,0.392,si,si,si,si,si,si,no,3.0,
dataset6_CLINIC_0049_data,grupo 3,calibracion,nan,concordante,False,nan,robust3mm,0.001,hueso,,8,8,0,11.7,150.0,11.8,12.8,-27.0,11.7,-42.0,6.7,-27.0,-24.0,3.9,0.0,246.4,233.2,162.9,0.9962,0.0,0.0872,0.0,0.0,nan,False,130,197.5,0.392,si,si,si,si,si,si,no,3.2,
dataset6_CLINIC_0049_data,grupo 3,calibracion,nan,concordante,False,nan,robust3mm,0.01,hueso,,300,300,0,11.7,150.0,11.8,12.8,-27.0,11.7,-42.0,6.7,-27.0,-24.0,3.9,0.0,246.4,233.2,162.9,0.9962,0.0,0.0872,0.0,0.0,nan,False,130,197.5,0.392,si,si,si,si,si,si,no,3.2,
dataset6_CLINIC_0049_data,grupo 3,calibracion,nan,concordante,False,nan,robust3mm,0.05,hueso,0.01,300,300,0,11.7,150.0,11.8,12.8,-27.0,11.7,-42.0,6.7,-27.0,-24.0,3.9,0.0,246.4,233.2,162.9,0.9962,0.0,0.0872,0.0,0.0,nan,False,130,197.5,0.392,si,si,si,si,si,si,no,0.0,
dataset6_CLINIC_0036_data,grupo 2,otro,nan,concordante,False,nan,default6mm,0.0,hueso,,0,0,0,13.8,147.0,15.1,14.3,-33.0,13.8,-54.0,6.9,-33.0,-18.0,4.1,0.9,161.7,164.9,166.1,0.9848,-0.1736,0.0,0.0,0.0,nan,False,128,160.0,0.445,si,si,si,si,si,si,si,5.8,
dataset6_CLINIC_0036_data,grupo 2,otro,nan,concordante,False,nan,default6mm,0.001,hueso,,238,238,0,13.8,147.0,15.1,14.3,-33.0,13.8,-54.0,6.9,-33.0,-18.0,4.1,0.9,161.7,164.9,166.1,0.9848,-0.1736,0.0,0.0,0.0,nan,False,128,160.0,0.445,si,si,si,si,si,si,si,5.5,
dataset6_CLINIC_0036_data,grupo 2,otro,nan,concordante,False,nan,default6mm,0.01,hueso,0.001,238,238,0,13.8,147.0,15.1,14.3,-33.0,13.8,-54.0,6.9,-33.0,-18.0,4.1,0.9,161.7,164.9,166.1,0.9848,-0.1736,0.0,0.0,0.0,nan,False,128,160.0,0.445,si,si,si,si,si,si,si,0.0,
dataset6_CLINIC_0036_data,grupo 2,otro,nan,concordante,False,nan,default6mm,0.05,hueso,0.001,238,238,0,13.8,147.0,15.1,14.3,-33.0,13.8,-54.0,6.9,-33.0,-18.0,4.1,0.9,161.7,164.9,166.1,0.9848,-0.1736,0.0,0.0,0.0,nan,False,128,160.0,0.445,si,si,si,si,si,si,si,0.0,
dataset6_CLINIC_0036_data,grupo 2,otro,nan,concordante,False,nan,robust3mm,0.0,hueso,,0,0,0,13.9,147.0,15.3,15.3,-33.0,13.9,-54.0,7.3,-33.0,-18.0,4.1,0.9,161.7,164.9,166.1,0.9848,-0.1736,0.0,0.0,0.0,nan,False,130,159.5,0.454,si,si,si,si,si,si,si,5.8,
dataset6_CLINIC_0036_data,grupo 2,otro,nan,concordante,False,nan,robust3mm,0.001,hueso,,261,261,0,13.9,147.0,15.3,15.3,-33.0,13.9,-54.0,7.3,-33.0,-18.0,4.1,0.9,161.7,164.9,166.1,0.9848,-0.1736,0.0,0.0,0.0,nan,False,130,159.5,0.454,si,si,si,si,si,si,si,5.4,
dataset6_CLINIC_0036_data,grupo 2,otro,nan,concordante,False,nan,robust3mm,0.01,hueso,0.001,261,261,0,13.9,147.0,15.3,15.3,-33.0,13.9,-54.0,7.3,-33.0,-18.0,4.1,0.9,161.7,164.9,166.1,0.9848,-0.1736,0.0,0.0,0.0,nan,False,130,159.5,0.454,si,si,si,si,si,si,si,0.0,
dataset6_CLINIC_0036_data,grupo 2,otro,nan,concordante,False,nan,robust3mm,0.05,hueso,0.001,261,261,0,13.9,147.0,15.3,15.3,-33.0,13.9,-54.0,7.3,-33.0,-18.0,4.1,0.9,161.7,164.9,166.1,0.9848,-0.1736,0.0,0.0,0.0,nan,False,130,159.5,0.454,si,si,si,si,si,si,si,0.0,
dataset6_CLINIC_0044_data,grupo 3,calibracion,nan,concordante,False,nan,default6mm,0.0,hueso,,0,0,0,6.4,135.0,9.8,9.0,-15.0,4.4,-27.0,6.4,-27.0,-27.0,12.3,1.1,219.4,131.0,168.1,0.9812,-0.0858,-0.173,0.0,0.0,nan,False,116,174.0,0.405,no,no,no,no,no,no,no,4.7,
dataset6_CLINIC_0044_data,grupo 3,calibracion,nan,concordante,False,nan,default6mm,0.001,hueso,,252,252,0,6.4,135.0,9.8,9.0,-15.0,4.4,-27.0,6.4,-27.0,-27.0,12.3,1.1,219.4,131.0,168.1,0.9812,-0.0858,-0.173,0.0,0.0,nan,False,116,174.0,0.405,no,no,no,no,no,no,no,4.4,
dataset6_CLINIC_0044_data,grupo 3,calibracion,nan,concordante,False,nan,default6mm,0.01,hueso,,536,536,0,6.4,135.0,9.8,9.0,-15.0,4.4,-27.0,6.4,-27.0,-27.0,12.3,1.1,219.4,131.0,168.1,0.9812,-0.0858,-0.173,0.0,0.0,nan,False,116,174.0,0.405,no,no,no,no,no,no,no,4.4,
dataset6_CLINIC_0044_data,grupo 3,calibracion,nan,concordante,False,nan,default6mm,0.05,hueso,0.01,536,536,0,6.4,135.0,9.8,9.0,-15.0,4.4,-27.0,6.4,-27.0,-27.0,12.3,1.1,219.4,131.0,168.1,0.9812,-0.0858,-0.173,0.0,0.0,nan,False,116,174.0,0.405,no,no,no,no,no,no,no,0.0,
dataset6_CLINIC_0044_data,grupo 3,calibracion,nan,concordante,False,nan,robust3mm,0.0,hueso,,0,0,0,6.7,134.0,8.5,9.6,-15.0,4.4,-30.0,6.7,-30.0,-27.0,7.3,8.9,219.4,131.0,165.1,0.9625,-0.2579,-0.0842,0.0,0.0,nan,False,113,194.0,0.283,no,no,no,no,no,no,no,4.5,
dataset6_CLINIC_0044_data,grupo 3,calibracion,nan,concordante,False,nan,robust3mm,0.001,hueso,,268,268,0,6.7,134.0,8.5,9.6,-15.0,4.4,-30.0,6.7,-30.0,-27.0,7.3,8.9,219.4,131.0,165.1,0.9625,-0.2579,-0.0842,0.0,0.0,nan,False,113,194.0,0.283,no,no,no,no,no,no,no,4.4,
dataset6_CLINIC_0044_data,grupo 3,calibracion,nan,concordante,False,nan,robust3mm,0.01,hueso,,642,642,0,6.7,134.0,8.5,9.6,-15.0,4.4,-30.0,6.7,-30.0,-27.0,7.3,8.9,219.4,131.0,165.1,0.9625,-0.2579,-0.0842,0.0,0.0,nan,False,113,194.0,0.283,no,no,no,no,no,no,no,4.4,
dataset6_CLINIC_0044_data,grupo 3,calibracion,nan,concordante,False,nan,robust3mm,0.05,hueso,0.01,642,642,0,6.7,134.0,8.5,9.6,-15.0,4.4,-30.0,6.7,-30.0,-27.0,7.3,8.9,219.4,131.0,165.1,0.9625,-0.2579,-0.0842,0.0,0.0,nan,False,113,194.0,0.283,no,no,no,no,no,no,no,0.0,
dataset6_CLINIC_0047_data,grupo 3,calibracion,nan,concordante,False,nan,default6mm,0.0,hueso,,0,0,0,3.6,120.0,6.9,3.9,-3.0,3.5,-45.0,3.6,-45.0,-45.0,5.1,4.4,232.5,187.5,155.4,0.9848,0.0,0.1736,0.0,0.0,nan,False,100,87.5,0.63,no,no,no,no,no,no,no,3.9,
dataset6_CLINIC_0047_data,grupo 3,calibracion,nan,concordante,False,nan,default6mm,0.001,hueso,,443,443,0,3.6,120.0,6.9,3.9,-3.0,3.5,-45.0,3.6,-45.0,-45.0,5.1,4.4,232.5,187.5,155.4,0.9848,0.0,0.1736,0.0,0.0,nan,False,100,87.5,0.63,no,no,no,no,no,no,no,3.6,
dataset6_CLINIC_0047_data,grupo 3,calibracion,nan,concordante,False,nan,default6mm,0.01,hueso,,630,630,0,3.6,120.0,6.9,3.9,-3.0,3.5,-45.0,3.6,-45.0,-45.0,5.1,4.4,232.5,187.5,155.4,0.9848,0.0,0.1736,0.0,0.0,nan,False,100,87.5,0.63,no,no,no,no,no,no,no,3.5,
dataset6_CLINIC_0047_data,grupo 3,calibracion,nan,concordante,False,nan,default6mm,0.05,hueso,0.01,630,630,0,3.6,120.0,6.9,3.9,-3.0,3.5,-45.0,3.6,-45.0,-45.0,5.1,4.4,232.5,187.5,155.4,0.9848,0.0,0.1736,0.0,0.0,nan,False,100,87.5,0.63,no,no,no,no,no,no,no,0.0,
dataset6_CLINIC_0047_data,grupo 3,calibracion,nan,concordante,False,nan,robust3mm,0.0,hueso,,0,0,0,3.5,117.0,6.3,3.6,-15.0,3.2,-45.0,3.5,-45.0,-45.0,5.1,9.4,232.5,187.5,155.4,0.9812,0.0858,0.173,0.0,0.0,nan,False,95,105.0,0.579,no,no,no,no,no,no,no,3.7,
dataset6_CLINIC_0047_data,grupo 3,calibracion,nan,concordante,False,nan,robust3mm,0.001,hueso,,614,614,0,3.5,117.0,6.3,3.6,-15.0,3.2,-45.0,3.5,-45.0,-45.0,5.1,9.4,232.5,187.5,155.4,0.9812,0.0858,0.173,0.0,0.0,nan,False,95,105.0,0.579,no,no,no,no,no,no,no,3.6,
dataset6_CLINIC_0047_data,grupo 3,calibracion,nan,concordante,False,nan,robust3mm,0.01,hueso,,1530,1530,0,3.5,117.0,6.3,3.6,-15.0,3.2,-45.0,3.5,-45.0,-45.0,5.1,9.4,232.5,187.5,155.4,0.9812,0.0858,0.173,0.0,0.0,nan,False,95,105.0,0.579,no,no,no,no,no,no,no,3.6,
dataset6_CLINIC_0047_data,grupo 3,calibracion,nan,concordante,False,nan,robust3mm,0.05,hueso,0.01,1530,1530,0,3.5,117.0,6.3,3.6,-15.0,3.2,-45.0,3.5,-45.0,-45.0,5.1,9.4,232.5,187.5,155.4,0.9812,0.0858,0.173,0.0,0.0,nan,False,95,105.0,0.579,no,no,no,no,no,no,no,0.0,
dataset6_CLINIC_0041_data,grupo 2,otro,nan,concordante,False,nan,default6mm,0.0,hueso,,0,0,0,7.7,145.0,9.3,10.1,-18.0,7.7,-30.0,4.4,-18.0,-21.0,0.5,0.0,182.9,186.6,148.5,1.0,0.0,0.0,0.0,0.0,nan,False,126,120.5,0.571,no,no,no,no,no,no,no,4.6,
dataset6_CLINIC_0041_data,grupo 2,otro,nan,concordante,False,nan,default6mm,0.001,hueso,,28,28,0,7.7,145.0,9.3,10.1,-18.0,7.7,-30.0,4.4,-18.0,-21.0,0.5,0.0,182.9,186.6,148.5,1.0,0.0,0.0,0.0,0.0,nan,False,126,120.5,0.571,no,no,no,no,no,no,no,4.2,
dataset6_CLINIC_0041_data,grupo 2,otro,nan,concordante,False,nan,default6mm,0.01,hueso,,428,428,0,7.7,145.0,9.3,10.1,-18.0,7.7,-30.0,4.4,-18.0,-21.0,0.5,0.0,182.9,186.6,148.5,1.0,0.0,0.0,0.0,0.0,nan,False,126,120.5,0.571,no,no,no,no,no,no,no,4.2,
dataset6_CLINIC_0041_data,grupo 2,otro,nan,concordante,False,nan,default6mm,0.05,hueso,0.01,428,428,0,7.7,145.0,9.3,10.1,-18.0,7.7,-30.0,4.4,-18.0,-21.0,0.5,0.0,182.9,186.6,148.5,1.0,0.0,0.0,0.0,0.0,nan,False,126,120.5,0.571,no,no,no,no,no,no,no,0.0,
dataset6_CLINIC_0041_data,grupo 2,otro,nan,concordante,False,nan,robust3mm,0.0,hueso,,0,0,0,7.6,145.0,9.0,9.6,-3.0,7.5,-18.0,7.6,-18.0,-21.0,0.5,0.0,182.9,186.6,148.5,1.0,0.0,0.0,0.0,0.0,nan,False,126,120.5,0.571,no,no,no,no,no,no,no,4.1,
dataset6_CLINIC_0041_data,grupo 2,otro,nan,concordante,False,nan,robust3mm,0.001,hueso,,8,8,0,7.6,145.0,9.0,9.6,-3.0,7.5,-18.0,7.6,-18.0,-21.0,0.5,0.0,182.9,186.6,148.5,1.0,0.0,0.0,0.0,0.0,nan,False,126,120.5,0.571,no,no,no,no,no,no,no,4.2,
dataset6_CLINIC_0041_data,grupo 2,otro,nan,concordante,False,nan,robust3mm,0.01,hueso,0.001,8,8,0,7.6,145.0,9.0,9.6,-3.0,7.5,-18.0,7.6,-18.0,-21.0,0.5,0.0,182.9,186.6,148.5,1.0,0.0,0.0,0.0,0.0,nan,False,126,120.5,0.571,no,no,no,no,no,no,no,0.0,
dataset6_CLINIC_0041_data,grupo 2,otro,nan,concordante,False,nan,robust3mm,0.05,hueso,0.001,8,8,0,7.6,145.0,9.0,9.6,-3.0,7.5,-18.0,7.6,-18.0,-21.0,0.5,0.0,182.9,186.6,148.5,1.0,0.0,0.0,0.0,0.0,nan,False,126,120.5,0.571,no,no,no,no,no,no,no,0.0,
dataset6_CLINIC_0055_data,grupo 3,calibracion,nan,concordante,False,nan,default6mm,0.0,hueso,,0,0,0,13.9,156.0,15.8,15.6,-12.0,13.9,-33.0,10.1,-12.0,-6.0,3.7,2.2,240.6,227.8,223.2,0.9962,-0.0872,0.0,0.0,0.0,nan,False,139,182.0,0.396,si,si,si,si,si,si,si,3.7,
dataset6_CLINIC_0055_data,grupo 3,calibracion,nan,concordante,False,nan,default6mm,0.001,hueso,,20,20,0,13.9,156.0,15.8,15.6,-12.0,13.9,-33.0,10.1,-12.0,-6.0,3.7,2.2,240.6,227.8,223.2,0.9962,-0.0872,0.0,0.0,0.0,nan,False,139,182.0,0.396,si,si,si,si,si,si,si,3.5,
dataset6_CLINIC_0055_data,grupo 3,calibracion,nan,concordante,False,nan,default6mm,0.01,hueso,0.001,20,20,0,13.9,156.0,15.8,15.6,-12.0,13.9,-33.0,10.1,-12.0,-6.0,3.7,2.2,240.6,227.8,223.2,0.9962,-0.0872,0.0,0.0,0.0,nan,False,139,182.0,0.396,si,si,si,si,si,si,si,0.0,
dataset6_CLINIC_0055_data,grupo 3,calibracion,nan,concordante,False,nan,default6mm,0.05,hueso,0.001,20,20,0,13.9,156.0,15.8,15.6,-12.0,13.9,-33.0,10.1,-12.0,-6.0,3.7,2.2,240.6,227.8,223.2,0.9962,-0.0872,0.0,0.0,0.0,nan,False,139,182.0,0.396,si,si,si,si,si,si,si,0.0,
dataset6_CLINIC_0055_data,grupo 3,calibracion,nan,concordante,False,nan,robust3mm,0.0,hueso,,0,0,0,13.6,156.0,15.7,15.5,-12.0,13.6,-33.0,10.3,-12.0,-6.0,3.7,2.2,240.6,227.8,223.2,0.9962,-0.0872,0.0,0.0,0.0,nan,False,136,183.0,0.382,si,si,si,si,si,si,si,3.4,
dataset6_CLINIC_0055_data,grupo 3,calibracion,nan,concordante,False,nan,robust3mm,0.001,hueso,,26,26,0,13.6,156.0,15.7,15.5,-12.0,13.6,-33.0,10.3,-12.0,-6.0,3.7,2.2,240.6,227.8,223.2,0.9962,-0.0872,0.0,0.0,0.0,nan,False,136,183.0,0.382,si,si,si,si,si,si,si,3.2,
dataset6_CLINIC_0055_data,grupo 3,calibracion,nan,concordante,False,nan,robust3mm,0.01,hueso,0.001,26,26,0,13.6,156.0,15.7,15.5,-12.0,13.6,-33.0,10.3,-12.0,-6.0,3.7,2.2,240.6,227.8,223.2,0.9962,-0.0872,0.0,0.0,0.0,nan,False,136,183.0,0.382,si,si,si,si,si,si,si,0.0,
dataset6_CLINIC_0055_data,grupo 3,calibracion,nan,concordante,False,nan,robust3mm,0.05,hueso,0.001,26,26,0,13.6,156.0,15.7,15.5,-12.0,13.6,-33.0,10.3,-12.0,-6.0,3.7,2.2,240.6,227.8,223.2,0.9962,-0.0872,0.0,0.0,0.0,nan,False,136,183.0,0.382,si,si,si,si,si,si,si,0.0,
dataset6_CLINIC_0057_data,grupo 3,calibracion,nan,R1 arriba de TS,False,nan,default6mm,0.0,hueso,,0,0,0,0.0,nan,0.0,0.0,,,,,,,,,,,,,,,,,,,,,,no,no,no,no,no,no,no,3.6,
dataset6_CLINIC_0057_data,grupo 3,calibracion,nan,R1 arriba de TS,False,nan,default6mm,0.001,hueso,,108,108,0,0.0,nan,0.0,0.0,,,,,,,,,,,,,,,,,,,,,,no,no,no,no,no,no,no,3.3,
dataset6_CLINIC_0057_data,grupo 3,calibracion,nan,R1 arriba de TS,False,nan,default6mm,0.01,hueso,0.001,108,108,0,0.0,nan,0.0,0.0,,,,,,,,,,,,,,,,,,,,,,no,no,no,no,no,no,no,0.0,
dataset6_CLINIC_0057_data,grupo 3,calibracion,nan,R1 arriba de TS,False,nan,default6mm,0.05,hueso,0.001,108,108,0,0.0,nan,0.0,0.0,,,,,,,,,,,,,,,,,,,,,,no,no,no,no,no,no,no,0.0,
dataset6_CLINIC_0057_data,grupo 3,calibracion,nan,R1 arriba de TS,False,nan,robust3mm,0.0,hueso,,0,0,0,0.0,nan,0.0,0.0,,,,,,,,,,,,,,,,,,,,,,no,no,no,no,no,no,no,3.3,
dataset6_CLINIC_0057_data,grupo 3,calibracion,nan,R1 arriba de TS,False,nan,robust3mm,0.001,hueso,,168,168,0,0.0,nan,0.0,0.0,,,,,,,,,,,,,,,,,,,,,,no,no,no,no,no,no,no,3.2,
dataset6_CLINIC_0057_data,grupo 3,calibracion,nan,R1 arriba de TS,False,nan,robust3mm,0.01,hueso,0.001,168,168,0,0.0,nan,0.0,0.0,,,,,,,,,,,,,,,,,,,,,,no,no,no,no,no,no,no,0.0,
dataset6_CLINIC_0057_data,grupo 3,calibracion,nan,R1 arriba de TS,False,nan,robust3mm,0.05,hueso,0.001,168,168,0,0.0,nan,0.0,0.0,,,,,,,,,,,,,,,,,,,,,,no,no,no,no,no,no,no,0.0,
dataset6_CLINIC_0052_data,grupo 2,otro,nan,concordante,False,nan,default6mm,0.0,hueso,,0,0,0,9.5,155.0,12.5,12.7,-15.0,9.5,-27.0,7.9,-15.0,-6.0,4.8,3.4,200.4,196.0,174.8,1.0,0.0,0.0,0.0,0.0,nan,False,138,143.5,0.514,no,si,no,si,no,no,no,4.4,
dataset6_CLINIC_0052_data,grupo 2,otro,nan,concordante,False,nan,default6mm,0.001,hueso,,154,154,0,9.5,155.0,12.5,12.7,-15.0,9.5,-27.0,7.9,-15.0,-6.0,4.8,3.4,200.4,196.0,174.8,1.0,0.0,0.0,0.0,0.0,nan,False,138,143.5,0.514,no,si,no,si,no,no,no,3.9,
dataset6_CLINIC_0052_data,grupo 2,otro,nan,concordante,False,nan,default6mm,0.01,hueso,0.001,154,154,0,9.5,155.0,12.5,12.7,-15.0,9.5,-27.0,7.9,-15.0,-6.0,4.8,3.4,200.4,196.0,174.8,1.0,0.0,0.0,0.0,0.0,nan,False,138,143.5,0.514,no,si,no,si,no,no,no,0.0,
dataset6_CLINIC_0052_data,grupo 2,otro,nan,concordante,False,nan,default6mm,0.05,hueso,0.001,154,154,0,9.5,155.0,12.5,12.7,-15.0,9.5,-27.0,7.9,-15.0,-6.0,4.8,3.4,200.4,196.0,174.8,1.0,0.0,0.0,0.0,0.0,nan,False,138,143.5,0.514,no,si,no,si,no,no,no,0.0,
dataset6_CLINIC_0052_data,grupo 2,otro,nan,concordante,False,nan,robust3mm,0.0,hueso,,0,0,0,9.6,154.0,12.5,12.8,-15.0,9.6,,,-15.0,-6.0,4.8,3.4,200.4,196.0,174.8,1.0,0.0,0.0,0.0,0.0,nan,False,138,141.5,0.522,no,si,no,si,no,no,no,4.0,
dataset6_CLINIC_0052_data,grupo 2,otro,nan,concordante,False,nan,robust3mm,0.001,hueso,,350,350,0,9.6,154.0,12.5,12.8,-15.0,9.6,,,-15.0,-6.0,4.8,3.4,200.4,196.0,174.8,1.0,0.0,0.0,0.0,0.0,nan,False,138,141.5,0.522,no,si,no,si,no,no,no,4.2,
dataset6_CLINIC_0052_data,grupo 2,otro,nan,concordante,False,nan,robust3mm,0.01,hueso,0.001,350,350,0,9.6,154.0,12.5,12.8,-15.0,9.6,,,-15.0,-6.0,4.8,3.4,200.4,196.0,174.8,1.0,0.0,0.0,0.0,0.0,nan,False,138,141.5,0.522,no,si,no,si,no,no,no,0.0,
dataset6_CLINIC_0052_data,grupo 2,otro,nan,concordante,False,nan,robust3mm,0.05,hueso,0.001,350,350,0,9.6,154.0,12.5,12.8,-15.0,9.6,,,-15.0,-6.0,4.8,3.4,200.4,196.0,174.8,1.0,0.0,0.0,0.0,0.0,nan,False,138,141.5,0.522,no,si,no,si,no,no,no,0.0,
dataset6_CLINIC_0054_data,grupo 2,otro,nan,R1 arriba de TS,False,nan,default6mm,0.0,hueso,,0,0,0,12.9,109.0,15.7,15.6,-30.0,12.9,,,-30.0,-21.0,13.2,2.3,197.5,168.6,197.7,0.9812,0.0858,0.173,0.0,0.0,nan,False,75,240.0,0.24,si,si,si,si,si,si,si,4.1,
dataset6_CLINIC_0054_data,grupo 2,otro,nan,R1 arriba de TS,False,nan,default6mm,0.001,hueso,,108,108,0,12.9,109.0,15.7,15.6,-30.0,12.9,,,-30.0,-21.0,13.2,2.3,197.5,168.6,197.7,0.9812,0.0858,0.173,0.0,0.0,nan,False,75,240.0,0.24,si,si,si,si,si,si,si,3.8,
dataset6_CLINIC_0054_data,grupo 2,otro,nan,R1 arriba de TS,False,nan,default6mm,0.01,hueso,,2844,2668,0,12.9,109.0,15.7,15.6,-30.0,12.9,,,-30.0,-21.0,13.2,2.3,197.5,168.6,197.7,0.9812,0.0858,0.173,0.0,0.0,nan,False,75,240.0,0.24,si,si,si,si,si,si,si,3.8,
dataset6_CLINIC_0054_data,grupo 2,otro,nan,R1 arriba de TS,False,nan,default6mm,0.05,hueso,0.01,2844,2668,0,12.9,109.0,15.7,15.6,-30.0,12.9,,,-30.0,-21.0,13.2,2.3,197.5,168.6,197.7,0.9812,0.0858,0.173,0.0,0.0,nan,False,75,240.0,0.24,si,si,si,si,si,si,si,0.0,
dataset6_CLINIC_0054_data,grupo 2,otro,nan,R1 arriba de TS,False,nan,robust3mm,0.0,hueso,,0,0,0,12.1,109.0,15.7,16.4,-30.0,12.1,,,-30.0,-21.0,13.2,2.3,197.5,168.6,197.7,0.9812,0.0858,0.173,0.0,0.0,nan,False,75,240.0,0.24,si,si,si,si,si,si,si,3.8,
dataset6_CLINIC_0054_data,grupo 2,otro,nan,R1 arriba de TS,False,nan,robust3mm,0.001,hueso,,192,192,0,12.1,109.0,15.7,16.4,-30.0,12.1,,,-30.0,-21.0,13.2,2.3,197.5,168.6,197.7,0.9812,0.0858,0.173,0.0,0.0,nan,False,75,240.0,0.24,si,si,si,si,si,si,si,3.9,
dataset6_CLINIC_0054_data,grupo 2,otro,nan,R1 arriba de TS,False,nan,robust3mm,0.01,hueso,,1340,1236,0,12.1,109.0,15.7,16.4,-30.0,12.1,,,-30.0,-21.0,13.2,2.3,197.5,168.6,197.7,0.9812,0.0858,0.173,0.0,0.0,nan,False,75,240.0,0.24,si,si,si,si,si,si,si,3.9,
dataset6_CLINIC_0054_data,grupo 2,otro,nan,R1 arriba de TS,False,nan,robust3mm,0.05,hueso,0.01,1340,1236,0,12.1,109.0,15.7,16.4,-30.0,12.1,,,-30.0,-21.0,13.2,2.3,197.5,168.6,197.7,0.9812,0.0858,0.173,0.0,0.0,nan,False,75,240.0,0.24,si,si,si,si,si,si,si,0.0,
dataset6_CLINIC_0053_data,grupo 2,otro,nan,R1 arriba de TS,False,nan,default6mm,0.0,hueso,,0,0,0,4.7,178.0,4.7,12.3,-36.0,4.7,,,-36.0,-30.0,8.0,17.1,218.7,188.7,173.8,0.9703,0.1711,-0.1711,0.0,0.0,nan,False,161,273.0,0.174,no,no,no,no,no,no,no,3.6,
dataset6_CLINIC_0053_data,grupo 2,otro,nan,R1 arriba de TS,False,nan,default6mm,0.001,hueso,,154,154,0,4.7,178.0,4.7,12.3,-36.0,4.7,,,-36.0,-30.0,8.0,17.1,218.7,188.7,173.8,0.9703,0.1711,-0.1711,0.0,0.0,nan,False,161,273.0,0.174,no,no,no,no,no,no,no,3.3,
dataset6_CLINIC_0053_data,grupo 2,otro,nan,R1 arriba de TS,False,nan,default6mm,0.01,hueso,,410,410,0,4.7,178.0,4.7,12.3,-36.0,4.7,,,-36.0,-30.0,8.0,17.1,218.7,188.7,173.8,0.9703,0.1711,-0.1711,0.0,0.0,nan,False,161,273.0,0.174,no,no,no,no,no,no,no,3.2,
dataset6_CLINIC_0053_data,grupo 2,otro,nan,R1 arriba de TS,False,nan,default6mm,0.05,hueso,,2238,2238,0,4.7,178.0,4.7,12.3,-36.0,4.7,,,-36.0,-30.0,8.0,17.1,218.7,188.7,173.8,0.9703,0.1711,-0.1711,0.0,0.0,nan,False,161,273.0,0.174,no,no,no,no,no,no,no,3.2,
dataset6_CLINIC_0053_data,grupo 2,otro,nan,R1 arriba de TS,False,nan,robust3mm,0.0,hueso,,0,0,0,4.9,177.0,4.9,14.0,-36.0,4.9,,,-36.0,-30.0,8.0,17.1,218.7,188.7,173.8,0.9703,0.1711,-0.1711,0.0,0.0,nan,False,155,270.0,0.168,no,no,no,no,no,no,no,3.3,
dataset6_CLINIC_0053_data,grupo 2,otro,nan,R1 arriba de TS,False,nan,robust3mm,0.001,hueso,,106,106,0,4.9,177.0,4.9,14.0,-36.0,4.9,,,-36.0,-30.0,8.0,17.1,218.7,188.7,173.8,0.9703,0.1711,-0.1711,0.0,0.0,nan,False,155,270.0,0.168,no,no,no,no,no,no,no,3.3,
dataset6_CLINIC_0053_data,grupo 2,otro,nan,R1 arriba de TS,False,nan,robust3mm,0.01,hueso,,482,482,0,4.9,177.0,4.9,14.0,-36.0,4.9,,,-36.0,-30.0,8.0,17.1,218.7,188.7,173.8,0.9703,0.1711,-0.1711,0.0,0.0,nan,False,155,270.0,0.168,no,no,no,no,no,no,no,3.3,
dataset6_CLINIC_0053_data,grupo 2,otro,nan,R1 arriba de TS,False,nan,robust3mm,0.05,hueso,,2189,2189,0,4.9,177.0,4.9,14.0,-36.0,4.9,,,-36.0,-30.0,8.0,17.1,218.7,188.7,173.8,0.9703,0.1711,-0.1711,0.0,0.0,nan,False,155,270.0,0.168,no,no,no,no,no,no,no,3.1,
dataset6_CLINIC_0063_data,grupo 3,calibracion,nan,concordante,False,nan,default6mm,0.0,hueso,,0,0,0,15.2,156.0,16.7,16.3,-18.0,15.2,-36.0,10.3,-18.0,-9.0,2.8,1.3,252.3,228.7,176.4,0.9962,0.0,0.0872,0.0,0.0,nan,False,137,155.0,0.496,si,si,si,si,si,si,si,3.5,
dataset6_CLINIC_0063_data,grupo 3,calibracion,nan,concordante,False,nan,default6mm,0.001,hueso,,96,96,0,15.2,156.0,16.7,16.3,-18.0,15.2,-36.0,10.3,-18.0,-9.0,2.8,1.3,252.3,228.7,176.4,0.9962,0.0,0.0872,0.0,0.0,nan,False,137,155.0,0.496,si,si,si,si,si,si,si,3.4,
dataset6_CLINIC_0063_data,grupo 3,calibracion,nan,concordante,False,nan,default6mm,0.01,hueso,0.001,96,96,0,15.2,156.0,16.7,16.3,-18.0,15.2,-36.0,10.3,-18.0,-9.0,2.8,1.3,252.3,228.7,176.4,0.9962,0.0,0.0872,0.0,0.0,nan,False,137,155.0,0.496,si,si,si,si,si,si,si,0.0,
dataset6_CLINIC_0063_data,grupo 3,calibracion,nan,concordante,False,nan,default6mm,0.05,hueso,0.001,96,96,0,15.2,156.0,16.7,16.3,-18.0,15.2,-36.0,10.3,-18.0,-9.0,2.8,1.3,252.3,228.7,176.4,0.9962,0.0,0.0872,0.0,0.0,nan,False,137,155.0,0.496,si,si,si,si,si,si,si,0.0,
dataset6_CLINIC_0063_data,grupo 3,calibracion,nan,concordante,False,nan,robust3mm,0.0,hueso,,0,0,0,15.2,156.0,15.9,16.7,-18.0,15.2,-36.0,9.9,-18.0,-9.0,2.8,1.3,252.3,228.7,176.4,0.9962,0.0,0.0872,0.0,0.0,nan,False,137,155.0,0.496,si,si,si,si,si,si,si,3.4,
dataset6_CLINIC_0063_data,grupo 3,calibracion,nan,concordante,False,nan,robust3mm,0.001,hueso,,90,90,0,15.2,156.0,15.9,16.7,-18.0,15.2,-36.0,9.9,-18.0,-9.0,2.8,1.3,252.3,228.7,176.4,0.9962,0.0,0.0872,0.0,0.0,nan,False,137,155.0,0.496,si,si,si,si,si,si,si,3.1,
dataset6_CLINIC_0063_data,grupo 3,calibracion,nan,concordante,False,nan,robust3mm,0.01,hueso,0.001,90,90,0,15.2,156.0,15.9,16.7,-18.0,15.2,-36.0,9.9,-18.0,-9.0,2.8,1.3,252.3,228.7,176.4,0.9962,0.0,0.0872,0.0,0.0,nan,False,137,155.0,0.496,si,si,si,si,si,si,si,0.0,
dataset6_CLINIC_0063_data,grupo 3,calibracion,nan,concordante,False,nan,robust3mm,0.05,hueso,0.001,90,90,0,15.2,156.0,15.9,16.7,-18.0,15.2,-36.0,9.9,-18.0,-9.0,2.8,1.3,252.3,228.7,176.4,0.9962,0.0,0.0872,0.0,0.0,nan,False,137,155.0,0.496,si,si,si,si,si,si,si,0.0,
dataset6_CLINIC_0066_data,grupo 2,calibracion,nan,concordante,False,nan,default6mm,0.0,hueso,,0,0,0,8.9,110.0,14.6,9.5,-3.0,6.0,-21.0,8.9,-21.0,-18.0,14.6,20.1,233.0,203.6,188.6,0.9113,-0.2442,-0.3317,0.0,0.0,nan,False,85,177.0,0.282,no,si,no,no,no,no,no,3.7,
dataset6_CLINIC_0066_data,grupo 2,calibracion,nan,concordante,False,nan,default6mm,0.001,hueso,,40,40,0,8.9,110.0,14.6,9.5,-3.0,6.0,-21.0,8.9,-21.0,-18.0,14.6,20.1,233.0,203.6,188.6,0.9113,-0.2442,-0.3317,0.0,0.0,nan,False,85,177.0,0.282,no,si,no,no,no,no,no,3.2,
dataset6_CLINIC_0066_data,grupo 2,calibracion,nan,concordante,False,nan,default6mm,0.01,hueso,0.001,40,40,0,8.9,110.0,14.6,9.5,-3.0,6.0,-21.0,8.9,-21.0,-18.0,14.6,20.1,233.0,203.6,188.6,0.9113,-0.2442,-0.3317,0.0,0.0,nan,False,85,177.0,0.282,no,si,no,no,no,no,no,0.0,
dataset6_CLINIC_0066_data,grupo 2,calibracion,nan,concordante,False,nan,default6mm,0.05,hueso,0.001,40,40,0,8.9,110.0,14.6,9.5,-3.0,6.0,-21.0,8.9,-21.0,-18.0,14.6,20.1,233.0,203.6,188.6,0.9113,-0.2442,-0.3317,0.0,0.0,nan,False,85,177.0,0.282,no,si,no,no,no,no,no,0.0,
dataset6_CLINIC_0066_data,grupo 2,calibracion,nan,concordante,False,nan,robust3mm,0.0,hueso,,0,0,0,8.9,110.0,15.9,8.9,-6.0,5.1,-21.0,8.9,-21.0,-18.0,14.6,20.1,233.0,203.6,188.6,0.9113,-0.2442,-0.3317,0.0,0.0,nan,False,85,177.0,0.282,no,si,no,no,no,no,no,3.3,
dataset6_CLINIC_0066_data,grupo 2,calibracion,nan,concordante,False,nan,robust3mm,0.001,hueso,,16,16,0,8.9,110.0,15.9,8.9,-6.0,5.1,-21.0,8.9,-21.0,-18.0,14.6,20.1,233.0,203.6,188.6,0.9113,-0.2442,-0.3317,0.0,0.0,nan,False,85,177.0,0.282,no,si,no,no,no,no,no,3.5,
dataset6_CLINIC_0066_data,grupo 2,calibracion,nan,concordante,False,nan,robust3mm,0.01,hueso,0.001,16,16,0,8.9,110.0,15.9,8.9,-6.0,5.1,-21.0,8.9,-21.0,-18.0,14.6,20.1,233.0,203.6,188.6,0.9113,-0.2442,-0.3317,0.0,0.0,nan,False,85,177.0,0.282,no,si,no,no,no,no,no,0.0,
dataset6_CLINIC_0066_data,grupo 2,calibracion,nan,concordante,False,nan,robust3mm,0.05,hueso,0.001,16,16,0,8.9,110.0,15.9,8.9,-6.0,5.1,-21.0,8.9,-21.0,-18.0,14.6,20.1,233.0,203.6,188.6,0.9113,-0.2442,-0.3317,0.0,0.0,nan,False,85,177.0,0.282,no,si,no,no,no,no,no,0.0,
dataset6_CLINIC_0059_data,grupo 3,calibracion,nan,concordante,False,nan,default6mm,0.0,hueso,,0,0,0,11.8,66.0,13.2,13.3,-6.0,11.8,-33.0,11.1,-6.0,-6.0,7.8,2.1,200.6,180.5,186.8,0.9924,-0.0868,0.0868,0.0,0.0,nan,False,51,213.0,0.235,si,si,si,si,si,si,no,4.7,
dataset6_CLINIC_0059_data,grupo 3,calibracion,nan,concordante,False,nan,default6mm,0.001,hueso,,432,432,0,11.8,66.0,13.2,13.3,-6.0,11.8,-33.0,11.1,-6.0,-6.0,7.8,2.1,200.6,180.5,186.8,0.9924,-0.0868,0.0868,0.0,0.0,nan,False,51,213.0,0.235,si,si,si,si,si,si,no,4.8,
dataset6_CLINIC_0059_data,grupo 3,calibracion,nan,concordante,False,nan,default6mm,0.01,hueso,0.001,432,432,0,11.8,66.0,13.2,13.3,-6.0,11.8,-33.0,11.1,-6.0,-6.0,7.8,2.1,200.6,180.5,186.8,0.9924,-0.0868,0.0868,0.0,0.0,nan,False,51,213.0,0.235,si,si,si,si,si,si,no,0.0,
dataset6_CLINIC_0059_data,grupo 3,calibracion,nan,concordante,False,nan,default6mm,0.05,hueso,0.001,432,432,0,11.8,66.0,13.2,13.3,-6.0,11.8,-33.0,11.1,-6.0,-6.0,7.8,2.1,200.6,180.5,186.8,0.9924,-0.0868,0.0868,0.0,0.0,nan,False,51,213.0,0.235,si,si,si,si,si,si,no,0.0,
dataset6_CLINIC_0059_data,grupo 3,calibracion,nan,concordante,False,nan,robust3mm,0.0,hueso,,0,0,0,11.5,66.0,12.5,12.6,-6.0,11.5,-33.0,10.9,-6.0,-6.0,7.8,2.1,200.6,180.5,186.8,0.9924,-0.0868,0.0868,0.0,0.0,nan,False,51,213.0,0.235,si,si,si,si,si,si,no,4.7,
dataset6_CLINIC_0059_data,grupo 3,calibracion,nan,concordante,False,nan,robust3mm,0.001,hueso,,416,416,0,11.5,66.0,12.5,12.6,-6.0,11.5,-33.0,10.9,-6.0,-6.0,7.8,2.1,200.6,180.5,186.8,0.9924,-0.0868,0.0868,0.0,0.0,nan,False,51,213.0,0.235,si,si,si,si,si,si,no,4.6,
dataset6_CLINIC_0059_data,grupo 3,calibracion,nan,concordante,False,nan,robust3mm,0.01,hueso,0.001,416,416,0,11.5,66.0,12.5,12.6,-6.0,11.5,-33.0,10.9,-6.0,-6.0,7.8,2.1,200.6,180.5,186.8,0.9924,-0.0868,0.0868,0.0,0.0,nan,False,51,213.0,0.235,si,si,si,si,si,si,no,0.0,
dataset6_CLINIC_0059_data,grupo 3,calibracion,nan,concordante,False,nan,robust3mm,0.05,hueso,0.001,416,416,0,11.5,66.0,12.5,12.6,-6.0,11.5,-33.0,10.9,-6.0,-6.0,7.8,2.1,200.6,180.5,186.8,0.9924,-0.0868,0.0868,0.0,0.0,nan,False,51,213.0,0.235,si,si,si,si,si,si,no,0.0,
dataset6_CLINIC_0069_data,grupo 2,otro,nan,R1 arriba de TS,False,nan,default6mm,0.0,hueso,,0,0,0,10.5,127.0,13.1,13.8,-48.0,10.5,-69.0,9.9,-48.0,-24.0,9.9,3.8,253.7,216.6,188.0,0.9812,-0.0858,-0.173,0.0,0.0,nan,False,96,184.5,0.375,si,si,si,si,no,si,no,3.4,
dataset6_CLINIC_0069_data,grupo 2,otro,nan,R1 arriba de TS,False,nan,default6mm,0.001,hueso,,70,70,0,10.5,127.0,13.1,13.8,-48.0,10.5,-69.0,9.9,-48.0,-24.0,9.9,3.8,253.7,216.6,188.0,0.9812,-0.0858,-0.173,0.0,0.0,nan,False,96,184.5,0.375,si,si,si,si,no,si,no,3.2,
dataset6_CLINIC_0069_data,grupo 2,otro,nan,R1 arriba de TS,False,nan,default6mm,0.01,hueso,0.001,2385,70,0,10.5,127.0,13.1,13.8,-48.0,10.5,-69.0,9.9,-48.0,-24.0,9.9,3.8,253.7,216.6,188.0,0.9812,-0.0858,-0.173,0.0,0.0,nan,False,96,184.5,0.375,si,si,si,si,no,si,no,0.0,
dataset6_CLINIC_0069_data,grupo 2,otro,nan,R1 arriba de TS,False,nan,default6mm,0.05,hueso,0.001,2385,70,0,10.5,127.0,13.1,13.8,-48.0,10.5,-69.0,9.9,-48.0,-24.0,9.9,3.8,253.7,216.6,188.0,0.9812,-0.0858,-0.173,0.0,0.0,nan,False,96,184.5,0.375,si,si,si,si,no,si,no,0.0,
dataset6_CLINIC_0069_data,grupo 2,otro,nan,R1 arriba de TS,False,nan,robust3mm,0.0,hueso,,0,0,0,11.0,157.0,13.8,13.9,-48.0,10.5,-69.0,11.0,-69.0,-45.0,5.1,3.8,253.7,195.6,167.0,0.9924,-0.0868,0.0868,0.0,0.0,nan,False,139,108.0,0.676,si,si,si,si,no,si,no,3.2,
dataset6_CLINIC_0069_data,grupo 2,otro,nan,R1 arriba de TS,False,nan,robust3mm,0.001,hueso,,68,68,0,11.0,157.0,13.8,13.9,-48.0,10.5,-69.0,11.0,-69.0,-45.0,5.1,3.8,253.7,195.6,167.0,0.9924,-0.0868,0.0868,0.0,0.0,nan,False,139,108.0,0.676,si,si,si,si,no,si,no,3.2,
dataset6_CLINIC_0069_data,grupo 2,otro,nan,R1 arriba de TS,False,nan,robust3mm,0.01,hueso,0.001,68,68,0,11.0,157.0,13.8,13.9,-48.0,10.5,-69.0,11.0,-69.0,-45.0,5.1,3.8,253.7,195.6,167.0,0.9924,-0.0868,0.0868,0.0,0.0,nan,False,139,108.0,0.676,si,si,si,si,no,si,no,0.0,
dataset6_CLINIC_0069_data,grupo 2,otro,nan,R1 arriba de TS,False,nan,robust3mm,0.05,hueso,0.001,68,68,0,11.0,157.0,13.8,13.9,-48.0,10.5,-69.0,11.0,-69.0,-45.0,5.1,3.8,253.7,195.6,167.0,0.9924,-0.0868,0.0868,0.0,0.0,nan,False,139,108.0,0.676,si,si,si,si,no,si,no,0.0,
dataset6_CLINIC_0064_data,grupo 3,calibracion,nan,concordante,False,nan,default6mm,0.0,hueso,,0,0,0,9.4,133.0,12.1,12.3,-30.0,9.4,-45.0,5.0,-30.0,-27.0,3.5,1.3,213.9,143.0,156.0,0.9962,0.0872,0.0,0.0,0.0,nan,False,116,166.5,0.466,no,si,no,si,no,no,no,4.5,
dataset6_CLINIC_0064_data,grupo 3,calibracion,nan,concordante,False,nan,default6mm,0.001,hueso,,628,628,0,9.4,133.0,12.1,12.3,-30.0,9.4,-45.0,5.0,-30.0,-27.0,3.5,1.3,213.9,143.0,156.0,0.9962,0.0872,0.0,0.0,0.0,nan,False,116,166.5,0.466,no,si,no,si,no,no,no,4.4,
dataset6_CLINIC_0064_data,grupo 3,calibracion,nan,concordante,False,nan,default6mm,0.01,hueso,0.001,628,628,0,9.4,133.0,12.1,12.3,-30.0,9.4,-45.0,5.0,-30.0,-27.0,3.5,1.3,213.9,143.0,156.0,0.9962,0.0872,0.0,0.0,0.0,nan,False,116,166.5,0.466,no,si,no,si,no,no,no,0.0,
dataset6_CLINIC_0064_data,grupo 3,calibracion,nan,concordante,False,nan,default6mm,0.05,hueso,0.001,628,628,0,9.4,133.0,12.1,12.3,-30.0,9.4,-45.0,5.0,-30.0,-27.0,3.5,1.3,213.9,143.0,156.0,0.9962,0.0872,0.0,0.0,0.0,nan,False,116,166.5,0.466,no,si,no,si,no,no,no,0.0,
dataset6_CLINIC_0064_data,grupo 3,calibracion,nan,concordante,False,nan,robust3mm,0.0,hueso,,0,0,0,7.9,135.0,12.4,12.7,-15.0,6.3,-30.0,7.9,-27.0,-27.0,1.5,1.3,213.9,143.0,159.0,0.9924,0.0868,-0.0868,0.0,0.0,nan,False,117,148.0,0.504,no,no,no,no,no,no,no,4.2,
dataset6_CLINIC_0064_data,grupo 3,calibracion,nan,concordante,False,nan,robust3mm,0.001,hueso,,308,308,0,7.9,135.0,12.4,12.7,-15.0,6.3,-30.0,7.9,-27.0,-27.0,1.5,1.3,213.9,143.0,159.0,0.9924,0.0868,-0.0868,0.0,0.0,nan,False,117,148.0,0.504,no,no,no,no,no,no,no,4.3,
dataset6_CLINIC_0064_data,grupo 3,calibracion,nan,concordante,False,nan,robust3mm,0.01,hueso,0.001,308,308,0,7.9,135.0,12.4,12.7,-15.0,6.3,-30.0,7.9,-27.0,-27.0,1.5,1.3,213.9,143.0,159.0,0.9924,0.0868,-0.0868,0.0,0.0,nan,False,117,148.0,0.504,no,no,no,no,no,no,no,0.0,
dataset6_CLINIC_0064_data,grupo 3,calibracion,nan,concordante,False,nan,robust3mm,0.05,hueso,0.001,308,308,0,7.9,135.0,12.4,12.7,-15.0,6.3,-30.0,7.9,-27.0,-27.0,1.5,1.3,213.9,143.0,159.0,0.9924,0.0868,-0.0868,0.0,0.0,nan,False,117,148.0,0.504,no,no,no,no,no,no,no,0.0,
dataset6_CLINIC_0071_data,grupo 2,otro,nan,R1 arriba de TS,False,nan,default6mm,0.0,hueso,,0,0,0,5.7,161.0,8.1,7.7,-72.0,5.7,,,-72.0,-12.0,4.5,1.0,219.1,157.1,181.0,0.9962,0.0,0.0872,0.0,0.0,nan,False,143,121.0,0.671,no,no,no,no,no,no,no,3.7,
dataset6_CLINIC_0071_data,grupo 2,otro,nan,R1 arriba de TS,False,nan,default6mm,0.001,hueso,,44,44,0,5.7,161.0,8.1,7.7,-72.0,5.7,,,-72.0,-12.0,4.5,1.0,219.1,157.1,181.0,0.9962,0.0,0.0872,0.0,0.0,nan,False,143,121.0,0.671,no,no,no,no,no,no,no,3.5,
dataset6_CLINIC_0071_data,grupo 2,otro,nan,R1 arriba de TS,False,nan,default6mm,0.01,hueso,0.001,3083,44,0,5.7,161.0,8.1,7.7,-72.0,5.7,,,-72.0,-12.0,4.5,1.0,219.1,157.1,181.0,0.9962,0.0,0.0872,0.0,0.0,nan,False,143,121.0,0.671,no,no,no,no,no,no,no,0.0,
dataset6_CLINIC_0071_data,grupo 2,otro,nan,R1 arriba de TS,False,nan,default6mm,0.05,hueso,0.001,3083,44,0,5.7,161.0,8.1,7.7,-72.0,5.7,,,-72.0,-12.0,4.5,1.0,219.1,157.1,181.0,0.9962,0.0,0.0872,0.0,0.0,nan,False,143,121.0,0.671,no,no,no,no,no,no,no,0.0,
dataset6_CLINIC_0071_data,grupo 2,otro,nan,R1 arriba de TS,False,nan,robust3mm,0.0,hueso,,0,0,0,5.7,161.0,7.8,7.0,-72.0,5.7,,,-72.0,-12.0,4.5,1.0,219.1,157.1,181.0,0.9962,0.0,0.0872,0.0,0.0,nan,False,143,121.0,0.671,no,no,no,no,no,no,no,3.4,
dataset6_CLINIC_0071_data,grupo 2,otro,nan,R1 arriba de TS,False,nan,robust3mm,0.001,hueso,,24,24,0,5.7,161.0,7.8,7.0,-72.0,5.7,,,-72.0,-12.0,4.5,1.0,219.1,157.1,181.0,0.9962,0.0,0.0872,0.0,0.0,nan,False,143,121.0,0.671,no,no,no,no,no,no,no,3.4,
dataset6_CLINIC_0071_data,grupo 2,otro,nan,R1 arriba de TS,False,nan,robust3mm,0.01,hueso,0.001,2752,24,0,5.7,161.0,7.8,7.0,-72.0,5.7,,,-72.0,-12.0,4.5,1.0,219.1,157.1,181.0,0.9962,0.0,0.0872,0.0,0.0,nan,False,143,121.0,0.671,no,no,no,no,no,no,no,0.0,
dataset6_CLINIC_0071_data,grupo 2,otro,nan,R1 arriba de TS,False,nan,robust3mm,0.05,hueso,0.001,2752,24,0,5.7,161.0,7.8,7.0,-72.0,5.7,,,-72.0,-12.0,4.5,1.0,219.1,157.1,181.0,0.9962,0.0,0.0872,0.0,0.0,nan,False,143,121.0,0.671,no,no,no,no,no,no,no,0.0,
dataset6_CLINIC_0061_data,grupo 3,calibracion,nan,concordante,False,nan,default6mm,0.0,hueso,,0,0,0,11.1,140.0,14.5,12.0,-30.0,11.1,-48.0,4.0,-30.0,-30.0,1.9,1.4,232.0,181.2,169.4,0.9962,0.0,-0.0872,0.0,0.0,nan,False,122,141.5,0.525,si,si,si,si,no,si,no,3.7,
dataset6_CLINIC_0061_data,grupo 3,calibracion,nan,concordante,False,nan,default6mm,0.001,hueso,,35,35,0,11.1,140.0,14.5,12.0,-30.0,11.1,-48.0,4.0,-30.0,-30.0,1.9,1.4,232.0,181.2,169.4,0.9962,0.0,-0.0872,0.0,0.0,nan,False,122,141.5,0.525,si,si,si,si,no,si,no,3.6,
dataset6_CLINIC_0061_data,grupo 3,calibracion,nan,concordante,False,nan,default6mm,0.01,hueso,0.001,35,35,0,11.1,140.0,14.5,12.0,-30.0,11.1,-48.0,4.0,-30.0,-30.0,1.9,1.4,232.0,181.2,169.4,0.9962,0.0,-0.0872,0.0,0.0,nan,False,122,141.5,0.525,si,si,si,si,no,si,no,0.0,
dataset6_CLINIC_0061_data,grupo 3,calibracion,nan,concordante,False,nan,default6mm,0.05,hueso,0.001,35,35,0,11.1,140.0,14.5,12.0,-30.0,11.1,-48.0,4.0,-30.0,-30.0,1.9,1.4,232.0,181.2,169.4,0.9962,0.0,-0.0872,0.0,0.0,nan,False,122,141.5,0.525,si,si,si,si,no,si,no,0.0,
dataset6_CLINIC_0061_data,grupo 3,calibracion,nan,concordante,False,nan,robust3mm,0.0,hueso,,0,0,0,11.0,141.0,14.5,12.1,-9.0,6.3,-30.0,11.0,-30.0,-30.0,3.1,1.4,232.0,181.2,169.4,0.9848,0.0,-0.1736,0.0,0.0,nan,False,121,139.0,0.545,si,si,si,si,no,si,no,3.7,
dataset6_CLINIC_0061_data,grupo 3,calibracion,nan,concordante,False,nan,robust3mm,0.001,hueso,,26,26,0,11.0,141.0,14.5,12.1,-9.0,6.3,-30.0,11.0,-30.0,-30.0,3.1,1.4,232.0,181.2,169.4,0.9848,0.0,-0.1736,0.0,0.0,nan,False,121,139.0,0.545,si,si,si,si,no,si,no,3.7,
dataset6_CLINIC_0061_data,grupo 3,calibracion,nan,concordante,False,nan,robust3mm,0.01,hueso,0.001,26,26,0,11.0,141.0,14.5,12.1,-9.0,6.3,-30.0,11.0,-30.0,-30.0,3.1,1.4,232.0,181.2,169.4,0.9848,0.0,-0.1736,0.0,0.0,nan,False,121,139.0,0.545,si,si,si,si,no,si,no,0.0,
dataset6_CLINIC_0061_data,grupo 3,calibracion,nan,concordante,False,nan,robust3mm,0.05,hueso,0.001,26,26,0,11.0,141.0,14.5,12.1,-9.0,6.3,-30.0,11.0,-30.0,-30.0,3.1,1.4,232.0,181.2,169.4,0.9848,0.0,-0.1736,0.0,0.0,nan,False,121,139.0,0.545,si,si,si,si,no,si,no,0.0,
dataset6_CLINIC_0068_data,grupo 2,otro,nan,R1 arriba de TS,False,nan,default6mm,0.0,hueso,,0,0,0,8.0,145.0,12.0,13.1,-51.0,8.0,-69.0,5.0,-51.0,-6.0,15.0,5.5,250.3,223.8,184.7,0.9522,0.1679,0.2551,0.0,0.0,nan,False,125,207.0,0.312,no,no,no,no,no,no,no,3.3,
dataset6_CLINIC_0068_data,grupo 2,otro,nan,R1 arriba de TS,False,nan,default6mm,0.001,hueso,,232,232,0,8.0,145.0,12.0,13.1,-51.0,8.0,-69.0,5.0,-51.0,-6.0,15.0,5.5,250.3,223.8,184.7,0.9522,0.1679,0.2551,0.0,0.0,nan,False,125,207.0,0.312,no,no,no,no,no,no,no,3.2,
dataset6_CLINIC_0068_data,grupo 2,otro,nan,R1 arriba de TS,False,nan,default6mm,0.01,hueso,,504,504,0,8.0,145.0,12.0,13.1,-51.0,8.0,-69.0,5.0,-51.0,-6.0,15.0,5.5,250.3,223.8,184.7,0.9522,0.1679,0.2551,0.0,0.0,nan,False,125,207.0,0.312,no,no,no,no,no,no,no,3.1,
dataset6_CLINIC_0068_data,grupo 2,otro,nan,R1 arriba de TS,False,nan,default6mm,0.05,hueso,0.01,504,504,0,8.0,145.0,12.0,13.1,-51.0,8.0,-69.0,5.0,-51.0,-6.0,15.0,5.5,250.3,223.8,184.7,0.9522,0.1679,0.2551,0.0,0.0,nan,False,125,207.0,0.312,no,no,no,no,no,no,no,0.0,
dataset6_CLINIC_0068_data,grupo 2,otro,nan,R1 arriba de TS,False,nan,robust3mm,0.0,hueso,,0,0,0,8.0,148.0,11.8,12.0,-51.0,8.0,-66.0,5.0,-51.0,-3.0,10.0,4.5,250.3,226.8,184.7,0.9848,0.0,-0.1736,0.0,0.0,nan,False,127,186.0,0.37,no,no,no,no,no,no,no,3.3,
dataset6_CLINIC_0068_data,grupo 2,otro,nan,R1 arriba de TS,False,nan,robust3mm,0.001,hueso,,4,4,0,8.0,148.0,11.8,12.0,-51.0,8.0,-66.0,5.0,-51.0,-3.0,10.0,4.5,250.3,226.8,184.7,0.9848,0.0,-0.1736,0.0,0.0,nan,False,127,186.0,0.37,no,no,no,no,no,no,no,3.0,
dataset6_CLINIC_0068_data,grupo 2,otro,nan,R1 arriba de TS,False,nan,robust3mm,0.01,hueso,,675,675,0,8.0,148.0,11.8,12.0,-51.0,8.0,-66.0,5.0,-51.0,-3.0,10.0,4.5,250.3,226.8,184.7,0.9848,0.0,-0.1736,0.0,0.0,nan,False,127,186.0,0.37,no,no,no,no,no,no,no,3.3,
dataset6_CLINIC_0068_data,grupo 2,otro,nan,R1 arriba de TS,False,nan,robust3mm,0.05,hueso,0.01,675,675,0,8.0,148.0,11.8,12.0,-51.0,8.0,-66.0,5.0,-51.0,-3.0,10.0,4.5,250.3,226.8,184.7,0.9848,0.0,-0.1736,0.0,0.0,nan,False,127,186.0,0.37,no,no,no,no,no,no,no,0.0,
dataset6_CLINIC_0073_data,grupo 3,calibracion,nan,concordante,False,nan,default6mm,0.0,hueso,,0,0,0,12.6,116.0,14.1,14.2,-9.0,12.6,-27.0,11.9,-9.0,-6.0,0.4,9.1,244.7,223.2,219.0,0.9924,-0.0868,-0.0868,0.0,0.0,nan,False,88,204.5,0.33,si,si,si,si,si,si,si,3.4,
dataset6_CLINIC_0073_data,grupo 3,calibracion,nan,concordante,False,nan,default6mm,0.001,hueso,,469,461,0,12.6,116.0,14.1,14.2,-9.0,12.6,-27.0,11.9,-9.0,-6.0,0.4,9.1,244.7,223.2,219.0,0.9924,-0.0868,-0.0868,0.0,0.0,nan,False,88,204.5,0.33,si,si,si,si,si,si,si,3.3,
dataset6_CLINIC_0073_data,grupo 3,calibracion,nan,concordante,False,nan,default6mm,0.01,hueso,0.001,469,461,0,12.6,116.0,14.1,14.2,-9.0,12.6,-27.0,11.9,-9.0,-6.0,0.4,9.1,244.7,223.2,219.0,0.9924,-0.0868,-0.0868,0.0,0.0,nan,False,88,204.5,0.33,si,si,si,si,si,si,si,0.0,
dataset6_CLINIC_0073_data,grupo 3,calibracion,nan,concordante,False,nan,default6mm,0.05,hueso,0.001,469,461,0,12.6,116.0,14.1,14.2,-9.0,12.6,-27.0,11.9,-9.0,-6.0,0.4,9.1,244.7,223.2,219.0,0.9924,-0.0868,-0.0868,0.0,0.0,nan,False,88,204.5,0.33,si,si,si,si,si,si,si,0.0,
dataset6_CLINIC_0073_data,grupo 3,calibracion,nan,concordante,False,nan,robust3mm,0.0,hueso,,0,0,0,12.3,116.0,13.3,13.9,-9.0,12.3,-27.0,11.6,-9.0,-6.0,0.4,9.1,244.7,223.2,219.0,0.9924,-0.0868,-0.0868,0.0,0.0,nan,False,87,205.0,0.333,si,si,si,si,si,si,si,3.3,
dataset6_CLINIC_0073_data,grupo 3,calibracion,nan,concordante,False,nan,robust3mm,0.001,hueso,,47,47,0,12.3,116.0,13.3,13.9,-9.0,12.3,-27.0,11.6,-9.0,-6.0,0.4,9.1,244.7,223.2,219.0,0.9924,-0.0868,-0.0868,0.0,0.0,nan,False,87,205.0,0.333,si,si,si,si,si,si,si,3.2,
dataset6_CLINIC_0073_data,grupo 3,calibracion,nan,concordante,False,nan,robust3mm,0.01,hueso,0.001,47,47,0,12.3,116.0,13.3,13.9,-9.0,12.3,-27.0,11.6,-9.0,-6.0,0.4,9.1,244.7,223.2,219.0,0.9924,-0.0868,-0.0868,0.0,0.0,nan,False,87,205.0,0.333,si,si,si,si,si,si,si,0.0,
dataset6_CLINIC_0073_data,grupo 3,calibracion,nan,concordante,False,nan,robust3mm,0.05,hueso,0.001,47,47,0,12.3,116.0,13.3,13.9,-9.0,12.3,-27.0,11.6,-9.0,-6.0,0.4,9.1,244.7,223.2,219.0,0.9924,-0.0868,-0.0868,0.0,0.0,nan,False,87,205.0,0.333,si,si,si,si,si,si,si,0.0,
dataset6_CLINIC_0060_data,grupo 3,calibracion,nan,concordante,False,nan,default6mm,0.0,hueso,,0,0,0,6.2,97.0,7.9,7.1,-18.0,6.2,-51.0,3.8,-18.0,3.0,14.3,28.1,198.9,185.0,144.4,0.9271,-0.3374,-0.1635,0.0,0.0,nan,False,82,218.5,0.354,no,no,no,no,no,no,no,4.8,
dataset6_CLINIC_0060_data,grupo 3,calibracion,nan,concordante,False,nan,default6mm,0.001,hueso,,230,230,0,6.2,97.0,7.9,7.1,-18.0,6.2,-51.0,3.8,-18.0,3.0,14.3,28.1,198.9,185.0,144.4,0.9271,-0.3374,-0.1635,0.0,0.0,nan,False,82,218.5,0.354,no,no,no,no,no,no,no,4.4,
dataset6_CLINIC_0060_data,grupo 3,calibracion,nan,concordante,False,nan,default6mm,0.01,hueso,,870,870,0,6.2,97.0,7.9,7.1,-18.0,6.2,-51.0,3.8,-18.0,3.0,14.3,28.1,198.9,185.0,144.4,0.9271,-0.3374,-0.1635,0.0,0.0,nan,False,82,218.5,0.354,no,no,no,no,no,no,no,4.4,
dataset6_CLINIC_0060_data,grupo 3,calibracion,nan,concordante,False,nan,default6mm,0.05,hueso,0.01,870,870,0,6.2,97.0,7.9,7.1,-18.0,6.2,-51.0,3.8,-18.0,3.0,14.3,28.1,198.9,185.0,144.4,0.9271,-0.3374,-0.1635,0.0,0.0,nan,False,82,218.5,0.354,no,no,no,no,no,no,no,0.0,
dataset6_CLINIC_0060_data,grupo 3,calibracion,nan,concordante,False,nan,robust3mm,0.0,hueso,,0,0,0,6.2,97.0,8.3,6.5,-18.0,6.2,-51.0,4.4,-18.0,3.0,14.3,28.1,198.9,185.0,144.4,0.9271,-0.3374,-0.1635,0.0,0.0,nan,False,82,218.5,0.354,no,no,no,no,no,no,no,4.3,
dataset6_CLINIC_0060_data,grupo 3,calibracion,nan,concordante,False,nan,robust3mm,0.001,hueso,,180,180,0,6.2,97.0,8.3,6.5,-18.0,6.2,-51.0,4.4,-18.0,3.0,14.3,28.1,198.9,185.0,144.4,0.9271,-0.3374,-0.1635,0.0,0.0,nan,False,82,218.5,0.354,no,no,no,no,no,no,no,4.5,
dataset6_CLINIC_0060_data,grupo 3,calibracion,nan,concordante,False,nan,robust3mm,0.01,hueso,,664,664,0,6.2,97.0,8.3,6.5,-18.0,6.2,-51.0,4.4,-18.0,3.0,14.3,28.1,198.9,185.0,144.4,0.9271,-0.3374,-0.1635,0.0,0.0,nan,False,82,218.5,0.354,no,no,no,no,no,no,no,4.5,
dataset6_CLINIC_0060_data,grupo 3,calibracion,nan,concordante,False,nan,robust3mm,0.05,hueso,0.01,664,664,0,6.2,97.0,8.3,6.5,-18.0,6.2,-51.0,4.4,-18.0,3.0,14.3,28.1,198.9,185.0,144.4,0.9271,-0.3374,-0.1635,0.0,0.0,nan,False,82,218.5,0.354,no,no,no,no,no,no,no,0.0,
dataset6_CLINIC_0076_data,grupo 2,otro,nan,concordante,False,nan,default6mm,0.0,hueso,,0,0,0,9.7,118.0,13.8,12.1,-6.0,9.7,-30.0,8.7,-6.0,-3.0,3.3,7.5,213.2,211.9,186.7,0.9924,0.0868,0.0868,0.0,0.0,nan,False,88,237.0,0.352,no,si,no,si,no,no,no,4.0,
dataset6_CLINIC_0076_data,grupo 2,otro,nan,concordante,False,nan,default6mm,0.001,hueso,,64,64,0,9.7,118.0,13.8,12.1,-6.0,9.7,-30.0,8.7,-6.0,-3.0,3.3,7.5,213.2,211.9,186.7,0.9924,0.0868,0.0868,0.0,0.0,nan,False,88,237.0,0.352,no,si,no,si,no,no,no,3.8,
dataset6_CLINIC_0076_data,grupo 2,otro,nan,concordante,False,nan,default6mm,0.01,hueso,0.001,64,64,0,9.7,118.0,13.8,12.1,-6.0,9.7,-30.0,8.7,-6.0,-3.0,3.3,7.5,213.2,211.9,186.7,0.9924,0.0868,0.0868,0.0,0.0,nan,False,88,237.0,0.352,no,si,no,si,no,no,no,0.0,
dataset6_CLINIC_0076_data,grupo 2,otro,nan,concordante,False,nan,default6mm,0.05,hueso,0.001,64,64,0,9.7,118.0,13.8,12.1,-6.0,9.7,-30.0,8.7,-6.0,-3.0,3.3,7.5,213.2,211.9,186.7,0.9924,0.0868,0.0868,0.0,0.0,nan,False,88,237.0,0.352,no,si,no,si,no,no,no,0.0,
dataset6_CLINIC_0076_data,grupo 2,otro,nan,concordante,False,nan,robust3mm,0.0,hueso,,0,0,0,8.6,154.0,13.5,12.0,-9.0,8.4,-30.0,8.6,-30.0,-33.0,3.3,7.5,213.2,181.9,162.7,0.9812,-0.173,0.0858,0.0,0.0,nan,False,135,143.0,0.519,no,si,no,no,no,no,no,3.8,
dataset6_CLINIC_0076_data,grupo 2,otro,nan,concordante,False,nan,robust3mm,0.001,hueso,,103,103,0,8.6,154.0,13.5,12.0,-9.0,8.4,-30.0,8.6,-30.0,-33.0,3.3,7.5,213.2,181.9,162.7,0.9812,-0.173,0.0858,0.0,0.0,nan,False,135,143.0,0.519,no,si,no,no,no,no,no,3.8,
dataset6_CLINIC_0076_data,grupo 2,otro,nan,concordante,False,nan,robust3mm,0.01,hueso,0.001,103,103,0,8.6,154.0,13.5,12.0,-9.0,8.4,-30.0,8.6,-30.0,-33.0,3.3,7.5,213.2,181.9,162.7,0.9812,-0.173,0.0858,0.0,0.0,nan,False,135,143.0,0.519,no,si,no,no,no,no,no,0.0,
dataset6_CLINIC_0076_data,grupo 2,otro,nan,concordante,False,nan,robust3mm,0.05,hueso,0.001,103,103,0,8.6,154.0,13.5,12.0,-9.0,8.4,-30.0,8.6,-30.0,-33.0,3.3,7.5,213.2,181.9,162.7,0.9812,-0.173,0.0858,0.0,0.0,nan,False,135,143.0,0.519,no,si,no,no,no,no,no,0.0,
dataset6_CLINIC_0077_data,grupo 2,calibracion,nan,concordante,False,nan,default6mm,0.0,hueso,,0,0,0,9.6,143.0,11.8,12.9,-9.0,7.2,-30.0,9.6,-30.0,-30.0,1.7,3.8,181.3,193.7,185.5,0.9924,-0.0868,-0.0868,0.0,0.0,nan,False,123,72.0,0.813,no,si,no,si,no,no,no,3.9,
dataset6_CLINIC_0077_data,grupo 2,calibracion,nan,concordante,False,nan,default6mm,0.001,hueso,,8,8,0,9.6,143.0,11.8,12.9,-9.0,7.2,-30.0,9.6,-30.0,-30.0,1.7,3.8,181.3,193.7,185.5,0.9924,-0.0868,-0.0868,0.0,0.0,nan,False,123,72.0,0.813,no,si,no,si,no,no,no,3.3,
dataset6_CLINIC_0077_data,grupo 2,calibracion,nan,concordante,False,nan,default6mm,0.01,hueso,0.001,8,8,0,9.6,143.0,11.8,12.9,-9.0,7.2,-30.0,9.6,-30.0,-30.0,1.7,3.8,181.3,193.7,185.5,0.9924,-0.0868,-0.0868,0.0,0.0,nan,False,123,72.0,0.813,no,si,no,si,no,no,no,0.0,
dataset6_CLINIC_0077_data,grupo 2,calibracion,nan,concordante,False,nan,default6mm,0.05,hueso,0.001,8,8,0,9.6,143.0,11.8,12.9,-9.0,7.2,-30.0,9.6,-30.0,-30.0,1.7,3.8,181.3,193.7,185.5,0.9924,-0.0868,-0.0868,0.0,0.0,nan,False,123,72.0,0.813,no,si,no,si,no,no,no,0.0,
dataset6_CLINIC_0077_data,grupo 2,calibracion,nan,concordante,False,nan,robust3mm,0.0,hueso,,0,0,0,9.1,143.0,11.6,14.5,-6.0,5.4,-30.0,9.1,-30.0,-30.0,1.7,6.2,181.3,193.7,185.5,0.9924,0.0868,-0.0868,0.0,0.0,nan,False,124,68.0,0.823,no,si,no,no,no,no,no,3.3,
dataset6_CLINIC_0077_data,grupo 2,calibracion,nan,concordante,False,nan,robust3mm,0.001,hueso,,8,8,0,9.1,143.0,11.6,14.5,-6.0,5.4,-30.0,9.1,-30.0,-30.0,1.7,6.2,181.3,193.7,185.5,0.9924,0.0868,-0.0868,0.0,0.0,nan,False,124,68.0,0.823,no,si,no,no,no,no,no,3.6,
dataset6_CLINIC_0077_data,grupo 2,calibracion,nan,concordante,False,nan,robust3mm,0.01,hueso,0.001,8,8,0,9.1,143.0,11.6,14.5,-6.0,5.4,-30.0,9.1,-30.0,-30.0,1.7,6.2,181.3,193.7,185.5,0.9924,0.0868,-0.0868,0.0,0.0,nan,False,124,68.0,0.823,no,si,no,no,no,no,no,0.0,
dataset6_CLINIC_0077_data,grupo 2,calibracion,nan,concordante,False,nan,robust3mm,0.05,hueso,0.001,8,8,0,9.1,143.0,11.6,14.5,-6.0,5.4,-30.0,9.1,-30.0,-30.0,1.7,6.2,181.3,193.7,185.5,0.9924,0.0868,-0.0868,0.0,0.0,nan,False,124,68.0,0.823,no,si,no,no,no,no,no,0.0,
dataset6_CLINIC_0056_data,grupo 2,otro,nan,concordante,False,nan,default6mm,0.0,hueso,,0,0,0,12.5,147.0,14.1,14.8,-12.0,12.5,-39.0,3.5,-9.0,-3.0,6.9,1.1,181.8,166.3,198.4,0.9848,0.0,-0.1736,0.0,0.0,37.4,False,128,62.5,0.609,si,si,si,si,si,si,si,4.5,
dataset6_CLINIC_0056_data,grupo 2,otro,nan,concordante,False,nan,default6mm,0.0,ocupado_2500,,0,0,0,12.5,147.0,14.1,14.8,-12.0,12.5,-39.0,3.5,-9.0,-3.0,6.9,1.1,181.8,166.3,198.4,0.9848,0.0,-0.1736,0.0,0.0,37.4,False,128,62.5,0.609,si,si,si,si,si,si,si,3.7,
dataset6_CLINIC_0056_data,grupo 2,otro,nan,concordante,False,nan,default6mm,0.0,ocupado_semimax,,0,0,0,12.5,147.0,14.1,14.8,-12.0,12.5,-39.0,3.5,-9.0,-3.0,6.9,1.1,181.8,166.3,198.4,0.9848,0.0,-0.1736,0.0,0.0,37.4,False,128,62.5,0.609,si,si,si,si,si,si,si,3.8,
dataset6_CLINIC_0056_data,grupo 2,otro,nan,concordante,False,nan,default6mm,0.001,hueso,,104,104,0,12.5,147.0,14.1,14.8,-12.0,12.5,-39.0,3.5,-9.0,-3.0,6.9,1.1,181.8,166.3,198.4,0.9848,0.0,-0.1736,0.0,0.0,37.4,False,128,62.5,0.609,si,si,si,si,si,si,si,4.0,
dataset6_CLINIC_0056_data,grupo 2,otro,nan,concordante,False,nan,default6mm,0.001,ocupado_2500,,104,104,0,12.5,147.0,14.1,14.8,-12.0,12.5,-39.0,3.5,-9.0,-3.0,6.9,1.1,181.8,166.3,198.4,0.9848,0.0,-0.1736,0.0,0.0,37.4,False,128,62.5,0.609,si,si,si,si,si,si,si,3.7,
dataset6_CLINIC_0056_data,grupo 2,otro,nan,concordante,False,nan,default6mm,0.001,ocupado_semimax,,104,104,0,12.5,147.0,14.1,14.8,-12.0,12.5,-39.0,3.5,-9.0,-3.0,6.9,1.1,181.8,166.3,198.4,0.9848,0.0,-0.1736,0.0,0.0,37.4,False,128,62.5,0.609,si,si,si,si,si,si,si,3.7,
dataset6_CLINIC_0056_data,grupo 2,otro,nan,concordante,False,nan,default6mm,0.01,hueso,0.001,104,104,0,12.5,147.0,14.1,14.8,-12.0,12.5,-39.0,3.5,-9.0,-3.0,6.9,1.1,181.8,166.3,198.4,0.9848,0.0,-0.1736,0.0,0.0,37.4,False,128,62.5,0.609,si,si,si,si,si,si,si,0.0,
dataset6_CLINIC_0056_data,grupo 2,otro,nan,concordante,False,nan,default6mm,0.01,ocupado_2500,0.001,104,104,0,12.5,147.0,14.1,14.8,-12.0,12.5,-39.0,3.5,-9.0,-3.0,6.9,1.1,181.8,166.3,198.4,0.9848,0.0,-0.1736,0.0,0.0,37.4,False,128,62.5,0.609,si,si,si,si,si,si,si,0.1,
dataset6_CLINIC_0056_data,grupo 2,otro,nan,concordante,False,nan,default6mm,0.01,ocupado_semimax,0.001,104,104,0,12.5,147.0,14.1,14.8,-12.0,12.5,-39.0,3.5,-9.0,-3.0,6.9,1.1,181.8,166.3,198.4,0.9848,0.0,-0.1736,0.0,0.0,37.4,False,128,62.5,0.609,si,si,si,si,si,si,si,0.0,
dataset6_CLINIC_0056_data,grupo 2,otro,nan,concordante,False,nan,default6mm,0.05,hueso,0.001,104,104,0,12.5,147.0,14.1,14.8,-12.0,12.5,-39.0,3.5,-9.0,-3.0,6.9,1.1,181.8,166.3,198.4,0.9848,0.0,-0.1736,0.0,0.0,37.4,False,128,62.5,0.609,si,si,si,si,si,si,si,0.0,
dataset6_CLINIC_0056_data,grupo 2,otro,nan,concordante,False,nan,default6mm,0.05,ocupado_2500,0.001,104,104,0,12.5,147.0,14.1,14.8,-12.0,12.5,-39.0,3.5,-9.0,-3.0,6.9,1.1,181.8,166.3,198.4,0.9848,0.0,-0.1736,0.0,0.0,37.4,False,128,62.5,0.609,si,si,si,si,si,si,si,0.1,
dataset6_CLINIC_0056_data,grupo 2,otro,nan,concordante,False,nan,default6mm,0.05,ocupado_semimax,0.001,104,104,0,12.5,147.0,14.1,14.8,-12.0,12.5,-39.0,3.5,-9.0,-3.0,6.9,1.1,181.8,166.3,198.4,0.9848,0.0,-0.1736,0.0,0.0,37.4,False,128,62.5,0.609,si,si,si,si,si,si,si,0.0,
dataset6_CLINIC_0056_data,grupo 2,otro,nan,concordante,False,nan,robust3mm,0.0,hueso,,0,0,0,12.5,145.0,14.2,15.4,-12.0,12.5,-39.0,4.5,-12.0,-3.0,1.9,1.1,181.8,166.3,195.4,0.9962,0.0,-0.0872,0.0,0.0,33.7,False,122,61.0,0.639,si,si,si,si,si,si,si,3.9,
dataset6_CLINIC_0056_data,grupo 2,otro,nan,concordante,False,nan,robust3mm,0.0,ocupado_2500,,0,0,0,12.5,145.0,14.2,15.4,-12.0,12.5,-39.0,4.5,-12.0,-3.0,1.9,1.1,181.8,166.3,195.4,0.9962,0.0,-0.0872,0.0,0.0,33.7,False,122,61.0,0.639,si,si,si,si,si,si,si,3.9,
dataset6_CLINIC_0056_data,grupo 2,otro,nan,concordante,False,nan,robust3mm,0.0,ocupado_semimax,,0,0,0,12.5,145.0,14.2,15.4,-12.0,12.5,-39.0,4.5,-12.0,-3.0,1.9,1.1,181.8,166.3,195.4,0.9962,0.0,-0.0872,0.0,0.0,33.7,False,122,61.0,0.639,si,si,si,si,si,si,si,4.0,
dataset6_CLINIC_0056_data,grupo 2,otro,nan,concordante,False,nan,robust3mm,0.001,hueso,,56,56,0,12.5,145.0,14.2,15.4,-12.0,12.5,-39.0,4.5,-12.0,-3.0,1.9,1.1,181.8,166.3,195.4,0.9962,0.0,-0.0872,0.0,0.0,33.7,False,122,61.0,0.639,si,si,si,si,si,si,si,4.3,
dataset6_CLINIC_0056_data,grupo 2,otro,nan,concordante,False,nan,robust3mm,0.001,ocupado_2500,,56,56,0,12.5,145.0,14.2,15.4,-12.0,12.5,-39.0,4.5,-12.0,-3.0,1.9,1.1,181.8,166.3,195.4,0.9962,0.0,-0.0872,0.0,0.0,33.7,False,122,61.0,0.639,si,si,si,si,si,si,si,3.9,
dataset6_CLINIC_0056_data,grupo 2,otro,nan,concordante,False,nan,robust3mm,0.001,ocupado_semimax,,56,56,0,12.5,145.0,14.2,15.4,-12.0,12.5,-39.0,4.5,-12.0,-3.0,1.9,1.1,181.8,166.3,195.4,0.9962,0.0,-0.0872,0.0,0.0,33.7,False,122,61.0,0.639,si,si,si,si,si,si,si,3.6,
dataset6_CLINIC_0056_data,grupo 2,otro,nan,concordante,False,nan,robust3mm,0.01,hueso,0.001,56,56,0,12.5,145.0,14.2,15.4,-12.0,12.5,-39.0,4.5,-12.0,-3.0,1.9,1.1,181.8,166.3,195.4,0.9962,0.0,-0.0872,0.0,0.0,33.7,False,122,61.0,0.639,si,si,si,si,si,si,si,0.0,
dataset6_CLINIC_0056_data,grupo 2,otro,nan,concordante,False,nan,robust3mm,0.01,ocupado_2500,0.001,56,56,0,12.5,145.0,14.2,15.4,-12.0,12.5,-39.0,4.5,-12.0,-3.0,1.9,1.1,181.8,166.3,195.4,0.9962,0.0,-0.0872,0.0,0.0,33.7,False,122,61.0,0.639,si,si,si,si,si,si,si,0.1,
dataset6_CLINIC_0056_data,grupo 2,otro,nan,concordante,False,nan,robust3mm,0.01,ocupado_semimax,0.001,56,56,0,12.5,145.0,14.2,15.4,-12.0,12.5,-39.0,4.5,-12.0,-3.0,1.9,1.1,181.8,166.3,195.4,0.9962,0.0,-0.0872,0.0,0.0,33.7,False,122,61.0,0.639,si,si,si,si,si,si,si,0.0,
dataset6_CLINIC_0056_data,grupo 2,otro,nan,concordante,False,nan,robust3mm,0.05,hueso,0.001,56,56,0,12.5,145.0,14.2,15.4,-12.0,12.5,-39.0,4.5,-12.0,-3.0,1.9,1.1,181.8,166.3,195.4,0.9962,0.0,-0.0872,0.0,0.0,33.7,False,122,61.0,0.639,si,si,si,si,si,si,si,0.0,
dataset6_CLINIC_0056_data,grupo 2,otro,nan,concordante,False,nan,robust3mm,0.05,ocupado_2500,0.001,56,56,0,12.5,145.0,14.2,15.4,-12.0,12.5,-39.0,4.5,-12.0,-3.0,1.9,1.1,181.8,166.3,195.4,0.9962,0.0,-0.0872,0.0,0.0,33.7,False,122,61.0,0.639,si,si,si,si,si,si,si,0.0,
dataset6_CLINIC_0056_data,grupo 2,otro,nan,concordante,False,nan,robust3mm,0.05,ocupado_semimax,0.001,56,56,0,12.5,145.0,14.2,15.4,-12.0,12.5,-39.0,4.5,-12.0,-3.0,1.9,1.1,181.8,166.3,195.4,0.9962,0.0,-0.0872,0.0,0.0,33.7,False,122,61.0,0.639,si,si,si,si,si,si,si,0.0,
dataset6_CLINIC_0081_data,grupo 3,calibracion,nan,concordante,False,nan,default6mm,0.0,hueso,,0,0,0,9.9,170.0,9.9,15.4,-3.0,9.9,-30.0,5.9,-3.0,-9.0,9.3,0.1,210.8,201.8,180.6,0.9848,0.0,-0.1736,0.0,0.0,nan,False,152,325.0,0.171,no,si,no,si,no,no,no,3.9,
dataset6_CLINIC_0081_data,grupo 3,calibracion,nan,concordante,False,nan,default6mm,0.001,hueso,,241,44,0,9.9,170.0,9.9,15.4,-3.0,9.9,-30.0,5.9,-3.0,-9.0,9.3,0.1,210.8,201.8,180.6,0.9848,0.0,-0.1736,0.0,0.0,nan,False,152,325.0,0.171,no,si,no,si,no,no,no,3.5,
dataset6_CLINIC_0081_data,grupo 3,calibracion,nan,concordante,False,nan,default6mm,0.01,hueso,0.001,241,44,0,9.9,170.0,9.9,15.4,-3.0,9.9,-30.0,5.9,-3.0,-9.0,9.3,0.1,210.8,201.8,180.6,0.9848,0.0,-0.1736,0.0,0.0,nan,False,152,325.0,0.171,no,si,no,si,no,no,no,0.0,
dataset6_CLINIC_0081_data,grupo 3,calibracion,nan,concordante,False,nan,default6mm,0.05,hueso,0.001,241,44,0,9.9,170.0,9.9,15.4,-3.0,9.9,-30.0,5.9,-3.0,-9.0,9.3,0.1,210.8,201.8,180.6,0.9848,0.0,-0.1736,0.0,0.0,nan,False,152,325.0,0.171,no,si,no,si,no,no,no,0.0,
dataset6_CLINIC_0081_data,grupo 3,calibracion,nan,concordante,False,nan,robust3mm,0.0,hueso,,0,0,0,9.2,172.0,9.2,17.1,-3.0,9.2,-18.0,8.2,-3.0,-9.0,9.3,0.1,210.8,201.8,180.6,0.9848,0.0,-0.1736,0.0,0.0,nan,False,157,326.0,0.178,no,si,no,no,no,no,no,3.7,
dataset6_CLINIC_0081_data,grupo 3,calibracion,nan,concordante,False,nan,robust3mm,0.001,hueso,,159,28,0,9.2,172.0,9.2,17.1,-3.0,9.2,-18.0,8.2,-3.0,-9.0,9.3,0.1,210.8,201.8,180.6,0.9848,0.0,-0.1736,0.0,0.0,nan,False,157,326.0,0.178,no,si,no,no,no,no,no,3.5,
dataset6_CLINIC_0081_data,grupo 3,calibracion,nan,concordante,False,nan,robust3mm,0.01,hueso,0.001,159,28,0,9.2,172.0,9.2,17.1,-3.0,9.2,-18.0,8.2,-3.0,-9.0,9.3,0.1,210.8,201.8,180.6,0.9848,0.0,-0.1736,0.0,0.0,nan,False,157,326.0,0.178,no,si,no,no,no,no,no,0.0,
dataset6_CLINIC_0081_data,grupo 3,calibracion,nan,concordante,False,nan,robust3mm,0.05,hueso,0.001,159,28,0,9.2,172.0,9.2,17.1,-3.0,9.2,-18.0,8.2,-3.0,-9.0,9.3,0.1,210.8,201.8,180.6,0.9848,0.0,-0.1736,0.0,0.0,nan,False,157,326.0,0.178,no,si,no,no,no,no,no,0.0,
dataset6_CLINIC_0079_data,grupo 3,calibracion,nan,concordante,False,nan,default6mm,0.0,hueso,,0,0,0,12.1,109.0,14.5,14.6,-15.0,12.1,-27.0,10.2,-15.0,3.0,9.0,9.3,195.9,197.3,234.4,0.9848,0.0,-0.1736,0.0,0.0,nan,False,79,173.0,0.456,si,si,si,si,si,si,si,4.1,
dataset6_CLINIC_0079_data,grupo 3,calibracion,nan,concordante,False,nan,default6mm,0.001,hueso,,78,78,0,12.1,109.0,14.5,14.6,-15.0,12.1,-27.0,10.2,-15.0,3.0,9.0,9.3,195.9,197.3,234.4,0.9848,0.0,-0.1736,0.0,0.0,nan,False,79,173.0,0.456,si,si,si,si,si,si,si,3.9,
dataset6_CLINIC_0079_data,grupo 3,calibracion,nan,concordante,False,nan,default6mm,0.01,hueso,0.001,78,78,0,12.1,109.0,14.5,14.6,-15.0,12.1,-27.0,10.2,-15.0,3.0,9.0,9.3,195.9,197.3,234.4,0.9848,0.0,-0.1736,0.0,0.0,nan,False,79,173.0,0.456,si,si,si,si,si,si,si,0.0,
dataset6_CLINIC_0079_data,grupo 3,calibracion,nan,concordante,False,nan,default6mm,0.05,hueso,0.001,78,78,0,12.1,109.0,14.5,14.6,-15.0,12.1,-27.0,10.2,-15.0,3.0,9.0,9.3,195.9,197.3,234.4,0.9848,0.0,-0.1736,0.0,0.0,nan,False,79,173.0,0.456,si,si,si,si,si,si,si,0.0,
dataset6_CLINIC_0079_data,grupo 3,calibracion,nan,concordante,False,nan,robust3mm,0.0,hueso,,0,0,0,11.9,110.0,13.8,14.2,-12.0,11.9,-27.0,10.5,-12.0,3.0,9.0,9.3,195.9,197.3,237.4,0.9848,0.0,-0.1736,0.0,0.0,nan,False,78,182.5,0.423,si,si,si,si,si,si,no,3.8,
dataset6_CLINIC_0079_data,grupo 3,calibracion,nan,concordante,False,nan,robust3mm,0.001,hueso,,106,102,0,11.9,110.0,13.8,14.2,-12.0,11.9,-27.0,10.5,-12.0,3.0,9.0,9.3,195.9,197.3,237.4,0.9848,0.0,-0.1736,0.0,0.0,nan,False,78,182.5,0.423,si,si,si,si,si,si,no,3.9,
dataset6_CLINIC_0079_data,grupo 3,calibracion,nan,concordante,False,nan,robust3mm,0.01,hueso,0.001,106,102,0,11.9,110.0,13.8,14.2,-12.0,11.9,-27.0,10.5,-12.0,3.0,9.0,9.3,195.9,197.3,237.4,0.9848,0.0,-0.1736,0.0,0.0,nan,False,78,182.5,0.423,si,si,si,si,si,si,no,0.0,
dataset6_CLINIC_0079_data,grupo 3,calibracion,nan,concordante,False,nan,robust3mm,0.05,hueso,0.001,106,102,0,11.9,110.0,13.8,14.2,-12.0,11.9,-27.0,10.5,-12.0,3.0,9.0,9.3,195.9,197.3,237.4,0.9848,0.0,-0.1736,0.0,0.0,nan,False,78,182.5,0.423,si,si,si,si,si,si,no,0.0,
dataset6_CLINIC_0082_data,grupo 3,calibracion,nan,concordante,False,nan,default6mm,0.0,hueso,,0,0,0,15.2,157.0,16.4,16.1,-9.0,15.2,-27.0,12.4,-9.0,-3.0,1.0,0.3,236.7,232.7,214.0,1.0,0.0,0.0,0.0,0.0,nan,False,139,113.0,0.583,si,si,si,si,si,si,si,3.4,
dataset6_CLINIC_0082_data,grupo 3,calibracion,nan,concordante,False,nan,default6mm,0.001,hueso,,24,24,0,15.2,157.0,16.4,16.1,-9.0,15.2,-27.0,12.4,-9.0,-3.0,1.0,0.3,236.7,232.7,214.0,1.0,0.0,0.0,0.0,0.0,nan,False,139,113.0,0.583,si,si,si,si,si,si,si,3.1,
dataset6_CLINIC_0082_data,grupo 3,calibracion,nan,concordante,False,nan,default6mm,0.01,hueso,0.001,24,24,0,15.2,157.0,16.4,16.1,-9.0,15.2,-27.0,12.4,-9.0,-3.0,1.0,0.3,236.7,232.7,214.0,1.0,0.0,0.0,0.0,0.0,nan,False,139,113.0,0.583,si,si,si,si,si,si,si,0.0,
dataset6_CLINIC_0082_data,grupo 3,calibracion,nan,concordante,False,nan,default6mm,0.05,hueso,0.001,24,24,0,15.2,157.0,16.4,16.1,-9.0,15.2,-27.0,12.4,-9.0,-3.0,1.0,0.3,236.7,232.7,214.0,1.0,0.0,0.0,0.0,0.0,nan,False,139,113.0,0.583,si,si,si,si,si,si,si,0.0,
dataset6_CLINIC_0082_data,grupo 3,calibracion,nan,concordante,False,nan,robust3mm,0.0,hueso,,0,0,0,14.5,158.0,16.4,16.8,-12.0,14.5,-27.0,12.4,-12.0,-3.0,1.0,0.3,236.7,232.7,211.0,1.0,0.0,0.0,0.0,0.0,nan,False,139,144.0,0.504,si,si,si,si,si,si,si,3.1,
dataset6_CLINIC_0082_data,grupo 3,calibracion,nan,concordante,False,nan,robust3mm,0.001,hueso,,12,12,0,14.5,158.0,16.4,16.8,-12.0,14.5,-27.0,12.4,-12.0,-3.0,1.0,0.3,236.7,232.7,211.0,1.0,0.0,0.0,0.0,0.0,nan,False,139,144.0,0.504,si,si,si,si,si,si,si,3.2,
dataset6_CLINIC_0082_data,grupo 3,calibracion,nan,concordante,False,nan,robust3mm,0.01,hueso,0.001,12,12,0,14.5,158.0,16.4,16.8,-12.0,14.5,-27.0,12.4,-12.0,-3.0,1.0,0.3,236.7,232.7,211.0,1.0,0.0,0.0,0.0,0.0,nan,False,139,144.0,0.504,si,si,si,si,si,si,si,0.0,
dataset6_CLINIC_0082_data,grupo 3,calibracion,nan,concordante,False,nan,robust3mm,0.05,hueso,0.001,12,12,0,14.5,158.0,16.4,16.8,-12.0,14.5,-27.0,12.4,-12.0,-3.0,1.0,0.3,236.7,232.7,211.0,1.0,0.0,0.0,0.0,0.0,nan,False,139,144.0,0.504,si,si,si,si,si,si,si,0.0,
dataset6_CLINIC_0085_data,grupo 3,calibracion,nan,R1 arriba de TS,False,nan,default6mm,0.0,hueso,,0,0,0,8.4,114.0,12.3,8.7,-33.0,8.4,-51.0,5.1,-33.0,-21.0,1.3,8.6,225.7,185.5,202.8,0.9962,0.0872,0.0,0.0,0.0,nan,False,93,81.0,0.677,no,no,no,no,no,no,no,3.5,
dataset6_CLINIC_0085_data,grupo 3,calibracion,nan,R1 arriba de TS,False,nan,default6mm,0.001,hueso,,8,8,0,8.4,114.0,12.3,8.7,-33.0,8.4,-51.0,5.1,-33.0,-21.0,1.3,8.6,225.7,185.5,202.8,0.9962,0.0872,0.0,0.0,0.0,nan,False,93,81.0,0.677,no,no,no,no,no,no,no,3.2,
dataset6_CLINIC_0085_data,grupo 3,calibracion,nan,R1 arriba de TS,False,nan,default6mm,0.01,hueso,0.001,8,8,0,8.4,114.0,12.3,8.7,-33.0,8.4,-51.0,5.1,-33.0,-21.0,1.3,8.6,225.7,185.5,202.8,0.9962,0.0872,0.0,0.0,0.0,nan,False,93,81.0,0.677,no,no,no,no,no,no,no,0.0,
dataset6_CLINIC_0085_data,grupo 3,calibracion,nan,R1 arriba de TS,False,nan,default6mm,0.05,hueso,0.001,8,8,0,8.4,114.0,12.3,8.7,-33.0,8.4,-51.0,5.1,-33.0,-21.0,1.3,8.6,225.7,185.5,202.8,0.9962,0.0872,0.0,0.0,0.0,nan,False,93,81.0,0.677,no,no,no,no,no,no,no,0.0,
dataset6_CLINIC_0085_data,grupo 3,calibracion,nan,R1 arriba de TS,False,nan,robust3mm,0.0,hueso,,0,0,0,7.2,114.0,10.1,8.9,-33.0,7.2,-51.0,4.7,-30.0,-21.0,1.3,8.6,225.7,185.5,205.8,0.9962,0.0872,0.0,0.0,0.0,nan,False,93,68.0,0.71,no,no,no,no,no,no,no,3.0,
dataset6_CLINIC_0085_data,grupo 3,calibracion,nan,R1 arriba de TS,False,nan,robust3mm,0.001,hueso,0.0,0,0,0,7.2,114.0,10.1,8.9,-33.0,7.2,-51.0,4.7,-30.0,-21.0,1.3,8.6,225.7,185.5,205.8,0.9962,0.0872,0.0,0.0,0.0,nan,False,93,68.0,0.71,no,no,no,no,no,no,no,0.0,
dataset6_CLINIC_0085_data,grupo 3,calibracion,nan,R1 arriba de TS,False,nan,robust3mm,0.01,hueso,0.0,0,0,0,7.2,114.0,10.1,8.9,-33.0,7.2,-51.0,4.7,-30.0,-21.0,1.3,8.6,225.7,185.5,205.8,0.9962,0.0872,0.0,0.0,0.0,nan,False,93,68.0,0.71,no,no,no,no,no,no,no,0.0,
dataset6_CLINIC_0085_data,grupo 3,calibracion,nan,R1 arriba de TS,False,nan,robust3mm,0.05,hueso,0.0,0,0,0,7.2,114.0,10.1,8.9,-33.0,7.2,-51.0,4.7,-30.0,-21.0,1.3,8.6,225.7,185.5,205.8,0.9962,0.0872,0.0,0.0,0.0,nan,False,93,68.0,0.71,no,no,no,no,no,no,no,0.0,
dataset6_CLINIC_0078_data,grupo 2,otro,nan,concordante,False,nan,default6mm,0.0,hueso,,0,0,0,2.2,138.0,8.9,3.5,-3.0,1.6,-36.0,2.2,-36.0,-6.0,1.9,10.2,219.4,143.0,147.9,0.9812,0.173,0.0858,0.0,0.0,nan,False,116,362.0,0.103,no,no,no,no,no,no,no,4.7,
dataset6_CLINIC_0078_data,grupo 2,otro,nan,concordante,False,nan,default6mm,0.001,hueso,,180,180,0,2.2,138.0,8.9,3.5,-3.0,1.6,-36.0,2.2,-36.0,-6.0,1.9,10.2,219.4,143.0,147.9,0.9812,0.173,0.0858,0.0,0.0,nan,False,116,362.0,0.103,no,no,no,no,no,no,no,4.4,
dataset6_CLINIC_0078_data,grupo 2,otro,nan,concordante,False,nan,default6mm,0.01,hueso,0.001,180,180,0,2.2,138.0,8.9,3.5,-3.0,1.6,-36.0,2.2,-36.0,-6.0,1.9,10.2,219.4,143.0,147.9,0.9812,0.173,0.0858,0.0,0.0,nan,False,116,362.0,0.103,no,no,no,no,no,no,no,0.0,
dataset6_CLINIC_0078_data,grupo 2,otro,nan,concordante,False,nan,default6mm,0.05,hueso,0.001,180,180,0,2.2,138.0,8.9,3.5,-3.0,1.6,-36.0,2.2,-36.0,-6.0,1.9,10.2,219.4,143.0,147.9,0.9812,0.173,0.0858,0.0,0.0,nan,False,116,362.0,0.103,no,no,no,no,no,no,no,0.0,
dataset6_CLINIC_0078_data,grupo 2,otro,nan,concordante,False,nan,robust3mm,0.0,hueso,,0,0,0,2.2,140.0,8.9,3.5,-12.0,1.6,-36.0,2.2,-36.0,-6.0,1.9,5.2,219.4,143.0,147.9,0.9924,0.0868,0.0868,0.0,0.0,nan,False,120,293.0,0.183,no,no,no,no,no,no,no,4.4,
dataset6_CLINIC_0078_data,grupo 2,otro,nan,concordante,False,nan,robust3mm,0.001,hueso,,110,110,0,2.2,140.0,8.9,3.5,-12.0,1.6,-36.0,2.2,-36.0,-6.0,1.9,5.2,219.4,143.0,147.9,0.9924,0.0868,0.0868,0.0,0.0,nan,False,120,293.0,0.183,no,no,no,no,no,no,no,4.6,
dataset6_CLINIC_0078_data,grupo 2,otro,nan,concordante,False,nan,robust3mm,0.01,hueso,0.001,110,110,0,2.2,140.0,8.9,3.5,-12.0,1.6,-36.0,2.2,-36.0,-6.0,1.9,5.2,219.4,143.0,147.9,0.9924,0.0868,0.0868,0.0,0.0,nan,False,120,293.0,0.183,no,no,no,no,no,no,no,0.0,
dataset6_CLINIC_0078_data,grupo 2,otro,nan,concordante,False,nan,robust3mm,0.05,hueso,0.001,110,110,0,2.2,140.0,8.9,3.5,-12.0,1.6,-36.0,2.2,-36.0,-6.0,1.9,5.2,219.4,143.0,147.9,0.9924,0.0868,0.0868,0.0,0.0,nan,False,120,293.0,0.183,no,no,no,no,no,no,no,0.0,
dataset6_CLINIC_0084_data,grupo 2,otro,nan,concordante,False,nan,default6mm,0.0,hueso,,0,0,0,7.1,157.0,9.6,14.2,-9.0,5.8,-30.0,7.1,-27.0,-27.0,2.5,8.7,230.5,151.3,163.1,0.9848,0.1736,0.0,0.0,0.0,nan,False,136,114.0,0.662,no,no,no,no,no,no,no,3.9,
dataset6_CLINIC_0084_data,grupo 2,otro,nan,concordante,False,nan,default6mm,0.001,hueso,,252,252,0,7.1,157.0,9.6,14.2,-9.0,5.8,-30.0,7.1,-27.0,-27.0,2.5,8.7,230.5,151.3,163.1,0.9848,0.1736,0.0,0.0,0.0,nan,False,136,114.0,0.662,no,no,no,no,no,no,no,3.8,
dataset6_CLINIC_0084_data,grupo 2,otro,nan,concordante,False,nan,default6mm,0.01,hueso,0.001,252,252,0,7.1,157.0,9.6,14.2,-9.0,5.8,-30.0,7.1,-27.0,-27.0,2.5,8.7,230.5,151.3,163.1,0.9848,0.1736,0.0,0.0,0.0,nan,False,136,114.0,0.662,no,no,no,no,no,no,no,0.0,
dataset6_CLINIC_0084_data,grupo 2,otro,nan,concordante,False,nan,default6mm,0.05,hueso,0.001,252,252,0,7.1,157.0,9.6,14.2,-9.0,5.8,-30.0,7.1,-27.0,-27.0,2.5,8.7,230.5,151.3,163.1,0.9848,0.1736,0.0,0.0,0.0,nan,False,136,114.0,0.662,no,no,no,no,no,no,no,0.0,
dataset6_CLINIC_0084_data,grupo 2,otro,nan,concordante,False,nan,robust3mm,0.0,hueso,,0,0,0,7.9,148.0,9.2,14.4,-9.0,5.3,-27.0,7.9,-27.0,-27.0,2.5,3.7,230.5,151.3,163.1,0.9962,0.0872,0.0,0.0,0.0,nan,False,132,112.0,0.75,no,no,no,no,no,no,no,3.8,
dataset6_CLINIC_0084_data,grupo 2,otro,nan,concordante,False,nan,robust3mm,0.001,hueso,,132,132,0,7.9,148.0,9.2,14.4,-9.0,5.3,-27.0,7.9,-27.0,-27.0,2.5,3.7,230.5,151.3,163.1,0.9962,0.0872,0.0,0.0,0.0,nan,False,132,112.0,0.75,no,no,no,no,no,no,no,3.6,
dataset6_CLINIC_0084_data,grupo 2,otro,nan,concordante,False,nan,robust3mm,0.01,hueso,0.001,132,132,0,7.9,148.0,9.2,14.4,-9.0,5.3,-27.0,7.9,-27.0,-27.0,2.5,3.7,230.5,151.3,163.1,0.9962,0.0872,0.0,0.0,0.0,nan,False,132,112.0,0.75,no,no,no,no,no,no,no,0.0,
dataset6_CLINIC_0084_data,grupo 2,otro,nan,concordante,False,nan,robust3mm,0.05,hueso,0.001,132,132,0,7.9,148.0,9.2,14.4,-9.0,5.3,-27.0,7.9,-27.0,-27.0,2.5,3.7,230.5,151.3,163.1,0.9962,0.0872,0.0,0.0,0.0,nan,False,132,112.0,0.75,no,no,no,no,no,no,no,0.0,
dataset6_CLINIC_0067_data,grupo 2,otro,nan,concordante,False,nan,default6mm,0.0,hueso,,0,0,0,5.0,155.0,15.2,7.2,-9.0,5.0,-30.0,4.7,-9.0,-6.0,11.9,0.5,220.4,199.2,177.7,0.9812,0.0858,0.173,0.0,0.0,40.4,False,138,244.0,0.246,no,no,no,no,no,no,no,3.7,
dataset6_CLINIC_0067_data,grupo 2,otro,nan,concordante,False,nan,default6mm,0.0,ocupado_2500,,0,0,0,5.0,155.0,15.2,7.2,-9.0,5.0,-30.0,4.7,-9.0,-6.0,11.9,0.5,220.4,199.2,177.7,0.9812,0.0858,0.173,0.0,0.0,40.4,False,138,244.0,0.246,no,no,no,no,no,no,no,3.4,
dataset6_CLINIC_0067_data,grupo 2,otro,nan,concordante,False,nan,default6mm,0.0,ocupado_semimax,,0,0,0,5.0,155.0,15.2,7.2,-9.0,5.0,-30.0,4.7,-9.0,-6.0,11.9,0.5,220.4,199.2,177.7,0.9812,0.0858,0.173,0.0,0.0,40.4,False,138,244.0,0.246,no,no,no,no,no,no,no,3.4,
dataset6_CLINIC_0067_data,grupo 2,otro,nan,concordante,False,nan,default6mm,0.001,hueso,,36,36,0,5.0,155.0,15.2,7.2,-9.0,5.0,-30.0,4.7,-9.0,-6.0,11.9,0.5,220.4,199.2,177.7,0.9812,0.0858,0.173,0.0,0.0,40.4,False,138,244.0,0.246,no,no,no,no,no,no,no,3.5,
dataset6_CLINIC_0067_data,grupo 2,otro,nan,concordante,False,nan,default6mm,0.001,ocupado_2500,,36,36,0,5.0,155.0,15.2,7.2,-9.0,5.0,-30.0,4.7,-9.0,-6.0,11.9,0.5,220.4,199.2,177.7,0.9812,0.0858,0.173,0.0,0.0,40.4,False,138,244.0,0.246,no,no,no,no,no,no,no,3.4,
dataset6_CLINIC_0067_data,grupo 2,otro,nan,concordante,False,nan,default6mm,0.001,ocupado_semimax,,36,36,0,5.0,155.0,15.2,7.2,-9.0,5.0,-30.0,4.7,-9.0,-6.0,11.9,0.5,220.4,199.2,177.7,0.9812,0.0858,0.173,0.0,0.0,40.4,False,138,244.0,0.246,no,no,no,no,no,no,no,3.3,
dataset6_CLINIC_0067_data,grupo 2,otro,nan,concordante,False,nan,default6mm,0.01,hueso,0.001,36,36,0,5.0,155.0,15.2,7.2,-9.0,5.0,-30.0,4.7,-9.0,-6.0,11.9,0.5,220.4,199.2,177.7,0.9812,0.0858,0.173,0.0,0.0,40.4,False,138,244.0,0.246,no,no,no,no,no,no,no,0.0,
dataset6_CLINIC_0067_data,grupo 2,otro,nan,concordante,False,nan,default6mm,0.01,ocupado_2500,0.001,36,36,0,5.0,155.0,15.2,7.2,-9.0,5.0,-30.0,4.7,-9.0,-6.0,11.9,0.5,220.4,199.2,177.7,0.9812,0.0858,0.173,0.0,0.0,40.4,False,138,244.0,0.246,no,no,no,no,no,no,no,0.0,
dataset6_CLINIC_0067_data,grupo 2,otro,nan,concordante,False,nan,default6mm,0.01,ocupado_semimax,0.001,36,36,0,5.0,155.0,15.2,7.2,-9.0,5.0,-30.0,4.7,-9.0,-6.0,11.9,0.5,220.4,199.2,177.7,0.9812,0.0858,0.173,0.0,0.0,40.4,False,138,244.0,0.246,no,no,no,no,no,no,no,0.0,
dataset6_CLINIC_0067_data,grupo 2,otro,nan,concordante,False,nan,default6mm,0.05,hueso,0.001,36,36,0,5.0,155.0,15.2,7.2,-9.0,5.0,-30.0,4.7,-9.0,-6.0,11.9,0.5,220.4,199.2,177.7,0.9812,0.0858,0.173,0.0,0.0,40.4,False,138,244.0,0.246,no,no,no,no,no,no,no,0.0,
dataset6_CLINIC_0067_data,grupo 2,otro,nan,concordante,False,nan,default6mm,0.05,ocupado_2500,0.001,36,36,0,5.0,155.0,15.2,7.2,-9.0,5.0,-30.0,4.7,-9.0,-6.0,11.9,0.5,220.4,199.2,177.7,0.9812,0.0858,0.173,0.0,0.0,40.4,False,138,244.0,0.246,no,no,no,no,no,no,no,0.0,
dataset6_CLINIC_0067_data,grupo 2,otro,nan,concordante,False,nan,default6mm,0.05,ocupado_semimax,0.001,36,36,0,5.0,155.0,15.2,7.2,-9.0,5.0,-30.0,4.7,-9.0,-6.0,11.9,0.5,220.4,199.2,177.7,0.9812,0.0858,0.173,0.0,0.0,40.4,False,138,244.0,0.246,no,no,no,no,no,no,no,0.0,
dataset6_CLINIC_0067_data,grupo 2,otro,nan,concordante,False,nan,robust3mm,0.0,hueso,,0,0,0,5.0,155.0,15.6,7.0,-9.0,5.0,-30.0,4.7,-9.0,-6.0,11.9,0.5,220.4,199.2,177.7,0.9812,0.0858,0.173,0.0,0.0,40.4,False,137,248.0,0.241,no,no,no,no,no,no,no,3.5,
dataset6_CLINIC_0067_data,grupo 2,otro,nan,concordante,False,nan,robust3mm,0.0,ocupado_2500,,0,0,0,5.0,155.0,15.6,7.0,-9.0,5.0,-30.0,4.7,-9.0,-6.0,11.9,0.5,220.4,199.2,177.7,0.9812,0.0858,0.173,0.0,0.0,40.4,False,137,248.0,0.241,no,no,no,no,no,no,no,3.2,
dataset6_CLINIC_0067_data,grupo 2,otro,nan,concordante,False,nan,robust3mm,0.0,ocupado_semimax,,0,0,0,5.0,155.0,15.6,7.0,-9.0,5.0,-30.0,4.7,-9.0,-6.0,11.9,0.5,220.4,199.2,177.7,0.9812,0.0858,0.173,0.0,0.0,40.4,False,137,248.0,0.241,no,no,no,no,no,no,no,3.1,
dataset6_CLINIC_0067_data,grupo 2,otro,nan,concordante,False,nan,robust3mm,0.001,hueso,,46,46,0,5.0,155.0,15.6,7.0,-9.0,5.0,-30.0,4.7,-9.0,-6.0,11.9,0.5,220.4,199.2,177.7,0.9812,0.0858,0.173,0.0,0.0,40.4,False,137,248.0,0.241,no,no,no,no,no,no,no,3.5,
dataset6_CLINIC_0067_data,grupo 2,otro,nan,concordante,False,nan,robust3mm,0.001,ocupado_2500,,46,46,0,5.0,155.0,15.6,7.0,-9.0,5.0,-30.0,4.7,-9.0,-6.0,11.9,0.5,220.4,199.2,177.7,0.9812,0.0858,0.173,0.0,0.0,40.4,False,137,248.0,0.241,no,no,no,no,no,no,no,3.3,
dataset6_CLINIC_0067_data,grupo 2,otro,nan,concordante,False,nan,robust3mm,0.001,ocupado_semimax,,46,46,0,5.0,155.0,15.6,7.0,-9.0,5.0,-30.0,4.7,-9.0,-6.0,11.9,0.5,220.4,199.2,177.7,0.9812,0.0858,0.173,0.0,0.0,40.4,False,137,248.0,0.241,no,no,no,no,no,no,no,3.1,
dataset6_CLINIC_0067_data,grupo 2,otro,nan,concordante,False,nan,robust3mm,0.01,hueso,0.001,46,46,0,5.0,155.0,15.6,7.0,-9.0,5.0,-30.0,4.7,-9.0,-6.0,11.9,0.5,220.4,199.2,177.7,0.9812,0.0858,0.173,0.0,0.0,40.4,False,137,248.0,0.241,no,no,no,no,no,no,no,0.0,
dataset6_CLINIC_0067_data,grupo 2,otro,nan,concordante,False,nan,robust3mm,0.01,ocupado_2500,0.001,46,46,0,5.0,155.0,15.6,7.0,-9.0,5.0,-30.0,4.7,-9.0,-6.0,11.9,0.5,220.4,199.2,177.7,0.9812,0.0858,0.173,0.0,0.0,40.4,False,137,248.0,0.241,no,no,no,no,no,no,no,0.0,
dataset6_CLINIC_0067_data,grupo 2,otro,nan,concordante,False,nan,robust3mm,0.01,ocupado_semimax,0.001,46,46,0,5.0,155.0,15.6,7.0,-9.0,5.0,-30.0,4.7,-9.0,-6.0,11.9,0.5,220.4,199.2,177.7,0.9812,0.0858,0.173,0.0,0.0,40.4,False,137,248.0,0.241,no,no,no,no,no,no,no,0.0,
dataset6_CLINIC_0067_data,grupo 2,otro,nan,concordante,False,nan,robust3mm,0.05,hueso,0.001,46,46,0,5.0,155.0,15.6,7.0,-9.0,5.0,-30.0,4.7,-9.0,-6.0,11.9,0.5,220.4,199.2,177.7,0.9812,0.0858,0.173,0.0,0.0,40.4,False,137,248.0,0.241,no,no,no,no,no,no,no,0.0,
dataset6_CLINIC_0067_data,grupo 2,otro,nan,concordante,False,nan,robust3mm,0.05,ocupado_2500,0.001,46,46,0,5.0,155.0,15.6,7.0,-9.0,5.0,-30.0,4.7,-9.0,-6.0,11.9,0.5,220.4,199.2,177.7,0.9812,0.0858,0.173,0.0,0.0,40.4,False,137,248.0,0.241,no,no,no,no,no,no,no,0.0,
dataset6_CLINIC_0067_data,grupo 2,otro,nan,concordante,False,nan,robust3mm,0.05,ocupado_semimax,0.001,46,46,0,5.0,155.0,15.6,7.0,-9.0,5.0,-30.0,4.7,-9.0,-6.0,11.9,0.5,220.4,199.2,177.7,0.9812,0.0858,0.173,0.0,0.0,40.4,False,137,248.0,0.241,no,no,no,no,no,no,no,0.0,
dataset6_CLINIC_0075_data,grupo 2,otro,nan,concordante,False,nan,default6mm,0.0,hueso,,0,0,0,10.5,157.0,12.5,11.9,-9.0,10.5,-21.0,6.7,-9.0,-3.0,3.0,0.2,209.8,188.0,203.6,0.9924,0.0868,0.0868,0.0,0.0,nan,False,140,327.0,0.093,si,si,si,si,no,si,no,4.4,
dataset6_CLINIC_0075_data,grupo 2,otro,nan,concordante,False,nan,default6mm,0.001,hueso,,364,364,0,10.5,157.0,12.5,11.9,-9.0,10.5,-21.0,6.7,-9.0,-3.0,3.0,0.2,209.8,188.0,203.6,0.9924,0.0868,0.0868,0.0,0.0,nan,False,140,327.0,0.093,si,si,si,si,no,si,no,4.0,
dataset6_CLINIC_0075_data,grupo 2,otro,nan,concordante,False,nan,default6mm,0.01,hueso,0.001,1054,364,0,10.5,157.0,12.5,11.9,-9.0,10.5,-21.0,6.7,-9.0,-3.0,3.0,0.2,209.8,188.0,203.6,0.9924,0.0868,0.0868,0.0,0.0,nan,False,140,327.0,0.093,si,si,si,si,no,si,no,0.0,
dataset6_CLINIC_0075_data,grupo 2,otro,nan,concordante,False,nan,default6mm,0.05,hueso,0.001,1054,364,0,10.5,157.0,12.5,11.9,-9.0,10.5,-21.0,6.7,-9.0,-3.0,3.0,0.2,209.8,188.0,203.6,0.9924,0.0868,0.0868,0.0,0.0,nan,False,140,327.0,0.093,si,si,si,si,no,si,no,0.0,
dataset6_CLINIC_0075_data,grupo 2,otro,nan,concordante,False,nan,robust3mm,0.0,hueso,,0,0,0,11.2,157.0,12.5,12.8,-9.0,11.2,-24.0,6.7,-9.0,-3.0,3.0,0.2,209.8,188.0,203.6,0.9924,0.0868,0.0868,0.0,0.0,nan,False,140,327.0,0.093,si,si,si,si,no,si,no,4.1,
dataset6_CLINIC_0075_data,grupo 2,otro,nan,concordante,False,nan,robust3mm,0.001,hueso,,68,68,0,11.2,157.0,12.5,12.8,-9.0,11.2,-24.0,6.7,-9.0,-3.0,3.0,0.2,209.8,188.0,203.6,0.9924,0.0868,0.0868,0.0,0.0,nan,False,140,327.0,0.093,si,si,si,si,no,si,no,4.1,
dataset6_CLINIC_0075_data,grupo 2,otro,nan,concordante,False,nan,robust3mm,0.01,hueso,,1572,452,0,11.2,157.0,12.5,12.8,-9.0,11.2,-24.0,6.7,-9.0,-3.0,3.0,0.2,209.8,188.0,203.6,0.9924,0.0868,0.0868,0.0,0.0,nan,False,140,327.0,0.093,si,si,si,si,no,si,no,4.0,
dataset6_CLINIC_0075_data,grupo 2,otro,nan,concordante,False,nan,robust3mm,0.05,hueso,0.01,1572,452,0,11.2,157.0,12.5,12.8,-9.0,11.2,-24.0,6.7,-9.0,-3.0,3.0,0.2,209.8,188.0,203.6,0.9924,0.0868,0.0868,0.0,0.0,nan,False,140,327.0,0.093,si,si,si,si,no,si,no,0.0,
dataset6_CLINIC_0083_data,grupo 3,calibracion,nan,concordante,False,nan,default6mm,0.0,hueso,,0,0,0,9.0,144.0,12.8,12.6,-9.0,9.0,-27.0,8.7,-9.0,0.0,0.9,1.9,182.9,140.9,189.7,0.9848,0.0,-0.1736,0.0,0.0,nan,False,124,156.5,0.492,no,si,no,no,no,no,no,5.4,
dataset6_CLINIC_0083_data,grupo 3,calibracion,nan,concordante,False,nan,default6mm,0.001,hueso,,16,16,0,9.0,144.0,12.8,12.6,-9.0,9.0,-27.0,8.7,-9.0,0.0,0.9,1.9,182.9,140.9,189.7,0.9848,0.0,-0.1736,0.0,0.0,nan,False,124,156.5,0.492,no,si,no,no,no,no,no,5.2,
dataset6_CLINIC_0083_data,grupo 3,calibracion,nan,concordante,False,nan,default6mm,0.01,hueso,0.001,16,16,0,9.0,144.0,12.8,12.6,-9.0,9.0,-27.0,8.7,-9.0,0.0,0.9,1.9,182.9,140.9,189.7,0.9848,0.0,-0.1736,0.0,0.0,nan,False,124,156.5,0.492,no,si,no,no,no,no,no,0.0,
dataset6_CLINIC_0083_data,grupo 3,calibracion,nan,concordante,False,nan,default6mm,0.05,hueso,0.001,16,16,0,9.0,144.0,12.8,12.6,-9.0,9.0,-27.0,8.7,-9.0,0.0,0.9,1.9,182.9,140.9,189.7,0.9848,0.0,-0.1736,0.0,0.0,nan,False,124,156.5,0.492,no,si,no,no,no,no,no,0.0,
dataset6_CLINIC_0083_data,grupo 3,calibracion,nan,concordante,False,nan,robust3mm,0.0,hueso,,0,0,0,9.9,144.0,12.9,13.4,-9.0,9.9,-27.0,8.0,-9.0,0.0,0.9,1.9,182.9,140.9,189.7,0.9848,0.0,-0.1736,0.0,0.0,nan,False,125,155.0,0.488,no,si,no,si,no,no,no,5.0,
dataset6_CLINIC_0083_data,grupo 3,calibracion,nan,concordante,False,nan,robust3mm,0.001,hueso,,40,40,0,9.9,144.0,12.9,13.4,-9.0,9.9,-27.0,8.0,-9.0,0.0,0.9,1.9,182.9,140.9,189.7,0.9848,0.0,-0.1736,0.0,0.0,nan,False,125,155.0,0.488,no,si,no,si,no,no,no,4.9,
dataset6_CLINIC_0083_data,grupo 3,calibracion,nan,concordante,False,nan,robust3mm,0.01,hueso,0.001,40,40,0,9.9,144.0,12.9,13.4,-9.0,9.9,-27.0,8.0,-9.0,0.0,0.9,1.9,182.9,140.9,189.7,0.9848,0.0,-0.1736,0.0,0.0,nan,False,125,155.0,0.488,no,si,no,si,no,no,no,0.0,
dataset6_CLINIC_0083_data,grupo 3,calibracion,nan,concordante,False,nan,robust3mm,0.05,hueso,0.001,40,40,0,9.9,144.0,12.9,13.4,-9.0,9.9,-27.0,8.0,-9.0,0.0,0.9,1.9,182.9,140.9,189.7,0.9848,0.0,-0.1736,0.0,0.0,nan,False,125,155.0,0.488,no,si,no,si,no,no,no,0.0,
dataset6_CLINIC_0058_data,grupo 3,calibracion,nan,concordante,False,nan,default6mm,0.0,hueso,,0,0,0,7.9,132.0,11.3,11.6,-12.0,7.9,-30.0,6.5,-12.0,-12.0,7.3,7.4,231.9,237.1,188.8,0.9812,-0.173,-0.0858,0.0,0.0,93.3,False,117,174.0,0.385,no,no,no,no,no,no,no,3.9,
dataset6_CLINIC_0058_data,grupo 3,calibracion,nan,concordante,False,nan,default6mm,0.0,ocupado_2500,,0,0,0,7.9,132.0,11.3,11.6,-12.0,7.9,-30.0,6.5,-12.0,-12.0,7.3,7.4,231.9,237.1,188.8,0.9812,-0.173,-0.0858,0.0,0.0,93.3,False,117,174.0,0.385,no,no,no,no,no,no,no,3.2,
dataset6_CLINIC_0058_data,grupo 3,calibracion,nan,concordante,False,nan,default6mm,0.0,ocupado_semimax,,0,0,0,7.9,132.0,11.3,11.6,-12.0,7.9,-30.0,6.5,-12.0,-12.0,7.3,7.4,231.9,237.1,188.8,0.9812,-0.173,-0.0858,0.0,0.0,93.3,False,117,174.0,0.385,no,no,no,no,no,no,no,3.4,
dataset6_CLINIC_0058_data,grupo 3,calibracion,nan,concordante,False,nan,default6mm,0.001,hueso,,102,102,0,7.9,132.0,11.3,11.6,-12.0,7.9,-30.0,6.5,-12.0,-12.0,7.3,7.4,231.9,237.1,188.8,0.9812,-0.173,-0.0858,0.0,0.0,93.3,False,117,174.0,0.385,no,no,no,no,no,no,no,3.5,
dataset6_CLINIC_0058_data,grupo 3,calibracion,nan,concordante,False,nan,default6mm,0.001,ocupado_2500,,102,102,0,7.9,132.0,11.3,11.6,-12.0,7.9,-30.0,6.5,-12.0,-12.0,7.3,7.4,231.9,237.1,188.8,0.9812,-0.173,-0.0858,0.0,0.0,93.3,False,117,174.0,0.385,no,no,no,no,no,no,no,3.2,
dataset6_CLINIC_0058_data,grupo 3,calibracion,nan,concordante,False,nan,default6mm,0.001,ocupado_semimax,,102,102,0,7.9,132.0,11.3,11.6,-12.0,7.9,-30.0,6.5,-12.0,-12.0,7.3,7.4,231.9,237.1,188.8,0.9812,-0.173,-0.0858,0.0,0.0,93.3,False,117,174.0,0.385,no,no,no,no,no,no,no,3.3,
dataset6_CLINIC_0058_data,grupo 3,calibracion,nan,concordante,False,nan,default6mm,0.01,hueso,0.001,102,102,0,7.9,132.0,11.3,11.6,-12.0,7.9,-30.0,6.5,-12.0,-12.0,7.3,7.4,231.9,237.1,188.8,0.9812,-0.173,-0.0858,0.0,0.0,93.3,False,117,174.0,0.385,no,no,no,no,no,no,no,0.0,
dataset6_CLINIC_0058_data,grupo 3,calibracion,nan,concordante,False,nan,default6mm,0.01,ocupado_2500,0.001,102,102,0,7.9,132.0,11.3,11.6,-12.0,7.9,-30.0,6.5,-12.0,-12.0,7.3,7.4,231.9,237.1,188.8,0.9812,-0.173,-0.0858,0.0,0.0,93.3,False,117,174.0,0.385,no,no,no,no,no,no,no,0.0,
dataset6_CLINIC_0058_data,grupo 3,calibracion,nan,concordante,False,nan,default6mm,0.01,ocupado_semimax,0.001,102,102,0,7.9,132.0,11.3,11.6,-12.0,7.9,-30.0,6.5,-12.0,-12.0,7.3,7.4,231.9,237.1,188.8,0.9812,-0.173,-0.0858,0.0,0.0,93.3,False,117,174.0,0.385,no,no,no,no,no,no,no,0.0,
dataset6_CLINIC_0058_data,grupo 3,calibracion,nan,concordante,False,nan,default6mm,0.05,hueso,,3216,3216,0,7.9,132.0,11.3,11.6,-12.0,7.9,-30.0,6.5,-12.0,-12.0,7.3,7.4,231.9,237.1,188.8,0.9812,-0.173,-0.0858,0.0,0.0,93.3,False,117,174.0,0.385,no,no,no,no,no,no,no,3.5,
dataset6_CLINIC_0058_data,grupo 3,calibracion,nan,concordante,False,nan,default6mm,0.05,ocupado_2500,,3216,3216,0,7.9,132.0,11.3,11.6,-12.0,7.9,-30.0,6.5,-12.0,-12.0,7.3,7.4,231.9,237.1,188.8,0.9812,-0.173,-0.0858,0.0,0.0,93.3,False,117,174.0,0.385,no,no,no,no,no,no,no,3.2,
dataset6_CLINIC_0058_data,grupo 3,calibracion,nan,concordante,False,nan,default6mm,0.05,ocupado_semimax,,3216,3216,0,7.9,132.0,11.3,11.6,-12.0,7.9,-30.0,6.5,-12.0,-12.0,7.3,7.4,231.9,237.1,188.8,0.9812,-0.173,-0.0858,0.0,0.0,93.3,False,117,174.0,0.385,no,no,no,no,no,no,no,3.4,
dataset6_CLINIC_0058_data,grupo 3,calibracion,nan,concordante,False,nan,robust3mm,0.0,hueso,,0,0,0,9.0,161.0,10.3,12.7,-12.0,9.0,-30.0,7.2,-12.0,-12.0,7.7,2.4,231.9,237.1,188.8,0.9812,-0.0858,0.173,0.0,0.0,99.1,False,144,178.5,0.396,no,si,no,no,no,no,no,3.5,
dataset6_CLINIC_0058_data,grupo 3,calibracion,nan,concordante,False,nan,robust3mm,0.0,ocupado_2500,,0,0,0,9.0,161.0,10.3,12.7,-12.0,9.0,-30.0,7.2,-12.0,-12.0,7.7,2.4,231.9,237.1,188.8,0.9812,-0.0858,0.173,0.0,0.0,99.1,False,144,178.5,0.396,no,si,no,no,no,no,no,3.5,
dataset6_CLINIC_0058_data,grupo 3,calibracion,nan,concordante,False,nan,robust3mm,0.0,ocupado_semimax,,0,0,0,9.0,161.0,10.3,12.7,-12.0,9.0,-30.0,7.2,-12.0,-12.0,7.7,2.4,231.9,237.1,188.8,0.9812,-0.0858,0.173,0.0,0.0,99.1,False,144,178.5,0.396,no,si,no,no,no,no,no,3.3,
dataset6_CLINIC_0058_data,grupo 3,calibracion,nan,concordante,False,nan,robust3mm,0.001,hueso,,83,83,0,9.0,161.0,10.3,12.7,-12.0,9.0,-30.0,7.2,-12.0,-12.0,7.7,2.4,231.9,237.1,188.8,0.9812,-0.0858,0.173,0.0,0.0,99.1,False,144,178.5,0.396,no,si,no,no,no,no,no,3.5,
dataset6_CLINIC_0058_data,grupo 3,calibracion,nan,concordante,False,nan,robust3mm,0.001,ocupado_2500,,83,83,0,9.0,161.0,10.3,12.7,-12.0,9.0,-30.0,7.2,-12.0,-12.0,7.7,2.4,231.9,237.1,188.8,0.9812,-0.0858,0.173,0.0,0.0,99.1,False,144,178.5,0.396,no,si,no,no,no,no,no,3.2,
dataset6_CLINIC_0058_data,grupo 3,calibracion,nan,concordante,False,nan,robust3mm,0.001,ocupado_semimax,,83,83,0,9.0,161.0,10.3,12.7,-12.0,9.0,-30.0,7.2,-12.0,-12.0,7.7,2.4,231.9,237.1,188.8,0.9812,-0.0858,0.173,0.0,0.0,99.1,False,144,178.5,0.396,no,si,no,no,no,no,no,3.2,
dataset6_CLINIC_0058_data,grupo 3,calibracion,nan,concordante,False,nan,robust3mm,0.01,hueso,0.001,83,83,0,9.0,161.0,10.3,12.7,-12.0,9.0,-30.0,7.2,-12.0,-12.0,7.7,2.4,231.9,237.1,188.8,0.9812,-0.0858,0.173,0.0,0.0,99.1,False,144,178.5,0.396,no,si,no,no,no,no,no,0.0,
dataset6_CLINIC_0058_data,grupo 3,calibracion,nan,concordante,False,nan,robust3mm,0.01,ocupado_2500,0.001,83,83,0,9.0,161.0,10.3,12.7,-12.0,9.0,-30.0,7.2,-12.0,-12.0,7.7,2.4,231.9,237.1,188.8,0.9812,-0.0858,0.173,0.0,0.0,99.1,False,144,178.5,0.396,no,si,no,no,no,no,no,0.0,
dataset6_CLINIC_0058_data,grupo 3,calibracion,nan,concordante,False,nan,robust3mm,0.01,ocupado_semimax,0.001,83,83,0,9.0,161.0,10.3,12.7,-12.0,9.0,-30.0,7.2,-12.0,-12.0,7.7,2.4,231.9,237.1,188.8,0.9812,-0.0858,0.173,0.0,0.0,99.1,False,144,178.5,0.396,no,si,no,no,no,no,no,0.0,
dataset6_CLINIC_0058_data,grupo 3,calibracion,nan,concordante,False,nan,robust3mm,0.05,hueso,,3271,3271,0,9.0,161.0,10.3,12.7,-12.0,9.0,-30.0,7.2,-12.0,-12.0,7.7,2.4,231.9,237.1,188.8,0.9812,-0.0858,0.173,0.0,0.0,99.1,False,144,178.5,0.396,no,si,no,no,no,no,no,3.5,
dataset6_CLINIC_0058_data,grupo 3,calibracion,nan,concordante,False,nan,robust3mm,0.05,ocupado_2500,,3271,3271,0,9.0,161.0,10.3,12.7,-12.0,9.0,-30.0,7.2,-12.0,-12.0,7.7,2.4,231.9,237.1,188.8,0.9812,-0.0858,0.173,0.0,0.0,99.1,False,144,178.5,0.396,no,si,no,no,no,no,no,3.3,
dataset6_CLINIC_0058_data,grupo 3,calibracion,nan,concordante,False,nan,robust3mm,0.05,ocupado_semimax,,3271,3271,0,9.0,161.0,10.3,12.7,-12.0,9.0,-30.0,7.2,-12.0,-12.0,7.7,2.4,231.9,237.1,188.8,0.9812,-0.0858,0.173,0.0,0.0,99.1,False,144,178.5,0.396,no,si,no,no,no,no,no,3.3,
dataset6_CLINIC_0086_data,grupo 3,calibracion,nan,concordante,False,nan,default6mm,0.0,hueso,,0,0,0,14.0,114.0,16.6,15.6,-9.0,14.0,-30.0,11.2,-9.0,-6.0,13.4,10.2,210.0,169.6,163.1,0.9659,0.0,-0.2588,0.0,0.0,nan,False,83,258.0,0.361,si,si,si,si,si,si,si,4.5,
dataset6_CLINIC_0086_data,grupo 3,calibracion,nan,concordante,False,nan,default6mm,0.001,hueso,,104,104,0,14.0,114.0,16.6,15.6,-9.0,14.0,-30.0,11.2,-9.0,-6.0,13.4,10.2,210.0,169.6,163.1,0.9659,0.0,-0.2588,0.0,0.0,nan,False,83,258.0,0.361,si,si,si,si,si,si,si,4.0,
dataset6_CLINIC_0086_data,grupo 3,calibracion,nan,concordante,False,nan,default6mm,0.01,hueso,0.001,104,104,0,14.0,114.0,16.6,15.6,-9.0,14.0,-30.0,11.2,-9.0,-6.0,13.4,10.2,210.0,169.6,163.1,0.9659,0.0,-0.2588,0.0,0.0,nan,False,83,258.0,0.361,si,si,si,si,si,si,si,0.0,
dataset6_CLINIC_0086_data,grupo 3,calibracion,nan,concordante,False,nan,default6mm,0.05,hueso,0.001,104,104,0,14.0,114.0,16.6,15.6,-9.0,14.0,-30.0,11.2,-9.0,-6.0,13.4,10.2,210.0,169.6,163.1,0.9659,0.0,-0.2588,0.0,0.0,nan,False,83,258.0,0.361,si,si,si,si,si,si,si,0.0,
dataset6_CLINIC_0086_data,grupo 3,calibracion,nan,concordante,False,nan,robust3mm,0.0,hueso,,0,0,0,14.1,114.0,16.9,15.5,-9.0,14.1,-30.0,11.1,-9.0,-6.0,13.4,10.2,210.0,169.6,163.1,0.9659,0.0,-0.2588,0.0,0.0,nan,False,81,258.0,0.358,si,si,si,si,si,si,si,4.3,
dataset6_CLINIC_0086_data,grupo 3,calibracion,nan,concordante,False,nan,robust3mm,0.001,hueso,,80,80,0,14.1,114.0,16.9,15.5,-9.0,14.1,-30.0,11.1,-9.0,-6.0,13.4,10.2,210.0,169.6,163.1,0.9659,0.0,-0.2588,0.0,0.0,nan,False,81,258.0,0.358,si,si,si,si,si,si,si,4.1,
dataset6_CLINIC_0086_data,grupo 3,calibracion,nan,concordante,False,nan,robust3mm,0.01,hueso,0.001,80,80,0,14.1,114.0,16.9,15.5,-9.0,14.1,-30.0,11.1,-9.0,-6.0,13.4,10.2,210.0,169.6,163.1,0.9659,0.0,-0.2588,0.0,0.0,nan,False,81,258.0,0.358,si,si,si,si,si,si,si,0.0,
dataset6_CLINIC_0086_data,grupo 3,calibracion,nan,concordante,False,nan,robust3mm,0.05,hueso,0.001,80,80,0,14.1,114.0,16.9,15.5,-9.0,14.1,-30.0,11.1,-9.0,-6.0,13.4,10.2,210.0,169.6,163.1,0.9659,0.0,-0.2588,0.0,0.0,nan,False,81,258.0,0.358,si,si,si,si,si,si,si,0.0,
dataset6_CLINIC_0090_data,grupo 3,calibracion,nan,concordante,False,nan,default6mm,0.0,hueso,,0,0,0,10.2,145.0,10.8,10.9,-9.0,7.8,-33.0,10.2,-33.0,-27.0,0.4,0.9,228.0,209.1,181.4,1.0,0.0,0.0,0.0,0.0,nan,False,124,104.0,0.605,si,si,no,si,no,si,no,3.8,
dataset6_CLINIC_0090_data,grupo 3,calibracion,nan,concordante,False,nan,default6mm,0.001,hueso,,122,122,0,10.2,145.0,10.8,10.9,-9.0,7.8,-33.0,10.2,-33.0,-27.0,0.4,0.9,228.0,209.1,181.4,1.0,0.0,0.0,0.0,0.0,nan,False,124,104.0,0.605,si,si,no,si,no,si,no,3.5,
dataset6_CLINIC_0090_data,grupo 3,calibracion,nan,concordante,False,nan,default6mm,0.01,hueso,0.001,122,122,0,10.2,145.0,10.8,10.9,-9.0,7.8,-33.0,10.2,-33.0,-27.0,0.4,0.9,228.0,209.1,181.4,1.0,0.0,0.0,0.0,0.0,nan,False,124,104.0,0.605,si,si,no,si,no,si,no,0.0,
dataset6_CLINIC_0090_data,grupo 3,calibracion,nan,concordante,False,nan,default6mm,0.05,hueso,0.001,122,122,0,10.2,145.0,10.8,10.9,-9.0,7.8,-33.0,10.2,-33.0,-27.0,0.4,0.9,228.0,209.1,181.4,1.0,0.0,0.0,0.0,0.0,nan,False,124,104.0,0.605,si,si,no,si,no,si,no,0.0,
dataset6_CLINIC_0090_data,grupo 3,calibracion,nan,concordante,False,nan,robust3mm,0.0,hueso,,0,0,0,9.6,146.0,10.9,11.0,-15.0,7.2,-33.0,9.6,-33.0,-27.0,0.4,0.9,228.0,209.1,181.4,1.0,0.0,0.0,0.0,0.0,nan,False,127,111.0,0.567,no,si,no,si,no,no,no,3.5,
dataset6_CLINIC_0090_data,grupo 3,calibracion,nan,concordante,False,nan,robust3mm,0.001,hueso,,324,278,0,9.6,146.0,10.9,11.0,-15.0,7.2,-33.0,9.6,-33.0,-27.0,0.4,0.9,228.0,209.1,181.4,1.0,0.0,0.0,0.0,0.0,nan,False,127,111.0,0.567,no,si,no,si,no,no,no,3.6,
dataset6_CLINIC_0090_data,grupo 3,calibracion,nan,concordante,False,nan,robust3mm,0.01,hueso,0.001,324,278,0,9.6,146.0,10.9,11.0,-15.0,7.2,-33.0,9.6,-33.0,-27.0,0.4,0.9,228.0,209.1,181.4,1.0,0.0,0.0,0.0,0.0,nan,False,127,111.0,0.567,no,si,no,si,no,no,no,0.0,
dataset6_CLINIC_0090_data,grupo 3,calibracion,nan,concordante,False,nan,robust3mm,0.05,hueso,0.001,324,278,0,9.6,146.0,10.9,11.0,-15.0,7.2,-33.0,9.6,-33.0,-27.0,0.4,0.9,228.0,209.1,181.4,1.0,0.0,0.0,0.0,0.0,nan,False,127,111.0,0.567,no,si,no,si,no,no,no,0.0,
dataset6_CLINIC_0088_data,grupo 3,calibracion,nan,concordante,False,nan,default6mm,0.0,hueso,,0,0,0,10.7,139.0,12.0,11.8,-9.0,8.9,-30.0,10.7,-30.0,-33.0,1.7,1.1,216.3,200.3,178.0,0.9848,0.1736,0.0,0.0,0.0,nan,False,123,117.0,0.602,si,si,si,si,no,si,no,3.7,
dataset6_CLINIC_0088_data,grupo 3,calibracion,nan,concordante,False,nan,default6mm,0.001,hueso,,270,270,0,10.7,139.0,12.0,11.8,-9.0,8.9,-30.0,10.7,-30.0,-33.0,1.7,1.1,216.3,200.3,178.0,0.9848,0.1736,0.0,0.0,0.0,nan,False,123,117.0,0.602,si,si,si,si,no,si,no,3.3,
dataset6_CLINIC_0088_data,grupo 3,calibracion,nan,concordante,False,nan,default6mm,0.01,hueso,,530,530,0,10.7,139.0,12.0,11.8,-9.0,8.9,-30.0,10.7,-30.0,-33.0,1.7,1.1,216.3,200.3,178.0,0.9848,0.1736,0.0,0.0,0.0,nan,False,123,117.0,0.602,si,si,si,si,no,si,no,3.3,
dataset6_CLINIC_0088_data,grupo 3,calibracion,nan,concordante,False,nan,default6mm,0.05,hueso,0.01,530,530,0,10.7,139.0,12.0,11.8,-9.0,8.9,-30.0,10.7,-30.0,-33.0,1.7,1.1,216.3,200.3,178.0,0.9848,0.1736,0.0,0.0,0.0,nan,False,123,117.0,0.602,si,si,si,si,no,si,no,0.0,
dataset6_CLINIC_0088_data,grupo 3,calibracion,nan,concordante,False,nan,robust3mm,0.0,hueso,,0,0,0,10.1,139.0,11.5,12.5,-12.0,10.1,-30.0,10.1,-30.0,-33.0,1.7,1.1,216.3,200.3,178.0,0.9848,0.1736,0.0,0.0,0.0,nan,False,122,117.0,0.607,si,si,no,si,no,si,no,3.4,
dataset6_CLINIC_0088_data,grupo 3,calibracion,nan,concordante,False,nan,robust3mm,0.001,hueso,,457,457,0,10.1,139.0,11.5,12.5,-12.0,10.1,-30.0,10.1,-30.0,-33.0,1.7,1.1,216.3,200.3,178.0,0.9848,0.1736,0.0,0.0,0.0,nan,False,122,117.0,0.607,si,si,no,si,no,si,no,3.4,
dataset6_CLINIC_0088_data,grupo 3,calibracion,nan,concordante,False,nan,robust3mm,0.01,hueso,0.001,457,457,0,10.1,139.0,11.5,12.5,-12.0,10.1,-30.0,10.1,-30.0,-33.0,1.7,1.1,216.3,200.3,178.0,0.9848,0.1736,0.0,0.0,0.0,nan,False,122,117.0,0.607,si,si,no,si,no,si,no,0.0,
dataset6_CLINIC_0088_data,grupo 3,calibracion,nan,concordante,False,nan,robust3mm,0.05,hueso,0.001,457,457,0,10.1,139.0,11.5,12.5,-12.0,10.1,-30.0,10.1,-30.0,-33.0,1.7,1.1,216.3,200.3,178.0,0.9848,0.1736,0.0,0.0,0.0,nan,False,122,117.0,0.607,si,si,no,si,no,si,no,0.0,
dataset6_CLINIC_0091_data,grupo 2,otro,nan,concordante,False,nan,default6mm,0.0,hueso,,0,0,0,2.0,124.0,8.5,9.6,-18.0,1.6,-33.0,2.0,-33.0,-27.0,2.4,11.5,260.1,206.8,191.7,0.9659,-0.2588,0.0,0.0,0.0,nan,False,102,252.5,0.216,no,no,no,no,no,no,no,3.2,
dataset6_CLINIC_0091_data,grupo 2,otro,nan,concordante,False,nan,default6mm,0.001,hueso,,385,385,0,2.0,124.0,8.5,9.6,-18.0,1.6,-33.0,2.0,-33.0,-27.0,2.4,11.5,260.1,206.8,191.7,0.9659,-0.2588,0.0,0.0,0.0,nan,False,102,252.5,0.216,no,no,no,no,no,no,no,3.2,
dataset6_CLINIC_0091_data,grupo 2,otro,nan,concordante,False,nan,default6mm,0.01,hueso,0.001,385,385,0,2.0,124.0,8.5,9.6,-18.0,1.6,-33.0,2.0,-33.0,-27.0,2.4,11.5,260.1,206.8,191.7,0.9659,-0.2588,0.0,0.0,0.0,nan,False,102,252.5,0.216,no,no,no,no,no,no,no,0.0,
dataset6_CLINIC_0091_data,grupo 2,otro,nan,concordante,False,nan,default6mm,0.05,hueso,0.001,385,385,0,2.0,124.0,8.5,9.6,-18.0,1.6,-33.0,2.0,-33.0,-27.0,2.4,11.5,260.1,206.8,191.7,0.9659,-0.2588,0.0,0.0,0.0,nan,False,102,252.5,0.216,no,no,no,no,no,no,no,0.0,
dataset6_CLINIC_0091_data,grupo 2,otro,nan,concordante,False,nan,robust3mm,0.0,hueso,,0,0,0,2.5,130.0,5.0,10.4,-27.0,2.5,,,-27.0,-27.0,12.6,13.5,260.1,206.8,197.7,0.9522,0.1679,0.2551,0.0,0.0,nan,False,106,231.5,0.094,no,no,no,no,no,no,no,3.2,
dataset6_CLINIC_0091_data,grupo 2,otro,nan,concordante,False,nan,robust3mm,0.001,hueso,,172,172,0,2.5,130.0,5.0,10.4,-27.0,2.5,,,-27.0,-27.0,12.6,13.5,260.1,206.8,197.7,0.9522,0.1679,0.2551,0.0,0.0,nan,False,106,231.5,0.094,no,no,no,no,no,no,no,3.1,
dataset6_CLINIC_0091_data,grupo 2,otro,nan,concordante,False,nan,robust3mm,0.01,hueso,,324,324,0,2.5,130.0,5.0,10.4,-27.0,2.5,,,-27.0,-27.0,12.6,13.5,260.1,206.8,197.7,0.9522,0.1679,0.2551,0.0,0.0,nan,False,106,231.5,0.094,no,no,no,no,no,no,no,3.3,
dataset6_CLINIC_0091_data,grupo 2,otro,nan,concordante,False,nan,robust3mm,0.05,hueso,0.01,324,324,0,2.5,130.0,5.0,10.4,-27.0,2.5,,,-27.0,-27.0,12.6,13.5,260.1,206.8,197.7,0.9522,0.1679,0.2551,0.0,0.0,nan,False,106,231.5,0.094,no,no,no,no,no,no,no,0.0,
dataset6_CLINIC_0095_data,grupo 3,calibracion,nan,R1 arriba de TS,False,nan,default6mm,0.0,hueso,,0,0,0,6.7,125.0,13.5,10.3,-54.0,6.7,-69.0,6.4,-54.0,-6.0,12.9,0.0,250.3,218.0,155.1,0.9848,0.0,-0.1736,0.0,0.0,nan,False,106,89.5,0.821,no,no,no,no,no,no,no,3.2,
dataset6_CLINIC_0095_data,grupo 3,calibracion,nan,R1 arriba de TS,False,nan,default6mm,0.001,hueso,,36,36,0,6.7,125.0,13.5,10.3,-54.0,6.7,-69.0,6.4,-54.0,-6.0,12.9,0.0,250.3,218.0,155.1,0.9848,0.0,-0.1736,0.0,0.0,nan,False,106,89.5,0.821,no,no,no,no,no,no,no,3.2,
dataset6_CLINIC_0095_data,grupo 3,calibracion,nan,R1 arriba de TS,False,nan,default6mm,0.01,hueso,0.001,36,36,0,6.7,125.0,13.5,10.3,-54.0,6.7,-69.0,6.4,-54.0,-6.0,12.9,0.0,250.3,218.0,155.1,0.9848,0.0,-0.1736,0.0,0.0,nan,False,106,89.5,0.821,no,no,no,no,no,no,no,0.0,
dataset6_CLINIC_0095_data,grupo 3,calibracion,nan,R1 arriba de TS,False,nan,default6mm,0.05,hueso,0.001,36,36,0,6.7,125.0,13.5,10.3,-54.0,6.7,-69.0,6.4,-54.0,-6.0,12.9,0.0,250.3,218.0,155.1,0.9848,0.0,-0.1736,0.0,0.0,nan,False,106,89.5,0.821,no,no,no,no,no,no,no,0.0,
dataset6_CLINIC_0095_data,grupo 3,calibracion,nan,R1 arriba de TS,False,nan,robust3mm,0.0,hueso,,0,0,0,6.7,125.0,13.7,10.3,-54.0,6.7,,,-54.0,-6.0,12.9,0.0,250.3,218.0,155.1,0.9848,0.0,-0.1736,0.0,0.0,nan,False,106,89.5,0.821,no,no,no,no,no,no,no,3.2,
dataset6_CLINIC_0095_data,grupo 3,calibracion,nan,R1 arriba de TS,False,nan,robust3mm,0.001,hueso,,46,46,0,6.7,125.0,13.7,10.3,-54.0,6.7,,,-54.0,-6.0,12.9,0.0,250.3,218.0,155.1,0.9848,0.0,-0.1736,0.0,0.0,nan,False,106,89.5,0.821,no,no,no,no,no,no,no,3.1,
dataset6_CLINIC_0095_data,grupo 3,calibracion,nan,R1 arriba de TS,False,nan,robust3mm,0.01,hueso,0.001,46,46,0,6.7,125.0,13.7,10.3,-54.0,6.7,,,-54.0,-6.0,12.9,0.0,250.3,218.0,155.1,0.9848,0.0,-0.1736,0.0,0.0,nan,False,106,89.5,0.821,no,no,no,no,no,no,no,0.0,
dataset6_CLINIC_0095_data,grupo 3,calibracion,nan,R1 arriba de TS,False,nan,robust3mm,0.05,hueso,0.001,46,46,0,6.7,125.0,13.7,10.3,-54.0,6.7,,,-54.0,-6.0,12.9,0.0,250.3,218.0,155.1,0.9848,0.0,-0.1736,0.0,0.0,nan,False,106,89.5,0.821,no,no,no,no,no,no,no,0.0,
dataset6_CLINIC_0097_data,grupo 2,otro,nan,concordante,False,nan,default6mm,0.0,hueso,,0,0,0,5.9,107.0,8.0,8.7,-15.0,4.2,-33.0,5.9,-33.0,-33.0,0.6,1.3,240.6,181.2,141.6,0.9962,0.0,0.0872,0.0,0.0,nan,False,89,141.0,0.506,no,no,no,no,no,no,no,3.2,
dataset6_CLINIC_0097_data,grupo 2,otro,nan,concordante,False,nan,default6mm,0.001,hueso,,27,15,0,5.9,107.0,8.0,8.7,-15.0,4.2,-33.0,5.9,-33.0,-33.0,0.6,1.3,240.6,181.2,141.6,0.9962,0.0,0.0872,0.0,0.0,nan,False,89,141.0,0.506,no,no,no,no,no,no,no,3.0,
dataset6_CLINIC_0097_data,grupo 2,otro,nan,concordante,False,nan,default6mm,0.01,hueso,0.001,27,15,0,5.9,107.0,8.0,8.7,-15.0,4.2,-33.0,5.9,-33.0,-33.0,0.6,1.3,240.6,181.2,141.6,0.9962,0.0,0.0872,0.0,0.0,nan,False,89,141.0,0.506,no,no,no,no,no,no,no,0.0,
dataset6_CLINIC_0097_data,grupo 2,otro,nan,concordante,False,nan,default6mm,0.05,hueso,0.001,27,15,0,5.9,107.0,8.0,8.7,-15.0,4.2,-33.0,5.9,-33.0,-33.0,0.6,1.3,240.6,181.2,141.6,0.9962,0.0,0.0872,0.0,0.0,nan,False,89,141.0,0.506,no,no,no,no,no,no,no,0.0,
dataset6_CLINIC_0097_data,grupo 2,otro,nan,concordante,False,nan,robust3mm,0.0,hueso,,0,0,0,5.5,128.0,8.2,9.1,-21.0,5.5,-33.0,5.1,-21.0,-21.0,10.6,6.3,240.6,193.2,153.6,0.9625,-0.0842,0.2579,0.0,0.0,nan,False,111,200.0,0.369,no,no,no,no,no,no,no,2.8,
dataset6_CLINIC_0097_data,grupo 2,otro,nan,concordante,False,nan,robust3mm,0.001,hueso,,84,84,0,5.5,128.0,8.2,9.1,-21.0,5.5,-33.0,5.1,-21.0,-21.0,10.6,6.3,240.6,193.2,153.6,0.9625,-0.0842,0.2579,0.0,0.0,nan,False,111,200.0,0.369,no,no,no,no,no,no,no,2.8,
dataset6_CLINIC_0097_data,grupo 2,otro,nan,concordante,False,nan,robust3mm,0.01,hueso,0.001,84,84,0,5.5,128.0,8.2,9.1,-21.0,5.5,-33.0,5.1,-21.0,-21.0,10.6,6.3,240.6,193.2,153.6,0.9625,-0.0842,0.2579,0.0,0.0,nan,False,111,200.0,0.369,no,no,no,no,no,no,no,0.0,
dataset6_CLINIC_0097_data,grupo 2,otro,nan,concordante,False,nan,robust3mm,0.05,hueso,0.001,84,84,0,5.5,128.0,8.2,9.1,-21.0,5.5,-33.0,5.1,-21.0,-21.0,10.6,6.3,240.6,193.2,153.6,0.9625,-0.0842,0.2579,0.0,0.0,nan,False,111,200.0,0.369,no,no,no,no,no,no,no,0.0,
dataset6_CLINIC_0072_data,grupo 2,otro,nan,concordante,False,nan,default6mm,0.0,hueso,,0,0,0,5.0,149.0,6.4,9.3,-3.0,5.0,-18.0,3.8,-3.0,9.0,13.2,1.4,194.1,239.1,172.8,0.9625,-0.0842,-0.2579,0.0,0.0,63.2,False,131,214.0,0.374,no,no,no,no,no,no,no,4.3,
dataset6_CLINIC_0072_data,grupo 2,otro,nan,concordante,False,nan,default6mm,0.0,ocupado_2500,,0,0,0,5.0,149.0,6.4,9.3,-3.0,5.0,-18.0,3.8,-3.0,9.0,13.2,1.4,194.1,239.1,172.8,0.9625,-0.0842,-0.2579,0.0,0.0,63.2,False,131,214.0,0.374,no,no,no,no,no,no,no,3.7,
dataset6_CLINIC_0072_data,grupo 2,otro,nan,concordante,False,nan,default6mm,0.0,ocupado_semimax,,0,0,0,5.0,149.0,6.4,9.3,-3.0,5.0,-18.0,3.8,-3.0,9.0,13.2,1.4,194.1,239.1,172.8,0.9625,-0.0842,-0.2579,0.0,0.0,63.2,False,131,214.0,0.374,no,no,no,no,no,no,no,3.6,
dataset6_CLINIC_0072_data,grupo 2,otro,nan,concordante,False,nan,default6mm,0.001,hueso,,96,96,0,5.0,149.0,6.4,9.3,-3.0,5.0,-18.0,3.8,-3.0,9.0,13.2,1.4,194.1,239.1,172.8,0.9625,-0.0842,-0.2579,0.0,0.0,63.2,False,131,214.0,0.374,no,no,no,no,no,no,no,4.6,
dataset6_CLINIC_0072_data,grupo 2,otro,nan,concordante,False,nan,default6mm,0.001,ocupado_2500,,96,96,0,5.0,149.0,6.4,9.3,-3.0,5.0,-18.0,3.8,-3.0,9.0,13.2,1.4,194.1,239.1,172.8,0.9625,-0.0842,-0.2579,0.0,0.0,63.2,False,131,214.0,0.374,no,no,no,no,no,no,no,4.2,
dataset6_CLINIC_0072_data,grupo 2,otro,nan,concordante,False,nan,default6mm,0.001,ocupado_semimax,,96,96,0,5.0,149.0,6.4,9.3,-3.0,5.0,-18.0,3.8,-3.0,9.0,13.2,1.4,194.1,239.1,172.8,0.9625,-0.0842,-0.2579,0.0,0.0,63.2,False,131,214.0,0.374,no,no,no,no,no,no,no,3.6,
dataset6_CLINIC_0072_data,grupo 2,otro,nan,concordante,False,nan,default6mm,0.01,hueso,0.001,96,96,0,5.0,149.0,6.4,9.3,-3.0,5.0,-18.0,3.8,-3.0,9.0,13.2,1.4,194.1,239.1,172.8,0.9625,-0.0842,-0.2579,0.0,0.0,63.2,False,131,214.0,0.374,no,no,no,no,no,no,no,0.0,
dataset6_CLINIC_0072_data,grupo 2,otro,nan,concordante,False,nan,default6mm,0.01,ocupado_2500,0.001,96,96,0,5.0,149.0,6.4,9.3,-3.0,5.0,-18.0,3.8,-3.0,9.0,13.2,1.4,194.1,239.1,172.8,0.9625,-0.0842,-0.2579,0.0,0.0,63.2,False,131,214.0,0.374,no,no,no,no,no,no,no,0.0,
dataset6_CLINIC_0072_data,grupo 2,otro,nan,concordante,False,nan,default6mm,0.01,ocupado_semimax,0.001,96,96,0,5.0,149.0,6.4,9.3,-3.0,5.0,-18.0,3.8,-3.0,9.0,13.2,1.4,194.1,239.1,172.8,0.9625,-0.0842,-0.2579,0.0,0.0,63.2,False,131,214.0,0.374,no,no,no,no,no,no,no,0.0,
dataset6_CLINIC_0072_data,grupo 2,otro,nan,concordante,False,nan,default6mm,0.05,hueso,0.001,96,96,0,5.0,149.0,6.4,9.3,-3.0,5.0,-18.0,3.8,-3.0,9.0,13.2,1.4,194.1,239.1,172.8,0.9625,-0.0842,-0.2579,0.0,0.0,63.2,False,131,214.0,0.374,no,no,no,no,no,no,no,0.0,
dataset6_CLINIC_0072_data,grupo 2,otro,nan,concordante,False,nan,default6mm,0.05,ocupado_2500,0.001,96,96,0,5.0,149.0,6.4,9.3,-3.0,5.0,-18.0,3.8,-3.0,9.0,13.2,1.4,194.1,239.1,172.8,0.9625,-0.0842,-0.2579,0.0,0.0,63.2,False,131,214.0,0.374,no,no,no,no,no,no,no,0.0,
dataset6_CLINIC_0072_data,grupo 2,otro,nan,concordante,False,nan,default6mm,0.05,ocupado_semimax,0.001,96,96,0,5.0,149.0,6.4,9.3,-3.0,5.0,-18.0,3.8,-3.0,9.0,13.2,1.4,194.1,239.1,172.8,0.9625,-0.0842,-0.2579,0.0,0.0,63.2,False,131,214.0,0.374,no,no,no,no,no,no,no,0.0,
dataset6_CLINIC_0072_data,grupo 2,otro,nan,concordante,False,nan,robust3mm,0.0,hueso,,0,0,0,5.2,105.0,6.5,9.3,-3.0,5.0,-18.0,5.2,-18.0,-12.0,3.2,16.4,194.1,218.1,157.8,0.9812,0.173,-0.0858,0.0,0.0,65.5,False,82,118.0,0.598,no,no,no,no,no,no,no,4.2,
dataset6_CLINIC_0072_data,grupo 2,otro,nan,concordante,False,nan,robust3mm,0.0,ocupado_2500,,0,0,0,5.2,105.0,6.5,9.3,-3.0,5.0,-18.0,5.2,-18.0,-12.0,3.2,16.4,194.1,218.1,157.8,0.9812,0.173,-0.0858,0.0,0.0,65.5,False,82,118.0,0.598,no,no,no,no,no,no,no,4.0,
dataset6_CLINIC_0072_data,grupo 2,otro,nan,concordante,False,nan,robust3mm,0.0,ocupado_semimax,,0,0,0,5.2,105.0,6.5,9.3,-3.0,5.0,-18.0,5.2,-18.0,-12.0,3.2,16.4,194.1,218.1,157.8,0.9812,0.173,-0.0858,0.0,0.0,65.5,False,82,118.0,0.598,no,no,no,no,no,no,no,3.7,
dataset6_CLINIC_0072_data,grupo 2,otro,nan,concordante,False,nan,robust3mm,0.001,hueso,,16,16,0,5.2,105.0,6.5,9.3,-3.0,5.0,-18.0,5.2,-18.0,-12.0,3.2,16.4,194.1,218.1,157.8,0.9812,0.173,-0.0858,0.0,0.0,65.5,False,82,118.0,0.598,no,no,no,no,no,no,no,4.0,
dataset6_CLINIC_0072_data,grupo 2,otro,nan,concordante,False,nan,robust3mm,0.001,ocupado_2500,,16,16,0,5.2,105.0,6.5,9.3,-3.0,5.0,-18.0,5.2,-18.0,-12.0,3.2,16.4,194.1,218.1,157.8,0.9812,0.173,-0.0858,0.0,0.0,65.5,False,82,118.0,0.598,no,no,no,no,no,no,no,3.6,
dataset6_CLINIC_0072_data,grupo 2,otro,nan,concordante,False,nan,robust3mm,0.001,ocupado_semimax,,16,16,0,5.2,105.0,6.5,9.3,-3.0,5.0,-18.0,5.2,-18.0,-12.0,3.2,16.4,194.1,218.1,157.8,0.9812,0.173,-0.0858,0.0,0.0,65.5,False,82,118.0,0.598,no,no,no,no,no,no,no,4.0,
dataset6_CLINIC_0072_data,grupo 2,otro,nan,concordante,False,nan,robust3mm,0.01,hueso,0.001,16,16,0,5.2,105.0,6.5,9.3,-3.0,5.0,-18.0,5.2,-18.0,-12.0,3.2,16.4,194.1,218.1,157.8,0.9812,0.173,-0.0858,0.0,0.0,65.5,False,82,118.0,0.598,no,no,no,no,no,no,no,0.0,
dataset6_CLINIC_0072_data,grupo 2,otro,nan,concordante,False,nan,robust3mm,0.01,ocupado_2500,0.001,16,16,0,5.2,105.0,6.5,9.3,-3.0,5.0,-18.0,5.2,-18.0,-12.0,3.2,16.4,194.1,218.1,157.8,0.9812,0.173,-0.0858,0.0,0.0,65.5,False,82,118.0,0.598,no,no,no,no,no,no,no,0.0,
dataset6_CLINIC_0072_data,grupo 2,otro,nan,concordante,False,nan,robust3mm,0.01,ocupado_semimax,0.001,16,16,0,5.2,105.0,6.5,9.3,-3.0,5.0,-18.0,5.2,-18.0,-12.0,3.2,16.4,194.1,218.1,157.8,0.9812,0.173,-0.0858,0.0,0.0,65.5,False,82,118.0,0.598,no,no,no,no,no,no,no,0.0,
dataset6_CLINIC_0072_data,grupo 2,otro,nan,concordante,False,nan,robust3mm,0.05,hueso,0.001,16,16,0,5.2,105.0,6.5,9.3,-3.0,5.0,-18.0,5.2,-18.0,-12.0,3.2,16.4,194.1,218.1,157.8,0.9812,0.173,-0.0858,0.0,0.0,65.5,False,82,118.0,0.598,no,no,no,no,no,no,no,0.0,
dataset6_CLINIC_0072_data,grupo 2,otro,nan,concordante,False,nan,robust3mm,0.05,ocupado_2500,0.001,16,16,0,5.2,105.0,6.5,9.3,-3.0,5.0,-18.0,5.2,-18.0,-12.0,3.2,16.4,194.1,218.1,157.8,0.9812,0.173,-0.0858,0.0,0.0,65.5,False,82,118.0,0.598,no,no,no,no,no,no,no,0.0,
dataset6_CLINIC_0072_data,grupo 2,otro,nan,concordante,False,nan,robust3mm,0.05,ocupado_semimax,0.001,16,16,0,5.2,105.0,6.5,9.3,-3.0,5.0,-18.0,5.2,-18.0,-12.0,3.2,16.4,194.1,218.1,157.8,0.9812,0.173,-0.0858,0.0,0.0,65.5,False,82,118.0,0.598,no,no,no,no,no,no,no,0.0,
dataset6_CLINIC_0094_data,grupo 3,calibracion,nan,concordante,False,nan,default6mm,0.0,hueso,,0,0,0,12.3,138.0,12.8,16.9,-12.0,10.7,-30.0,12.3,-30.0,-27.0,4.6,2.4,217.9,189.2,204.7,0.9962,-0.0872,0.0,0.0,0.0,nan,False,118,36.5,0.703,si,si,si,si,si,si,si,4.0,
dataset6_CLINIC_0094_data,grupo 3,calibracion,nan,concordante,False,nan,default6mm,0.001,hueso,,82,82,0,12.3,138.0,12.8,16.9,-12.0,10.7,-30.0,12.3,-30.0,-27.0,4.6,2.4,217.9,189.2,204.7,0.9962,-0.0872,0.0,0.0,0.0,nan,False,118,36.5,0.703,si,si,si,si,si,si,si,3.9,
dataset6_CLINIC_0094_data,grupo 3,calibracion,nan,concordante,False,nan,default6mm,0.01,hueso,0.001,82,82,0,12.3,138.0,12.8,16.9,-12.0,10.7,-30.0,12.3,-30.0,-27.0,4.6,2.4,217.9,189.2,204.7,0.9962,-0.0872,0.0,0.0,0.0,nan,False,118,36.5,0.703,si,si,si,si,si,si,si,0.0,
dataset6_CLINIC_0094_data,grupo 3,calibracion,nan,concordante,False,nan,default6mm,0.05,hueso,0.001,82,82,0,12.3,138.0,12.8,16.9,-12.0,10.7,-30.0,12.3,-30.0,-27.0,4.6,2.4,217.9,189.2,204.7,0.9962,-0.0872,0.0,0.0,0.0,nan,False,118,36.5,0.703,si,si,si,si,si,si,si,0.0,
dataset6_CLINIC_0094_data,grupo 3,calibracion,nan,concordante,False,nan,robust3mm,0.0,hueso,,0,0,0,12.0,137.0,13.5,15.5,-9.0,10.7,-30.0,12.0,-30.0,-27.0,0.4,2.4,217.9,189.2,204.7,0.9924,-0.0868,-0.0868,0.0,0.0,nan,False,121,63.0,0.669,si,si,si,si,si,si,si,3.9,
dataset6_CLINIC_0094_data,grupo 3,calibracion,nan,concordante,False,nan,robust3mm,0.001,hueso,,32,32,0,12.0,137.0,13.5,15.5,-9.0,10.7,-30.0,12.0,-30.0,-27.0,0.4,2.4,217.9,189.2,204.7,0.9924,-0.0868,-0.0868,0.0,0.0,nan,False,121,63.0,0.669,si,si,si,si,si,si,si,3.8,
dataset6_CLINIC_0094_data,grupo 3,calibracion,nan,concordante,False,nan,robust3mm,0.01,hueso,0.001,32,32,0,12.0,137.0,13.5,15.5,-9.0,10.7,-30.0,12.0,-30.0,-27.0,0.4,2.4,217.9,189.2,204.7,0.9924,-0.0868,-0.0868,0.0,0.0,nan,False,121,63.0,0.669,si,si,si,si,si,si,si,0.0,
dataset6_CLINIC_0094_data,grupo 3,calibracion,nan,concordante,False,nan,robust3mm,0.05,hueso,0.001,32,32,0,12.0,137.0,13.5,15.5,-9.0,10.7,-30.0,12.0,-30.0,-27.0,0.4,2.4,217.9,189.2,204.7,0.9924,-0.0868,-0.0868,0.0,0.0,nan,False,121,63.0,0.669,si,si,si,si,si,si,si,0.0,
dataset6_CLINIC_0089_data,grupo 2,otro,nan,concordante,False,nan,default6mm,0.0,hueso,,0,0,0,9.5,130.0,12.1,14.5,-9.0,9.5,-24.0,6.1,-9.0,-3.0,1.9,2.0,223.7,186.8,175.7,0.9848,-0.1736,0.0,0.0,0.0,nan,False,108,189.0,0.361,no,si,no,si,no,no,no,3.8,
dataset6_CLINIC_0089_data,grupo 2,otro,nan,concordante,False,nan,default6mm,0.001,hueso,,646,80,0,9.5,130.0,12.1,14.5,-9.0,9.5,-24.0,6.1,-9.0,-3.0,1.9,2.0,223.7,186.8,175.7,0.9848,-0.1736,0.0,0.0,0.0,nan,False,108,189.0,0.361,no,si,no,si,no,no,no,3.7,
dataset6_CLINIC_0089_data,grupo 2,otro,nan,concordante,False,nan,default6mm,0.01,hueso,0.001,646,80,0,9.5,130.0,12.1,14.5,-9.0,9.5,-24.0,6.1,-9.0,-3.0,1.9,2.0,223.7,186.8,175.7,0.9848,-0.1736,0.0,0.0,0.0,nan,False,108,189.0,0.361,no,si,no,si,no,no,no,0.0,
dataset6_CLINIC_0089_data,grupo 2,otro,nan,concordante,False,nan,default6mm,0.05,hueso,,16968,2480,0,9.5,130.0,12.1,14.5,-9.0,9.5,-24.0,6.1,-9.0,-3.0,1.9,2.0,223.7,186.8,175.7,0.9848,-0.1736,0.0,0.0,0.0,nan,False,108,189.0,0.361,no,si,no,si,no,no,no,3.7,
dataset6_CLINIC_0089_data,grupo 2,otro,nan,concordante,False,nan,robust3mm,0.0,hueso,,0,0,0,8.8,134.0,11.8,14.8,-9.0,8.8,-24.0,5.8,-9.0,-6.0,11.9,2.0,223.7,183.8,175.7,0.9703,-0.1711,-0.1711,0.0,0.0,nan,False,114,240.5,0.237,no,si,no,no,no,no,no,3.8,
dataset6_CLINIC_0089_data,grupo 2,otro,nan,concordante,False,nan,robust3mm,0.001,hueso,,749,60,0,8.8,134.0,11.8,14.8,-9.0,8.8,-24.0,5.8,-9.0,-6.0,11.9,2.0,223.7,183.8,175.7,0.9703,-0.1711,-0.1711,0.0,0.0,nan,False,114,240.5,0.237,no,si,no,no,no,no,no,3.6,
dataset6_CLINIC_0089_data,grupo 2,otro,nan,concordante,False,nan,robust3mm,0.01,hueso,0.001,749,60,0,8.8,134.0,11.8,14.8,-9.0,8.8,-24.0,5.8,-9.0,-6.0,11.9,2.0,223.7,183.8,175.7,0.9703,-0.1711,-0.1711,0.0,0.0,nan,False,114,240.5,0.237,no,si,no,no,no,no,no,0.0,
dataset6_CLINIC_0089_data,grupo 2,otro,nan,concordante,False,nan,robust3mm,0.05,hueso,,17415,2500,0,8.8,134.0,11.8,14.8,-9.0,8.8,-24.0,5.8,-9.0,-6.0,11.9,2.0,223.7,183.8,175.7,0.9703,-0.1711,-0.1711,0.0,0.0,nan,False,114,240.5,0.237,no,si,no,no,no,no,no,3.8,
dataset6_CLINIC_0074_data,grupo 3,calibracion,nan,concordante,False,nan,default6mm,0.0,hueso,,0,0,0,9.8,144.0,13.4,11.9,-18.0,7.2,-30.0,9.8,-30.0,-24.0,9.4,0.2,203.1,169.3,170.2,0.9962,0.0,0.0872,0.0,0.0,63.3,False,126,194.5,0.357,no,si,no,si,no,no,no,4.0,
dataset6_CLINIC_0074_data,grupo 3,calibracion,nan,concordante,False,nan,default6mm,0.0,ocupado_2500,,0,0,0,9.8,144.0,13.4,11.9,-18.0,7.2,-30.0,9.8,-30.0,-24.0,9.4,0.2,203.1,169.3,170.2,0.9962,0.0,0.0872,0.0,0.0,63.3,False,126,194.5,0.357,no,si,no,si,no,no,no,3.6,
dataset6_CLINIC_0074_data,grupo 3,calibracion,nan,concordante,False,nan,default6mm,0.0,ocupado_semimax,,0,0,0,9.8,144.0,13.4,11.9,-18.0,7.2,-30.0,9.8,-30.0,-24.0,9.4,0.2,203.1,169.3,170.2,0.9962,0.0,0.0872,0.0,0.0,63.3,False,126,194.5,0.357,no,si,no,si,no,no,no,3.3,
dataset6_CLINIC_0074_data,grupo 3,calibracion,nan,concordante,False,nan,default6mm,0.001,hueso,,303,303,0,9.8,144.0,13.4,11.9,-18.0,7.2,-30.0,9.8,-30.0,-24.0,9.4,0.2,203.1,169.3,170.2,0.9962,0.0,0.0872,0.0,0.0,63.3,False,126,194.5,0.357,no,si,no,si,no,no,no,3.8,
dataset6_CLINIC_0074_data,grupo 3,calibracion,nan,concordante,False,nan,default6mm,0.001,ocupado_2500,,303,303,0,9.8,144.0,13.4,11.9,-18.0,7.2,-30.0,9.8,-30.0,-24.0,9.4,0.2,203.1,169.3,170.2,0.9962,0.0,0.0872,0.0,0.0,63.3,False,126,194.5,0.357,no,si,no,si,no,no,no,3.4,
dataset6_CLINIC_0074_data,grupo 3,calibracion,nan,concordante,False,nan,default6mm,0.001,ocupado_semimax,,303,303,0,9.8,144.0,13.4,11.9,-18.0,7.2,-30.0,9.8,-30.0,-24.0,9.4,0.2,203.1,169.3,170.2,0.9962,0.0,0.0872,0.0,0.0,63.3,False,126,194.5,0.357,no,si,no,si,no,no,no,3.4,
dataset6_CLINIC_0074_data,grupo 3,calibracion,nan,concordante,False,nan,default6mm,0.01,hueso,0.001,303,303,0,9.8,144.0,13.4,11.9,-18.0,7.2,-30.0,9.8,-30.0,-24.0,9.4,0.2,203.1,169.3,170.2,0.9962,0.0,0.0872,0.0,0.0,63.3,False,126,194.5,0.357,no,si,no,si,no,no,no,0.0,
dataset6_CLINIC_0074_data,grupo 3,calibracion,nan,concordante,False,nan,default6mm,0.01,ocupado_2500,0.001,303,303,0,9.8,144.0,13.4,11.9,-18.0,7.2,-30.0,9.8,-30.0,-24.0,9.4,0.2,203.1,169.3,170.2,0.9962,0.0,0.0872,0.0,0.0,63.3,False,126,194.5,0.357,no,si,no,si,no,no,no,0.0,
dataset6_CLINIC_0074_data,grupo 3,calibracion,nan,concordante,False,nan,default6mm,0.01,ocupado_semimax,0.001,303,303,0,9.8,144.0,13.4,11.9,-18.0,7.2,-30.0,9.8,-30.0,-24.0,9.4,0.2,203.1,169.3,170.2,0.9962,0.0,0.0872,0.0,0.0,63.3,False,126,194.5,0.357,no,si,no,si,no,no,no,0.0,
dataset6_CLINIC_0074_data,grupo 3,calibracion,nan,concordante,False,nan,default6mm,0.05,hueso,0.001,303,303,0,9.8,144.0,13.4,11.9,-18.0,7.2,-30.0,9.8,-30.0,-24.0,9.4,0.2,203.1,169.3,170.2,0.9962,0.0,0.0872,0.0,0.0,63.3,False,126,194.5,0.357,no,si,no,si,no,no,no,0.0,
dataset6_CLINIC_0074_data,grupo 3,calibracion,nan,concordante,False,nan,default6mm,0.05,ocupado_2500,0.001,303,303,0,9.8,144.0,13.4,11.9,-18.0,7.2,-30.0,9.8,-30.0,-24.0,9.4,0.2,203.1,169.3,170.2,0.9962,0.0,0.0872,0.0,0.0,63.3,False,126,194.5,0.357,no,si,no,si,no,no,no,0.0,
dataset6_CLINIC_0074_data,grupo 3,calibracion,nan,concordante,False,nan,default6mm,0.05,ocupado_semimax,0.001,303,303,0,9.8,144.0,13.4,11.9,-18.0,7.2,-30.0,9.8,-30.0,-24.0,9.4,0.2,203.1,169.3,170.2,0.9962,0.0,0.0872,0.0,0.0,63.3,False,126,194.5,0.357,no,si,no,si,no,no,no,0.0,
dataset6_CLINIC_0074_data,grupo 3,calibracion,nan,concordante,False,nan,robust3mm,0.0,hueso,,0,0,0,9.6,146.0,12.3,13.2,-30.0,9.6,,,-30.0,-24.0,14.4,4.8,203.1,169.3,170.2,0.9812,0.0858,0.173,0.0,0.0,64.2,False,124,204.5,0.339,no,si,no,si,no,no,no,3.5,
dataset6_CLINIC_0074_data,grupo 3,calibracion,nan,concordante,False,nan,robust3mm,0.0,ocupado_2500,,0,0,0,9.6,146.0,12.3,13.2,-30.0,9.6,,,-30.0,-24.0,14.4,4.8,203.1,169.3,170.2,0.9812,0.0858,0.173,0.0,0.0,64.2,False,124,204.5,0.339,no,si,no,si,no,no,no,3.5,
dataset6_CLINIC_0074_data,grupo 3,calibracion,nan,concordante,False,nan,robust3mm,0.0,ocupado_semimax,,0,0,0,9.6,146.0,12.3,13.2,-30.0,9.6,,,-30.0,-24.0,14.4,4.8,203.1,169.3,170.2,0.9812,0.0858,0.173,0.0,0.0,64.2,False,124,204.5,0.339,no,si,no,si,no,no,no,3.6,
dataset6_CLINIC_0074_data,grupo 3,calibracion,nan,concordante,False,nan,robust3mm,0.001,hueso,,24,24,0,9.6,146.0,12.3,13.2,-30.0,9.6,,,-30.0,-24.0,14.4,4.8,203.1,169.3,170.2,0.9812,0.0858,0.173,0.0,0.0,64.2,False,124,204.5,0.339,no,si,no,si,no,no,no,3.5,
dataset6_CLINIC_0074_data,grupo 3,calibracion,nan,concordante,False,nan,robust3mm,0.001,ocupado_2500,,24,24,0,9.6,146.0,12.3,13.2,-30.0,9.6,,,-30.0,-24.0,14.4,4.8,203.1,169.3,170.2,0.9812,0.0858,0.173,0.0,0.0,64.2,False,124,204.5,0.339,no,si,no,si,no,no,no,3.4,
dataset6_CLINIC_0074_data,grupo 3,calibracion,nan,concordante,False,nan,robust3mm,0.001,ocupado_semimax,,24,24,0,9.6,146.0,12.3,13.2,-30.0,9.6,,,-30.0,-24.0,14.4,4.8,203.1,169.3,170.2,0.9812,0.0858,0.173,0.0,0.0,64.2,False,124,204.5,0.339,no,si,no,si,no,no,no,3.5,
dataset6_CLINIC_0074_data,grupo 3,calibracion,nan,concordante,False,nan,robust3mm,0.01,hueso,0.001,24,24,0,9.6,146.0,12.3,13.2,-30.0,9.6,,,-30.0,-24.0,14.4,4.8,203.1,169.3,170.2,0.9812,0.0858,0.173,0.0,0.0,64.2,False,124,204.5,0.339,no,si,no,si,no,no,no,0.0,
dataset6_CLINIC_0074_data,grupo 3,calibracion,nan,concordante,False,nan,robust3mm,0.01,ocupado_2500,0.001,24,24,0,9.6,146.0,12.3,13.2,-30.0,9.6,,,-30.0,-24.0,14.4,4.8,203.1,169.3,170.2,0.9812,0.0858,0.173,0.0,0.0,64.2,False,124,204.5,0.339,no,si,no,si,no,no,no,0.0,
dataset6_CLINIC_0074_data,grupo 3,calibracion,nan,concordante,False,nan,robust3mm,0.01,ocupado_semimax,0.001,24,24,0,9.6,146.0,12.3,13.2,-30.0,9.6,,,-30.0,-24.0,14.4,4.8,203.1,169.3,170.2,0.9812,0.0858,0.173,0.0,0.0,64.2,False,124,204.5,0.339,no,si,no,si,no,no,no,0.0,
dataset6_CLINIC_0074_data,grupo 3,calibracion,nan,concordante,False,nan,robust3mm,0.05,hueso,0.001,24,24,0,9.6,146.0,12.3,13.2,-30.0,9.6,,,-30.0,-24.0,14.4,4.8,203.1,169.3,170.2,0.9812,0.0858,0.173,0.0,0.0,64.2,False,124,204.5,0.339,no,si,no,si,no,no,no,0.0,
dataset6_CLINIC_0074_data,grupo 3,calibracion,nan,concordante,False,nan,robust3mm,0.05,ocupado_2500,0.001,24,24,0,9.6,146.0,12.3,13.2,-30.0,9.6,,,-30.0,-24.0,14.4,4.8,203.1,169.3,170.2,0.9812,0.0858,0.173,0.0,0.0,64.2,False,124,204.5,0.339,no,si,no,si,no,no,no,0.0,
dataset6_CLINIC_0074_data,grupo 3,calibracion,nan,concordante,False,nan,robust3mm,0.05,ocupado_semimax,0.001,24,24,0,9.6,146.0,12.3,13.2,-30.0,9.6,,,-30.0,-24.0,14.4,4.8,203.1,169.3,170.2,0.9812,0.0858,0.173,0.0,0.0,64.2,False,124,204.5,0.339,no,si,no,si,no,no,no,0.0,
dataset6_CLINIC_0096_data,grupo 3,calibracion,nan,concordante,False,nan,default6mm,0.0,hueso,,0,0,0,6.3,111.0,9.4,8.0,-9.0,6.3,-21.0,3.8,-9.0,-6.0,2.6,4.3,199.0,168.0,219.5,0.9924,-0.0868,-0.0868,0.0,0.0,nan,False,85,123.0,0.565,no,no,no,no,no,no,no,4.3,
dataset6_CLINIC_0096_data,grupo 3,calibracion,nan,concordante,False,nan,default6mm,0.001,hueso,,28,28,0,6.3,111.0,9.4,8.0,-9.0,6.3,-21.0,3.8,-9.0,-6.0,2.6,4.3,199.0,168.0,219.5,0.9924,-0.0868,-0.0868,0.0,0.0,nan,False,85,123.0,0.565,no,no,no,no,no,no,no,4.0,
dataset6_CLINIC_0096_data,grupo 3,calibracion,nan,concordante,False,nan,default6mm,0.01,hueso,0.001,28,28,0,6.3,111.0,9.4,8.0,-9.0,6.3,-21.0,3.8,-9.0,-6.0,2.6,4.3,199.0,168.0,219.5,0.9924,-0.0868,-0.0868,0.0,0.0,nan,False,85,123.0,0.565,no,no,no,no,no,no,no,0.0,
dataset6_CLINIC_0096_data,grupo 3,calibracion,nan,concordante,False,nan,default6mm,0.05,hueso,0.001,28,28,0,6.3,111.0,9.4,8.0,-9.0,6.3,-21.0,3.8,-9.0,-6.0,2.6,4.3,199.0,168.0,219.5,0.9924,-0.0868,-0.0868,0.0,0.0,nan,False,85,123.0,0.565,no,no,no,no,no,no,no,0.0,
dataset6_CLINIC_0096_data,grupo 3,calibracion,nan,concordante,False,nan,robust3mm,0.0,hueso,,0,0,0,7.8,111.0,9.3,7.9,-9.0,7.8,-30.0,4.5,-9.0,-6.0,2.6,4.3,199.0,168.0,219.5,0.9924,-0.0868,-0.0868,0.0,0.0,nan,False,85,123.0,0.565,no,no,no,no,no,no,no,3.9,
dataset6_CLINIC_0096_data,grupo 3,calibracion,nan,concordante,False,nan,robust3mm,0.001,hueso,,36,36,0,7.8,111.0,9.3,7.9,-9.0,7.8,-30.0,4.5,-9.0,-6.0,2.6,4.3,199.0,168.0,219.5,0.9924,-0.0868,-0.0868,0.0,0.0,nan,False,85,123.0,0.565,no,no,no,no,no,no,no,3.9,
dataset6_CLINIC_0096_data,grupo 3,calibracion,nan,concordante,False,nan,robust3mm,0.01,hueso,0.001,36,36,0,7.8,111.0,9.3,7.9,-9.0,7.8,-30.0,4.5,-9.0,-6.0,2.6,4.3,199.0,168.0,219.5,0.9924,-0.0868,-0.0868,0.0,0.0,nan,False,85,123.0,0.565,no,no,no,no,no,no,no,0.0,
dataset6_CLINIC_0096_data,grupo 3,calibracion,nan,concordante,False,nan,robust3mm,0.05,hueso,0.001,36,36,0,7.8,111.0,9.3,7.9,-9.0,7.8,-30.0,4.5,-9.0,-6.0,2.6,4.3,199.0,168.0,219.5,0.9924,-0.0868,-0.0868,0.0,0.0,nan,False,85,123.0,0.565,no,no,no,no,no,no,no,0.0,
dataset6_CLINIC_0092_data,grupo 3,calibracion,nan,concordante,False,nan,default6mm,0.0,hueso,,0,0,0,13.7,154.0,15.6,14.9,-33.0,13.7,-45.0,7.9,-33.0,-21.0,0.9,1.3,202.1,134.2,180.2,0.9962,0.0,-0.0872,0.0,0.0,nan,False,135,6.0,0.904,si,si,si,si,si,si,si,4.7,
dataset6_CLINIC_0092_data,grupo 3,calibracion,nan,concordante,False,nan,default6mm,0.001,hueso,,472,472,0,13.7,154.0,15.6,14.9,-33.0,13.7,-45.0,7.9,-33.0,-21.0,0.9,1.3,202.1,134.2,180.2,0.9962,0.0,-0.0872,0.0,0.0,nan,False,135,6.0,0.904,si,si,si,si,si,si,si,4.5,
dataset6_CLINIC_0092_data,grupo 3,calibracion,nan,concordante,False,nan,default6mm,0.01,hueso,0.001,472,472,0,13.7,154.0,15.6,14.9,-33.0,13.7,-45.0,7.9,-33.0,-21.0,0.9,1.3,202.1,134.2,180.2,0.9962,0.0,-0.0872,0.0,0.0,nan,False,135,6.0,0.904,si,si,si,si,si,si,si,0.0,
dataset6_CLINIC_0092_data,grupo 3,calibracion,nan,concordante,False,nan,default6mm,0.05,hueso,0.001,472,472,0,13.7,154.0,15.6,14.9,-33.0,13.7,-45.0,7.9,-33.0,-21.0,0.9,1.3,202.1,134.2,180.2,0.9962,0.0,-0.0872,0.0,0.0,nan,False,135,6.0,0.904,si,si,si,si,si,si,si,0.0,
dataset6_CLINIC_0092_data,grupo 3,calibracion,nan,concordante,False,nan,robust3mm,0.0,hueso,,0,0,0,12.7,155.0,15.6,14.8,-33.0,12.7,-45.0,7.9,-33.0,-21.0,0.9,1.3,202.1,134.2,180.2,0.9962,0.0,-0.0872,0.0,0.0,nan,False,137,6.0,0.92,si,si,si,si,si,si,si,4.6,
dataset6_CLINIC_0092_data,grupo 3,calibracion,nan,concordante,False,nan,robust3mm,0.001,hueso,,258,258,0,12.7,155.0,15.6,14.8,-33.0,12.7,-45.0,7.9,-33.0,-21.0,0.9,1.3,202.1,134.2,180.2,0.9962,0.0,-0.0872,0.0,0.0,nan,False,137,6.0,0.92,si,si,si,si,si,si,si,4.6,
dataset6_CLINIC_0092_data,grupo 3,calibracion,nan,concordante,False,nan,robust3mm,0.01,hueso,,416,416,0,12.7,155.0,15.6,14.8,-33.0,12.7,-45.0,7.9,-33.0,-21.0,0.9,1.3,202.1,134.2,180.2,0.9962,0.0,-0.0872,0.0,0.0,nan,False,137,6.0,0.92,si,si,si,si,si,si,si,4.8,
dataset6_CLINIC_0092_data,grupo 3,calibracion,nan,concordante,False,nan,robust3mm,0.05,hueso,0.01,416,416,0,12.7,155.0,15.6,14.8,-33.0,12.7,-45.0,7.9,-33.0,-21.0,0.9,1.3,202.1,134.2,180.2,0.9962,0.0,-0.0872,0.0,0.0,nan,False,137,6.0,0.92,si,si,si,si,si,si,si,0.0,
dataset6_CLINIC_0093_data,grupo 2,otro,nan,concordante,False,nan,default6mm,0.0,hueso,,0,0,0,8.6,113.0,10.0,12.9,-18.0,8.6,-39.0,4.9,-18.0,-3.0,5.1,0.4,192.6,181.8,180.6,0.9962,-0.0872,0.0,0.0,0.0,nan,False,85,242.0,0.247,no,si,no,no,no,no,no,4.4,
dataset6_CLINIC_0093_data,grupo 2,otro,nan,concordante,False,nan,default6mm,0.001,hueso,,44,44,0,8.6,113.0,10.0,12.9,-18.0,8.6,-39.0,4.9,-18.0,-3.0,5.1,0.4,192.6,181.8,180.6,0.9962,-0.0872,0.0,0.0,0.0,nan,False,85,242.0,0.247,no,si,no,no,no,no,no,4.1,
dataset6_CLINIC_0093_data,grupo 2,otro,nan,concordante,False,nan,default6mm,0.01,hueso,0.001,44,44,0,8.6,113.0,10.0,12.9,-18.0,8.6,-39.0,4.9,-18.0,-3.0,5.1,0.4,192.6,181.8,180.6,0.9962,-0.0872,0.0,0.0,0.0,nan,False,85,242.0,0.247,no,si,no,no,no,no,no,0.0,
dataset6_CLINIC_0093_data,grupo 2,otro,nan,concordante,False,nan,default6mm,0.05,hueso,0.001,44,44,0,8.6,113.0,10.0,12.9,-18.0,8.6,-39.0,4.9,-18.0,-3.0,5.1,0.4,192.6,181.8,180.6,0.9962,-0.0872,0.0,0.0,0.0,nan,False,85,242.0,0.247,no,si,no,no,no,no,no,0.0,
dataset6_CLINIC_0093_data,grupo 2,otro,nan,concordante,False,nan,robust3mm,0.0,hueso,,0,0,0,8.6,113.0,9.7,12.6,-18.0,8.6,-39.0,4.9,-18.0,-3.0,5.1,0.4,192.6,181.8,180.6,0.9962,-0.0872,0.0,0.0,0.0,nan,False,85,242.0,0.247,no,si,no,no,no,no,no,4.2,
dataset6_CLINIC_0093_data,grupo 2,otro,nan,concordante,False,nan,robust3mm,0.001,hueso,,180,180,0,8.6,113.0,9.7,12.6,-18.0,8.6,-39.0,4.9,-18.0,-3.0,5.1,0.4,192.6,181.8,180.6,0.9962,-0.0872,0.0,0.0,0.0,nan,False,85,242.0,0.247,no,si,no,no,no,no,no,4.0,
dataset6_CLINIC_0093_data,grupo 2,otro,nan,concordante,False,nan,robust3mm,0.01,hueso,0.001,180,180,0,8.6,113.0,9.7,12.6,-18.0,8.6,-39.0,4.9,-18.0,-3.0,5.1,0.4,192.6,181.8,180.6,0.9962,-0.0872,0.0,0.0,0.0,nan,False,85,242.0,0.247,no,si,no,no,no,no,no,0.0,
dataset6_CLINIC_0093_data,grupo 2,otro,nan,concordante,False,nan,robust3mm,0.05,hueso,0.001,180,180,0,8.6,113.0,9.7,12.6,-18.0,8.6,-39.0,4.9,-18.0,-3.0,5.1,0.4,192.6,181.8,180.6,0.9962,-0.0872,0.0,0.0,0.0,nan,False,85,242.0,0.247,no,si,no,no,no,no,no,0.0,
dataset6_CLINIC_0099_data,grupo 3,calibracion,nan,R1 arriba de TS,False,nan,default6mm,0.0,hueso,,0,0,0,7.4,118.0,7.6,9.1,-45.0,7.4,-66.0,3.8,-45.0,-9.0,3.9,6.1,201.4,191.6,182.7,0.9812,-0.0858,-0.173,0.0,0.0,nan,False,92,197.5,0.402,no,no,no,no,no,no,no,4.3,
dataset6_CLINIC_0099_data,grupo 3,calibracion,nan,R1 arriba de TS,False,nan,default6mm,0.001,hueso,,996,996,0,7.4,118.0,7.6,9.1,-45.0,7.4,-66.0,3.8,-45.0,-9.0,3.9,6.1,201.4,191.6,182.7,0.9812,-0.0858,-0.173,0.0,0.0,nan,False,92,197.5,0.402,no,no,no,no,no,no,no,4.0,
dataset6_CLINIC_0099_data,grupo 3,calibracion,nan,R1 arriba de TS,False,nan,default6mm,0.01,hueso,0.001,996,996,0,7.4,118.0,7.6,9.1,-45.0,7.4,-66.0,3.8,-45.0,-9.0,3.9,6.1,201.4,191.6,182.7,0.9812,-0.0858,-0.173,0.0,0.0,nan,False,92,197.5,0.402,no,no,no,no,no,no,no,0.0,
dataset6_CLINIC_0099_data,grupo 3,calibracion,nan,R1 arriba de TS,False,nan,default6mm,0.05,hueso,0.001,996,996,0,7.4,118.0,7.6,9.1,-45.0,7.4,-66.0,3.8,-45.0,-9.0,3.9,6.1,201.4,191.6,182.7,0.9812,-0.0858,-0.173,0.0,0.0,nan,False,92,197.5,0.402,no,no,no,no,no,no,no,0.0,
dataset6_CLINIC_0099_data,grupo 3,calibracion,nan,R1 arriba de TS,False,nan,robust3mm,0.0,hueso,,0,0,0,5.9,125.0,8.4,9.2,-42.0,5.9,-66.0,5.0,-42.0,-9.0,13.9,1.1,201.4,191.6,185.7,0.9397,0.0,-0.342,0.0,0.0,nan,False,95,226.0,0.411,no,no,no,no,no,no,no,4.1,
dataset6_CLINIC_0099_data,grupo 3,calibracion,nan,R1 arriba de TS,False,nan,robust3mm,0.001,hueso,,404,404,0,5.9,125.0,8.4,9.2,-42.0,5.9,-66.0,5.0,-42.0,-9.0,13.9,1.1,201.4,191.6,185.7,0.9397,0.0,-0.342,0.0,0.0,nan,False,95,226.0,0.411,no,no,no,no,no,no,no,3.9,
dataset6_CLINIC_0099_data,grupo 3,calibracion,nan,R1 arriba de TS,False,nan,robust3mm,0.01,hueso,,912,912,0,5.9,125.0,8.4,9.2,-42.0,5.9,-66.0,5.0,-42.0,-9.0,13.9,1.1,201.4,191.6,185.7,0.9397,0.0,-0.342,0.0,0.0,nan,False,95,226.0,0.411,no,no,no,no,no,no,no,4.1,
dataset6_CLINIC_0099_data,grupo 3,calibracion,nan,R1 arriba de TS,False,nan,robust3mm,0.05,hueso,0.01,912,912,0,5.9,125.0,8.4,9.2,-42.0,5.9,-66.0,5.0,-42.0,-9.0,13.9,1.1,201.4,191.6,185.7,0.9397,0.0,-0.342,0.0,0.0,nan,False,95,226.0,0.411,no,no,no,no,no,no,no,0.0,
dataset6_CLINIC_0101_data,grupo 3,calibracion,nan,concordante,False,nan,default6mm,0.0,hueso,,0,0,0,10.6,150.0,13.4,13.3,-9.0,10.6,-33.0,6.4,-9.0,0.0,3.9,1.9,222.7,209.2,156.3,0.9924,-0.0868,0.0868,0.0,0.0,nan,False,129,68.0,0.682,si,si,si,si,no,si,no,3.5,
dataset6_CLINIC_0101_data,grupo 3,calibracion,nan,concordante,False,nan,default6mm,0.001,hueso,0.0,0,0,0,10.6,150.0,13.4,13.3,-9.0,10.6,-33.0,6.4,-9.0,0.0,3.9,1.9,222.7,209.2,156.3,0.9924,-0.0868,0.0868,0.0,0.0,nan,False,129,68.0,0.682,si,si,si,si,no,si,no,0.0,
dataset6_CLINIC_0101_data,grupo 3,calibracion,nan,concordante,False,nan,default6mm,0.01,hueso,0.0,0,0,0,10.6,150.0,13.4,13.3,-9.0,10.6,-33.0,6.4,-9.0,0.0,3.9,1.9,222.7,209.2,156.3,0.9924,-0.0868,0.0868,0.0,0.0,nan,False,129,68.0,0.682,si,si,si,si,no,si,no,0.0,
dataset6_CLINIC_0101_data,grupo 3,calibracion,nan,concordante,False,nan,default6mm,0.05,hueso,0.0,0,0,0,10.6,150.0,13.4,13.3,-9.0,10.6,-33.0,6.4,-9.0,0.0,3.9,1.9,222.7,209.2,156.3,0.9924,-0.0868,0.0868,0.0,0.0,nan,False,129,68.0,0.682,si,si,si,si,no,si,no,0.0,
dataset6_CLINIC_0101_data,grupo 3,calibracion,nan,concordante,False,nan,robust3mm,0.0,hueso,,0,0,0,9.5,150.0,11.7,12.5,-9.0,9.5,-33.0,7.2,-9.0,0.0,3.9,1.9,222.7,209.2,156.3,0.9924,-0.0868,0.0868,0.0,0.0,nan,False,133,70.0,0.669,no,si,no,si,no,no,no,3.3,
dataset6_CLINIC_0101_data,grupo 3,calibracion,nan,concordante,False,nan,robust3mm,0.001,hueso,,8,8,0,9.5,150.0,11.7,12.5,-9.0,9.5,-33.0,7.2,-9.0,0.0,3.9,1.9,222.7,209.2,156.3,0.9924,-0.0868,0.0868,0.0,0.0,nan,False,133,70.0,0.669,no,si,no,si,no,no,no,3.3,
dataset6_CLINIC_0101_data,grupo 3,calibracion,nan,concordante,False,nan,robust3mm,0.01,hueso,,248,248,0,9.5,150.0,11.7,12.5,-9.0,9.5,-33.0,7.2,-9.0,0.0,3.9,1.9,222.7,209.2,156.3,0.9924,-0.0868,0.0868,0.0,0.0,nan,False,133,70.0,0.669,no,si,no,si,no,no,no,3.3,
dataset6_CLINIC_0101_data,grupo 3,calibracion,nan,concordante,False,nan,robust3mm,0.05,hueso,0.01,248,248,0,9.5,150.0,11.7,12.5,-9.0,9.5,-33.0,7.2,-9.0,0.0,3.9,1.9,222.7,209.2,156.3,0.9924,-0.0868,0.0868,0.0,0.0,nan,False,133,70.0,0.669,no,si,no,si,no,no,no,0.0,
dataset6_CLINIC_0102_data,grupo 2,otro,nan,concordante,False,nan,default6mm,0.0,hueso,,0,0,0,12.4,163.0,15.7,13.2,-36.0,12.4,-60.0,6.1,-36.0,-15.0,0.1,0.1,250.3,251.9,173.5,1.0,0.0,0.0,0.0,0.0,nan,False,143,76.0,0.797,si,si,si,si,si,si,si,4.0,
dataset6_CLINIC_0102_data,grupo 2,otro,nan,concordante,False,nan,default6mm,0.001,hueso,,176,176,0,12.4,163.0,15.7,13.2,-36.0,12.4,-60.0,6.1,-36.0,-15.0,0.1,0.1,250.3,251.9,173.5,1.0,0.0,0.0,0.0,0.0,nan,False,143,76.0,0.797,si,si,si,si,si,si,si,3.6,
dataset6_CLINIC_0102_data,grupo 2,otro,nan,concordante,False,nan,default6mm,0.01,hueso,0.001,176,176,0,12.4,163.0,15.7,13.2,-36.0,12.4,-60.0,6.1,-36.0,-15.0,0.1,0.1,250.3,251.9,173.5,1.0,0.0,0.0,0.0,0.0,nan,False,143,76.0,0.797,si,si,si,si,si,si,si,0.0,
dataset6_CLINIC_0102_data,grupo 2,otro,nan,concordante,False,nan,default6mm,0.05,hueso,0.001,176,176,0,12.4,163.0,15.7,13.2,-36.0,12.4,-60.0,6.1,-36.0,-15.0,0.1,0.1,250.3,251.9,173.5,1.0,0.0,0.0,0.0,0.0,nan,False,143,76.0,0.797,si,si,si,si,si,si,si,0.0,
dataset6_CLINIC_0102_data,grupo 2,otro,nan,concordante,False,nan,robust3mm,0.0,hueso,,0,0,0,12.0,165.0,15.6,14.6,-33.0,12.0,-57.0,6.2,-33.0,-15.0,0.1,0.1,250.3,251.9,176.5,1.0,0.0,0.0,0.0,0.0,nan,False,146,81.5,0.781,si,si,si,si,si,si,si,3.8,
dataset6_CLINIC_0102_data,grupo 2,otro,nan,concordante,False,nan,robust3mm,0.001,hueso,,320,320,0,12.0,165.0,15.6,14.6,-33.0,12.0,-57.0,6.2,-33.0,-15.0,0.1,0.1,250.3,251.9,176.5,1.0,0.0,0.0,0.0,0.0,nan,False,146,81.5,0.781,si,si,si,si,si,si,si,3.8,
dataset6_CLINIC_0102_data,grupo 2,otro,nan,concordante,False,nan,robust3mm,0.01,hueso,0.001,320,320,0,12.0,165.0,15.6,14.6,-33.0,12.0,-57.0,6.2,-33.0,-15.0,0.1,0.1,250.3,251.9,176.5,1.0,0.0,0.0,0.0,0.0,nan,False,146,81.5,0.781,si,si,si,si,si,si,si,0.0,
dataset6_CLINIC_0102_data,grupo 2,otro,nan,concordante,False,nan,robust3mm,0.05,hueso,0.001,320,320,0,12.0,165.0,15.6,14.6,-33.0,12.0,-57.0,6.2,-33.0,-15.0,0.1,0.1,250.3,251.9,176.5,1.0,0.0,0.0,0.0,0.0,nan,False,146,81.5,0.781,si,si,si,si,si,si,si,0.0,
dataset6_CLINIC_0100_data,grupo 3,calibracion,nan,concordante,False,nan,default6mm,0.0,hueso,,0,0,0,13.3,151.0,15.2,16.2,-9.0,13.3,-36.0,9.4,-9.0,-3.0,0.0,1.2,204.6,132.5,160.6,0.9962,0.0,0.0872,0.0,0.0,nan,False,135,124.0,0.593,si,si,si,si,si,si,si,4.7,
dataset6_CLINIC_0100_data,grupo 3,calibracion,nan,concordante,False,nan,default6mm,0.001,hueso,,24,24,0,13.3,151.0,15.2,16.2,-9.0,13.3,-36.0,9.4,-9.0,-3.0,0.0,1.2,204.6,132.5,160.6,0.9962,0.0,0.0872,0.0,0.0,nan,False,135,124.0,0.593,si,si,si,si,si,si,si,4.4,
dataset6_CLINIC_0100_data,grupo 3,calibracion,nan,concordante,False,nan,default6mm,0.01,hueso,0.001,24,24,0,13.3,151.0,15.2,16.2,-9.0,13.3,-36.0,9.4,-9.0,-3.0,0.0,1.2,204.6,132.5,160.6,0.9962,0.0,0.0872,0.0,0.0,nan,False,135,124.0,0.593,si,si,si,si,si,si,si,0.0,
dataset6_CLINIC_0100_data,grupo 3,calibracion,nan,concordante,False,nan,default6mm,0.05,hueso,0.001,24,24,0,13.3,151.0,15.2,16.2,-9.0,13.3,-36.0,9.4,-9.0,-3.0,0.0,1.2,204.6,132.5,160.6,0.9962,0.0,0.0872,0.0,0.0,nan,False,135,124.0,0.593,si,si,si,si,si,si,si,0.0,
dataset6_CLINIC_0100_data,grupo 3,calibracion,nan,concordante,False,nan,robust3mm,0.0,hueso,,0,0,0,14.6,149.0,16.5,16.0,-9.0,14.6,-24.0,8.9,-9.0,-3.0,0.0,1.2,204.6,132.5,160.6,0.9962,0.0,0.0872,0.0,0.0,nan,False,131,125.0,0.58,si,si,si,si,si,si,si,4.6,
dataset6_CLINIC_0100_data,grupo 3,calibracion,nan,concordante,False,nan,robust3mm,0.001,hueso,,96,96,0,14.6,149.0,16.5,16.0,-9.0,14.6,-24.0,8.9,-9.0,-3.0,0.0,1.2,204.6,132.5,160.6,0.9962,0.0,0.0872,0.0,0.0,nan,False,131,125.0,0.58,si,si,si,si,si,si,si,4.4,
dataset6_CLINIC_0100_data,grupo 3,calibracion,nan,concordante,False,nan,robust3mm,0.01,hueso,0.001,96,96,0,14.6,149.0,16.5,16.0,-9.0,14.6,-24.0,8.9,-9.0,-3.0,0.0,1.2,204.6,132.5,160.6,0.9962,0.0,0.0872,0.0,0.0,nan,False,131,125.0,0.58,si,si,si,si,si,si,si,0.0,
dataset6_CLINIC_0100_data,grupo 3,calibracion,nan,concordante,False,nan,robust3mm,0.05,hueso,0.001,96,96,0,14.6,149.0,16.5,16.0,-9.0,14.6,-24.0,8.9,-9.0,-3.0,0.0,1.2,204.6,132.5,160.6,0.9962,0.0,0.0872,0.0,0.0,nan,False,131,125.0,0.58,si,si,si,si,si,si,si,0.0,
dataset6_CLINIC_0103_data,grupo 3,calibracion,nan,concordante,False,nan,default6mm,0.0,hueso,,0,0,0,7.5,134.0,16.0,12.3,-9.0,7.5,-30.0,7.3,-9.0,-9.0,18.7,5.8,175.3,134.2,203.5,0.9522,0.1679,0.2551,0.0,0.0,nan,False,115,160.0,0.496,no,no,no,no,no,no,no,5.5,
dataset6_CLINIC_0103_data,grupo 3,calibracion,nan,concordante,False,nan,default6mm,0.001,hueso,,280,280,0,7.5,134.0,16.0,12.3,-9.0,7.5,-30.0,7.3,-9.0,-9.0,18.7,5.8,175.3,134.2,203.5,0.9522,0.1679,0.2551,0.0,0.0,nan,False,115,160.0,0.496,no,no,no,no,no,no,no,5.2,
dataset6_CLINIC_0103_data,grupo 3,calibracion,nan,concordante,False,nan,default6mm,0.01,hueso,0.001,280,280,0,7.5,134.0,16.0,12.3,-9.0,7.5,-30.0,7.3,-9.0,-9.0,18.7,5.8,175.3,134.2,203.5,0.9522,0.1679,0.2551,0.0,0.0,nan,False,115,160.0,0.496,no,no,no,no,no,no,no,0.0,
dataset6_CLINIC_0103_data,grupo 3,calibracion,nan,concordante,False,nan,default6mm,0.05,hueso,0.001,280,280,0,7.5,134.0,16.0,12.3,-9.0,7.5,-30.0,7.3,-9.0,-9.0,18.7,5.8,175.3,134.2,203.5,0.9522,0.1679,0.2551,0.0,0.0,nan,False,115,160.0,0.496,no,no,no,no,no,no,no,0.0,
dataset6_CLINIC_0103_data,grupo 3,calibracion,nan,concordante,False,nan,robust3mm,0.0,hueso,,0,0,0,8.2,136.0,15.5,12.3,-12.0,7.5,-27.0,8.2,-27.0,-30.0,1.3,0.8,175.3,113.2,185.5,0.9924,0.0868,-0.0868,0.0,0.0,nan,False,118,93.5,0.686,no,no,no,no,no,no,no,5.4,
dataset6_CLINIC_0103_data,grupo 3,calibracion,nan,concordante,False,nan,robust3mm,0.001,hueso,,220,156,0,8.2,136.0,15.5,12.3,-12.0,7.5,-27.0,8.2,-27.0,-30.0,1.3,0.8,175.3,113.2,185.5,0.9924,0.0868,-0.0868,0.0,0.0,nan,False,118,93.5,0.686,no,no,no,no,no,no,no,5.2,
dataset6_CLINIC_0103_data,grupo 3,calibracion,nan,concordante,False,nan,robust3mm,0.01,hueso,0.001,220,156,0,8.2,136.0,15.5,12.3,-12.0,7.5,-27.0,8.2,-27.0,-30.0,1.3,0.8,175.3,113.2,185.5,0.9924,0.0868,-0.0868,0.0,0.0,nan,False,118,93.5,0.686,no,no,no,no,no,no,no,0.0,
dataset6_CLINIC_0103_data,grupo 3,calibracion,nan,concordante,False,nan,robust3mm,0.05,hueso,0.001,220,156,0,8.2,136.0,15.5,12.3,-12.0,7.5,-27.0,8.2,-27.0,-30.0,1.3,0.8,175.3,113.2,185.5,0.9924,0.0868,-0.0868,0.0,0.0,nan,False,118,93.5,0.686,no,no,no,no,no,no,no,0.0,
dataset7_CLINIC_metal_0010_data,grupo 1,evaluacion,+1,R1 arriba de TS,False,nan,default6mm,0.0,hueso,,0,0,0,8.9,161.0,12.6,13.5,-45.0,8.9,-66.0,4.4,-45.0,-21.0,3.4,1.6,194.3,185.8,201.3,0.9924,-0.0868,-0.0868,0.0,0.0,nan,False,140,105.0,0.636,no,si,no,no,no,no,no,4.6,
dataset7_CLINIC_metal_0010_data,grupo 1,evaluacion,+1,R1 arriba de TS,False,nan,default6mm,0.001,hueso,,52,48,0,8.9,161.0,12.6,13.5,-45.0,8.9,-66.0,4.4,-45.0,-21.0,3.4,1.6,194.3,185.8,201.3,0.9924,-0.0868,-0.0868,0.0,0.0,nan,False,140,105.0,0.636,no,si,no,no,no,no,no,4.4,
dataset7_CLINIC_metal_0010_data,grupo 1,evaluacion,+1,R1 arriba de TS,False,nan,default6mm,0.01,hueso,0.001,52,48,0,8.9,161.0,12.6,13.5,-45.0,8.9,-66.0,4.4,-45.0,-21.0,3.4,1.6,194.3,185.8,201.3,0.9924,-0.0868,-0.0868,0.0,0.0,nan,False,140,105.0,0.636,no,si,no,no,no,no,no,0.0,
dataset7_CLINIC_metal_0010_data,grupo 1,evaluacion,+1,R1 arriba de TS,False,nan,default6mm,0.05,hueso,0.001,52,48,0,8.9,161.0,12.6,13.5,-45.0,8.9,-66.0,4.4,-45.0,-21.0,3.4,1.6,194.3,185.8,201.3,0.9924,-0.0868,-0.0868,0.0,0.0,nan,False,140,105.0,0.636,no,si,no,no,no,no,no,0.0,
dataset7_CLINIC_metal_0010_data,grupo 1,evaluacion,+1,R1 arriba de TS,False,nan,robust3mm,0.0,hueso,,0,0,0,9.8,159.0,11.8,13.7,-45.0,9.8,-66.0,4.8,-45.0,-21.0,3.4,1.6,194.3,185.8,201.3,0.9924,-0.0868,-0.0868,0.0,0.0,nan,False,136,106.0,0.632,no,si,no,si,no,no,no,4.2,
dataset7_CLINIC_metal_0010_data,grupo 1,evaluacion,+1,R1 arriba de TS,False,nan,robust3mm,0.001,hueso,,52,52,0,9.8,159.0,11.8,13.7,-45.0,9.8,-66.0,4.8,-45.0,-21.0,3.4,1.6,194.3,185.8,201.3,0.9924,-0.0868,-0.0868,0.0,0.0,nan,False,136,106.0,0.632,no,si,no,si,no,no,no,4.4,
dataset7_CLINIC_metal_0010_data,grupo 1,evaluacion,+1,R1 arriba de TS,False,nan,robust3mm,0.01,hueso,0.001,52,52,0,9.8,159.0,11.8,13.7,-45.0,9.8,-66.0,4.8,-45.0,-21.0,3.4,1.6,194.3,185.8,201.3,0.9924,-0.0868,-0.0868,0.0,0.0,nan,False,136,106.0,0.632,no,si,no,si,no,no,no,0.0,
dataset7_CLINIC_metal_0010_data,grupo 1,evaluacion,+1,R1 arriba de TS,False,nan,robust3mm,0.05,hueso,0.001,52,52,0,9.8,159.0,11.8,13.7,-45.0,9.8,-66.0,4.8,-45.0,-21.0,3.4,1.6,194.3,185.8,201.3,0.9924,-0.0868,-0.0868,0.0,0.0,nan,False,136,106.0,0.632,no,si,no,si,no,no,no,0.0,
dataset7_CLINIC_metal_0002_data,grupo 1,evaluacion,ok,concordante,True,nan,default6mm,0.0,hueso,,0,0,0,13.8,106.0,14.6,16.4,-6.0,13.8,-24.0,6.1,-6.0,-6.0,9.1,13.5,233.1,202.7,209.2,0.9625,0.2579,0.0842,0.028,0.131,0.0,True,80,458.5,0.075,si,si,si,si,si,si,si,3.3,
dataset7_CLINIC_metal_0002_data,grupo 1,evaluacion,ok,concordante,True,nan,default6mm,0.0,ocupado_2500,,0,0,6963,11.0,119.0,11.3,14.3,-9.0,11.0,-24.0,6.1,-9.0,-3.0,5.9,11.5,233.1,205.7,206.2,0.9703,-0.1711,-0.1711,0.0,0.0,5.9,False,92,435.0,0.261,si,si,si,si,no,si,no,2.9,
dataset7_CLINIC_metal_0002_data,grupo 1,evaluacion,ok,concordante,True,nan,default6mm,0.0,ocupado_semimax,,0,0,7096,11.0,119.0,11.3,14.3,-9.0,11.0,-24.0,6.1,-9.0,-3.0,5.9,11.5,233.1,205.7,206.2,0.9703,-0.1711,-0.1711,0.0,0.0,5.9,False,92,435.0,0.261,si,si,si,si,no,si,no,3.0,
dataset7_CLINIC_metal_0002_data,grupo 1,evaluacion,ok,concordante,True,nan,default6mm,0.001,hueso,,44,44,0,13.4,106.0,14.6,16.4,-6.0,13.4,-24.0,6.1,-6.0,-6.0,9.1,13.5,233.1,202.7,209.2,0.9625,0.2579,0.0842,0.028,0.131,0.0,True,80,458.5,0.075,si,si,si,si,si,si,si,3.3,
dataset7_CLINIC_metal_0002_data,grupo 1,evaluacion,ok,concordante,True,nan,default6mm,0.001,ocupado_2500,,44,44,6961,11.0,119.0,11.3,14.3,-9.0,11.0,-24.0,6.1,-9.0,-3.0,5.9,11.5,233.1,205.7,206.2,0.9703,-0.1711,-0.1711,0.0,0.0,5.9,False,92,435.0,0.261,si,si,si,si,no,si,no,3.1,
dataset7_CLINIC_metal_0002_data,grupo 1,evaluacion,ok,concordante,True,nan,default6mm,0.001,ocupado_semimax,,44,44,7094,11.0,119.0,11.3,14.3,-9.0,11.0,-24.0,6.1,-9.0,-3.0,5.9,11.5,233.1,205.7,206.2,0.9703,-0.1711,-0.1711,0.0,0.0,5.9,False,92,435.0,0.261,si,si,si,si,no,si,no,2.9,
dataset7_CLINIC_metal_0002_data,grupo 1,evaluacion,ok,concordante,True,nan,default6mm,0.01,hueso,0.001,44,44,0,13.4,106.0,14.6,16.4,-6.0,13.4,-24.0,6.1,-6.0,-6.0,9.1,13.5,233.1,202.7,209.2,0.9625,0.2579,0.0842,0.028,0.131,0.0,True,80,458.5,0.075,si,si,si,si,si,si,si,0.0,
dataset7_CLINIC_metal_0002_data,grupo 1,evaluacion,ok,concordante,True,nan,default6mm,0.01,ocupado_2500,0.001,44,44,6961,11.0,119.0,11.3,14.3,-9.0,11.0,-24.0,6.1,-9.0,-3.0,5.9,11.5,233.1,205.7,206.2,0.9703,-0.1711,-0.1711,0.0,0.0,5.9,False,92,435.0,0.261,si,si,si,si,no,si,no,0.0,
dataset7_CLINIC_metal_0002_data,grupo 1,evaluacion,ok,concordante,True,nan,default6mm,0.01,ocupado_semimax,0.001,44,44,7094,11.0,119.0,11.3,14.3,-9.0,11.0,-24.0,6.1,-9.0,-3.0,5.9,11.5,233.1,205.7,206.2,0.9703,-0.1711,-0.1711,0.0,0.0,5.9,False,92,435.0,0.261,si,si,si,si,no,si,no,0.0,
dataset7_CLINIC_metal_0002_data,grupo 1,evaluacion,ok,concordante,True,nan,default6mm,0.05,hueso,0.001,44,44,0,13.4,106.0,14.6,16.4,-6.0,13.4,-24.0,6.1,-6.0,-6.0,9.1,13.5,233.1,202.7,209.2,0.9625,0.2579,0.0842,0.028,0.131,0.0,True,80,458.5,0.075,si,si,si,si,si,si,si,0.0,
dataset7_CLINIC_metal_0002_data,grupo 1,evaluacion,ok,concordante,True,nan,default6mm,0.05,ocupado_2500,0.001,44,44,6961,11.0,119.0,11.3,14.3,-9.0,11.0,-24.0,6.1,-9.0,-3.0,5.9,11.5,233.1,205.7,206.2,0.9703,-0.1711,-0.1711,0.0,0.0,5.9,False,92,435.0,0.261,si,si,si,si,no,si,no,0.0,
dataset7_CLINIC_metal_0002_data,grupo 1,evaluacion,ok,concordante,True,nan,default6mm,0.05,ocupado_semimax,0.001,44,44,7094,11.0,119.0,11.3,14.3,-9.0,11.0,-24.0,6.1,-9.0,-3.0,5.9,11.5,233.1,205.7,206.2,0.9703,-0.1711,-0.1711,0.0,0.0,5.9,False,92,435.0,0.261,si,si,si,si,no,si,no,0.0,
dataset7_CLINIC_metal_0002_data,grupo 1,evaluacion,ok,concordante,True,nan,robust3mm,0.0,hueso,,0,0,0,13.3,164.0,15.9,16.2,-6.0,13.3,-24.0,6.1,-6.0,-9.0,5.9,1.5,233.1,199.7,209.2,0.9848,0.0,-0.1736,0.0,0.109,1.2,True,142,241.5,0.359,si,si,si,si,si,si,si,3.2,
dataset7_CLINIC_metal_0002_data,grupo 1,evaluacion,ok,concordante,True,nan,robust3mm,0.0,ocupado_2500,,0,0,7094,10.0,171.0,11.1,13.7,-3.0,10.0,-24.0,6.1,-3.0,-6.0,5.9,1.5,233.1,202.7,212.2,0.9848,0.0,-0.1736,0.0,0.0,5.3,False,149,263.0,0.201,si,si,no,si,no,si,no,2.8,
dataset7_CLINIC_metal_0002_data,grupo 1,evaluacion,ok,concordante,True,nan,robust3mm,0.0,ocupado_semimax,,0,0,7227,10.0,171.0,11.1,13.7,-3.0,10.0,-24.0,6.1,-3.0,-6.0,5.9,1.5,233.1,202.7,212.2,0.9848,0.0,-0.1736,0.0,0.0,5.3,False,149,263.0,0.201,si,si,no,si,no,si,no,3.0,
dataset7_CLINIC_metal_0002_data,grupo 1,evaluacion,ok,concordante,True,nan,robust3mm,0.001,hueso,,32,32,0,13.3,164.0,15.9,16.2,-6.0,13.3,-24.0,6.1,-6.0,-9.0,5.9,1.5,233.1,199.7,209.2,0.9848,0.0,-0.1736,0.0,0.109,1.2,True,142,241.5,0.359,si,si,si,si,si,si,si,3.3,
dataset7_CLINIC_metal_0002_data,grupo 1,evaluacion,ok,concordante,True,nan,robust3mm,0.001,ocupado_2500,,32,32,7094,10.0,171.0,11.1,13.7,-3.0,10.0,-24.0,6.1,-3.0,-6.0,5.9,1.5,233.1,202.7,212.2,0.9848,0.0,-0.1736,0.0,0.0,5.3,False,149,263.0,0.201,si,si,no,si,no,si,no,3.0,
dataset7_CLINIC_metal_0002_data,grupo 1,evaluacion,ok,concordante,True,nan,robust3mm,0.001,ocupado_semimax,,32,32,7227,10.0,171.0,11.1,13.7,-3.0,10.0,-24.0,6.1,-3.0,-6.0,5.9,1.5,233.1,202.7,212.2,0.9848,0.0,-0.1736,0.0,0.0,5.3,False,149,263.0,0.201,si,si,no,si,no,si,no,2.9,
dataset7_CLINIC_metal_0002_data,grupo 1,evaluacion,ok,concordante,True,nan,robust3mm,0.01,hueso,0.001,32,32,0,13.3,164.0,15.9,16.2,-6.0,13.3,-24.0,6.1,-6.0,-9.0,5.9,1.5,233.1,199.7,209.2,0.9848,0.0,-0.1736,0.0,0.109,1.2,True,142,241.5,0.359,si,si,si,si,si,si,si,0.0,
dataset7_CLINIC_metal_0002_data,grupo 1,evaluacion,ok,concordante,True,nan,robust3mm,0.01,ocupado_2500,0.001,32,32,7094,10.0,171.0,11.1,13.7,-3.0,10.0,-24.0,6.1,-3.0,-6.0,5.9,1.5,233.1,202.7,212.2,0.9848,0.0,-0.1736,0.0,0.0,5.3,False,149,263.0,0.201,si,si,no,si,no,si,no,0.0,
dataset7_CLINIC_metal_0002_data,grupo 1,evaluacion,ok,concordante,True,nan,robust3mm,0.01,ocupado_semimax,0.001,32,32,7227,10.0,171.0,11.1,13.7,-3.0,10.0,-24.0,6.1,-3.0,-6.0,5.9,1.5,233.1,202.7,212.2,0.9848,0.0,-0.1736,0.0,0.0,5.3,False,149,263.0,0.201,si,si,no,si,no,si,no,0.0,
dataset7_CLINIC_metal_0002_data,grupo 1,evaluacion,ok,concordante,True,nan,robust3mm,0.05,hueso,0.001,32,32,0,13.3,164.0,15.9,16.2,-6.0,13.3,-24.0,6.1,-6.0,-9.0,5.9,1.5,233.1,199.7,209.2,0.9848,0.0,-0.1736,0.0,0.109,1.2,True,142,241.5,0.359,si,si,si,si,si,si,si,0.0,
dataset7_CLINIC_metal_0002_data,grupo 1,evaluacion,ok,concordante,True,nan,robust3mm,0.05,ocupado_2500,0.001,32,32,7094,10.0,171.0,11.1,13.7,-3.0,10.0,-24.0,6.1,-3.0,-6.0,5.9,1.5,233.1,202.7,212.2,0.9848,0.0,-0.1736,0.0,0.0,5.3,False,149,263.0,0.201,si,si,no,si,no,si,no,0.0,
dataset7_CLINIC_metal_0002_data,grupo 1,evaluacion,ok,concordante,True,nan,robust3mm,0.05,ocupado_semimax,0.001,32,32,7227,10.0,171.0,11.1,13.7,-3.0,10.0,-24.0,6.1,-3.0,-6.0,5.9,1.5,233.1,202.7,212.2,0.9848,0.0,-0.1736,0.0,0.0,5.3,False,149,263.0,0.201,si,si,no,si,no,si,no,0.0,
dataset7_CLINIC_metal_0004_data,grupo 1,evaluacion,ok,concordante,False,nan,default6mm,0.0,hueso,,0,0,0,11.5,117.0,16.3,13.8,-12.0,11.5,-33.0,10.5,-9.0,-9.0,1.0,8.0,242.6,209.1,195.2,0.9962,0.0872,0.0,0.0,0.0,7.4,False,94,216.5,0.351,si,si,si,si,si,si,no,3.5,
dataset7_CLINIC_metal_0004_data,grupo 1,evaluacion,ok,concordante,False,nan,default6mm,0.0,ocupado_2500,,0,0,2968,11.5,117.0,16.2,13.8,-12.0,11.5,-33.0,10.5,-9.0,-9.0,1.0,8.0,242.6,209.1,195.2,0.9962,0.0872,0.0,0.0,0.0,7.4,False,94,216.5,0.351,si,si,si,si,si,si,no,3.0,
dataset7_CLINIC_metal_0004_data,grupo 1,evaluacion,ok,concordante,False,nan,default6mm,0.0,ocupado_semimax,,0,0,3960,11.5,117.0,16.2,13.2,-12.0,11.5,-33.0,10.5,-9.0,-9.0,1.0,8.0,242.6,209.1,195.2,0.9962,0.0872,0.0,0.0,0.0,7.4,False,94,216.5,0.351,si,si,si,si,si,si,no,2.8,
dataset7_CLINIC_metal_0004_data,grupo 1,evaluacion,ok,concordante,False,nan,default6mm,0.001,hueso,,27,27,0,11.5,117.0,16.3,13.8,-12.0,11.5,-33.0,10.5,-9.0,-9.0,1.0,8.0,242.6,209.1,195.2,0.9962,0.0872,0.0,0.0,0.0,7.4,False,94,216.5,0.351,si,si,si,si,si,si,no,3.2,
dataset7_CLINIC_metal_0004_data,grupo 1,evaluacion,ok,concordante,False,nan,default6mm,0.001,ocupado_2500,,27,27,2968,11.5,117.0,16.2,13.8,-12.0,11.5,-33.0,10.5,-9.0,-9.0,1.0,8.0,242.6,209.1,195.2,0.9962,0.0872,0.0,0.0,0.0,7.4,False,94,216.5,0.351,si,si,si,si,si,si,no,3.1,
dataset7_CLINIC_metal_0004_data,grupo 1,evaluacion,ok,concordante,False,nan,default6mm,0.001,ocupado_semimax,,27,27,3960,11.5,117.0,16.2,13.2,-12.0,11.5,-33.0,10.5,-9.0,-9.0,1.0,8.0,242.6,209.1,195.2,0.9962,0.0872,0.0,0.0,0.0,7.4,False,94,216.5,0.351,si,si,si,si,si,si,no,3.0,
dataset7_CLINIC_metal_0004_data,grupo 1,evaluacion,ok,concordante,False,nan,default6mm,0.01,hueso,0.001,27,27,0,11.5,117.0,16.3,13.8,-12.0,11.5,-33.0,10.5,-9.0,-9.0,1.0,8.0,242.6,209.1,195.2,0.9962,0.0872,0.0,0.0,0.0,7.4,False,94,216.5,0.351,si,si,si,si,si,si,no,0.0,
dataset7_CLINIC_metal_0004_data,grupo 1,evaluacion,ok,concordante,False,nan,default6mm,0.01,ocupado_2500,0.001,27,27,2968,11.5,117.0,16.2,13.8,-12.0,11.5,-33.0,10.5,-9.0,-9.0,1.0,8.0,242.6,209.1,195.2,0.9962,0.0872,0.0,0.0,0.0,7.4,False,94,216.5,0.351,si,si,si,si,si,si,no,0.0,
dataset7_CLINIC_metal_0004_data,grupo 1,evaluacion,ok,concordante,False,nan,default6mm,0.01,ocupado_semimax,0.001,27,27,3960,11.5,117.0,16.2,13.2,-12.0,11.5,-33.0,10.5,-9.0,-9.0,1.0,8.0,242.6,209.1,195.2,0.9962,0.0872,0.0,0.0,0.0,7.4,False,94,216.5,0.351,si,si,si,si,si,si,no,0.0,
dataset7_CLINIC_metal_0004_data,grupo 1,evaluacion,ok,concordante,False,nan,default6mm,0.05,hueso,0.001,27,27,0,11.5,117.0,16.3,13.8,-12.0,11.5,-33.0,10.5,-9.0,-9.0,1.0,8.0,242.6,209.1,195.2,0.9962,0.0872,0.0,0.0,0.0,7.4,False,94,216.5,0.351,si,si,si,si,si,si,no,0.0,
dataset7_CLINIC_metal_0004_data,grupo 1,evaluacion,ok,concordante,False,nan,default6mm,0.05,ocupado_2500,0.001,27,27,2968,11.5,117.0,16.2,13.8,-12.0,11.5,-33.0,10.5,-9.0,-9.0,1.0,8.0,242.6,209.1,195.2,0.9962,0.0872,0.0,0.0,0.0,7.4,False,94,216.5,0.351,si,si,si,si,si,si,no,0.0,
dataset7_CLINIC_metal_0004_data,grupo 1,evaluacion,ok,concordante,False,nan,default6mm,0.05,ocupado_semimax,0.001,27,27,3960,11.5,117.0,16.2,13.2,-12.0,11.5,-33.0,10.5,-9.0,-9.0,1.0,8.0,242.6,209.1,195.2,0.9962,0.0872,0.0,0.0,0.0,7.4,False,94,216.5,0.351,si,si,si,si,si,si,no,0.0,
dataset7_CLINIC_metal_0004_data,grupo 1,evaluacion,ok,concordante,False,nan,robust3mm,0.0,hueso,,0,0,0,11.4,123.0,17.1,15.2,-12.0,11.4,-33.0,10.0,-12.0,-12.0,4.0,8.0,242.6,206.1,192.2,0.9924,0.0868,0.0868,0.0,0.0,2.7,True,103,50.0,0.767,si,si,si,si,si,si,no,3.3,
dataset7_CLINIC_metal_0004_data,grupo 1,evaluacion,ok,concordante,False,nan,robust3mm,0.0,ocupado_2500,,0,0,2870,10.0,178.0,17.0,13.8,-9.0,10.0,-33.0,10.0,-9.0,-12.0,14.0,7.0,242.6,206.1,195.2,0.9522,-0.1679,0.2551,0.0,0.0,5.3,False,159,150.0,0.503,si,si,no,si,no,si,no,3.3,
dataset7_CLINIC_metal_0004_data,grupo 1,evaluacion,ok,concordante,False,nan,robust3mm,0.0,ocupado_semimax,,0,0,3870,10.0,148.0,17.0,13.8,-9.0,9.8,-33.0,10.0,-33.0,-33.0,4.0,2.0,242.6,185.1,171.2,0.9924,-0.0868,0.0868,0.0,0.0,21.5,False,129,93.0,0.822,si,si,no,si,no,si,no,3.1,
dataset7_CLINIC_metal_0004_data,grupo 1,evaluacion,ok,concordante,False,nan,robust3mm,0.001,hueso,,20,20,0,11.4,123.0,17.1,15.2,-12.0,11.4,-33.0,10.0,-12.0,-12.0,4.0,8.0,242.6,206.1,192.2,0.9924,0.0868,0.0868,0.0,0.0,2.7,True,103,50.0,0.767,si,si,si,si,si,si,no,3.1,
dataset7_CLINIC_metal_0004_data,grupo 1,evaluacion,ok,concordante,False,nan,robust3mm,0.001,ocupado_2500,,20,20,2870,10.0,178.0,17.0,13.8,-9.0,10.0,-33.0,10.0,-9.0,-12.0,14.0,7.0,242.6,206.1,195.2,0.9522,-0.1679,0.2551,0.0,0.0,5.3,False,159,150.0,0.503,si,si,no,si,no,si,no,3.2,
dataset7_CLINIC_metal_0004_data,grupo 1,evaluacion,ok,concordante,False,nan,robust3mm,0.001,ocupado_semimax,,20,20,3870,10.0,148.0,17.0,13.8,-9.0,9.8,-33.0,10.0,-33.0,-33.0,4.0,2.0,242.6,185.1,171.2,0.9924,-0.0868,0.0868,0.0,0.0,21.5,False,129,93.0,0.822,si,si,no,si,no,si,no,3.1,
dataset7_CLINIC_metal_0004_data,grupo 1,evaluacion,ok,concordante,False,nan,robust3mm,0.01,hueso,0.001,20,20,0,11.4,123.0,17.1,15.2,-12.0,11.4,-33.0,10.0,-12.0,-12.0,4.0,8.0,242.6,206.1,192.2,0.9924,0.0868,0.0868,0.0,0.0,2.7,True,103,50.0,0.767,si,si,si,si,si,si,no,0.0,
dataset7_CLINIC_metal_0004_data,grupo 1,evaluacion,ok,concordante,False,nan,robust3mm,0.01,ocupado_2500,0.001,20,20,2870,10.0,178.0,17.0,13.8,-9.0,10.0,-33.0,10.0,-9.0,-12.0,14.0,7.0,242.6,206.1,195.2,0.9522,-0.1679,0.2551,0.0,0.0,5.3,False,159,150.0,0.503,si,si,no,si,no,si,no,0.0,
dataset7_CLINIC_metal_0004_data,grupo 1,evaluacion,ok,concordante,False,nan,robust3mm,0.01,ocupado_semimax,0.001,20,20,3870,10.0,148.0,17.0,13.8,-9.0,9.8,-33.0,10.0,-33.0,-33.0,4.0,2.0,242.6,185.1,171.2,0.9924,-0.0868,0.0868,0.0,0.0,21.5,False,129,93.0,0.822,si,si,no,si,no,si,no,0.0,
dataset7_CLINIC_metal_0004_data,grupo 1,evaluacion,ok,concordante,False,nan,robust3mm,0.05,hueso,0.001,20,20,0,11.4,123.0,17.1,15.2,-12.0,11.4,-33.0,10.0,-12.0,-12.0,4.0,8.0,242.6,206.1,192.2,0.9924,0.0868,0.0868,0.0,0.0,2.7,True,103,50.0,0.767,si,si,si,si,si,si,no,0.0,
dataset7_CLINIC_metal_0004_data,grupo 1,evaluacion,ok,concordante,False,nan,robust3mm,0.05,ocupado_2500,0.001,20,20,2870,10.0,178.0,17.0,13.8,-9.0,10.0,-33.0,10.0,-9.0,-12.0,14.0,7.0,242.6,206.1,195.2,0.9522,-0.1679,0.2551,0.0,0.0,5.3,False,159,150.0,0.503,si,si,no,si,no,si,no,0.0,
dataset7_CLINIC_metal_0004_data,grupo 1,evaluacion,ok,concordante,False,nan,robust3mm,0.05,ocupado_semimax,0.001,20,20,3870,10.0,148.0,17.0,13.8,-9.0,9.8,-33.0,10.0,-33.0,-33.0,4.0,2.0,242.6,185.1,171.2,0.9924,-0.0868,0.0868,0.0,0.0,21.5,False,129,93.0,0.822,si,si,no,si,no,si,no,0.0,
dataset7_CLINIC_metal_0005_data,grupo 1,evaluacion,ok,concordante,False,nan,default6mm,0.0,hueso,,0,0,0,8.4,108.0,12.3,12.9,-6.0,8.4,-30.0,7.7,-6.0,-12.0,5.9,4.0,249.2,225.9,134.9,0.9625,-0.2579,-0.0842,0.0,0.0,14.7,False,87,286.0,0.31,no,no,no,no,no,no,no,3.8,
dataset7_CLINIC_metal_0005_data,grupo 1,evaluacion,ok,concordante,False,nan,default6mm,0.0,ocupado_2500,,0,0,11582,8.4,108.0,12.3,12.9,-6.0,8.4,-30.0,7.7,-6.0,-12.0,5.9,4.0,249.2,225.9,134.9,0.9625,-0.2579,-0.0842,0.0,0.0,14.7,False,87,286.0,0.31,no,no,no,no,no,no,no,3.2,
dataset7_CLINIC_metal_0005_data,grupo 1,evaluacion,ok,concordante,False,nan,default6mm,0.0,ocupado_semimax,,0,0,11582,8.4,108.0,12.3,12.9,-6.0,8.4,-30.0,7.7,-6.0,-12.0,5.9,4.0,249.2,225.9,134.9,0.9625,-0.2579,-0.0842,0.0,0.0,14.7,False,87,286.0,0.31,no,no,no,no,no,no,no,2.9,
dataset7_CLINIC_metal_0005_data,grupo 1,evaluacion,ok,concordante,False,nan,default6mm,0.001,hueso,,55,54,0,8.4,108.0,12.3,12.9,-6.0,8.4,-30.0,7.7,-6.0,-12.0,5.9,4.0,249.2,225.9,134.9,0.9625,-0.2579,-0.0842,0.0,0.0,14.7,False,87,286.0,0.31,no,no,no,no,no,no,no,3.4,
dataset7_CLINIC_metal_0005_data,grupo 1,evaluacion,ok,concordante,False,nan,default6mm,0.001,ocupado_2500,,55,54,11582,8.4,108.0,12.3,12.9,-6.0,8.4,-30.0,7.7,-6.0,-12.0,5.9,4.0,249.2,225.9,134.9,0.9625,-0.2579,-0.0842,0.0,0.0,14.7,False,87,286.0,0.31,no,no,no,no,no,no,no,3.3,
dataset7_CLINIC_metal_0005_data,grupo 1,evaluacion,ok,concordante,False,nan,default6mm,0.001,ocupado_semimax,,55,54,11582,8.4,108.0,12.3,12.9,-6.0,8.4,-30.0,7.7,-6.0,-12.0,5.9,4.0,249.2,225.9,134.9,0.9625,-0.2579,-0.0842,0.0,0.0,14.7,False,87,286.0,0.31,no,no,no,no,no,no,no,3.3,
dataset7_CLINIC_metal_0005_data,grupo 1,evaluacion,ok,concordante,False,nan,default6mm,0.01,hueso,0.001,55,54,0,8.4,108.0,12.3,12.9,-6.0,8.4,-30.0,7.7,-6.0,-12.0,5.9,4.0,249.2,225.9,134.9,0.9625,-0.2579,-0.0842,0.0,0.0,14.7,False,87,286.0,0.31,no,no,no,no,no,no,no,0.0,
dataset7_CLINIC_metal_0005_data,grupo 1,evaluacion,ok,concordante,False,nan,default6mm,0.01,ocupado_2500,0.001,55,54,11582,8.4,108.0,12.3,12.9,-6.0,8.4,-30.0,7.7,-6.0,-12.0,5.9,4.0,249.2,225.9,134.9,0.9625,-0.2579,-0.0842,0.0,0.0,14.7,False,87,286.0,0.31,no,no,no,no,no,no,no,0.0,
dataset7_CLINIC_metal_0005_data,grupo 1,evaluacion,ok,concordante,False,nan,default6mm,0.01,ocupado_semimax,0.001,55,54,11582,8.4,108.0,12.3,12.9,-6.0,8.4,-30.0,7.7,-6.0,-12.0,5.9,4.0,249.2,225.9,134.9,0.9625,-0.2579,-0.0842,0.0,0.0,14.7,False,87,286.0,0.31,no,no,no,no,no,no,no,0.0,
dataset7_CLINIC_metal_0005_data,grupo 1,evaluacion,ok,concordante,False,nan,default6mm,0.05,hueso,0.001,55,54,0,8.4,108.0,12.3,12.9,-6.0,8.4,-30.0,7.7,-6.0,-12.0,5.9,4.0,249.2,225.9,134.9,0.9625,-0.2579,-0.0842,0.0,0.0,14.7,False,87,286.0,0.31,no,no,no,no,no,no,no,0.0,
dataset7_CLINIC_metal_0005_data,grupo 1,evaluacion,ok,concordante,False,nan,default6mm,0.05,ocupado_2500,0.001,55,54,11582,8.4,108.0,12.3,12.9,-6.0,8.4,-30.0,7.7,-6.0,-12.0,5.9,4.0,249.2,225.9,134.9,0.9625,-0.2579,-0.0842,0.0,0.0,14.7,False,87,286.0,0.31,no,no,no,no,no,no,no,0.0,
dataset7_CLINIC_metal_0005_data,grupo 1,evaluacion,ok,concordante,False,nan,default6mm,0.05,ocupado_semimax,0.001,55,54,11582,8.4,108.0,12.3,12.9,-6.0,8.4,-30.0,7.7,-6.0,-12.0,5.9,4.0,249.2,225.9,134.9,0.9625,-0.2579,-0.0842,0.0,0.0,14.7,False,87,286.0,0.31,no,no,no,no,no,no,no,0.0,
dataset7_CLINIC_metal_0005_data,grupo 1,evaluacion,ok,concordante,False,nan,robust3mm,0.0,hueso,,0,0,0,7.9,109.0,13.0,11.6,-6.0,7.9,-24.0,7.0,-6.0,-12.0,5.9,4.0,249.2,225.9,134.9,0.9625,-0.2579,-0.0842,0.0,0.0,14.5,False,89,277.0,0.292,no,no,no,no,no,no,no,3.1,
dataset7_CLINIC_metal_0005_data,grupo 1,evaluacion,ok,concordante,False,nan,robust3mm,0.0,ocupado_2500,,0,0,11572,7.9,109.0,13.0,11.6,-6.0,7.9,-24.0,7.0,-6.0,-12.0,5.9,4.0,249.2,225.9,134.9,0.9625,-0.2579,-0.0842,0.0,0.0,14.5,False,89,277.0,0.292,no,no,no,no,no,no,no,3.3,
dataset7_CLINIC_metal_0005_data,grupo 1,evaluacion,ok,concordante,False,nan,robust3mm,0.0,ocupado_semimax,,0,0,11572,7.9,109.0,13.0,11.6,-6.0,7.9,-24.0,7.0,-6.0,-12.0,5.9,4.0,249.2,225.9,134.9,0.9625,-0.2579,-0.0842,0.0,0.0,14.5,False,89,277.0,0.292,no,no,no,no,no,no,no,3.3,
dataset7_CLINIC_metal_0005_data,grupo 1,evaluacion,ok,concordante,False,nan,robust3mm,0.001,hueso,,41,39,0,7.9,109.0,13.0,11.6,-6.0,7.9,-24.0,7.0,-6.0,-12.0,5.9,4.0,249.2,225.9,134.9,0.9625,-0.2579,-0.0842,0.0,0.0,14.5,False,89,277.0,0.292,no,no,no,no,no,no,no,3.5,
dataset7_CLINIC_metal_0005_data,grupo 1,evaluacion,ok,concordante,False,nan,robust3mm,0.001,ocupado_2500,,41,39,11572,7.9,109.0,13.0,11.6,-6.0,7.9,-24.0,7.0,-6.0,-12.0,5.9,4.0,249.2,225.9,134.9,0.9625,-0.2579,-0.0842,0.0,0.0,14.5,False,89,277.0,0.292,no,no,no,no,no,no,no,3.1,
dataset7_CLINIC_metal_0005_data,grupo 1,evaluacion,ok,concordante,False,nan,robust3mm,0.001,ocupado_semimax,,41,39,11572,7.9,109.0,13.0,11.6,-6.0,7.9,-24.0,7.0,-6.0,-12.0,5.9,4.0,249.2,225.9,134.9,0.9625,-0.2579,-0.0842,0.0,0.0,14.5,False,89,277.0,0.292,no,no,no,no,no,no,no,3.2,
dataset7_CLINIC_metal_0005_data,grupo 1,evaluacion,ok,concordante,False,nan,robust3mm,0.01,hueso,0.001,41,39,0,7.9,109.0,13.0,11.6,-6.0,7.9,-24.0,7.0,-6.0,-12.0,5.9,4.0,249.2,225.9,134.9,0.9625,-0.2579,-0.0842,0.0,0.0,14.5,False,89,277.0,0.292,no,no,no,no,no,no,no,0.0,
dataset7_CLINIC_metal_0005_data,grupo 1,evaluacion,ok,concordante,False,nan,robust3mm,0.01,ocupado_2500,0.001,41,39,11572,7.9,109.0,13.0,11.6,-6.0,7.9,-24.0,7.0,-6.0,-12.0,5.9,4.0,249.2,225.9,134.9,0.9625,-0.2579,-0.0842,0.0,0.0,14.5,False,89,277.0,0.292,no,no,no,no,no,no,no,0.0,
dataset7_CLINIC_metal_0005_data,grupo 1,evaluacion,ok,concordante,False,nan,robust3mm,0.01,ocupado_semimax,0.001,41,39,11572,7.9,109.0,13.0,11.6,-6.0,7.9,-24.0,7.0,-6.0,-12.0,5.9,4.0,249.2,225.9,134.9,0.9625,-0.2579,-0.0842,0.0,0.0,14.5,False,89,277.0,0.292,no,no,no,no,no,no,no,0.0,
dataset7_CLINIC_metal_0005_data,grupo 1,evaluacion,ok,concordante,False,nan,robust3mm,0.05,hueso,0.001,41,39,0,7.9,109.0,13.0,11.6,-6.0,7.9,-24.0,7.0,-6.0,-12.0,5.9,4.0,249.2,225.9,134.9,0.9625,-0.2579,-0.0842,0.0,0.0,14.5,False,89,277.0,0.292,no,no,no,no,no,no,no,0.0,
dataset7_CLINIC_metal_0005_data,grupo 1,evaluacion,ok,concordante,False,nan,robust3mm,0.05,ocupado_2500,0.001,41,39,11572,7.9,109.0,13.0,11.6,-6.0,7.9,-24.0,7.0,-6.0,-12.0,5.9,4.0,249.2,225.9,134.9,0.9625,-0.2579,-0.0842,0.0,0.0,14.5,False,89,277.0,0.292,no,no,no,no,no,no,no,0.0,
dataset7_CLINIC_metal_0005_data,grupo 1,evaluacion,ok,concordante,False,nan,robust3mm,0.05,ocupado_semimax,0.001,41,39,11572,7.9,109.0,13.0,11.6,-6.0,7.9,-24.0,7.0,-6.0,-12.0,5.9,4.0,249.2,225.9,134.9,0.9625,-0.2579,-0.0842,0.0,0.0,14.5,False,89,277.0,0.292,no,no,no,no,no,no,no,0.0,
dataset7_CLINIC_metal_0006_data,grupo 1,evaluacion,ok,concordante,False,nan,default6mm,0.0,hueso,,0,0,0,11.2,133.0,13.6,12.9,-12.0,8.4,-33.0,11.2,-33.0,-36.0,3.3,0.9,239.7,215.0,168.7,0.9924,0.0868,0.0868,0.0,0.0,15.0,False,117,112.0,0.581,si,si,si,si,no,si,no,3.6,
dataset7_CLINIC_metal_0006_data,grupo 1,evaluacion,ok,concordante,False,nan,default6mm,0.0,ocupado_2500,,0,0,26582,11.2,133.0,13.6,12.9,-12.0,7.5,-33.0,11.2,-33.0,-36.0,3.3,0.9,239.7,215.0,168.7,0.9924,0.0868,0.0868,0.0,0.0,15.0,False,117,112.0,0.581,si,si,si,si,no,si,no,3.2,
dataset7_CLINIC_metal_0006_data,grupo 1,evaluacion,ok,concordante,False,nan,default6mm,0.0,ocupado_semimax,,0,0,26582,11.2,133.0,13.6,12.9,-12.0,7.5,-33.0,11.2,-33.0,-36.0,3.3,0.9,239.7,215.0,168.7,0.9924,0.0868,0.0868,0.0,0.0,15.0,False,117,112.0,0.581,si,si,si,si,no,si,no,3.1,
dataset7_CLINIC_metal_0006_data,grupo 1,evaluacion,ok,concordante,False,nan,default6mm,0.001,hueso,,134,134,0,11.2,133.0,13.6,12.9,-12.0,8.4,-33.0,11.2,-33.0,-36.0,3.3,0.9,239.7,215.0,168.7,0.9924,0.0868,0.0868,0.0,0.0,15.0,False,117,112.0,0.581,si,si,si,si,no,si,no,3.2,
dataset7_CLINIC_metal_0006_data,grupo 1,evaluacion,ok,concordante,False,nan,default6mm,0.001,ocupado_2500,,134,134,26582,11.2,133.0,13.6,12.9,-12.0,7.5,-33.0,11.2,-33.0,-36.0,3.3,0.9,239.7,215.0,168.7,0.9924,0.0868,0.0868,0.0,0.0,15.0,False,117,112.0,0.581,si,si,si,si,no,si,no,2.9,
dataset7_CLINIC_metal_0006_data,grupo 1,evaluacion,ok,concordante,False,nan,default6mm,0.001,ocupado_semimax,,134,134,26582,11.2,133.0,13.6,12.9,-12.0,7.5,-33.0,11.2,-33.0,-36.0,3.3,0.9,239.7,215.0,168.7,0.9924,0.0868,0.0868,0.0,0.0,15.0,False,117,112.0,0.581,si,si,si,si,no,si,no,3.2,
dataset7_CLINIC_metal_0006_data,grupo 1,evaluacion,ok,concordante,False,nan,default6mm,0.01,hueso,0.001,134,134,0,11.2,133.0,13.6,12.9,-12.0,8.4,-33.0,11.2,-33.0,-36.0,3.3,0.9,239.7,215.0,168.7,0.9924,0.0868,0.0868,0.0,0.0,15.0,False,117,112.0,0.581,si,si,si,si,no,si,no,0.0,
dataset7_CLINIC_metal_0006_data,grupo 1,evaluacion,ok,concordante,False,nan,default6mm,0.01,ocupado_2500,0.001,134,134,26582,11.2,133.0,13.6,12.9,-12.0,7.5,-33.0,11.2,-33.0,-36.0,3.3,0.9,239.7,215.0,168.7,0.9924,0.0868,0.0868,0.0,0.0,15.0,False,117,112.0,0.581,si,si,si,si,no,si,no,0.0,
dataset7_CLINIC_metal_0006_data,grupo 1,evaluacion,ok,concordante,False,nan,default6mm,0.01,ocupado_semimax,0.001,134,134,26582,11.2,133.0,13.6,12.9,-12.0,7.5,-33.0,11.2,-33.0,-36.0,3.3,0.9,239.7,215.0,168.7,0.9924,0.0868,0.0868,0.0,0.0,15.0,False,117,112.0,0.581,si,si,si,si,no,si,no,0.0,
dataset7_CLINIC_metal_0006_data,grupo 1,evaluacion,ok,concordante,False,nan,default6mm,0.05,hueso,0.001,134,134,0,11.2,133.0,13.6,12.9,-12.0,8.4,-33.0,11.2,-33.0,-36.0,3.3,0.9,239.7,215.0,168.7,0.9924,0.0868,0.0868,0.0,0.0,15.0,False,117,112.0,0.581,si,si,si,si,no,si,no,0.0,
dataset7_CLINIC_metal_0006_data,grupo 1,evaluacion,ok,concordante,False,nan,default6mm,0.05,ocupado_2500,0.001,134,134,26582,11.2,133.0,13.6,12.9,-12.0,7.5,-33.0,11.2,-33.0,-36.0,3.3,0.9,239.7,215.0,168.7,0.9924,0.0868,0.0868,0.0,0.0,15.0,False,117,112.0,0.581,si,si,si,si,no,si,no,0.0,
dataset7_CLINIC_metal_0006_data,grupo 1,evaluacion,ok,concordante,False,nan,default6mm,0.05,ocupado_semimax,0.001,134,134,26582,11.2,133.0,13.6,12.9,-12.0,7.5,-33.0,11.2,-33.0,-36.0,3.3,0.9,239.7,215.0,168.7,0.9924,0.0868,0.0868,0.0,0.0,15.0,False,117,112.0,0.581,si,si,si,si,no,si,no,0.0,
dataset7_CLINIC_metal_0006_data,grupo 1,evaluacion,ok,concordante,False,nan,robust3mm,0.0,hueso,,0,0,0,11.0,132.0,13.5,12.6,-12.0,9.8,-33.0,11.0,-33.0,-36.0,3.3,0.9,239.7,215.0,168.7,0.9924,0.0868,0.0868,0.0,0.0,15.2,False,115,118.0,0.583,si,si,si,si,no,si,no,3.3,
dataset7_CLINIC_metal_0006_data,grupo 1,evaluacion,ok,concordante,False,nan,robust3mm,0.0,ocupado_2500,,0,0,26845,11.0,132.0,13.5,12.6,-12.0,9.8,-33.0,11.0,-33.0,-36.0,3.3,0.9,239.7,215.0,168.7,0.9924,0.0868,0.0868,0.0,0.0,15.2,False,115,118.0,0.583,si,si,si,si,no,si,no,3.2,
dataset7_CLINIC_metal_0006_data,grupo 1,evaluacion,ok,concordante,False,nan,robust3mm,0.0,ocupado_semimax,,0,0,26845,11.0,132.0,13.5,12.6,-12.0,9.8,-33.0,11.0,-33.0,-36.0,3.3,0.9,239.7,215.0,168.7,0.9924,0.0868,0.0868,0.0,0.0,15.2,False,115,118.0,0.583,si,si,si,si,no,si,no,3.1,
dataset7_CLINIC_metal_0006_data,grupo 1,evaluacion,ok,concordante,False,nan,robust3mm,0.001,hueso,,146,134,0,11.0,132.0,13.5,12.6,-12.0,9.8,-33.0,11.0,-33.0,-36.0,3.3,0.9,239.7,215.0,168.7,0.9924,0.0868,0.0868,0.0,0.0,15.2,False,115,118.0,0.583,si,si,si,si,no,si,no,3.2,
dataset7_CLINIC_metal_0006_data,grupo 1,evaluacion,ok,concordante,False,nan,robust3mm,0.001,ocupado_2500,,146,134,26845,11.0,132.0,13.5,12.6,-12.0,9.8,-33.0,11.0,-33.0,-36.0,3.3,0.9,239.7,215.0,168.7,0.9924,0.0868,0.0868,0.0,0.0,15.2,False,115,118.0,0.583,si,si,si,si,no,si,no,3.1,
dataset7_CLINIC_metal_0006_data,grupo 1,evaluacion,ok,concordante,False,nan,robust3mm,0.001,ocupado_semimax,,146,134,26845,11.0,132.0,13.5,12.6,-12.0,9.8,-33.0,11.0,-33.0,-36.0,3.3,0.9,239.7,215.0,168.7,0.9924,0.0868,0.0868,0.0,0.0,15.2,False,115,118.0,0.583,si,si,si,si,no,si,no,3.2,
dataset7_CLINIC_metal_0006_data,grupo 1,evaluacion,ok,concordante,False,nan,robust3mm,0.01,hueso,0.001,146,134,0,11.0,132.0,13.5,12.6,-12.0,9.8,-33.0,11.0,-33.0,-36.0,3.3,0.9,239.7,215.0,168.7,0.9924,0.0868,0.0868,0.0,0.0,15.2,False,115,118.0,0.583,si,si,si,si,no,si,no,0.0,
dataset7_CLINIC_metal_0006_data,grupo 1,evaluacion,ok,concordante,False,nan,robust3mm,0.01,ocupado_2500,0.001,146,134,26845,11.0,132.0,13.5,12.6,-12.0,9.8,-33.0,11.0,-33.0,-36.0,3.3,0.9,239.7,215.0,168.7,0.9924,0.0868,0.0868,0.0,0.0,15.2,False,115,118.0,0.583,si,si,si,si,no,si,no,0.1,
dataset7_CLINIC_metal_0006_data,grupo 1,evaluacion,ok,concordante,False,nan,robust3mm,0.01,ocupado_semimax,0.001,146,134,26845,11.0,132.0,13.5,12.6,-12.0,9.8,-33.0,11.0,-33.0,-36.0,3.3,0.9,239.7,215.0,168.7,0.9924,0.0868,0.0868,0.0,0.0,15.2,False,115,118.0,0.583,si,si,si,si,no,si,no,0.0,
dataset7_CLINIC_metal_0006_data,grupo 1,evaluacion,ok,concordante,False,nan,robust3mm,0.05,hueso,0.001,146,134,0,11.0,132.0,13.5,12.6,-12.0,9.8,-33.0,11.0,-33.0,-36.0,3.3,0.9,239.7,215.0,168.7,0.9924,0.0868,0.0868,0.0,0.0,15.2,False,115,118.0,0.583,si,si,si,si,no,si,no,0.0,
dataset7_CLINIC_metal_0006_data,grupo 1,evaluacion,ok,concordante,False,nan,robust3mm,0.05,ocupado_2500,0.001,146,134,26845,11.0,132.0,13.5,12.6,-12.0,9.8,-33.0,11.0,-33.0,-36.0,3.3,0.9,239.7,215.0,168.7,0.9924,0.0868,0.0868,0.0,0.0,15.2,False,115,118.0,0.583,si,si,si,si,no,si,no,0.0,
dataset7_CLINIC_metal_0006_data,grupo 1,evaluacion,ok,concordante,False,nan,robust3mm,0.05,ocupado_semimax,0.001,146,134,26845,11.0,132.0,13.5,12.6,-12.0,9.8,-33.0,11.0,-33.0,-36.0,3.3,0.9,239.7,215.0,168.7,0.9924,0.0868,0.0868,0.0,0.0,15.2,False,115,118.0,0.583,si,si,si,si,no,si,no,0.0,
dataset7_CLINIC_metal_0003_data,grupo 1,evaluacion,ok,concordante,True,nan,default6mm,0.0,hueso,,0,0,0,10.5,117.0,14.0,10.8,-15.0,10.5,-39.0,8.4,-15.0,-6.0,1.8,4.8,219.1,197.7,221.3,0.9962,0.0,0.0872,0.102,0.153,0.0,True,80,175.0,0.338,si,si,si,si,no,si,no,4.2,
dataset7_CLINIC_metal_0003_data,grupo 1,evaluacion,ok,concordante,True,nan,default6mm,0.0,ocupado_2500,,0,0,21645,10.5,117.0,14.0,12.7,-15.0,10.5,-39.0,8.0,-15.0,-6.0,1.8,4.8,219.1,197.7,221.3,0.9962,0.0,0.0872,0.102,0.153,0.0,True,80,175.0,0.338,si,si,si,si,no,si,no,4.0,
dataset7_CLINIC_metal_0003_data,grupo 1,evaluacion,ok,concordante,True,nan,default6mm,0.0,ocupado_semimax,,0,0,21690,10.5,117.0,14.0,12.7,-15.0,10.5,-39.0,8.0,-15.0,-6.0,1.8,4.8,219.1,197.7,221.3,0.9962,0.0,0.0872,0.102,0.153,0.0,True,80,175.0,0.338,si,si,si,si,no,si,no,3.9,
dataset7_CLINIC_metal_0003_data,grupo 1,evaluacion,ok,concordante,True,nan,default6mm,0.001,hueso,,182,182,0,10.5,117.0,14.0,10.8,-15.0,10.5,-39.0,8.4,-15.0,-6.0,1.8,4.8,219.1,197.7,221.3,0.9962,0.0,0.0872,0.102,0.153,0.0,True,80,175.0,0.338,si,si,si,si,no,si,no,4.0,
dataset7_CLINIC_metal_0003_data,grupo 1,evaluacion,ok,concordante,True,nan,default6mm,0.001,ocupado_2500,,182,182,21619,10.5,117.0,14.0,12.7,-15.0,10.5,-39.0,8.0,-15.0,-6.0,1.8,4.8,219.1,197.7,221.3,0.9962,0.0,0.0872,0.102,0.153,0.0,True,80,175.0,0.338,si,si,si,si,no,si,no,3.9,
dataset7_CLINIC_metal_0003_data,grupo 1,evaluacion,ok,concordante,True,nan,default6mm,0.001,ocupado_semimax,,182,182,21658,10.5,117.0,14.0,12.7,-15.0,10.5,-39.0,8.0,-15.0,-6.0,1.8,4.8,219.1,197.7,221.3,0.9962,0.0,0.0872,0.102,0.153,0.0,True,80,175.0,0.338,si,si,si,si,no,si,no,3.9,
dataset7_CLINIC_metal_0003_data,grupo 1,evaluacion,ok,concordante,True,nan,default6mm,0.01,hueso,0.001,182,182,0,10.5,117.0,14.0,10.8,-15.0,10.5,-39.0,8.4,-15.0,-6.0,1.8,4.8,219.1,197.7,221.3,0.9962,0.0,0.0872,0.102,0.153,0.0,True,80,175.0,0.338,si,si,si,si,no,si,no,0.0,
dataset7_CLINIC_metal_0003_data,grupo 1,evaluacion,ok,concordante,True,nan,default6mm,0.01,ocupado_2500,0.001,182,182,21619,10.5,117.0,14.0,12.7,-15.0,10.5,-39.0,8.0,-15.0,-6.0,1.8,4.8,219.1,197.7,221.3,0.9962,0.0,0.0872,0.102,0.153,0.0,True,80,175.0,0.338,si,si,si,si,no,si,no,0.0,
dataset7_CLINIC_metal_0003_data,grupo 1,evaluacion,ok,concordante,True,nan,default6mm,0.01,ocupado_semimax,0.001,182,182,21658,10.5,117.0,14.0,12.7,-15.0,10.5,-39.0,8.0,-15.0,-6.0,1.8,4.8,219.1,197.7,221.3,0.9962,0.0,0.0872,0.102,0.153,0.0,True,80,175.0,0.338,si,si,si,si,no,si,no,0.0,
dataset7_CLINIC_metal_0003_data,grupo 1,evaluacion,ok,concordante,True,nan,default6mm,0.05,hueso,0.001,182,182,0,10.5,117.0,14.0,10.8,-15.0,10.5,-39.0,8.4,-15.0,-6.0,1.8,4.8,219.1,197.7,221.3,0.9962,0.0,0.0872,0.102,0.153,0.0,True,80,175.0,0.338,si,si,si,si,no,si,no,0.0,
dataset7_CLINIC_metal_0003_data,grupo 1,evaluacion,ok,concordante,True,nan,default6mm,0.05,ocupado_2500,0.001,182,182,21619,10.5,117.0,14.0,12.7,-15.0,10.5,-39.0,8.0,-15.0,-6.0,1.8,4.8,219.1,197.7,221.3,0.9962,0.0,0.0872,0.102,0.153,0.0,True,80,175.0,0.338,si,si,si,si,no,si,no,0.0,
dataset7_CLINIC_metal_0003_data,grupo 1,evaluacion,ok,concordante,True,nan,default6mm,0.05,ocupado_semimax,0.001,182,182,21658,10.5,117.0,14.0,12.7,-15.0,10.5,-39.0,8.0,-15.0,-6.0,1.8,4.8,219.1,197.7,221.3,0.9962,0.0,0.0872,0.102,0.153,0.0,True,80,175.0,0.338,si,si,si,si,no,si,no,0.0,
dataset7_CLINIC_metal_0003_data,grupo 1,evaluacion,ok,concordante,True,nan,robust3mm,0.0,hueso,,0,0,0,9.5,112.0,14.7,11.7,-15.0,9.5,-33.0,6.8,-15.0,-6.0,3.2,9.8,219.1,197.7,221.3,0.9962,0.0872,0.0,0.08,0.133,0.0,True,76,182.0,0.382,no,si,no,si,no,no,no,4.0,
dataset7_CLINIC_metal_0003_data,grupo 1,evaluacion,ok,concordante,True,nan,robust3mm,0.0,ocupado_2500,,0,0,22104,9.5,112.0,14.7,11.7,-15.0,9.5,-39.0,6.8,-15.0,-6.0,3.2,9.8,219.1,197.7,221.3,0.9962,0.0872,0.0,0.08,0.133,0.0,True,76,182.0,0.382,no,si,no,si,no,no,no,4.0,
dataset7_CLINIC_metal_0003_data,grupo 1,evaluacion,ok,concordante,True,nan,robust3mm,0.0,ocupado_semimax,,0,0,22143,9.5,112.0,14.7,11.7,-15.0,9.5,-39.0,6.8,-15.0,-6.0,3.2,9.8,219.1,197.7,221.3,0.9962,0.0872,0.0,0.08,0.133,0.0,True,76,182.0,0.382,no,si,no,si,no,no,no,3.8,
dataset7_CLINIC_metal_0003_data,grupo 1,evaluacion,ok,concordante,True,nan,robust3mm,0.001,hueso,,72,66,0,9.5,112.0,14.7,11.7,-15.0,9.5,-33.0,6.8,-15.0,-6.0,3.2,9.8,219.1,197.7,221.3,0.9962,0.0872,0.0,0.08,0.133,0.0,True,76,182.0,0.382,no,si,no,si,no,no,no,4.1,
dataset7_CLINIC_metal_0003_data,grupo 1,evaluacion,ok,concordante,True,nan,robust3mm,0.001,ocupado_2500,,72,66,22102,9.5,112.0,14.7,11.7,-15.0,9.5,-39.0,6.8,-15.0,-6.0,3.2,9.8,219.1,197.7,221.3,0.9962,0.0872,0.0,0.08,0.133,0.0,True,76,182.0,0.382,no,si,no,si,no,no,no,4.1,
dataset7_CLINIC_metal_0003_data,grupo 1,evaluacion,ok,concordante,True,nan,robust3mm,0.001,ocupado_semimax,,72,66,22141,9.5,112.0,14.7,11.7,-15.0,9.5,-39.0,6.8,-15.0,-6.0,3.2,9.8,219.1,197.7,221.3,0.9962,0.0872,0.0,0.08,0.133,0.0,True,76,182.0,0.382,no,si,no,si,no,no,no,4.0,
dataset7_CLINIC_metal_0003_data,grupo 1,evaluacion,ok,concordante,True,nan,robust3mm,0.01,hueso,0.001,72,66,0,9.5,112.0,14.7,11.7,-15.0,9.5,-33.0,6.8,-15.0,-6.0,3.2,9.8,219.1,197.7,221.3,0.9962,0.0872,0.0,0.08,0.133,0.0,True,76,182.0,0.382,no,si,no,si,no,no,no,0.0,
dataset7_CLINIC_metal_0003_data,grupo 1,evaluacion,ok,concordante,True,nan,robust3mm,0.01,ocupado_2500,0.001,72,66,22102,9.5,112.0,14.7,11.7,-15.0,9.5,-39.0,6.8,-15.0,-6.0,3.2,9.8,219.1,197.7,221.3,0.9962,0.0872,0.0,0.08,0.133,0.0,True,76,182.0,0.382,no,si,no,si,no,no,no,0.0,
dataset7_CLINIC_metal_0003_data,grupo 1,evaluacion,ok,concordante,True,nan,robust3mm,0.01,ocupado_semimax,0.001,72,66,22141,9.5,112.0,14.7,11.7,-15.0,9.5,-39.0,6.8,-15.0,-6.0,3.2,9.8,219.1,197.7,221.3,0.9962,0.0872,0.0,0.08,0.133,0.0,True,76,182.0,0.382,no,si,no,si,no,no,no,0.0,
dataset7_CLINIC_metal_0003_data,grupo 1,evaluacion,ok,concordante,True,nan,robust3mm,0.05,hueso,0.001,72,66,0,9.5,112.0,14.7,11.7,-15.0,9.5,-33.0,6.8,-15.0,-6.0,3.2,9.8,219.1,197.7,221.3,0.9962,0.0872,0.0,0.08,0.133,0.0,True,76,182.0,0.382,no,si,no,si,no,no,no,0.0,
dataset7_CLINIC_metal_0003_data,grupo 1,evaluacion,ok,concordante,True,nan,robust3mm,0.05,ocupado_2500,0.001,72,66,22102,9.5,112.0,14.7,11.7,-15.0,9.5,-39.0,6.8,-15.0,-6.0,3.2,9.8,219.1,197.7,221.3,0.9962,0.0872,0.0,0.08,0.133,0.0,True,76,182.0,0.382,no,si,no,si,no,no,no,0.0,
dataset7_CLINIC_metal_0003_data,grupo 1,evaluacion,ok,concordante,True,nan,robust3mm,0.05,ocupado_semimax,0.001,72,66,22141,9.5,112.0,14.7,11.7,-15.0,9.5,-39.0,6.8,-15.0,-6.0,3.2,9.8,219.1,197.7,221.3,0.9962,0.0872,0.0,0.08,0.133,0.0,True,76,182.0,0.382,no,si,no,si,no,no,no,0.0,
dataset7_CLINIC_metal_0001_data,grupo 1,evaluacion,ok,concordante,False,nan,default6mm,0.0,hueso,,0,0,0,11.2,108.0,14.6,13.4,-9.0,11.2,-27.0,5.0,-9.0,-3.0,13.6,11.2,190.8,187.0,167.1,0.9703,-0.1711,-0.1711,0.0,0.0,5.0,True,81,204.0,0.333,si,si,si,si,no,si,no,4.7,
dataset7_CLINIC_metal_0001_data,grupo 1,evaluacion,ok,concordante,False,nan,default6mm,0.0,ocupado_2500,,0,0,15961,10.1,108.0,14.0,11.9,-9.0,10.1,-27.0,5.0,-9.0,-3.0,13.6,11.2,190.8,187.0,167.1,0.9703,-0.1711,-0.1711,0.0,0.0,5.0,False,81,204.0,0.333,si,si,no,si,no,si,no,4.0,
dataset7_CLINIC_metal_0001_data,grupo 1,evaluacion,ok,concordante,False,nan,default6mm,0.0,ocupado_semimax,,0,0,15961,10.1,108.0,14.0,11.9,-9.0,10.1,-27.0,5.0,-9.0,-3.0,13.6,11.2,190.8,187.0,167.1,0.9703,-0.1711,-0.1711,0.0,0.0,5.0,False,81,204.0,0.333,si,si,no,si,no,si,no,4.0,
dataset7_CLINIC_metal_0001_data,grupo 1,evaluacion,ok,concordante,False,nan,default6mm,0.001,hueso,,32,32,0,11.2,108.0,14.0,13.4,-9.0,11.2,-27.0,5.0,-9.0,-3.0,13.6,11.2,190.8,187.0,167.1,0.9703,-0.1711,-0.1711,0.0,0.0,5.0,True,81,204.0,0.333,si,si,si,si,no,si,no,4.5,
dataset7_CLINIC_metal_0001_data,grupo 1,evaluacion,ok,concordante,False,nan,default6mm,0.001,ocupado_2500,,32,32,15961,10.1,108.0,14.0,11.9,-9.0,10.1,-27.0,5.0,-9.0,-3.0,13.6,11.2,190.8,187.0,167.1,0.9703,-0.1711,-0.1711,0.0,0.0,5.0,False,81,204.0,0.333,si,si,no,si,no,si,no,4.1,
dataset7_CLINIC_metal_0001_data,grupo 1,evaluacion,ok,concordante,False,nan,default6mm,0.001,ocupado_semimax,,32,32,15961,10.1,108.0,14.0,11.9,-9.0,10.1,-27.0,5.0,-9.0,-3.0,13.6,11.2,190.8,187.0,167.1,0.9703,-0.1711,-0.1711,0.0,0.0,5.0,False,81,204.0,0.333,si,si,no,si,no,si,no,3.9,
dataset7_CLINIC_metal_0001_data,grupo 1,evaluacion,ok,concordante,False,nan,default6mm,0.01,hueso,0.001,32,32,0,11.2,108.0,14.0,13.4,-9.0,11.2,-27.0,5.0,-9.0,-3.0,13.6,11.2,190.8,187.0,167.1,0.9703,-0.1711,-0.1711,0.0,0.0,5.0,True,81,204.0,0.333,si,si,si,si,no,si,no,0.0,
dataset7_CLINIC_metal_0001_data,grupo 1,evaluacion,ok,concordante,False,nan,default6mm,0.01,ocupado_2500,0.001,32,32,15961,10.1,108.0,14.0,11.9,-9.0,10.1,-27.0,5.0,-9.0,-3.0,13.6,11.2,190.8,187.0,167.1,0.9703,-0.1711,-0.1711,0.0,0.0,5.0,False,81,204.0,0.333,si,si,no,si,no,si,no,0.1,
dataset7_CLINIC_metal_0001_data,grupo 1,evaluacion,ok,concordante,False,nan,default6mm,0.01,ocupado_semimax,0.001,32,32,15961,10.1,108.0,14.0,11.9,-9.0,10.1,-27.0,5.0,-9.0,-3.0,13.6,11.2,190.8,187.0,167.1,0.9703,-0.1711,-0.1711,0.0,0.0,5.0,False,81,204.0,0.333,si,si,no,si,no,si,no,0.0,
dataset7_CLINIC_metal_0001_data,grupo 1,evaluacion,ok,concordante,False,nan,default6mm,0.05,hueso,0.001,32,32,0,11.2,108.0,14.0,13.4,-9.0,11.2,-27.0,5.0,-9.0,-3.0,13.6,11.2,190.8,187.0,167.1,0.9703,-0.1711,-0.1711,0.0,0.0,5.0,True,81,204.0,0.333,si,si,si,si,no,si,no,0.0,
dataset7_CLINIC_metal_0001_data,grupo 1,evaluacion,ok,concordante,False,nan,default6mm,0.05,ocupado_2500,0.001,32,32,15961,10.1,108.0,14.0,11.9,-9.0,10.1,-27.0,5.0,-9.0,-3.0,13.6,11.2,190.8,187.0,167.1,0.9703,-0.1711,-0.1711,0.0,0.0,5.0,False,81,204.0,0.333,si,si,no,si,no,si,no,0.1,
dataset7_CLINIC_metal_0001_data,grupo 1,evaluacion,ok,concordante,False,nan,default6mm,0.05,ocupado_semimax,0.001,32,32,15961,10.1,108.0,14.0,11.9,-9.0,10.1,-27.0,5.0,-9.0,-3.0,13.6,11.2,190.8,187.0,167.1,0.9703,-0.1711,-0.1711,0.0,0.0,5.0,False,81,204.0,0.333,si,si,no,si,no,si,no,0.0,
dataset7_CLINIC_metal_0001_data,grupo 1,evaluacion,ok,concordante,False,nan,robust3mm,0.0,hueso,,0,0,0,11.5,105.0,13.7,14.8,-6.0,11.5,-27.0,4.6,-6.0,-3.0,13.6,11.2,190.8,187.0,170.1,0.9703,-0.1711,-0.1711,0.0,0.0,3.8,True,77,243.0,0.286,si,si,si,si,si,si,no,4.6,
dataset7_CLINIC_metal_0001_data,grupo 1,evaluacion,ok,concordante,False,nan,robust3mm,0.0,ocupado_2500,,0,0,15965,10.4,107.0,13.7,11.9,-6.0,10.4,-27.0,4.6,-6.0,0.0,13.6,6.2,190.8,190.0,170.1,0.9812,-0.0858,-0.173,0.0,0.0,8.5,False,78,256.5,0.231,si,si,no,si,no,si,no,4.1,
dataset7_CLINIC_metal_0001_data,grupo 1,evaluacion,ok,concordante,False,nan,robust3mm,0.0,ocupado_semimax,,0,0,15965,10.4,107.0,13.7,11.9,-6.0,10.4,-27.0,4.6,-6.0,0.0,13.6,6.2,190.8,190.0,170.1,0.9812,-0.0858,-0.173,0.0,0.0,8.5,False,78,256.5,0.231,si,si,no,si,no,si,no,4.0,
dataset7_CLINIC_metal_0001_data,grupo 1,evaluacion,ok,concordante,False,nan,robust3mm,0.001,hueso,,4,4,0,11.5,105.0,13.7,14.8,-6.0,11.5,-27.0,4.6,-6.0,-3.0,13.6,11.2,190.8,187.0,170.1,0.9703,-0.1711,-0.1711,0.0,0.0,3.8,True,77,243.0,0.286,si,si,si,si,si,si,no,4.4,
dataset7_CLINIC_metal_0001_data,grupo 1,evaluacion,ok,concordante,False,nan,robust3mm,0.001,ocupado_2500,,4,4,15965,10.4,107.0,13.7,11.9,-6.0,10.4,-27.0,4.6,-6.0,0.0,13.6,6.2,190.8,190.0,170.1,0.9812,-0.0858,-0.173,0.0,0.0,8.5,False,78,256.5,0.231,si,si,no,si,no,si,no,4.3,
dataset7_CLINIC_metal_0001_data,grupo 1,evaluacion,ok,concordante,False,nan,robust3mm,0.001,ocupado_semimax,,4,4,15965,10.4,107.0,13.7,11.9,-6.0,10.4,-27.0,4.6,-6.0,0.0,13.6,6.2,190.8,190.0,170.1,0.9812,-0.0858,-0.173,0.0,0.0,8.5,False,78,256.5,0.231,si,si,no,si,no,si,no,4.2,
dataset7_CLINIC_metal_0001_data,grupo 1,evaluacion,ok,concordante,False,nan,robust3mm,0.01,hueso,0.001,4,4,0,11.5,105.0,13.7,14.8,-6.0,11.5,-27.0,4.6,-6.0,-3.0,13.6,11.2,190.8,187.0,170.1,0.9703,-0.1711,-0.1711,0.0,0.0,3.8,True,77,243.0,0.286,si,si,si,si,si,si,no,0.0,
dataset7_CLINIC_metal_0001_data,grupo 1,evaluacion,ok,concordante,False,nan,robust3mm,0.01,ocupado_2500,0.001,4,4,15965,10.4,107.0,13.7,11.9,-6.0,10.4,-27.0,4.6,-6.0,0.0,13.6,6.2,190.8,190.0,170.1,0.9812,-0.0858,-0.173,0.0,0.0,8.5,False,78,256.5,0.231,si,si,no,si,no,si,no,0.1,
dataset7_CLINIC_metal_0001_data,grupo 1,evaluacion,ok,concordante,False,nan,robust3mm,0.01,ocupado_semimax,0.001,4,4,15965,10.4,107.0,13.7,11.9,-6.0,10.4,-27.0,4.6,-6.0,0.0,13.6,6.2,190.8,190.0,170.1,0.9812,-0.0858,-0.173,0.0,0.0,8.5,False,78,256.5,0.231,si,si,no,si,no,si,no,0.0,
dataset7_CLINIC_metal_0001_data,grupo 1,evaluacion,ok,concordante,False,nan,robust3mm,0.05,hueso,0.001,4,4,0,11.5,105.0,13.7,14.8,-6.0,11.5,-27.0,4.6,-6.0,-3.0,13.6,11.2,190.8,187.0,170.1,0.9703,-0.1711,-0.1711,0.0,0.0,3.8,True,77,243.0,0.286,si,si,si,si,si,si,no,0.0,
dataset7_CLINIC_metal_0001_data,grupo 1,evaluacion,ok,concordante,False,nan,robust3mm,0.05,ocupado_2500,0.001,4,4,15965,10.4,107.0,13.7,11.9,-6.0,10.4,-27.0,4.6,-6.0,0.0,13.6,6.2,190.8,190.0,170.1,0.9812,-0.0858,-0.173,0.0,0.0,8.5,False,78,256.5,0.231,si,si,no,si,no,si,no,0.0,
dataset7_CLINIC_metal_0001_data,grupo 1,evaluacion,ok,concordante,False,nan,robust3mm,0.05,ocupado_semimax,0.001,4,4,15965,10.4,107.0,13.7,11.9,-6.0,10.4,-27.0,4.6,-6.0,0.0,13.6,6.2,190.8,190.0,170.1,0.9812,-0.0858,-0.173,0.0,0.0,8.5,False,78,256.5,0.231,si,si,no,si,no,si,no,0.0,
dataset7_CLINIC_metal_0012_data,grupo 1,evaluacion,+1,R1 arriba de TS,False,nan,default6mm,0.0,hueso,,0,0,0,9.6,111.0,11.0,15.7,-39.0,9.6,,,-39.0,-33.0,16.1,30.5,214.2,163.8,171.7,0.9113,0.3317,0.2442,0.0,0.0,6.3,False,84,145.0,0.512,no,si,no,si,no,no,no,3.7,
dataset7_CLINIC_metal_0012_data,grupo 1,evaluacion,+1,R1 arriba de TS,False,nan,default6mm,0.0,ocupado_2500,,0,0,13687,9.6,111.0,11.0,12.4,-24.0,7.0,-39.0,9.6,-39.0,-33.0,16.1,30.5,214.2,163.8,171.7,0.9113,0.3317,0.2442,0.0,0.0,6.3,False,84,145.0,0.512,no,si,no,si,no,no,no,3.0,
dataset7_CLINIC_metal_0012_data,grupo 1,evaluacion,+1,R1 arriba de TS,False,nan,default6mm,0.0,ocupado_semimax,,0,0,14314,8.4,141.0,11.0,12.4,-24.0,7.0,-48.0,8.4,-48.0,-42.0,13.9,5.5,214.2,154.8,162.7,0.9625,-0.0842,-0.2579,0.0,0.0,17.9,False,123,133.0,0.577,no,no,no,no,no,no,no,3.1,
dataset7_CLINIC_metal_0012_data,grupo 1,evaluacion,+1,R1 arriba de TS,False,nan,default6mm,0.001,hueso,,119,103,0,9.6,111.0,11.0,15.7,-39.0,9.6,,,-39.0,-33.0,16.1,30.5,214.2,163.8,171.7,0.9113,0.3317,0.2442,0.0,0.0,6.3,False,84,145.0,0.512,no,si,no,si,no,no,no,3.3,
dataset7_CLINIC_metal_0012_data,grupo 1,evaluacion,+1,R1 arriba de TS,False,nan,default6mm,0.001,ocupado_2500,,119,103,13687,9.6,111.0,11.0,12.4,-24.0,7.0,-39.0,9.6,-39.0,-33.0,16.1,30.5,214.2,163.8,171.7,0.9113,0.3317,0.2442,0.0,0.0,6.3,False,84,145.0,0.512,no,si,no,si,no,no,no,3.1,
dataset7_CLINIC_metal_0012_data,grupo 1,evaluacion,+1,R1 arriba de TS,False,nan,default6mm,0.001,ocupado_semimax,,119,103,14314,8.4,141.0,11.0,12.4,-24.0,7.0,-48.0,8.4,-48.0,-42.0,13.9,5.5,214.2,154.8,162.7,0.9625,-0.0842,-0.2579,0.0,0.0,17.9,False,123,133.0,0.577,no,no,no,no,no,no,no,3.0,
dataset7_CLINIC_metal_0012_data,grupo 1,evaluacion,+1,R1 arriba de TS,False,nan,default6mm,0.01,hueso,0.001,119,103,0,9.6,111.0,11.0,15.7,-39.0,9.6,,,-39.0,-33.0,16.1,30.5,214.2,163.8,171.7,0.9113,0.3317,0.2442,0.0,0.0,6.3,False,84,145.0,0.512,no,si,no,si,no,no,no,0.0,
dataset7_CLINIC_metal_0012_data,grupo 1,evaluacion,+1,R1 arriba de TS,False,nan,default6mm,0.01,ocupado_2500,0.001,119,103,13687,9.6,111.0,11.0,12.4,-24.0,7.0,-39.0,9.6,-39.0,-33.0,16.1,30.5,214.2,163.8,171.7,0.9113,0.3317,0.2442,0.0,0.0,6.3,False,84,145.0,0.512,no,si,no,si,no,no,no,0.0,
dataset7_CLINIC_metal_0012_data,grupo 1,evaluacion,+1,R1 arriba de TS,False,nan,default6mm,0.01,ocupado_semimax,0.001,119,103,14314,8.4,141.0,11.0,12.4,-24.0,7.0,-48.0,8.4,-48.0,-42.0,13.9,5.5,214.2,154.8,162.7,0.9625,-0.0842,-0.2579,0.0,0.0,17.9,False,123,133.0,0.577,no,no,no,no,no,no,no,0.0,
dataset7_CLINIC_metal_0012_data,grupo 1,evaluacion,+1,R1 arriba de TS,False,nan,default6mm,0.05,hueso,0.001,119,103,0,9.6,111.0,11.0,15.7,-39.0,9.6,,,-39.0,-33.0,16.1,30.5,214.2,163.8,171.7,0.9113,0.3317,0.2442,0.0,0.0,6.3,False,84,145.0,0.512,no,si,no,si,no,no,no,0.0,
dataset7_CLINIC_metal_0012_data,grupo 1,evaluacion,+1,R1 arriba de TS,False,nan,default6mm,0.05,ocupado_2500,0.001,119,103,13687,9.6,111.0,11.0,12.4,-24.0,7.0,-39.0,9.6,-39.0,-33.0,16.1,30.5,214.2,163.8,171.7,0.9113,0.3317,0.2442,0.0,0.0,6.3,False,84,145.0,0.512,no,si,no,si,no,no,no,0.0,
dataset7_CLINIC_metal_0012_data,grupo 1,evaluacion,+1,R1 arriba de TS,False,nan,default6mm,0.05,ocupado_semimax,0.001,119,103,14314,8.4,141.0,11.0,12.4,-24.0,7.0,-48.0,8.4,-48.0,-42.0,13.9,5.5,214.2,154.8,162.7,0.9625,-0.0842,-0.2579,0.0,0.0,17.9,False,123,133.0,0.577,no,no,no,no,no,no,no,0.0,
dataset7_CLINIC_metal_0012_data,grupo 1,evaluacion,+1,R1 arriba de TS,False,nan,robust3mm,0.0,hueso,,0,0,0,9.9,115.0,11.1,16.0,-24.0,8.6,-39.0,9.9,-39.0,-33.0,21.1,30.5,214.2,163.8,171.7,0.8891,0.3236,0.3236,0.0,0.0,6.0,False,92,136.0,0.565,no,si,no,si,no,no,no,3.4,
dataset7_CLINIC_metal_0012_data,grupo 1,evaluacion,+1,R1 arriba de TS,False,nan,robust3mm,0.0,ocupado_2500,,0,0,13669,9.9,115.0,11.1,13.8,-27.0,7.1,-39.0,9.9,-39.0,-33.0,21.1,30.5,214.2,163.8,171.7,0.8891,0.3236,0.3236,0.0,0.0,6.0,False,92,136.0,0.565,no,si,no,si,no,no,no,3.0,
dataset7_CLINIC_metal_0012_data,grupo 1,evaluacion,+1,R1 arriba de TS,False,nan,robust3mm,0.0,ocupado_semimax,,0,0,14296,8.7,141.0,11.1,12.7,-27.0,7.1,-48.0,8.7,-48.0,-42.0,13.9,5.5,214.2,154.8,162.7,0.9625,-0.0842,-0.2579,0.0,0.0,17.9,False,125,140.0,0.568,no,si,no,no,no,no,no,3.1,
dataset7_CLINIC_metal_0012_data,grupo 1,evaluacion,+1,R1 arriba de TS,False,nan,robust3mm,0.001,hueso,,59,55,0,9.9,115.0,11.1,16.0,-24.0,8.6,-39.0,9.9,-39.0,-33.0,21.1,30.5,214.2,163.8,171.7,0.8891,0.3236,0.3236,0.0,0.0,6.0,False,92,136.0,0.565,no,si,no,si,no,no,no,3.3,
dataset7_CLINIC_metal_0012_data,grupo 1,evaluacion,+1,R1 arriba de TS,False,nan,robust3mm,0.001,ocupado_2500,,59,55,13669,9.9,115.0,11.1,13.8,-27.0,7.1,-39.0,9.9,-39.0,-33.0,21.1,30.5,214.2,163.8,171.7,0.8891,0.3236,0.3236,0.0,0.0,6.0,False,92,136.0,0.565,no,si,no,si,no,no,no,3.3,
dataset7_CLINIC_metal_0012_data,grupo 1,evaluacion,+1,R1 arriba de TS,False,nan,robust3mm,0.001,ocupado_semimax,,59,55,14296,8.7,141.0,11.1,12.7,-27.0,7.1,-48.0,8.7,-48.0,-42.0,13.9,5.5,214.2,154.8,162.7,0.9625,-0.0842,-0.2579,0.0,0.0,17.9,False,125,140.0,0.568,no,si,no,no,no,no,no,3.0,
dataset7_CLINIC_metal_0012_data,grupo 1,evaluacion,+1,R1 arriba de TS,False,nan,robust3mm,0.01,hueso,0.001,59,55,0,9.9,115.0,11.1,16.0,-24.0,8.6,-39.0,9.9,-39.0,-33.0,21.1,30.5,214.2,163.8,171.7,0.8891,0.3236,0.3236,0.0,0.0,6.0,False,92,136.0,0.565,no,si,no,si,no,no,no,0.0,
dataset7_CLINIC_metal_0012_data,grupo 1,evaluacion,+1,R1 arriba de TS,False,nan,robust3mm,0.01,ocupado_2500,0.001,59,55,13669,9.9,115.0,11.1,13.8,-27.0,7.1,-39.0,9.9,-39.0,-33.0,21.1,30.5,214.2,163.8,171.7,0.8891,0.3236,0.3236,0.0,0.0,6.0,False,92,136.0,0.565,no,si,no,si,no,no,no,0.0,
dataset7_CLINIC_metal_0012_data,grupo 1,evaluacion,+1,R1 arriba de TS,False,nan,robust3mm,0.01,ocupado_semimax,0.001,59,55,14296,8.7,141.0,11.1,12.7,-27.0,7.1,-48.0,8.7,-48.0,-42.0,13.9,5.5,214.2,154.8,162.7,0.9625,-0.0842,-0.2579,0.0,0.0,17.9,False,125,140.0,0.568,no,si,no,no,no,no,no,0.0,
dataset7_CLINIC_metal_0012_data,grupo 1,evaluacion,+1,R1 arriba de TS,False,nan,robust3mm,0.05,hueso,0.001,59,55,0,9.9,115.0,11.1,16.0,-24.0,8.6,-39.0,9.9,-39.0,-33.0,21.1,30.5,214.2,163.8,171.7,0.8891,0.3236,0.3236,0.0,0.0,6.0,False,92,136.0,0.565,no,si,no,si,no,no,no,0.0,
dataset7_CLINIC_metal_0012_data,grupo 1,evaluacion,+1,R1 arriba de TS,False,nan,robust3mm,0.05,ocupado_2500,0.001,59,55,13669,9.9,115.0,11.1,13.8,-27.0,7.1,-39.0,9.9,-39.0,-33.0,21.1,30.5,214.2,163.8,171.7,0.8891,0.3236,0.3236,0.0,0.0,6.0,False,92,136.0,0.565,no,si,no,si,no,no,no,0.0,
dataset7_CLINIC_metal_0012_data,grupo 1,evaluacion,+1,R1 arriba de TS,False,nan,robust3mm,0.05,ocupado_semimax,0.001,59,55,14296,8.7,141.0,11.1,12.7,-27.0,7.1,-48.0,8.7,-48.0,-42.0,13.9,5.5,214.2,154.8,162.7,0.9625,-0.0842,-0.2579,0.0,0.0,17.9,False,125,140.0,0.568,no,si,no,no,no,no,no,0.0,
dataset7_CLINIC_metal_0000_data,grupo 1,evaluacion,ok,concordante,False,nan,default6mm,0.0,hueso,,0,0,0,9.7,133.0,13.2,13.1,-27.0,9.7,-45.0,9.7,-27.0,-15.0,14.5,5.8,180.9,150.4,195.5,0.9271,0.1635,0.3374,0.0,0.0,4.8,True,113,173.0,0.425,no,si,no,si,no,no,no,5.1,
dataset7_CLINIC_metal_0000_data,grupo 1,evaluacion,ok,concordante,False,nan,default6mm,0.0,ocupado_2500,,0,0,11941,9.7,133.0,12.4,13.1,-27.0,9.7,-45.0,8.8,-27.0,-15.0,14.5,5.8,180.9,150.4,195.5,0.9271,0.1635,0.3374,0.0,0.0,4.8,True,113,173.0,0.425,no,si,no,si,no,no,no,4.8,
dataset7_CLINIC_metal_0000_data,grupo 1,evaluacion,ok,concordante,False,nan,default6mm,0.0,ocupado_semimax,,0,0,12464,9.7,133.0,12.4,13.1,-27.0,9.7,-45.0,8.8,-27.0,-15.0,14.5,5.8,180.9,150.4,195.5,0.9271,0.1635,0.3374,0.0,0.0,4.8,True,113,173.0,0.425,no,si,no,si,no,no,no,4.6,
dataset7_CLINIC_metal_0000_data,grupo 1,evaluacion,ok,concordante,False,nan,default6mm,0.001,hueso,,524,524,0,9.7,133.0,13.2,13.1,-27.0,9.7,-45.0,9.7,-27.0,-15.0,14.5,5.8,180.9,150.4,195.5,0.9271,0.1635,0.3374,0.0,0.0,4.8,True,113,173.0,0.425,no,si,no,si,no,no,no,4.6,
dataset7_CLINIC_metal_0000_data,grupo 1,evaluacion,ok,concordante,False,nan,default6mm,0.001,ocupado_2500,,524,524,11941,9.7,133.0,12.4,13.1,-27.0,9.7,-45.0,8.8,-27.0,-15.0,14.5,5.8,180.9,150.4,195.5,0.9271,0.1635,0.3374,0.0,0.0,4.8,True,113,173.0,0.425,no,si,no,si,no,no,no,4.9,
dataset7_CLINIC_metal_0000_data,grupo 1,evaluacion,ok,concordante,False,nan,default6mm,0.001,ocupado_semimax,,524,524,12464,9.7,133.0,12.4,13.1,-27.0,9.7,-45.0,8.8,-27.0,-15.0,14.5,5.8,180.9,150.4,195.5,0.9271,0.1635,0.3374,0.0,0.0,4.8,True,113,173.0,0.425,no,si,no,si,no,no,no,4.7,
dataset7_CLINIC_metal_0000_data,grupo 1,evaluacion,ok,concordante,False,nan,default6mm,0.01,hueso,0.001,524,524,0,9.7,133.0,13.2,13.1,-27.0,9.7,-45.0,9.7,-27.0,-15.0,14.5,5.8,180.9,150.4,195.5,0.9271,0.1635,0.3374,0.0,0.0,4.8,True,113,173.0,0.425,no,si,no,si,no,no,no,0.0,
dataset7_CLINIC_metal_0000_data,grupo 1,evaluacion,ok,concordante,False,nan,default6mm,0.01,ocupado_2500,0.001,524,524,11941,9.7,133.0,12.4,13.1,-27.0,9.7,-45.0,8.8,-27.0,-15.0,14.5,5.8,180.9,150.4,195.5,0.9271,0.1635,0.3374,0.0,0.0,4.8,True,113,173.0,0.425,no,si,no,si,no,no,no,0.0,
dataset7_CLINIC_metal_0000_data,grupo 1,evaluacion,ok,concordante,False,nan,default6mm,0.01,ocupado_semimax,0.001,524,524,12464,9.7,133.0,12.4,13.1,-27.0,9.7,-45.0,8.8,-27.0,-15.0,14.5,5.8,180.9,150.4,195.5,0.9271,0.1635,0.3374,0.0,0.0,4.8,True,113,173.0,0.425,no,si,no,si,no,no,no,0.0,
dataset7_CLINIC_metal_0000_data,grupo 1,evaluacion,ok,concordante,False,nan,default6mm,0.05,hueso,0.001,524,524,0,9.7,133.0,13.2,13.1,-27.0,9.7,-45.0,9.7,-27.0,-15.0,14.5,5.8,180.9,150.4,195.5,0.9271,0.1635,0.3374,0.0,0.0,4.8,True,113,173.0,0.425,no,si,no,si,no,no,no,0.0,
dataset7_CLINIC_metal_0000_data,grupo 1,evaluacion,ok,concordante,False,nan,default6mm,0.05,ocupado_2500,0.001,524,524,11941,9.7,133.0,12.4,13.1,-27.0,9.7,-45.0,8.8,-27.0,-15.0,14.5,5.8,180.9,150.4,195.5,0.9271,0.1635,0.3374,0.0,0.0,4.8,True,113,173.0,0.425,no,si,no,si,no,no,no,0.0,
dataset7_CLINIC_metal_0000_data,grupo 1,evaluacion,ok,concordante,False,nan,default6mm,0.05,ocupado_semimax,0.001,524,524,12464,9.7,133.0,12.4,13.1,-27.0,9.7,-45.0,8.8,-27.0,-15.0,14.5,5.8,180.9,150.4,195.5,0.9271,0.1635,0.3374,0.0,0.0,4.8,True,113,173.0,0.425,no,si,no,si,no,no,no,0.0,
dataset7_CLINIC_metal_0000_data,grupo 1,evaluacion,ok,concordante,False,nan,robust3mm,0.0,hueso,,0,0,0,10.2,115.0,13.2,12.8,-15.0,10.2,-27.0,10.2,-15.0,-3.0,25.5,19.2,180.9,162.4,207.5,0.9113,-0.2442,-0.3317,0.0,0.0,2.8,True,91,275.0,0.286,si,si,no,si,no,si,no,5.1,
dataset7_CLINIC_metal_0000_data,grupo 1,evaluacion,ok,concordante,False,nan,robust3mm,0.0,ocupado_2500,,0,0,11951,10.2,134.0,12.4,12.8,-27.0,10.2,-42.0,8.7,-27.0,-15.0,14.5,5.8,180.9,150.4,195.5,0.9271,0.1635,0.3374,0.0,0.0,4.9,True,115,168.0,0.452,si,si,no,si,no,si,no,4.6,
dataset7_CLINIC_metal_0000_data,grupo 1,evaluacion,ok,concordante,False,nan,robust3mm,0.0,ocupado_semimax,,0,0,12474,10.2,134.0,12.4,12.8,-27.0,10.2,-42.0,8.7,-27.0,-15.0,14.5,5.8,180.9,150.4,195.5,0.9271,0.1635,0.3374,0.0,0.0,4.9,True,115,168.0,0.452,si,si,no,si,no,si,no,4.4,
dataset7_CLINIC_metal_0000_data,grupo 1,evaluacion,ok,concordante,False,nan,robust3mm,0.001,hueso,,408,408,0,10.2,115.0,13.2,12.8,-15.0,10.2,-27.0,10.2,-15.0,-3.0,25.5,19.2,180.9,162.4,207.5,0.9113,-0.2442,-0.3317,0.0,0.0,2.8,True,91,275.0,0.286,si,si,no,si,no,si,no,4.9,
dataset7_CLINIC_metal_0000_data,grupo 1,evaluacion,ok,concordante,False,nan,robust3mm,0.001,ocupado_2500,,408,408,11951,10.2,134.0,12.4,12.8,-27.0,10.2,-42.0,8.7,-27.0,-15.0,14.5,5.8,180.9,150.4,195.5,0.9271,0.1635,0.3374,0.0,0.0,4.9,True,115,168.0,0.452,si,si,no,si,no,si,no,4.7,
dataset7_CLINIC_metal_0000_data,grupo 1,evaluacion,ok,concordante,False,nan,robust3mm,0.001,ocupado_semimax,,408,408,12474,10.2,134.0,12.4,12.8,-27.0,10.2,-42.0,8.7,-27.0,-15.0,14.5,5.8,180.9,150.4,195.5,0.9271,0.1635,0.3374,0.0,0.0,4.9,True,115,168.0,0.452,si,si,no,si,no,si,no,4.3,
dataset7_CLINIC_metal_0000_data,grupo 1,evaluacion,ok,concordante,False,nan,robust3mm,0.01,hueso,0.001,408,408,0,10.2,115.0,13.2,12.8,-15.0,10.2,-27.0,10.2,-15.0,-3.0,25.5,19.2,180.9,162.4,207.5,0.9113,-0.2442,-0.3317,0.0,0.0,2.8,True,91,275.0,0.286,si,si,no,si,no,si,no,0.0,
dataset7_CLINIC_metal_0000_data,grupo 1,evaluacion,ok,concordante,False,nan,robust3mm,0.01,ocupado_2500,0.001,408,408,11951,10.2,134.0,12.4,12.8,-27.0,10.2,-42.0,8.7,-27.0,-15.0,14.5,5.8,180.9,150.4,195.5,0.9271,0.1635,0.3374,0.0,0.0,4.9,True,115,168.0,0.452,si,si,no,si,no,si,no,0.0,
dataset7_CLINIC_metal_0000_data,grupo 1,evaluacion,ok,concordante,False,nan,robust3mm,0.01,ocupado_semimax,0.001,408,408,12474,10.2,134.0,12.4,12.8,-27.0,10.2,-42.0,8.7,-27.0,-15.0,14.5,5.8,180.9,150.4,195.5,0.9271,0.1635,0.3374,0.0,0.0,4.9,True,115,168.0,0.452,si,si,no,si,no,si,no,0.0,
dataset7_CLINIC_metal_0000_data,grupo 1,evaluacion,ok,concordante,False,nan,robust3mm,0.05,hueso,0.001,408,408,0,10.2,115.0,13.2,12.8,-15.0,10.2,-27.0,10.2,-15.0,-3.0,25.5,19.2,180.9,162.4,207.5,0.9113,-0.2442,-0.3317,0.0,0.0,2.8,True,91,275.0,0.286,si,si,no,si,no,si,no,0.0,
dataset7_CLINIC_metal_0000_data,grupo 1,evaluacion,ok,concordante,False,nan,robust3mm,0.05,ocupado_2500,0.001,408,408,11951,10.2,134.0,12.4,12.8,-27.0,10.2,-42.0,8.7,-27.0,-15.0,14.5,5.8,180.9,150.4,195.5,0.9271,0.1635,0.3374,0.0,0.0,4.9,True,115,168.0,0.452,si,si,no,si,no,si,no,0.0,
dataset7_CLINIC_metal_0000_data,grupo 1,evaluacion,ok,concordante,False,nan,robust3mm,0.05,ocupado_semimax,0.001,408,408,12474,10.2,134.0,12.4,12.8,-27.0,10.2,-42.0,8.7,-27.0,-15.0,14.5,5.8,180.9,150.4,195.5,0.9271,0.1635,0.3374,0.0,0.0,4.9,True,115,168.0,0.452,si,si,no,si,no,si,no,0.0,
dataset7_CLINIC_metal_0014_data,grupo 1,evaluacion,+1,R1 arriba de TS,False,nan,default6mm,0.0,hueso,,0,0,0,11.0,110.0,14.0,14.2,-39.0,11.0,-60.0,9.9,-39.0,-21.0,0.6,11.8,251.3,195.4,205.3,0.9962,0.0,-0.0872,0.0,0.0,31.1,False,80,355.5,0.325,si,si,si,si,no,si,no,3.5,
dataset7_CLINIC_metal_0014_data,grupo 1,evaluacion,+1,R1 arriba de TS,False,nan,default6mm,0.0,ocupado_2500,,0,0,8431,11.0,110.0,14.0,14.2,-39.0,11.0,-60.0,9.9,-39.0,-21.0,0.6,11.8,251.3,195.4,205.3,0.9962,0.0,-0.0872,0.0,0.0,31.1,False,80,355.5,0.325,si,si,si,si,no,si,no,2.9,
dataset7_CLINIC_metal_0014_data,grupo 1,evaluacion,+1,R1 arriba de TS,False,nan,default6mm,0.0,ocupado_semimax,,0,0,8431,11.0,110.0,14.0,14.2,-39.0,11.0,-60.0,9.9,-39.0,-21.0,0.6,11.8,251.3,195.4,205.3,0.9962,0.0,-0.0872,0.0,0.0,31.1,False,80,355.5,0.325,si,si,si,si,no,si,no,2.9,
dataset7_CLINIC_metal_0014_data,grupo 1,evaluacion,+1,R1 arriba de TS,False,nan,default6mm,0.001,hueso,,201,201,0,11.0,110.0,14.0,14.2,-39.0,11.0,-60.0,9.9,-39.0,-21.0,0.6,11.8,251.3,195.4,205.3,0.9962,0.0,-0.0872,0.0,0.0,31.1,False,80,355.5,0.325,si,si,si,si,no,si,no,3.3,
dataset7_CLINIC_metal_0014_data,grupo 1,evaluacion,+1,R1 arriba de TS,False,nan,default6mm,0.001,ocupado_2500,,201,201,8431,11.0,110.0,14.0,14.2,-39.0,11.0,-60.0,9.9,-39.0,-21.0,0.6,11.8,251.3,195.4,205.3,0.9962,0.0,-0.0872,0.0,0.0,31.1,False,80,355.5,0.325,si,si,si,si,no,si,no,3.3,
dataset7_CLINIC_metal_0014_data,grupo 1,evaluacion,+1,R1 arriba de TS,False,nan,default6mm,0.001,ocupado_semimax,,201,201,8431,11.0,110.0,14.0,14.2,-39.0,11.0,-60.0,9.9,-39.0,-21.0,0.6,11.8,251.3,195.4,205.3,0.9962,0.0,-0.0872,0.0,0.0,31.1,False,80,355.5,0.325,si,si,si,si,no,si,no,3.1,
dataset7_CLINIC_metal_0014_data,grupo 1,evaluacion,+1,R1 arriba de TS,False,nan,default6mm,0.01,hueso,0.001,201,201,0,11.0,110.0,14.0,14.2,-39.0,11.0,-60.0,9.9,-39.0,-21.0,0.6,11.8,251.3,195.4,205.3,0.9962,0.0,-0.0872,0.0,0.0,31.1,False,80,355.5,0.325,si,si,si,si,no,si,no,0.0,
dataset7_CLINIC_metal_0014_data,grupo 1,evaluacion,+1,R1 arriba de TS,False,nan,default6mm,0.01,ocupado_2500,0.001,201,201,8431,11.0,110.0,14.0,14.2,-39.0,11.0,-60.0,9.9,-39.0,-21.0,0.6,11.8,251.3,195.4,205.3,0.9962,0.0,-0.0872,0.0,0.0,31.1,False,80,355.5,0.325,si,si,si,si,no,si,no,0.0,
dataset7_CLINIC_metal_0014_data,grupo 1,evaluacion,+1,R1 arriba de TS,False,nan,default6mm,0.01,ocupado_semimax,0.001,201,201,8431,11.0,110.0,14.0,14.2,-39.0,11.0,-60.0,9.9,-39.0,-21.0,0.6,11.8,251.3,195.4,205.3,0.9962,0.0,-0.0872,0.0,0.0,31.1,False,80,355.5,0.325,si,si,si,si,no,si,no,0.0,
dataset7_CLINIC_metal_0014_data,grupo 1,evaluacion,+1,R1 arriba de TS,False,nan,default6mm,0.05,hueso,0.001,201,201,0,11.0,110.0,14.0,14.2,-39.0,11.0,-60.0,9.9,-39.0,-21.0,0.6,11.8,251.3,195.4,205.3,0.9962,0.0,-0.0872,0.0,0.0,31.1,False,80,355.5,0.325,si,si,si,si,no,si,no,0.0,
dataset7_CLINIC_metal_0014_data,grupo 1,evaluacion,+1,R1 arriba de TS,False,nan,default6mm,0.05,ocupado_2500,0.001,201,201,8431,11.0,110.0,14.0,14.2,-39.0,11.0,-60.0,9.9,-39.0,-21.0,0.6,11.8,251.3,195.4,205.3,0.9962,0.0,-0.0872,0.0,0.0,31.1,False,80,355.5,0.325,si,si,si,si,no,si,no,0.0,
dataset7_CLINIC_metal_0014_data,grupo 1,evaluacion,+1,R1 arriba de TS,False,nan,default6mm,0.05,ocupado_semimax,0.001,201,201,8431,11.0,110.0,14.0,14.2,-39.0,11.0,-60.0,9.9,-39.0,-21.0,0.6,11.8,251.3,195.4,205.3,0.9962,0.0,-0.0872,0.0,0.0,31.1,False,80,355.5,0.325,si,si,si,si,no,si,no,0.0,
dataset7_CLINIC_metal_0014_data,grupo 1,evaluacion,+1,R1 arriba de TS,False,nan,robust3mm,0.0,hueso,,0,0,0,9.8,112.0,14.4,14.3,-42.0,9.8,-60.0,9.7,-42.0,-21.0,10.6,11.8,251.3,195.4,202.3,0.9659,0.0,-0.2588,0.0,0.0,21.3,False,82,275.0,0.305,no,si,no,si,no,no,no,3.3,
dataset7_CLINIC_metal_0014_data,grupo 1,evaluacion,+1,R1 arriba de TS,False,nan,robust3mm,0.0,ocupado_2500,,0,0,8428,9.8,112.0,14.4,14.3,-42.0,9.8,-60.0,9.7,-42.0,-21.0,10.6,11.8,251.3,195.4,202.3,0.9659,0.0,-0.2588,0.0,0.0,21.3,False,82,275.0,0.305,no,si,no,si,no,no,no,3.3,
dataset7_CLINIC_metal_0014_data,grupo 1,evaluacion,+1,R1 arriba de TS,False,nan,robust3mm,0.0,ocupado_semimax,,0,0,8428,9.8,112.0,14.4,14.3,-42.0,9.8,-60.0,9.7,-42.0,-21.0,10.6,11.8,251.3,195.4,202.3,0.9659,0.0,-0.2588,0.0,0.0,21.3,False,82,275.0,0.305,no,si,no,si,no,no,no,3.1,
dataset7_CLINIC_metal_0014_data,grupo 1,evaluacion,+1,R1 arriba de TS,False,nan,robust3mm,0.001,hueso,,163,163,0,9.8,112.0,14.4,14.3,-42.0,9.8,-60.0,9.7,-42.0,-21.0,10.6,11.8,251.3,195.4,202.3,0.9659,0.0,-0.2588,0.0,0.0,21.3,False,82,275.0,0.305,no,si,no,si,no,no,no,3.2,
dataset7_CLINIC_metal_0014_data,grupo 1,evaluacion,+1,R1 arriba de TS,False,nan,robust3mm,0.001,ocupado_2500,,163,163,8428,9.8,112.0,14.4,14.3,-42.0,9.8,-60.0,9.7,-42.0,-21.0,10.6,11.8,251.3,195.4,202.3,0.9659,0.0,-0.2588,0.0,0.0,21.3,False,82,275.0,0.305,no,si,no,si,no,no,no,3.2,
dataset7_CLINIC_metal_0014_data,grupo 1,evaluacion,+1,R1 arriba de TS,False,nan,robust3mm,0.001,ocupado_semimax,,163,163,8428,9.8,112.0,14.4,14.3,-42.0,9.8,-60.0,9.7,-42.0,-21.0,10.6,11.8,251.3,195.4,202.3,0.9659,0.0,-0.2588,0.0,0.0,21.3,False,82,275.0,0.305,no,si,no,si,no,no,no,3.0,
dataset7_CLINIC_metal_0014_data,grupo 1,evaluacion,+1,R1 arriba de TS,False,nan,robust3mm,0.01,hueso,0.001,163,163,0,9.8,112.0,14.4,14.3,-42.0,9.8,-60.0,9.7,-42.0,-21.0,10.6,11.8,251.3,195.4,202.3,0.9659,0.0,-0.2588,0.0,0.0,21.3,False,82,275.0,0.305,no,si,no,si,no,no,no,0.0,
dataset7_CLINIC_metal_0014_data,grupo 1,evaluacion,+1,R1 arriba de TS,False,nan,robust3mm,0.01,ocupado_2500,0.001,163,163,8428,9.8,112.0,14.4,14.3,-42.0,9.8,-60.0,9.7,-42.0,-21.0,10.6,11.8,251.3,195.4,202.3,0.9659,0.0,-0.2588,0.0,0.0,21.3,False,82,275.0,0.305,no,si,no,si,no,no,no,0.0,
dataset7_CLINIC_metal_0014_data,grupo 1,evaluacion,+1,R1 arriba de TS,False,nan,robust3mm,0.01,ocupado_semimax,0.001,163,163,8428,9.8,112.0,14.4,14.3,-42.0,9.8,-60.0,9.7,-42.0,-21.0,10.6,11.8,251.3,195.4,202.3,0.9659,0.0,-0.2588,0.0,0.0,21.3,False,82,275.0,0.305,no,si,no,si,no,no,no,0.0,
dataset7_CLINIC_metal_0014_data,grupo 1,evaluacion,+1,R1 arriba de TS,False,nan,robust3mm,0.05,hueso,0.001,163,163,0,9.8,112.0,14.4,14.3,-42.0,9.8,-60.0,9.7,-42.0,-21.0,10.6,11.8,251.3,195.4,202.3,0.9659,0.0,-0.2588,0.0,0.0,21.3,False,82,275.0,0.305,no,si,no,si,no,no,no,0.0,
dataset7_CLINIC_metal_0014_data,grupo 1,evaluacion,+1,R1 arriba de TS,False,nan,robust3mm,0.05,ocupado_2500,0.001,163,163,8428,9.8,112.0,14.4,14.3,-42.0,9.8,-60.0,9.7,-42.0,-21.0,10.6,11.8,251.3,195.4,202.3,0.9659,0.0,-0.2588,0.0,0.0,21.3,False,82,275.0,0.305,no,si,no,si,no,no,no,0.0,
dataset7_CLINIC_metal_0014_data,grupo 1,evaluacion,+1,R1 arriba de TS,False,nan,robust3mm,0.05,ocupado_semimax,0.001,163,163,8428,9.8,112.0,14.4,14.3,-42.0,9.8,-60.0,9.7,-42.0,-21.0,10.6,11.8,251.3,195.4,202.3,0.9659,0.0,-0.2588,0.0,0.0,21.3,False,82,275.0,0.305,no,si,no,si,no,no,no,0.0,
dataset7_CLINIC_metal_0011_data,grupo 1,evaluacion,+1,R1 arriba de TS,False,nan,default6mm,0.0,hueso,,0,0,0,7.7,160.0,15.3,7.7,-48.0,7.7,-66.0,6.1,-48.0,-15.0,10.5,0.2,208.2,194.0,188.2,0.9812,0.0858,0.173,0.0,0.0,32.8,False,144,273.0,0.174,no,no,no,no,no,no,no,4.3,
dataset7_CLINIC_metal_0011_data,grupo 1,evaluacion,+1,R1 arriba de TS,False,nan,default6mm,0.0,ocupado_2500,,0,0,3835,7.7,160.0,15.3,7.7,-48.0,7.7,-66.0,6.1,-48.0,-15.0,10.5,0.2,208.2,194.0,188.2,0.9812,0.0858,0.173,0.0,0.0,32.8,False,144,273.0,0.174,no,no,no,no,no,no,no,3.7,
dataset7_CLINIC_metal_0011_data,grupo 1,evaluacion,+1,R1 arriba de TS,False,nan,default6mm,0.0,ocupado_semimax,,0,0,4148,7.7,160.0,15.3,7.7,-48.0,7.7,-66.0,6.1,-48.0,-15.0,10.5,0.2,208.2,194.0,188.2,0.9812,0.0858,0.173,0.0,0.0,32.8,False,144,273.0,0.174,no,no,no,no,no,no,no,3.7,
dataset7_CLINIC_metal_0011_data,grupo 1,evaluacion,+1,R1 arriba de TS,False,nan,default6mm,0.001,hueso,,14,14,0,7.7,160.0,15.3,7.7,-48.0,7.7,-66.0,6.1,-48.0,-15.0,10.5,0.2,208.2,194.0,188.2,0.9812,0.0858,0.173,0.0,0.0,32.8,False,144,273.0,0.174,no,no,no,no,no,no,no,4.0,
dataset7_CLINIC_metal_0011_data,grupo 1,evaluacion,+1,R1 arriba de TS,False,nan,default6mm,0.001,ocupado_2500,,14,14,3835,7.7,160.0,15.3,7.7,-48.0,7.7,-66.0,6.1,-48.0,-15.0,10.5,0.2,208.2,194.0,188.2,0.9812,0.0858,0.173,0.0,0.0,32.8,False,144,273.0,0.174,no,no,no,no,no,no,no,3.8,
dataset7_CLINIC_metal_0011_data,grupo 1,evaluacion,+1,R1 arriba de TS,False,nan,default6mm,0.001,ocupado_semimax,,14,14,4148,7.7,160.0,15.3,7.7,-48.0,7.7,-66.0,6.1,-48.0,-15.0,10.5,0.2,208.2,194.0,188.2,0.9812,0.0858,0.173,0.0,0.0,32.8,False,144,273.0,0.174,no,no,no,no,no,no,no,3.4,
dataset7_CLINIC_metal_0011_data,grupo 1,evaluacion,+1,R1 arriba de TS,False,nan,default6mm,0.01,hueso,0.001,14,14,0,7.7,160.0,15.3,7.7,-48.0,7.7,-66.0,6.1,-48.0,-15.0,10.5,0.2,208.2,194.0,188.2,0.9812,0.0858,0.173,0.0,0.0,32.8,False,144,273.0,0.174,no,no,no,no,no,no,no,0.0,
dataset7_CLINIC_metal_0011_data,grupo 1,evaluacion,+1,R1 arriba de TS,False,nan,default6mm,0.01,ocupado_2500,0.001,14,14,3835,7.7,160.0,15.3,7.7,-48.0,7.7,-66.0,6.1,-48.0,-15.0,10.5,0.2,208.2,194.0,188.2,0.9812,0.0858,0.173,0.0,0.0,32.8,False,144,273.0,0.174,no,no,no,no,no,no,no,0.0,
dataset7_CLINIC_metal_0011_data,grupo 1,evaluacion,+1,R1 arriba de TS,False,nan,default6mm,0.01,ocupado_semimax,0.001,14,14,4148,7.7,160.0,15.3,7.7,-48.0,7.7,-66.0,6.1,-48.0,-15.0,10.5,0.2,208.2,194.0,188.2,0.9812,0.0858,0.173,0.0,0.0,32.8,False,144,273.0,0.174,no,no,no,no,no,no,no,0.0,
dataset7_CLINIC_metal_0011_data,grupo 1,evaluacion,+1,R1 arriba de TS,False,nan,default6mm,0.05,hueso,0.001,6771,14,0,7.7,160.0,15.3,7.7,-48.0,7.7,-66.0,6.1,-48.0,-15.0,10.5,0.2,208.2,194.0,188.2,0.9812,0.0858,0.173,0.0,0.0,32.8,False,144,273.0,0.174,no,no,no,no,no,no,no,0.0,
dataset7_CLINIC_metal_0011_data,grupo 1,evaluacion,+1,R1 arriba de TS,False,nan,default6mm,0.05,ocupado_2500,0.001,6771,14,3835,7.7,160.0,15.3,7.7,-48.0,7.7,-66.0,6.1,-48.0,-15.0,10.5,0.2,208.2,194.0,188.2,0.9812,0.0858,0.173,0.0,0.0,32.8,False,144,273.0,0.174,no,no,no,no,no,no,no,0.1,
dataset7_CLINIC_metal_0011_data,grupo 1,evaluacion,+1,R1 arriba de TS,False,nan,default6mm,0.05,ocupado_semimax,0.001,6771,14,4148,7.7,160.0,15.3,7.7,-48.0,7.7,-66.0,6.1,-48.0,-15.0,10.5,0.2,208.2,194.0,188.2,0.9812,0.0858,0.173,0.0,0.0,32.8,False,144,273.0,0.174,no,no,no,no,no,no,no,0.0,
dataset7_CLINIC_metal_0011_data,grupo 1,evaluacion,+1,R1 arriba de TS,False,nan,robust3mm,0.0,hueso,,0,0,0,8.8,163.0,16.4,8.8,-42.0,8.8,-54.0,7.4,-42.0,-12.0,0.5,0.2,208.2,197.0,194.2,0.9962,0.0872,0.0,0.0,0.0,27.9,False,146,444.0,0.0,no,si,no,no,no,no,no,4.0,
dataset7_CLINIC_metal_0011_data,grupo 1,evaluacion,+1,R1 arriba de TS,False,nan,robust3mm,0.0,ocupado_2500,,0,0,3795,8.8,163.0,16.4,8.8,-42.0,8.8,-54.0,7.4,-42.0,-12.0,0.5,0.2,208.2,197.0,194.2,0.9962,0.0872,0.0,0.0,0.0,27.9,False,146,444.0,0.0,no,si,no,no,no,no,no,3.9,
dataset7_CLINIC_metal_0011_data,grupo 1,evaluacion,+1,R1 arriba de TS,False,nan,robust3mm,0.0,ocupado_semimax,,0,0,4111,8.8,163.0,16.4,8.8,-42.0,8.8,-54.0,7.4,-42.0,-12.0,0.5,0.2,208.2,197.0,194.2,0.9962,0.0872,0.0,0.0,0.0,27.9,False,146,444.0,0.0,no,si,no,no,no,no,no,3.6,
dataset7_CLINIC_metal_0011_data,grupo 1,evaluacion,+1,R1 arriba de TS,False,nan,robust3mm,0.001,hueso,,100,100,0,8.8,163.0,16.4,8.8,-42.0,8.8,-54.0,7.4,-42.0,-12.0,0.5,0.2,208.2,197.0,194.2,0.9962,0.0872,0.0,0.0,0.0,27.9,False,146,444.0,0.0,no,si,no,no,no,no,no,4.0,
dataset7_CLINIC_metal_0011_data,grupo 1,evaluacion,+1,R1 arriba de TS,False,nan,robust3mm,0.001,ocupado_2500,,100,100,3795,8.8,163.0,16.4,8.8,-42.0,8.8,-54.0,7.4,-42.0,-12.0,0.5,0.2,208.2,197.0,194.2,0.9962,0.0872,0.0,0.0,0.0,27.9,False,146,444.0,0.0,no,si,no,no,no,no,no,3.9,
dataset7_CLINIC_metal_0011_data,grupo 1,evaluacion,+1,R1 arriba de TS,False,nan,robust3mm,0.001,ocupado_semimax,,100,100,4111,8.8,163.0,16.4,8.8,-42.0,8.8,-54.0,7.4,-42.0,-12.0,0.5,0.2,208.2,197.0,194.2,0.9962,0.0872,0.0,0.0,0.0,27.9,False,146,444.0,0.0,no,si,no,no,no,no,no,3.7,
dataset7_CLINIC_metal_0011_data,grupo 1,evaluacion,+1,R1 arriba de TS,False,nan,robust3mm,0.01,hueso,0.001,100,100,0,8.8,163.0,16.4,8.8,-42.0,8.8,-54.0,7.4,-42.0,-12.0,0.5,0.2,208.2,197.0,194.2,0.9962,0.0872,0.0,0.0,0.0,27.9,False,146,444.0,0.0,no,si,no,no,no,no,no,0.0,
dataset7_CLINIC_metal_0011_data,grupo 1,evaluacion,+1,R1 arriba de TS,False,nan,robust3mm,0.01,ocupado_2500,0.001,100,100,3795,8.8,163.0,16.4,8.8,-42.0,8.8,-54.0,7.4,-42.0,-12.0,0.5,0.2,208.2,197.0,194.2,0.9962,0.0872,0.0,0.0,0.0,27.9,False,146,444.0,0.0,no,si,no,no,no,no,no,0.1,
dataset7_CLINIC_metal_0011_data,grupo 1,evaluacion,+1,R1 arriba de TS,False,nan,robust3mm,0.01,ocupado_semimax,0.001,100,100,4111,8.8,163.0,16.4,8.8,-42.0,8.8,-54.0,7.4,-42.0,-12.0,0.5,0.2,208.2,197.0,194.2,0.9962,0.0872,0.0,0.0,0.0,27.9,False,146,444.0,0.0,no,si,no,no,no,no,no,0.0,
dataset7_CLINIC_metal_0011_data,grupo 1,evaluacion,+1,R1 arriba de TS,False,nan,robust3mm,0.05,hueso,0.001,6648,100,0,8.8,163.0,16.4,8.8,-42.0,8.8,-54.0,7.4,-42.0,-12.0,0.5,0.2,208.2,197.0,194.2,0.9962,0.0872,0.0,0.0,0.0,27.9,False,146,444.0,0.0,no,si,no,no,no,no,no,0.0,
dataset7_CLINIC_metal_0011_data,grupo 1,evaluacion,+1,R1 arriba de TS,False,nan,robust3mm,0.05,ocupado_2500,0.001,6648,100,3795,8.8,163.0,16.4,8.8,-42.0,8.8,-54.0,7.4,-42.0,-12.0,0.5,0.2,208.2,197.0,194.2,0.9962,0.0872,0.0,0.0,0.0,27.9,False,146,444.0,0.0,no,si,no,no,no,no,no,0.0,
dataset7_CLINIC_metal_0011_data,grupo 1,evaluacion,+1,R1 arriba de TS,False,nan,robust3mm,0.05,ocupado_semimax,0.001,6648,100,4111,8.8,163.0,16.4,8.8,-42.0,8.8,-54.0,7.4,-42.0,-12.0,0.5,0.2,208.2,197.0,194.2,0.9962,0.0872,0.0,0.0,0.0,27.9,False,146,444.0,0.0,no,si,no,no,no,no,no,0.0,
dataset7_CLINIC_metal_0008_data,grupo 1,evaluacion,ok,concordante,False,nan,default6mm,0.0,hueso,,0,0,0,11.3,113.0,11.4,13.2,-9.0,11.3,-27.0,8.6,-9.0,-6.0,5.0,7.8,191.5,186.3,168.8,0.9924,0.0868,0.0868,0.0,0.0,2.2,True,86,111.0,0.709,si,si,si,si,si,si,no,4.8,
dataset7_CLINIC_metal_0008_data,grupo 1,evaluacion,ok,concordante,False,nan,default6mm,0.0,ocupado_2500,,0,0,5466,10.0,111.0,10.2,12.6,-3.0,10.0,-45.0,7.6,-3.0,-6.0,10.0,7.8,191.5,186.3,174.8,0.9812,0.0858,0.173,0.0,0.0,5.5,False,82,116.0,0.561,si,si,no,si,no,si,no,4.2,
dataset7_CLINIC_metal_0008_data,grupo 1,evaluacion,ok,concordante,False,nan,default6mm,0.0,ocupado_semimax,,0,0,6822,10.0,111.0,10.2,12.6,-3.0,10.0,-45.0,7.6,-3.0,-6.0,10.0,7.8,191.5,186.3,174.8,0.9812,0.0858,0.173,0.0,0.0,5.5,False,82,116.0,0.561,si,si,no,si,no,si,no,4.2,
dataset7_CLINIC_metal_0008_data,grupo 1,evaluacion,ok,concordante,False,nan,default6mm,0.001,hueso,,144,144,0,11.3,113.0,11.4,13.2,-9.0,11.3,-27.0,8.6,-9.0,-6.0,5.0,7.8,191.5,186.3,168.8,0.9924,0.0868,0.0868,0.0,0.0,2.2,True,86,111.0,0.709,si,si,si,si,si,si,no,4.7,
dataset7_CLINIC_metal_0008_data,grupo 1,evaluacion,ok,concordante,False,nan,default6mm,0.001,ocupado_2500,,144,144,5466,10.0,111.0,10.2,12.6,-3.0,10.0,-45.0,7.6,-3.0,-6.0,10.0,7.8,191.5,186.3,174.8,0.9812,0.0858,0.173,0.0,0.0,5.5,False,82,116.0,0.561,si,si,no,si,no,si,no,4.3,
dataset7_CLINIC_metal_0008_data,grupo 1,evaluacion,ok,concordante,False,nan,default6mm,0.001,ocupado_semimax,,144,144,6822,10.0,111.0,10.2,12.6,-3.0,10.0,-45.0,7.6,-3.0,-6.0,10.0,7.8,191.5,186.3,174.8,0.9812,0.0858,0.173,0.0,0.0,5.5,False,82,116.0,0.561,si,si,no,si,no,si,no,4.3,
dataset7_CLINIC_metal_0008_data,grupo 1,evaluacion,ok,concordante,False,nan,default6mm,0.01,hueso,0.001,144,144,0,11.3,113.0,11.4,13.2,-9.0,11.3,-27.0,8.6,-9.0,-6.0,5.0,7.8,191.5,186.3,168.8,0.9924,0.0868,0.0868,0.0,0.0,2.2,True,86,111.0,0.709,si,si,si,si,si,si,no,0.0,
dataset7_CLINIC_metal_0008_data,grupo 1,evaluacion,ok,concordante,False,nan,default6mm,0.01,ocupado_2500,0.001,144,144,5466,10.0,111.0,10.2,12.6,-3.0,10.0,-45.0,7.6,-3.0,-6.0,10.0,7.8,191.5,186.3,174.8,0.9812,0.0858,0.173,0.0,0.0,5.5,False,82,116.0,0.561,si,si,no,si,no,si,no,0.1,
dataset7_CLINIC_metal_0008_data,grupo 1,evaluacion,ok,concordante,False,nan,default6mm,0.01,ocupado_semimax,0.001,144,144,6822,10.0,111.0,10.2,12.6,-3.0,10.0,-45.0,7.6,-3.0,-6.0,10.0,7.8,191.5,186.3,174.8,0.9812,0.0858,0.173,0.0,0.0,5.5,False,82,116.0,0.561,si,si,no,si,no,si,no,0.0,
dataset7_CLINIC_metal_0008_data,grupo 1,evaluacion,ok,concordante,False,nan,default6mm,0.05,hueso,0.001,144,144,0,11.3,113.0,11.4,13.2,-9.0,11.3,-27.0,8.6,-9.0,-6.0,5.0,7.8,191.5,186.3,168.8,0.9924,0.0868,0.0868,0.0,0.0,2.2,True,86,111.0,0.709,si,si,si,si,si,si,no,0.0,
dataset7_CLINIC_metal_0008_data,grupo 1,evaluacion,ok,concordante,False,nan,default6mm,0.05,ocupado_2500,0.001,144,144,5466,10.0,111.0,10.2,12.6,-3.0,10.0,-45.0,7.6,-3.0,-6.0,10.0,7.8,191.5,186.3,174.8,0.9812,0.0858,0.173,0.0,0.0,5.5,False,82,116.0,0.561,si,si,no,si,no,si,no,0.1,
dataset7_CLINIC_metal_0008_data,grupo 1,evaluacion,ok,concordante,False,nan,default6mm,0.05,ocupado_semimax,0.001,144,144,6822,10.0,111.0,10.2,12.6,-3.0,10.0,-45.0,7.6,-3.0,-6.0,10.0,7.8,191.5,186.3,174.8,0.9812,0.0858,0.173,0.0,0.0,5.5,False,82,116.0,0.561,si,si,no,si,no,si,no,0.0,
dataset7_CLINIC_metal_0008_data,grupo 1,evaluacion,ok,concordante,False,nan,robust3mm,0.0,hueso,,0,0,0,9.5,111.0,12.2,13.2,-3.0,9.5,-30.0,8.0,-3.0,-6.0,10.0,7.8,191.5,186.3,174.8,0.9812,0.0858,0.173,0.0,0.0,5.5,False,81,118.0,0.556,no,si,no,si,no,no,no,4.7,
dataset7_CLINIC_metal_0008_data,grupo 1,evaluacion,ok,concordante,False,nan,robust3mm,0.0,ocupado_2500,,0,0,5411,9.5,111.0,10.7,12.8,-3.0,9.5,-45.0,6.4,-3.0,-6.0,10.0,7.8,191.5,186.3,174.8,0.9812,0.0858,0.173,0.0,0.0,5.5,False,81,118.0,0.556,no,si,no,si,no,no,no,4.4,
dataset7_CLINIC_metal_0008_data,grupo 1,evaluacion,ok,concordante,False,nan,robust3mm,0.0,ocupado_semimax,,0,0,6655,9.5,111.0,10.7,12.8,-3.0,9.5,-45.0,6.4,-3.0,-6.0,10.0,7.8,191.5,186.3,174.8,0.9812,0.0858,0.173,0.0,0.0,5.5,False,81,118.0,0.556,no,si,no,si,no,no,no,4.4,
dataset7_CLINIC_metal_0008_data,grupo 1,evaluacion,ok,concordante,False,nan,robust3mm,0.001,hueso,,212,212,0,9.5,111.0,12.2,13.2,-3.0,9.5,-30.0,8.0,-3.0,-6.0,10.0,7.8,191.5,186.3,174.8,0.9812,0.0858,0.173,0.0,0.0,5.5,False,81,118.0,0.556,no,si,no,si,no,no,no,4.8,
dataset7_CLINIC_metal_0008_data,grupo 1,evaluacion,ok,concordante,False,nan,robust3mm,0.001,ocupado_2500,,212,212,5411,9.5,111.0,10.7,12.8,-3.0,9.5,-45.0,6.4,-3.0,-6.0,10.0,7.8,191.5,186.3,174.8,0.9812,0.0858,0.173,0.0,0.0,5.5,False,81,118.0,0.556,no,si,no,si,no,no,no,4.2,
dataset7_CLINIC_metal_0008_data,grupo 1,evaluacion,ok,concordante,False,nan,robust3mm,0.001,ocupado_semimax,,212,212,6655,9.5,111.0,10.7,12.8,-3.0,9.5,-45.0,6.4,-3.0,-6.0,10.0,7.8,191.5,186.3,174.8,0.9812,0.0858,0.173,0.0,0.0,5.5,False,81,118.0,0.556,no,si,no,si,no,no,no,4.4,
dataset7_CLINIC_metal_0008_data,grupo 1,evaluacion,ok,concordante,False,nan,robust3mm,0.01,hueso,0.001,212,212,0,9.5,111.0,12.2,13.2,-3.0,9.5,-30.0,8.0,-3.0,-6.0,10.0,7.8,191.5,186.3,174.8,0.9812,0.0858,0.173,0.0,0.0,5.5,False,81,118.0,0.556,no,si,no,si,no,no,no,0.0,
dataset7_CLINIC_metal_0008_data,grupo 1,evaluacion,ok,concordante,False,nan,robust3mm,0.01,ocupado_2500,0.001,212,212,5411,9.5,111.0,10.7,12.8,-3.0,9.5,-45.0,6.4,-3.0,-6.0,10.0,7.8,191.5,186.3,174.8,0.9812,0.0858,0.173,0.0,0.0,5.5,False,81,118.0,0.556,no,si,no,si,no,no,no,0.1,
dataset7_CLINIC_metal_0008_data,grupo 1,evaluacion,ok,concordante,False,nan,robust3mm,0.01,ocupado_semimax,0.001,212,212,6655,9.5,111.0,10.7,12.8,-3.0,9.5,-45.0,6.4,-3.0,-6.0,10.0,7.8,191.5,186.3,174.8,0.9812,0.0858,0.173,0.0,0.0,5.5,False,81,118.0,0.556,no,si,no,si,no,no,no,0.0,
dataset7_CLINIC_metal_0008_data,grupo 1,evaluacion,ok,concordante,False,nan,robust3mm,0.05,hueso,0.001,212,212,0,9.5,111.0,12.2,13.2,-3.0,9.5,-30.0,8.0,-3.0,-6.0,10.0,7.8,191.5,186.3,174.8,0.9812,0.0858,0.173,0.0,0.0,5.5,False,81,118.0,0.556,no,si,no,si,no,no,no,0.0,
dataset7_CLINIC_metal_0008_data,grupo 1,evaluacion,ok,concordante,False,nan,robust3mm,0.05,ocupado_2500,0.001,212,212,5411,9.5,111.0,10.7,12.8,-3.0,9.5,-45.0,6.4,-3.0,-6.0,10.0,7.8,191.5,186.3,174.8,0.9812,0.0858,0.173,0.0,0.0,5.5,False,81,118.0,0.556,no,si,no,si,no,no,no,0.1,
dataset7_CLINIC_metal_0008_data,grupo 1,evaluacion,ok,concordante,False,nan,robust3mm,0.05,ocupado_semimax,0.001,212,212,6655,9.5,111.0,10.7,12.8,-3.0,9.5,-45.0,6.4,-3.0,-6.0,10.0,7.8,191.5,186.3,174.8,0.9812,0.0858,0.173,0.0,0.0,5.5,False,81,118.0,0.556,no,si,no,si,no,no,no,0.0,
dataset7_CLINIC_metal_0007_data,grupo 1,evaluacion,ok,concordante,False,nan,default6mm,0.0,hueso,,0,0,0,9.5,117.0,13.3,11.2,-15.0,9.5,-27.0,8.1,-15.0,-6.0,7.4,7.4,201.9,162.6,200.6,0.9703,-0.1711,-0.1711,0.0,0.034,1.6,True,92,229.5,0.239,no,si,no,si,no,no,no,4.6,
dataset7_CLINIC_metal_0007_data,grupo 1,evaluacion,ok,concordante,False,nan,default6mm,0.0,ocupado_2500,,0,0,29031,8.6,114.0,13.3,11.0,-12.0,8.6,-30.0,6.7,-12.0,-6.0,2.4,7.4,201.9,162.6,203.6,0.9812,-0.173,-0.0858,0.0,0.0,8.3,False,90,231.0,0.344,no,si,no,no,no,no,no,4.2,
dataset7_CLINIC_metal_0007_data,grupo 1,evaluacion,ok,concordante,False,nan,default6mm,0.0,ocupado_semimax,,0,0,29031,8.6,114.0,13.3,11.0,-12.0,8.6,-30.0,6.7,-12.0,-6.0,2.4,7.4,201.9,162.6,203.6,0.9812,-0.173,-0.0858,0.0,0.0,8.3,False,90,231.0,0.344,no,si,no,no,no,no,no,4.2,
dataset7_CLINIC_metal_0007_data,grupo 1,evaluacion,ok,concordante,False,nan,default6mm,0.001,hueso,,252,252,0,9.5,117.0,13.3,11.2,-15.0,9.5,-27.0,8.1,-15.0,-6.0,7.4,7.4,201.9,162.6,200.6,0.9703,-0.1711,-0.1711,0.0,0.034,1.6,True,92,229.5,0.239,no,si,no,si,no,no,no,4.5,
dataset7_CLINIC_metal_0007_data,grupo 1,evaluacion,ok,concordante,False,nan,default6mm,0.001,ocupado_2500,,252,252,29028,8.6,114.0,13.3,11.0,-12.0,8.6,-30.0,6.7,-12.0,-6.0,2.4,7.4,201.9,162.6,203.6,0.9812,-0.173,-0.0858,0.0,0.0,8.3,False,90,231.0,0.344,no,si,no,no,no,no,no,4.5,
dataset7_CLINIC_metal_0007_data,grupo 1,evaluacion,ok,concordante,False,nan,default6mm,0.001,ocupado_semimax,,252,252,29028,8.6,114.0,13.3,11.0,-12.0,8.6,-30.0,6.7,-12.0,-6.0,2.4,7.4,201.9,162.6,203.6,0.9812,-0.173,-0.0858,0.0,0.0,8.3,False,90,231.0,0.344,no,si,no,no,no,no,no,4.4,
dataset7_CLINIC_metal_0007_data,grupo 1,evaluacion,ok,concordante,False,nan,default6mm,0.01,hueso,0.001,252,252,0,9.5,117.0,13.3,11.2,-15.0,9.5,-27.0,8.1,-15.0,-6.0,7.4,7.4,201.9,162.6,200.6,0.9703,-0.1711,-0.1711,0.0,0.034,1.6,True,92,229.5,0.239,no,si,no,si,no,no,no,0.0,
dataset7_CLINIC_metal_0007_data,grupo 1,evaluacion,ok,concordante,False,nan,default6mm,0.01,ocupado_2500,0.001,252,252,29028,8.6,114.0,13.3,11.0,-12.0,8.6,-30.0,6.7,-12.0,-6.0,2.4,7.4,201.9,162.6,203.6,0.9812,-0.173,-0.0858,0.0,0.0,8.3,False,90,231.0,0.344,no,si,no,no,no,no,no,0.1,
dataset7_CLINIC_metal_0007_data,grupo 1,evaluacion,ok,concordante,False,nan,default6mm,0.01,ocupado_semimax,0.001,252,252,29028,8.6,114.0,13.3,11.0,-12.0,8.6,-30.0,6.7,-12.0,-6.0,2.4,7.4,201.9,162.6,203.6,0.9812,-0.173,-0.0858,0.0,0.0,8.3,False,90,231.0,0.344,no,si,no,no,no,no,no,0.0,
dataset7_CLINIC_metal_0007_data,grupo 1,evaluacion,ok,concordante,False,nan,default6mm,0.05,hueso,0.001,252,252,0,9.5,117.0,13.3,11.2,-15.0,9.5,-27.0,8.1,-15.0,-6.0,7.4,7.4,201.9,162.6,200.6,0.9703,-0.1711,-0.1711,0.0,0.034,1.6,True,92,229.5,0.239,no,si,no,si,no,no,no,0.0,
dataset7_CLINIC_metal_0007_data,grupo 1,evaluacion,ok,concordante,False,nan,default6mm,0.05,ocupado_2500,0.001,252,252,29028,8.6,114.0,13.3,11.0,-12.0,8.6,-30.0,6.7,-12.0,-6.0,2.4,7.4,201.9,162.6,203.6,0.9812,-0.173,-0.0858,0.0,0.0,8.3,False,90,231.0,0.344,no,si,no,no,no,no,no,0.1,
dataset7_CLINIC_metal_0007_data,grupo 1,evaluacion,ok,concordante,False,nan,default6mm,0.05,ocupado_semimax,0.001,252,252,29028,8.6,114.0,13.3,11.0,-12.0,8.6,-30.0,6.7,-12.0,-6.0,2.4,7.4,201.9,162.6,203.6,0.9812,-0.173,-0.0858,0.0,0.0,8.3,False,90,231.0,0.344,no,si,no,no,no,no,no,0.0,
dataset7_CLINIC_metal_0007_data,grupo 1,evaluacion,ok,concordante,False,nan,robust3mm,0.0,hueso,,0,0,0,11.0,117.0,11.9,12.0,-15.0,11.0,-27.0,6.5,-15.0,-6.0,7.4,7.4,201.9,162.6,200.6,0.9703,-0.1711,-0.1711,0.0,0.034,1.6,True,91,230.0,0.242,si,si,si,si,no,si,no,4.5,
dataset7_CLINIC_metal_0007_data,grupo 1,evaluacion,ok,concordante,False,nan,robust3mm,0.0,ocupado_2500,,0,0,28806,10.6,114.0,11.9,12.0,-12.0,10.6,-24.0,6.1,-12.0,-6.0,2.4,7.4,201.9,162.6,203.6,0.9812,-0.173,-0.0858,0.0,0.0,8.3,False,90,231.0,0.344,si,si,si,si,no,si,no,4.2,
dataset7_CLINIC_metal_0007_data,grupo 1,evaluacion,ok,concordante,False,nan,robust3mm,0.0,ocupado_semimax,,0,0,28834,10.6,114.0,11.9,12.0,-12.0,10.6,-24.0,6.1,-12.0,-6.0,2.4,7.4,201.9,162.6,203.6,0.9812,-0.173,-0.0858,0.0,0.0,8.3,False,90,231.0,0.344,si,si,si,si,no,si,no,4.1,
dataset7_CLINIC_metal_0007_data,grupo 1,evaluacion,ok,concordante,False,nan,robust3mm,0.001,hueso,,388,388,0,11.0,117.0,11.9,12.0,-15.0,11.0,-27.0,6.5,-15.0,-6.0,7.4,7.4,201.9,162.6,200.6,0.9703,-0.1711,-0.1711,0.0,0.034,1.6,True,91,230.0,0.242,si,si,si,si,no,si,no,4.6,
dataset7_CLINIC_metal_0007_data,grupo 1,evaluacion,ok,concordante,False,nan,robust3mm,0.001,ocupado_2500,,388,388,28806,10.6,114.0,11.9,12.0,-12.0,10.6,-24.0,6.1,-12.0,-6.0,2.4,7.4,201.9,162.6,203.6,0.9812,-0.173,-0.0858,0.0,0.0,8.3,False,90,231.0,0.344,si,si,si,si,no,si,no,4.5,
dataset7_CLINIC_metal_0007_data,grupo 1,evaluacion,ok,concordante,False,nan,robust3mm,0.001,ocupado_semimax,,388,388,28834,10.6,114.0,11.9,12.0,-12.0,10.6,-24.0,6.1,-12.0,-6.0,2.4,7.4,201.9,162.6,203.6,0.9812,-0.173,-0.0858,0.0,0.0,8.3,False,90,231.0,0.344,si,si,si,si,no,si,no,4.1,
dataset7_CLINIC_metal_0007_data,grupo 1,evaluacion,ok,concordante,False,nan,robust3mm,0.01,hueso,0.001,388,388,0,11.0,117.0,11.9,12.0,-15.0,11.0,-27.0,6.5,-15.0,-6.0,7.4,7.4,201.9,162.6,200.6,0.9703,-0.1711,-0.1711,0.0,0.034,1.6,True,91,230.0,0.242,si,si,si,si,no,si,no,0.0,
dataset7_CLINIC_metal_0007_data,grupo 1,evaluacion,ok,concordante,False,nan,robust3mm,0.01,ocupado_2500,0.001,388,388,28806,10.6,114.0,11.9,12.0,-12.0,10.6,-24.0,6.1,-12.0,-6.0,2.4,7.4,201.9,162.6,203.6,0.9812,-0.173,-0.0858,0.0,0.0,8.3,False,90,231.0,0.344,si,si,si,si,no,si,no,0.1,
dataset7_CLINIC_metal_0007_data,grupo 1,evaluacion,ok,concordante,False,nan,robust3mm,0.01,ocupado_semimax,0.001,388,388,28834,10.6,114.0,11.9,12.0,-12.0,10.6,-24.0,6.1,-12.0,-6.0,2.4,7.4,201.9,162.6,203.6,0.9812,-0.173,-0.0858,0.0,0.0,8.3,False,90,231.0,0.344,si,si,si,si,no,si,no,0.0,
dataset7_CLINIC_metal_0007_data,grupo 1,evaluacion,ok,concordante,False,nan,robust3mm,0.05,hueso,0.001,388,388,0,11.0,117.0,11.9,12.0,-15.0,11.0,-27.0,6.5,-15.0,-6.0,7.4,7.4,201.9,162.6,200.6,0.9703,-0.1711,-0.1711,0.0,0.034,1.6,True,91,230.0,0.242,si,si,si,si,no,si,no,0.0,
dataset7_CLINIC_metal_0007_data,grupo 1,evaluacion,ok,concordante,False,nan,robust3mm,0.05,ocupado_2500,0.001,388,388,28806,10.6,114.0,11.9,12.0,-12.0,10.6,-24.0,6.1,-12.0,-6.0,2.4,7.4,201.9,162.6,203.6,0.9812,-0.173,-0.0858,0.0,0.0,8.3,False,90,231.0,0.344,si,si,si,si,no,si,no,0.1,
dataset7_CLINIC_metal_0007_data,grupo 1,evaluacion,ok,concordante,False,nan,robust3mm,0.05,ocupado_semimax,0.001,388,388,28834,10.6,114.0,11.9,12.0,-12.0,10.6,-24.0,6.1,-12.0,-6.0,2.4,7.4,201.9,162.6,203.6,0.9812,-0.173,-0.0858,0.0,0.0,8.3,False,90,231.0,0.344,si,si,si,si,no,si,no,0.0,
dataset7_CLINIC_metal_0009_data,grupo 1,evaluacion,ok,concordante,False,nan,default6mm,0.0,hueso,,0,0,0,10.2,131.0,13.4,13.4,-6.0,10.2,-27.0,3.1,-6.0,-3.0,0.1,11.2,151.8,151.8,84.9,0.9848,0.1736,0.0,0.068,0.136,0.0,True,105,1334.0,0.229,si,si,no,si,no,si,no,6.2,
dataset7_CLINIC_metal_0009_data,grupo 1,evaluacion,ok,concordante,False,nan,default6mm,0.0,ocupado_2500,,0,0,14935,8.1,128.0,13.3,12.7,-15.0,8.1,-27.0,3.1,-15.0,-15.0,15.1,18.8,151.8,139.8,75.9,0.9113,-0.3317,-0.2442,0.0,0.0,13.6,False,107,191.0,0.43,no,no,no,no,no,no,no,5.5,
dataset7_CLINIC_metal_0009_data,grupo 1,evaluacion,ok,concordante,False,nan,default6mm,0.0,ocupado_semimax,,0,0,16666,8.1,128.0,12.5,12.7,-15.0,8.1,-27.0,3.1,-15.0,-15.0,15.1,18.8,151.8,139.8,75.9,0.9113,-0.3317,-0.2442,0.0,0.0,13.6,False,107,191.0,0.43,no,no,no,no,no,no,no,5.3,
dataset7_CLINIC_metal_0009_data,grupo 1,evaluacion,ok,concordante,False,nan,default6mm,0.001,hueso,,250,250,0,10.2,131.0,13.4,13.4,-6.0,10.2,-27.0,3.1,-6.0,-3.0,0.1,11.2,151.8,151.8,84.9,0.9848,0.1736,0.0,0.068,0.136,0.0,True,105,1334.0,0.229,si,si,no,si,no,si,no,5.8,
dataset7_CLINIC_metal_0009_data,grupo 1,evaluacion,ok,concordante,False,nan,default6mm,0.001,ocupado_2500,,250,250,14935,8.1,128.0,13.3,12.7,-15.0,8.1,-27.0,3.1,-15.0,-15.0,15.1,18.8,151.8,139.8,75.9,0.9113,-0.3317,-0.2442,0.0,0.0,13.6,False,107,191.0,0.43,no,no,no,no,no,no,no,5.5,
dataset7_CLINIC_metal_0009_data,grupo 1,evaluacion,ok,concordante,False,nan,default6mm,0.001,ocupado_semimax,,250,250,16666,8.1,128.0,12.5,12.7,-15.0,8.1,-27.0,3.1,-15.0,-15.0,15.1,18.8,151.8,139.8,75.9,0.9113,-0.3317,-0.2442,0.0,0.0,13.6,False,107,191.0,0.43,no,no,no,no,no,no,no,5.6,
dataset7_CLINIC_metal_0009_data,grupo 1,evaluacion,ok,concordante,False,nan,default6mm,0.01,hueso,0.001,250,250,0,10.2,131.0,13.4,13.4,-6.0,10.2,-27.0,3.1,-6.0,-3.0,0.1,11.2,151.8,151.8,84.9,0.9848,0.1736,0.0,0.068,0.136,0.0,True,105,1334.0,0.229,si,si,no,si,no,si,no,0.0,
dataset7_CLINIC_metal_0009_data,grupo 1,evaluacion,ok,concordante,False,nan,default6mm,0.01,ocupado_2500,0.001,250,250,14935,8.1,128.0,13.3,12.7,-15.0,8.1,-27.0,3.1,-15.0,-15.0,15.1,18.8,151.8,139.8,75.9,0.9113,-0.3317,-0.2442,0.0,0.0,13.6,False,107,191.0,0.43,no,no,no,no,no,no,no,0.1,
dataset7_CLINIC_metal_0009_data,grupo 1,evaluacion,ok,concordante,False,nan,default6mm,0.01,ocupado_semimax,0.001,250,250,16666,8.1,128.0,12.5,12.7,-15.0,8.1,-27.0,3.1,-15.0,-15.0,15.1,18.8,151.8,139.8,75.9,0.9113,-0.3317,-0.2442,0.0,0.0,13.6,False,107,191.0,0.43,no,no,no,no,no,no,no,0.0,
dataset7_CLINIC_metal_0009_data,grupo 1,evaluacion,ok,concordante,False,nan,default6mm,0.05,hueso,0.001,250,250,0,10.2,131.0,13.4,13.4,-6.0,10.2,-27.0,3.1,-6.0,-3.0,0.1,11.2,151.8,151.8,84.9,0.9848,0.1736,0.0,0.068,0.136,0.0,True,105,1334.0,0.229,si,si,no,si,no,si,no,0.0,
dataset7_CLINIC_metal_0009_data,grupo 1,evaluacion,ok,concordante,False,nan,default6mm,0.05,ocupado_2500,0.001,250,250,14935,8.1,128.0,13.3,12.7,-15.0,8.1,-27.0,3.1,-15.0,-15.0,15.1,18.8,151.8,139.8,75.9,0.9113,-0.3317,-0.2442,0.0,0.0,13.6,False,107,191.0,0.43,no,no,no,no,no,no,no,0.1,
dataset7_CLINIC_metal_0009_data,grupo 1,evaluacion,ok,concordante,False,nan,default6mm,0.05,ocupado_semimax,0.001,250,250,16666,8.1,128.0,12.5,12.7,-15.0,8.1,-27.0,3.1,-15.0,-15.0,15.1,18.8,151.8,139.8,75.9,0.9113,-0.3317,-0.2442,0.0,0.0,13.6,False,107,191.0,0.43,no,no,no,no,no,no,no,0.0,
dataset7_CLINIC_metal_0009_data,grupo 1,evaluacion,ok,concordante,False,nan,robust3mm,0.0,hueso,,0,0,0,10.2,125.0,13.4,13.4,-12.0,10.2,-27.0,3.6,-12.0,-9.0,4.9,16.2,151.8,145.8,78.9,0.9625,0.2579,0.0842,0.0,0.063,1.0,True,105,305.0,0.248,si,si,no,si,no,si,no,5.9,
dataset7_CLINIC_metal_0009_data,grupo 1,evaluacion,ok,concordante,False,nan,robust3mm,0.0,ocupado_2500,,0,0,14147,8.1,129.0,12.5,10.3,-15.0,8.1,-27.0,3.6,-15.0,-15.0,15.1,18.8,151.8,139.8,75.9,0.9113,-0.3317,-0.2442,0.0,0.0,13.7,False,108,187.5,0.435,no,no,no,no,no,no,no,5.6,
dataset7_CLINIC_metal_0009_data,grupo 1,evaluacion,ok,concordante,False,nan,robust3mm,0.0,ocupado_semimax,,0,0,15878,8.1,129.0,12.5,10.3,-3.0,6.3,-15.0,8.1,-15.0,-15.0,15.1,18.8,151.8,139.8,75.9,0.9113,-0.3317,-0.2442,0.0,0.0,13.7,False,108,187.5,0.435,no,no,no,no,no,no,no,5.2,
dataset7_CLINIC_metal_0009_data,grupo 1,evaluacion,ok,concordante,False,nan,robust3mm,0.001,hueso,,595,585,0,10.2,125.0,13.4,13.4,-12.0,10.2,-27.0,3.6,-12.0,-9.0,4.9,16.2,151.8,145.8,78.9,0.9625,0.2579,0.0842,0.0,0.063,1.0,True,105,305.0,0.248,si,si,no,si,no,si,no,5.9,
dataset7_CLINIC_metal_0009_data,grupo 1,evaluacion,ok,concordante,False,nan,robust3mm,0.001,ocupado_2500,,595,585,14147,8.1,129.0,12.5,10.3,-15.0,8.1,-27.0,3.6,-15.0,-15.0,15.1,18.8,151.8,139.8,75.9,0.9113,-0.3317,-0.2442,0.0,0.0,13.7,False,108,187.5,0.435,no,no,no,no,no,no,no,5.3,
dataset7_CLINIC_metal_0009_data,grupo 1,evaluacion,ok,concordante,False,nan,robust3mm,0.001,ocupado_semimax,,595,585,15878,8.1,129.0,12.5,10.3,-3.0,6.3,-15.0,8.1,-15.0,-15.0,15.1,18.8,151.8,139.8,75.9,0.9113,-0.3317,-0.2442,0.0,0.0,13.7,False,108,187.5,0.435,no,no,no,no,no,no,no,5.3,
dataset7_CLINIC_metal_0009_data,grupo 1,evaluacion,ok,concordante,False,nan,robust3mm,0.01,hueso,0.001,595,585,0,10.2,125.0,13.4,13.4,-12.0,10.2,-27.0,3.6,-12.0,-9.0,4.9,16.2,151.8,145.8,78.9,0.9625,0.2579,0.0842,0.0,0.063,1.0,True,105,305.0,0.248,si,si,no,si,no,si,no,0.0,
dataset7_CLINIC_metal_0009_data,grupo 1,evaluacion,ok,concordante,False,nan,robust3mm,0.01,ocupado_2500,0.001,595,585,14147,8.1,129.0,12.5,10.3,-15.0,8.1,-27.0,3.6,-15.0,-15.0,15.1,18.8,151.8,139.8,75.9,0.9113,-0.3317,-0.2442,0.0,0.0,13.7,False,108,187.5,0.435,no,no,no,no,no,no,no,0.1,
dataset7_CLINIC_metal_0009_data,grupo 1,evaluacion,ok,concordante,False,nan,robust3mm,0.01,ocupado_semimax,0.001,595,585,15878,8.1,129.0,12.5,10.3,-3.0,6.3,-15.0,8.1,-15.0,-15.0,15.1,18.8,151.8,139.8,75.9,0.9113,-0.3317,-0.2442,0.0,0.0,13.7,False,108,187.5,0.435,no,no,no,no,no,no,no,0.0,
dataset7_CLINIC_metal_0009_data,grupo 1,evaluacion,ok,concordante,False,nan,robust3mm,0.05,hueso,0.001,595,585,0,10.2,125.0,13.4,13.4,-12.0,10.2,-27.0,3.6,-12.0,-9.0,4.9,16.2,151.8,145.8,78.9,0.9625,0.2579,0.0842,0.0,0.063,1.0,True,105,305.0,0.248,si,si,no,si,no,si,no,0.0,
dataset7_CLINIC_metal_0009_data,grupo 1,evaluacion,ok,concordante,False,nan,robust3mm,0.05,ocupado_2500,0.001,595,585,14147,8.1,129.0,12.5,10.3,-15.0,8.1,-27.0,3.6,-15.0,-15.0,15.1,18.8,151.8,139.8,75.9,0.9113,-0.3317,-0.2442,0.0,0.0,13.7,False,108,187.5,0.435,no,no,no,no,no,no,no,0.1,
dataset7_CLINIC_metal_0009_data,grupo 1,evaluacion,ok,concordante,False,nan,robust3mm,0.05,ocupado_semimax,0.001,595,585,15878,8.1,129.0,12.5,10.3,-3.0,6.3,-15.0,8.1,-15.0,-15.0,15.1,18.8,151.8,139.8,75.9,0.9113,-0.3317,-0.2442,0.0,0.0,13.7,False,108,187.5,0.435,no,no,no,no,no,no,no,0.0,
dataset7_CLINIC_metal_0015_data,grupo 1,evaluacion,?,sin techo,True,z+,default6mm,0.0,hueso,,0,0,0,7.4,86.0,8.3,10.3,-6.0,7.4,-21.0,1.6,-6.0,6.0,5.0,11.3,210.0,143.2,163.8,0.9365,0.3409,-0.0819,0.0,0.0,21.5,False,64,175.5,0.438,no,no,no,no,no,no,no,3.6,
dataset7_CLINIC_metal_0015_data,grupo 1,evaluacion,?,sin techo,True,z+,default6mm,0.0,ocupado_2500,,0,0,20031,7.4,86.0,8.3,10.3,-6.0,7.4,-21.0,1.6,-6.0,6.0,5.0,11.3,210.0,143.2,163.8,0.9365,0.3409,-0.0819,0.0,0.0,21.5,False,64,175.5,0.438,no,no,no,no,no,no,no,3.1,
dataset7_CLINIC_metal_0015_data,grupo 1,evaluacion,?,sin techo,True,z+,default6mm,0.0,ocupado_semimax,,0,0,20031,7.4,86.0,8.3,10.3,-6.0,7.4,-21.0,1.6,-6.0,6.0,5.0,11.3,210.0,143.2,163.8,0.9365,0.3409,-0.0819,0.0,0.0,21.5,False,64,175.5,0.438,no,no,no,no,no,no,no,3.1,
dataset7_CLINIC_metal_0015_data,grupo 1,evaluacion,?,sin techo,True,z+,default6mm,0.001,hueso,,16,16,0,7.4,86.0,8.3,10.3,-6.0,7.4,-21.0,1.6,-6.0,6.0,5.0,11.3,210.0,143.2,163.8,0.9365,0.3409,-0.0819,0.0,0.0,21.5,False,64,175.5,0.438,no,no,no,no,no,no,no,3.3,
dataset7_CLINIC_metal_0015_data,grupo 1,evaluacion,?,sin techo,True,z+,default6mm,0.001,ocupado_2500,,16,16,20031,7.4,86.0,8.3,10.3,-6.0,7.4,-21.0,1.6,-6.0,6.0,5.0,11.3,210.0,143.2,163.8,0.9365,0.3409,-0.0819,0.0,0.0,21.5,False,64,175.5,0.438,no,no,no,no,no,no,no,3.1,
dataset7_CLINIC_metal_0015_data,grupo 1,evaluacion,?,sin techo,True,z+,default6mm,0.001,ocupado_semimax,,16,16,20031,7.4,86.0,8.3,10.3,-6.0,7.4,-21.0,1.6,-6.0,6.0,5.0,11.3,210.0,143.2,163.8,0.9365,0.3409,-0.0819,0.0,0.0,21.5,False,64,175.5,0.438,no,no,no,no,no,no,no,3.3,
dataset7_CLINIC_metal_0015_data,grupo 1,evaluacion,?,sin techo,True,z+,default6mm,0.01,hueso,0.001,16,16,0,7.4,86.0,8.3,10.3,-6.0,7.4,-21.0,1.6,-6.0,6.0,5.0,11.3,210.0,143.2,163.8,0.9365,0.3409,-0.0819,0.0,0.0,21.5,False,64,175.5,0.438,no,no,no,no,no,no,no,0.0,
dataset7_CLINIC_metal_0015_data,grupo 1,evaluacion,?,sin techo,True,z+,default6mm,0.01,ocupado_2500,0.001,16,16,20031,7.4,86.0,8.3,10.3,-6.0,7.4,-21.0,1.6,-6.0,6.0,5.0,11.3,210.0,143.2,163.8,0.9365,0.3409,-0.0819,0.0,0.0,21.5,False,64,175.5,0.438,no,no,no,no,no,no,no,0.0,
dataset7_CLINIC_metal_0015_data,grupo 1,evaluacion,?,sin techo,True,z+,default6mm,0.01,ocupado_semimax,0.001,16,16,20031,7.4,86.0,8.3,10.3,-6.0,7.4,-21.0,1.6,-6.0,6.0,5.0,11.3,210.0,143.2,163.8,0.9365,0.3409,-0.0819,0.0,0.0,21.5,False,64,175.5,0.438,no,no,no,no,no,no,no,0.0,
dataset7_CLINIC_metal_0015_data,grupo 1,evaluacion,?,sin techo,True,z+,default6mm,0.05,hueso,0.001,16,16,0,7.4,86.0,8.3,10.3,-6.0,7.4,-21.0,1.6,-6.0,6.0,5.0,11.3,210.0,143.2,163.8,0.9365,0.3409,-0.0819,0.0,0.0,21.5,False,64,175.5,0.438,no,no,no,no,no,no,no,0.0,
dataset7_CLINIC_metal_0015_data,grupo 1,evaluacion,?,sin techo,True,z+,default6mm,0.05,ocupado_2500,0.001,16,16,20031,7.4,86.0,8.3,10.3,-6.0,7.4,-21.0,1.6,-6.0,6.0,5.0,11.3,210.0,143.2,163.8,0.9365,0.3409,-0.0819,0.0,0.0,21.5,False,64,175.5,0.438,no,no,no,no,no,no,no,0.0,
dataset7_CLINIC_metal_0015_data,grupo 1,evaluacion,?,sin techo,True,z+,default6mm,0.05,ocupado_semimax,0.001,16,16,20031,7.4,86.0,8.3,10.3,-6.0,7.4,-21.0,1.6,-6.0,6.0,5.0,11.3,210.0,143.2,163.8,0.9365,0.3409,-0.0819,0.0,0.0,21.5,False,64,175.5,0.438,no,no,no,no,no,no,no,0.0,
dataset7_CLINIC_metal_0015_data,grupo 1,evaluacion,?,sin techo,True,z+,robust3mm,0.0,hueso,,0,0,0,8.3,79.0,9.0,10.3,-9.0,8.3,-21.0,1.6,-9.0,6.0,15.0,6.3,210.0,143.2,160.8,0.9351,0.2506,-0.2506,0.0,0.0,27.0,False,57,371.0,0.281,no,no,no,no,no,no,no,3.6,
dataset7_CLINIC_metal_0015_data,grupo 1,evaluacion,?,sin techo,True,z+,robust3mm,0.0,ocupado_2500,,0,0,20047,8.3,79.0,9.0,10.3,-9.0,8.3,-21.0,1.6,-9.0,6.0,15.0,6.3,210.0,143.2,160.8,0.9351,0.2506,-0.2506,0.0,0.0,27.0,False,57,371.0,0.281,no,no,no,no,no,no,no,3.3,
dataset7_CLINIC_metal_0015_data,grupo 1,evaluacion,?,sin techo,True,z+,robust3mm,0.0,ocupado_semimax,,0,0,20047,8.3,79.0,9.0,10.3,-9.0,8.3,-21.0,1.6,-9.0,6.0,15.0,6.3,210.0,143.2,160.8,0.9351,0.2506,-0.2506,0.0,0.0,27.0,False,57,371.0,0.281,no,no,no,no,no,no,no,3.2,
dataset7_CLINIC_metal_0015_data,grupo 1,evaluacion,?,sin techo,True,z+,robust3mm,0.001,hueso,,12,12,0,8.3,79.0,9.0,10.3,-9.0,8.3,-21.0,1.6,-9.0,6.0,15.0,6.3,210.0,143.2,160.8,0.9351,0.2506,-0.2506,0.0,0.0,27.0,False,57,371.0,0.281,no,no,no,no,no,no,no,3.4,
dataset7_CLINIC_metal_0015_data,grupo 1,evaluacion,?,sin techo,True,z+,robust3mm,0.001,ocupado_2500,,12,12,20047,8.3,79.0,9.0,10.3,-9.0,8.3,-21.0,1.6,-9.0,6.0,15.0,6.3,210.0,143.2,160.8,0.9351,0.2506,-0.2506,0.0,0.0,27.0,False,57,371.0,0.281,no,no,no,no,no,no,no,2.9,
dataset7_CLINIC_metal_0015_data,grupo 1,evaluacion,?,sin techo,True,z+,robust3mm,0.001,ocupado_semimax,,12,12,20047,8.3,79.0,9.0,10.3,-9.0,8.3,-21.0,1.6,-9.0,6.0,15.0,6.3,210.0,143.2,160.8,0.9351,0.2506,-0.2506,0.0,0.0,27.0,False,57,371.0,0.281,no,no,no,no,no,no,no,3.2,
dataset7_CLINIC_metal_0015_data,grupo 1,evaluacion,?,sin techo,True,z+,robust3mm,0.01,hueso,,61,61,0,8.3,79.0,9.0,10.3,-9.0,8.3,-21.0,1.6,-9.0,6.0,15.0,6.3,210.0,143.2,160.8,0.9351,0.2506,-0.2506,0.0,0.0,27.0,False,57,371.0,0.281,no,no,no,no,no,no,no,3.5,
dataset7_CLINIC_metal_0015_data,grupo 1,evaluacion,?,sin techo,True,z+,robust3mm,0.01,ocupado_2500,,61,61,20047,8.3,79.0,9.0,10.3,-9.0,8.3,-21.0,1.6,-9.0,6.0,15.0,6.3,210.0,143.2,160.8,0.9351,0.2506,-0.2506,0.0,0.0,27.0,False,57,371.0,0.281,no,no,no,no,no,no,no,3.3,
dataset7_CLINIC_metal_0015_data,grupo 1,evaluacion,?,sin techo,True,z+,robust3mm,0.01,ocupado_semimax,,61,61,20047,8.3,79.0,9.0,10.3,-9.0,8.3,-21.0,1.6,-9.0,6.0,15.0,6.3,210.0,143.2,160.8,0.9351,0.2506,-0.2506,0.0,0.0,27.0,False,57,371.0,0.281,no,no,no,no,no,no,no,3.3,
dataset7_CLINIC_metal_0015_data,grupo 1,evaluacion,?,sin techo,True,z+,robust3mm,0.05,hueso,0.01,61,61,0,8.3,79.0,9.0,10.3,-9.0,8.3,-21.0,1.6,-9.0,6.0,15.0,6.3,210.0,143.2,160.8,0.9351,0.2506,-0.2506,0.0,0.0,27.0,False,57,371.0,0.281,no,no,no,no,no,no,no,0.0,
dataset7_CLINIC_metal_0015_data,grupo 1,evaluacion,?,sin techo,True,z+,robust3mm,0.05,ocupado_2500,0.01,61,61,20047,8.3,79.0,9.0,10.3,-9.0,8.3,-21.0,1.6,-9.0,6.0,15.0,6.3,210.0,143.2,160.8,0.9351,0.2506,-0.2506,0.0,0.0,27.0,False,57,371.0,0.281,no,no,no,no,no,no,no,0.1,
dataset7_CLINIC_metal_0015_data,grupo 1,evaluacion,?,sin techo,True,z+,robust3mm,0.05,ocupado_semimax,0.01,61,61,20047,8.3,79.0,9.0,10.3,-9.0,8.3,-21.0,1.6,-9.0,6.0,15.0,6.3,210.0,143.2,160.8,0.9351,0.2506,-0.2506,0.0,0.0,27.0,False,57,371.0,0.281,no,no,no,no,no,no,no,0.0,
dataset7_CLINIC_metal_0013_data,grupo 1,evaluacion,ok,concordante,False,nan,default6mm,0.0,hueso,,0,0,0,13.8,157.0,16.7,15.9,-9.0,3.4,-33.0,13.8,-33.0,-24.0,1.2,4.1,182.4,135.3,171.5,0.9924,0.0868,-0.0868,0.0,0.0,49.3,False,137,167.0,0.445,si,si,si,si,si,si,si,5.3,
dataset7_CLINIC_metal_0013_data,grupo 1,evaluacion,ok,concordante,False,nan,default6mm,0.0,ocupado_2500,,0,0,5654,13.8,157.0,16.7,15.9,-9.0,3.4,-33.0,13.8,-33.0,-24.0,1.2,4.1,182.4,135.3,171.5,0.9924,0.0868,-0.0868,0.0,0.0,49.3,False,137,167.0,0.445,si,si,si,si,si,si,si,4.8,
dataset7_CLINIC_metal_0013_data,grupo 1,evaluacion,ok,concordante,False,nan,default6mm,0.0,ocupado_semimax,,0,0,5654,13.8,157.0,16.7,15.9,-9.0,3.4,-33.0,13.8,-33.0,-24.0,1.2,4.1,182.4,135.3,171.5,0.9924,0.0868,-0.0868,0.0,0.0,49.3,False,137,167.0,0.445,si,si,si,si,si,si,si,4.8,
dataset7_CLINIC_metal_0013_data,grupo 1,evaluacion,ok,concordante,False,nan,default6mm,0.001,hueso,,524,524,0,13.8,157.0,16.7,15.9,-9.0,3.4,-33.0,13.8,-33.0,-24.0,1.2,4.1,182.4,135.3,171.5,0.9924,0.0868,-0.0868,0.0,0.0,49.3,False,137,167.0,0.445,si,si,si,si,si,si,si,4.9,
dataset7_CLINIC_metal_0013_data,grupo 1,evaluacion,ok,concordante,False,nan,default6mm,0.001,ocupado_2500,,524,524,5654,13.8,157.0,16.7,15.9,-9.0,3.4,-33.0,13.8,-33.0,-24.0,1.2,4.1,182.4,135.3,171.5,0.9924,0.0868,-0.0868,0.0,0.0,49.3,False,137,167.0,0.445,si,si,si,si,si,si,si,4.6,
dataset7_CLINIC_metal_0013_data,grupo 1,evaluacion,ok,concordante,False,nan,default6mm,0.001,ocupado_semimax,,524,524,5654,13.8,157.0,16.7,15.9,-9.0,3.4,-33.0,13.8,-33.0,-24.0,1.2,4.1,182.4,135.3,171.5,0.9924,0.0868,-0.0868,0.0,0.0,49.3,False,137,167.0,0.445,si,si,si,si,si,si,si,4.7,
dataset7_CLINIC_metal_0013_data,grupo 1,evaluacion,ok,concordante,False,nan,default6mm,0.01,hueso,0.001,524,524,0,13.8,157.0,16.7,15.9,-9.0,3.4,-33.0,13.8,-33.0,-24.0,1.2,4.1,182.4,135.3,171.5,0.9924,0.0868,-0.0868,0.0,0.0,49.3,False,137,167.0,0.445,si,si,si,si,si,si,si,0.0,
dataset7_CLINIC_metal_0013_data,grupo 1,evaluacion,ok,concordante,False,nan,default6mm,0.01,ocupado_2500,0.001,524,524,5654,13.8,157.0,16.7,15.9,-9.0,3.4,-33.0,13.8,-33.0,-24.0,1.2,4.1,182.4,135.3,171.5,0.9924,0.0868,-0.0868,0.0,0.0,49.3,False,137,167.0,0.445,si,si,si,si,si,si,si,0.0,
dataset7_CLINIC_metal_0013_data,grupo 1,evaluacion,ok,concordante,False,nan,default6mm,0.01,ocupado_semimax,0.001,524,524,5654,13.8,157.0,16.7,15.9,-9.0,3.4,-33.0,13.8,-33.0,-24.0,1.2,4.1,182.4,135.3,171.5,0.9924,0.0868,-0.0868,0.0,0.0,49.3,False,137,167.0,0.445,si,si,si,si,si,si,si,0.0,
dataset7_CLINIC_metal_0013_data,grupo 1,evaluacion,ok,concordante,False,nan,default6mm,0.05,hueso,0.001,524,524,0,13.8,157.0,16.7,15.9,-9.0,3.4,-33.0,13.8,-33.0,-24.0,1.2,4.1,182.4,135.3,171.5,0.9924,0.0868,-0.0868,0.0,0.0,49.3,False,137,167.0,0.445,si,si,si,si,si,si,si,0.0,
dataset7_CLINIC_metal_0013_data,grupo 1,evaluacion,ok,concordante,False,nan,default6mm,0.05,ocupado_2500,0.001,524,524,5654,13.8,157.0,16.7,15.9,-9.0,3.4,-33.0,13.8,-33.0,-24.0,1.2,4.1,182.4,135.3,171.5,0.9924,0.0868,-0.0868,0.0,0.0,49.3,False,137,167.0,0.445,si,si,si,si,si,si,si,0.0,
dataset7_CLINIC_metal_0013_data,grupo 1,evaluacion,ok,concordante,False,nan,default6mm,0.05,ocupado_semimax,0.001,524,524,5654,13.8,157.0,16.7,15.9,-9.0,3.4,-33.0,13.8,-33.0,-24.0,1.2,4.1,182.4,135.3,171.5,0.9924,0.0868,-0.0868,0.0,0.0,49.3,False,137,167.0,0.445,si,si,si,si,si,si,si,0.0,
dataset7_CLINIC_metal_0013_data,grupo 1,evaluacion,ok,concordante,False,nan,robust3mm,0.0,hueso,,0,0,0,13.8,157.0,16.7,14.9,-33.0,13.8,,,-33.0,-24.0,1.2,4.1,182.4,135.3,171.5,0.9924,0.0868,-0.0868,0.0,0.0,49.3,False,137,167.0,0.445,si,si,si,si,si,si,si,4.9,
dataset7_CLINIC_metal_0013_data,grupo 1,evaluacion,ok,concordante,False,nan,robust3mm,0.0,ocupado_2500,,0,0,5563,13.8,157.0,16.7,14.9,-33.0,13.8,,,-33.0,-24.0,1.2,4.1,182.4,135.3,171.5,0.9924,0.0868,-0.0868,0.0,0.0,49.3,False,137,167.0,0.445,si,si,si,si,si,si,si,4.6,
dataset7_CLINIC_metal_0013_data,grupo 1,evaluacion,ok,concordante,False,nan,robust3mm,0.0,ocupado_semimax,,0,0,5563,13.8,157.0,16.7,14.9,-33.0,13.8,,,-33.0,-24.0,1.2,4.1,182.4,135.3,171.5,0.9924,0.0868,-0.0868,0.0,0.0,49.3,False,137,167.0,0.445,si,si,si,si,si,si,si,4.8,
dataset7_CLINIC_metal_0013_data,grupo 1,evaluacion,ok,concordante,False,nan,robust3mm,0.001,hueso,,532,524,0,13.8,157.0,16.7,14.9,-33.0,13.8,,,-33.0,-24.0,1.2,4.1,182.4,135.3,171.5,0.9924,0.0868,-0.0868,0.0,0.0,49.3,False,137,167.0,0.445,si,si,si,si,si,si,si,5.2,
dataset7_CLINIC_metal_0013_data,grupo 1,evaluacion,ok,concordante,False,nan,robust3mm,0.001,ocupado_2500,,532,524,5563,13.8,157.0,16.7,14.9,-33.0,13.8,,,-33.0,-24.0,1.2,4.1,182.4,135.3,171.5,0.9924,0.0868,-0.0868,0.0,0.0,49.3,False,137,167.0,0.445,si,si,si,si,si,si,si,4.7,
dataset7_CLINIC_metal_0013_data,grupo 1,evaluacion,ok,concordante,False,nan,robust3mm,0.001,ocupado_semimax,,532,524,5563,13.8,157.0,16.7,14.9,-33.0,13.8,,,-33.0,-24.0,1.2,4.1,182.4,135.3,171.5,0.9924,0.0868,-0.0868,0.0,0.0,49.3,False,137,167.0,0.445,si,si,si,si,si,si,si,4.8,
dataset7_CLINIC_metal_0013_data,grupo 1,evaluacion,ok,concordante,False,nan,robust3mm,0.01,hueso,0.001,532,524,0,13.8,157.0,16.7,14.9,-33.0,13.8,,,-33.0,-24.0,1.2,4.1,182.4,135.3,171.5,0.9924,0.0868,-0.0868,0.0,0.0,49.3,False,137,167.0,0.445,si,si,si,si,si,si,si,0.0,
dataset7_CLINIC_metal_0013_data,grupo 1,evaluacion,ok,concordante,False,nan,robust3mm,0.01,ocupado_2500,0.001,532,524,5563,13.8,157.0,16.7,14.9,-33.0,13.8,,,-33.0,-24.0,1.2,4.1,182.4,135.3,171.5,0.9924,0.0868,-0.0868,0.0,0.0,49.3,False,137,167.0,0.445,si,si,si,si,si,si,si,0.0,
dataset7_CLINIC_metal_0013_data,grupo 1,evaluacion,ok,concordante,False,nan,robust3mm,0.01,ocupado_semimax,0.001,532,524,5563,13.8,157.0,16.7,14.9,-33.0,13.8,,,-33.0,-24.0,1.2,4.1,182.4,135.3,171.5,0.9924,0.0868,-0.0868,0.0,0.0,49.3,False,137,167.0,0.445,si,si,si,si,si,si,si,0.0,
dataset7_CLINIC_metal_0013_data,grupo 1,evaluacion,ok,concordante,False,nan,robust3mm,0.05,hueso,0.001,532,524,0,13.8,157.0,16.7,14.9,-33.0,13.8,,,-33.0,-24.0,1.2,4.1,182.4,135.3,171.5,0.9924,0.0868,-0.0868,0.0,0.0,49.3,False,137,167.0,0.445,si,si,si,si,si,si,si,0.0,
dataset7_CLINIC_metal_0013_data,grupo 1,evaluacion,ok,concordante,False,nan,robust3mm,0.05,ocupado_2500,0.001,532,524,5563,13.8,157.0,16.7,14.9,-33.0,13.8,,,-33.0,-24.0,1.2,4.1,182.4,135.3,171.5,0.9924,0.0868,-0.0868,0.0,0.0,49.3,False,137,167.0,0.445,si,si,si,si,si,si,si,0.0,
dataset7_CLINIC_metal_0013_data,grupo 1,evaluacion,ok,concordante,False,nan,robust3mm,0.05,ocupado_semimax,0.001,532,524,5563,13.8,157.0,16.7,14.9,-33.0,13.8,,,-33.0,-24.0,1.2,4.1,182.4,135.3,171.5,0.9924,0.0868,-0.0868,0.0,0.0,49.3,False,137,167.0,0.445,si,si,si,si,si,si,si,0.0,
dataset7_CLINIC_metal_0017_data,grupo 1,evaluacion,ok,concordante,False,nan,default6mm,0.0,hueso,,0,0,0,14.6,153.0,16.0,15.5,-27.0,14.6,,,-27.0,-27.0,1.6,7.9,193.5,157.1,201.7,1.0,0.0,0.0,0.0,0.0,6.2,True,133,282.0,0.015,si,si,si,si,si,si,si,4.8,
dataset7_CLINIC_metal_0017_data,grupo 1,evaluacion,ok,concordante,False,nan,default6mm,0.0,ocupado_2500,,0,0,26104,12.4,153.0,16.0,14.9,-27.0,12.4,,,-27.0,-27.0,1.6,7.9,193.5,157.1,201.7,1.0,0.0,0.0,0.0,0.0,6.2,False,133,282.0,0.015,si,si,si,si,si,si,si,3.8,
dataset7_CLINIC_metal_0017_data,grupo 1,evaluacion,ok,concordante,False,nan,default6mm,0.0,ocupado_semimax,,0,0,26218,12.4,153.0,16.0,14.9,-27.0,12.4,,,-27.0,-27.0,1.6,7.9,193.5,157.1,201.7,1.0,0.0,0.0,0.0,0.0,6.2,False,133,282.0,0.015,si,si,si,si,si,si,si,4.3,
dataset7_CLINIC_metal_0017_data,grupo 1,evaluacion,ok,concordante,False,nan,default6mm,0.001,hueso,,372,372,0,14.6,153.0,16.0,15.5,-27.0,14.6,,,-27.0,-27.0,1.6,7.9,193.5,157.1,201.7,1.0,0.0,0.0,0.0,0.0,6.2,True,133,282.0,0.015,si,si,si,si,si,si,si,4.6,
dataset7_CLINIC_metal_0017_data,grupo 1,evaluacion,ok,concordante,False,nan,default6mm,0.001,ocupado_2500,,372,372,26096,12.4,153.0,16.0,14.9,-27.0,12.4,,,-27.0,-27.0,1.6,7.9,193.5,157.1,201.7,1.0,0.0,0.0,0.0,0.0,6.2,False,133,282.0,0.015,si,si,si,si,si,si,si,4.3,
dataset7_CLINIC_metal_0017_data,grupo 1,evaluacion,ok,concordante,False,nan,default6mm,0.001,ocupado_semimax,,372,372,26210,12.4,153.0,16.0,14.9,-27.0,12.4,,,-27.0,-27.0,1.6,7.9,193.5,157.1,201.7,1.0,0.0,0.0,0.0,0.0,6.2,False,133,282.0,0.015,si,si,si,si,si,si,si,3.9,
dataset7_CLINIC_metal_0017_data,grupo 1,evaluacion,ok,concordante,False,nan,default6mm,0.01,hueso,0.001,372,372,0,14.6,153.0,16.0,15.5,-27.0,14.6,,,-27.0,-27.0,1.6,7.9,193.5,157.1,201.7,1.0,0.0,0.0,0.0,0.0,6.2,True,133,282.0,0.015,si,si,si,si,si,si,si,0.0,
dataset7_CLINIC_metal_0017_data,grupo 1,evaluacion,ok,concordante,False,nan,default6mm,0.01,ocupado_2500,0.001,372,372,26096,12.4,153.0,16.0,14.9,-27.0,12.4,,,-27.0,-27.0,1.6,7.9,193.5,157.1,201.7,1.0,0.0,0.0,0.0,0.0,6.2,False,133,282.0,0.015,si,si,si,si,si,si,si,0.1,
dataset7_CLINIC_metal_0017_data,grupo 1,evaluacion,ok,concordante,False,nan,default6mm,0.01,ocupado_semimax,0.001,372,372,26210,12.4,153.0,16.0,14.9,-27.0,12.4,,,-27.0,-27.0,1.6,7.9,193.5,157.1,201.7,1.0,0.0,0.0,0.0,0.0,6.2,False,133,282.0,0.015,si,si,si,si,si,si,si,0.0,
dataset7_CLINIC_metal_0017_data,grupo 1,evaluacion,ok,concordante,False,nan,default6mm,0.05,hueso,0.001,372,372,0,14.6,153.0,16.0,15.5,-27.0,14.6,,,-27.0,-27.0,1.6,7.9,193.5,157.1,201.7,1.0,0.0,0.0,0.0,0.0,6.2,True,133,282.0,0.015,si,si,si,si,si,si,si,0.0,
dataset7_CLINIC_metal_0017_data,grupo 1,evaluacion,ok,concordante,False,nan,default6mm,0.05,ocupado_2500,0.001,372,372,26096,12.4,153.0,16.0,14.9,-27.0,12.4,,,-27.0,-27.0,1.6,7.9,193.5,157.1,201.7,1.0,0.0,0.0,0.0,0.0,6.2,False,133,282.0,0.015,si,si,si,si,si,si,si,0.1,
dataset7_CLINIC_metal_0017_data,grupo 1,evaluacion,ok,concordante,False,nan,default6mm,0.05,ocupado_semimax,0.001,372,372,26210,12.4,153.0,16.0,14.9,-27.0,12.4,,,-27.0,-27.0,1.6,7.9,193.5,157.1,201.7,1.0,0.0,0.0,0.0,0.0,6.2,False,133,282.0,0.015,si,si,si,si,si,si,si,0.0,
dataset7_CLINIC_metal_0017_data,grupo 1,evaluacion,ok,concordante,False,nan,robust3mm,0.0,hueso,,0,0,0,14.6,151.0,15.8,16.2,-27.0,14.6,,,-27.0,-27.0,1.6,7.9,193.5,157.1,201.7,1.0,0.0,0.0,0.0,0.0,6.2,True,134,284.0,0.015,si,si,si,si,si,si,si,4.7,
dataset7_CLINIC_metal_0017_data,grupo 1,evaluacion,ok,concordante,False,nan,robust3mm,0.0,ocupado_2500,,0,0,24650,12.4,151.0,15.8,15.7,-27.0,12.4,,,-27.0,-27.0,1.6,7.9,193.5,157.1,201.7,1.0,0.0,0.0,0.0,0.0,6.2,False,134,284.0,0.015,si,si,si,si,si,si,si,4.3,
dataset7_CLINIC_metal_0017_data,grupo 1,evaluacion,ok,concordante,False,nan,robust3mm,0.0,ocupado_semimax,,0,0,24765,12.4,151.0,15.8,15.7,-27.0,12.4,,,-27.0,-27.0,1.6,7.9,193.5,157.1,201.7,1.0,0.0,0.0,0.0,0.0,6.2,False,134,284.0,0.015,si,si,si,si,si,si,si,4.1,
dataset7_CLINIC_metal_0017_data,grupo 1,evaluacion,ok,concordante,False,nan,robust3mm,0.001,hueso,,370,370,0,14.6,151.0,15.8,16.2,-27.0,14.6,,,-27.0,-27.0,1.6,7.9,193.5,157.1,201.7,1.0,0.0,0.0,0.0,0.0,6.2,True,134,284.0,0.015,si,si,si,si,si,si,si,4.3,
dataset7_CLINIC_metal_0017_data,grupo 1,evaluacion,ok,concordante,False,nan,robust3mm,0.001,ocupado_2500,,370,370,24644,12.4,151.0,15.8,15.7,-27.0,12.4,,,-27.0,-27.0,1.6,7.9,193.5,157.1,201.7,1.0,0.0,0.0,0.0,0.0,6.2,False,134,284.0,0.015,si,si,si,si,si,si,si,4.0,
dataset7_CLINIC_metal_0017_data,grupo 1,evaluacion,ok,concordante,False,nan,robust3mm,0.001,ocupado_semimax,,370,370,24759,12.4,151.0,15.8,15.7,-27.0,12.4,,,-27.0,-27.0,1.6,7.9,193.5,157.1,201.7,1.0,0.0,0.0,0.0,0.0,6.2,False,134,284.0,0.015,si,si,si,si,si,si,si,4.0,
dataset7_CLINIC_metal_0017_data,grupo 1,evaluacion,ok,concordante,False,nan,robust3mm,0.01,hueso,0.001,370,370,0,14.6,151.0,15.8,16.2,-27.0,14.6,,,-27.0,-27.0,1.6,7.9,193.5,157.1,201.7,1.0,0.0,0.0,0.0,0.0,6.2,True,134,284.0,0.015,si,si,si,si,si,si,si,0.0,
dataset7_CLINIC_metal_0017_data,grupo 1,evaluacion,ok,concordante,False,nan,robust3mm,0.01,ocupado_2500,0.001,370,370,24644,12.4,151.0,15.8,15.7,-27.0,12.4,,,-27.0,-27.0,1.6,7.9,193.5,157.1,201.7,1.0,0.0,0.0,0.0,0.0,6.2,False,134,284.0,0.015,si,si,si,si,si,si,si,0.0,
dataset7_CLINIC_metal_0017_data,grupo 1,evaluacion,ok,concordante,False,nan,robust3mm,0.01,ocupado_semimax,0.001,370,370,24759,12.4,151.0,15.8,15.7,-27.0,12.4,,,-27.0,-27.0,1.6,7.9,193.5,157.1,201.7,1.0,0.0,0.0,0.0,0.0,6.2,False,134,284.0,0.015,si,si,si,si,si,si,si,0.0,
dataset7_CLINIC_metal_0017_data,grupo 1,evaluacion,ok,concordante,False,nan,robust3mm,0.05,hueso,0.001,370,370,0,14.6,151.0,15.8,16.2,-27.0,14.6,,,-27.0,-27.0,1.6,7.9,193.5,157.1,201.7,1.0,0.0,0.0,0.0,0.0,6.2,True,134,284.0,0.015,si,si,si,si,si,si,si,0.0,
dataset7_CLINIC_metal_0017_data,grupo 1,evaluacion,ok,concordante,False,nan,robust3mm,0.05,ocupado_2500,0.001,370,370,24644,12.4,151.0,15.8,15.7,-27.0,12.4,,,-27.0,-27.0,1.6,7.9,193.5,157.1,201.7,1.0,0.0,0.0,0.0,0.0,6.2,False,134,284.0,0.015,si,si,si,si,si,si,si,0.0,
dataset7_CLINIC_metal_0017_data,grupo 1,evaluacion,ok,concordante,False,nan,robust3mm,0.05,ocupado_semimax,0.001,370,370,24759,12.4,151.0,15.8,15.7,-27.0,12.4,,,-27.0,-27.0,1.6,7.9,193.5,157.1,201.7,1.0,0.0,0.0,0.0,0.0,6.2,False,134,284.0,0.015,si,si,si,si,si,si,si,0.0,
dataset7_CLINIC_metal_0026_data,grupo 1,evaluacion,+1,sin techo,False,nan,default6mm,0.0,hueso,,0,0,0,10.7,179.0,13.1,12.9,-39.0,10.7,,,-39.0,-45.0,4.8,2.0,264.8,243.4,158.8,1.0,0.0,0.0,0.028,0.039,0.0,True,159,251.0,0.302,si,si,si,si,no,si,no,2.3,
dataset7_CLINIC_metal_0026_data,grupo 1,evaluacion,+1,sin techo,False,nan,default6mm,0.0,ocupado_2500,,0,0,12308,7.7,179.0,12.0,12.9,-27.0,3.9,-39.0,7.7,-39.0,-45.0,9.8,2.0,264.8,243.4,158.8,0.9962,0.0,0.0872,0.0,0.0,3.9,False,163,238.0,0.319,no,no,no,no,no,no,no,2.0,
dataset7_CLINIC_metal_0026_data,grupo 1,evaluacion,+1,sin techo,False,nan,default6mm,0.0,ocupado_semimax,,0,0,12308,7.7,179.0,12.0,12.9,-27.0,3.9,-39.0,7.7,-39.0,-45.0,9.8,2.0,264.8,243.4,158.8,0.9962,0.0,0.0872,0.0,0.0,3.9,False,163,238.0,0.319,no,no,no,no,no,no,no,1.8,
dataset7_CLINIC_metal_0026_data,grupo 1,evaluacion,+1,sin techo,False,nan,default6mm,0.001,hueso,,35,35,0,10.7,179.0,13.1,12.9,-39.0,10.7,,,-39.0,-45.0,4.8,2.0,264.8,243.4,158.8,1.0,0.0,0.0,0.028,0.039,0.0,True,159,251.0,0.302,si,si,si,si,no,si,no,2.5,
dataset7_CLINIC_metal_0026_data,grupo 1,evaluacion,+1,sin techo,False,nan,default6mm,0.001,ocupado_2500,,35,35,12306,7.7,179.0,12.0,12.9,-27.0,3.9,-39.0,7.7,-39.0,-45.0,9.8,2.0,264.8,243.4,158.8,0.9962,0.0,0.0872,0.0,0.0,3.9,False,163,238.0,0.319,no,no,no,no,no,no,no,1.8,
dataset7_CLINIC_metal_0026_data,grupo 1,evaluacion,+1,sin techo,False,nan,default6mm,0.001,ocupado_semimax,,35,35,12306,7.7,179.0,12.0,12.9,-27.0,3.9,-39.0,7.7,-39.0,-45.0,9.8,2.0,264.8,243.4,158.8,0.9962,0.0,0.0872,0.0,0.0,3.9,False,163,238.0,0.319,no,no,no,no,no,no,no,2.0,
dataset7_CLINIC_metal_0026_data,grupo 1,evaluacion,+1,sin techo,False,nan,default6mm,0.01,hueso,,157,157,0,10.7,179.0,13.1,12.9,-39.0,10.7,,,-39.0,-45.0,4.8,2.0,264.8,243.4,158.8,1.0,0.0,0.0,0.028,0.039,0.0,True,159,251.0,0.302,si,si,si,si,no,si,no,1.9,
dataset7_CLINIC_metal_0026_data,grupo 1,evaluacion,+1,sin techo,False,nan,default6mm,0.01,ocupado_2500,,157,157,12306,7.7,179.0,12.0,12.9,-27.0,3.9,-39.0,7.7,-39.0,-45.0,9.8,2.0,264.8,243.4,158.8,0.9962,0.0,0.0872,0.0,0.0,3.9,False,163,238.0,0.319,no,no,no,no,no,no,no,1.7,
dataset7_CLINIC_metal_0026_data,grupo 1,evaluacion,+1,sin techo,False,nan,default6mm,0.01,ocupado_semimax,,157,157,12306,7.7,179.0,12.0,12.9,-27.0,3.9,-39.0,7.7,-39.0,-45.0,9.8,2.0,264.8,243.4,158.8,0.9962,0.0,0.0872,0.0,0.0,3.9,False,163,238.0,0.319,no,no,no,no,no,no,no,1.8,
dataset7_CLINIC_metal_0026_data,grupo 1,evaluacion,+1,sin techo,False,nan,default6mm,0.05,hueso,0.01,157,157,0,10.7,179.0,13.1,12.9,-39.0,10.7,,,-39.0,-45.0,4.8,2.0,264.8,243.4,158.8,1.0,0.0,0.0,0.028,0.039,0.0,True,159,251.0,0.302,si,si,si,si,no,si,no,0.0,
dataset7_CLINIC_metal_0026_data,grupo 1,evaluacion,+1,sin techo,False,nan,default6mm,0.05,ocupado_2500,0.01,157,157,12306,7.7,179.0,12.0,12.9,-27.0,3.9,-39.0,7.7,-39.0,-45.0,9.8,2.0,264.8,243.4,158.8,0.9962,0.0,0.0872,0.0,0.0,3.9,False,163,238.0,0.319,no,no,no,no,no,no,no,0.0,
dataset7_CLINIC_metal_0026_data,grupo 1,evaluacion,+1,sin techo,False,nan,default6mm,0.05,ocupado_semimax,0.01,157,157,12306,7.7,179.0,12.0,12.9,-27.0,3.9,-39.0,7.7,-39.0,-45.0,9.8,2.0,264.8,243.4,158.8,0.9962,0.0,0.0872,0.0,0.0,3.9,False,163,238.0,0.319,no,no,no,no,no,no,no,0.0,
dataset7_CLINIC_metal_0026_data,grupo 1,evaluacion,+1,sin techo,False,nan,robust3mm,0.0,hueso,,0,0,0,10.7,179.0,12.9,12.5,-39.0,10.7,,,-39.0,-45.0,4.8,2.0,264.8,243.4,158.8,1.0,0.0,0.0,0.028,0.039,0.0,True,162,250.5,0.309,si,si,si,si,no,si,no,1.9,
dataset7_CLINIC_metal_0026_data,grupo 1,evaluacion,+1,sin techo,False,nan,robust3mm,0.0,ocupado_2500,,0,0,12444,7.7,179.0,11.5,14.2,-27.0,4.4,-39.0,7.7,-39.0,-45.0,9.8,2.0,264.8,243.4,158.8,0.9962,0.0,0.0872,0.0,0.0,3.9,False,161,238.0,0.323,no,no,no,no,no,no,no,1.9,
dataset7_CLINIC_metal_0026_data,grupo 1,evaluacion,+1,sin techo,False,nan,robust3mm,0.0,ocupado_semimax,,0,0,12444,7.7,179.0,11.5,14.2,-27.0,4.4,-39.0,7.7,-39.0,-45.0,9.8,2.0,264.8,243.4,158.8,0.9962,0.0,0.0872,0.0,0.0,3.9,False,161,238.0,0.323,no,no,no,no,no,no,no,2.1,
dataset7_CLINIC_metal_0026_data,grupo 1,evaluacion,+1,sin techo,False,nan,robust3mm,0.001,hueso,,9,9,0,10.7,179.0,12.9,12.5,-39.0,10.7,,,-39.0,-45.0,4.8,2.0,264.8,243.4,158.8,1.0,0.0,0.0,0.028,0.039,0.0,True,162,250.5,0.309,si,si,si,si,no,si,no,2.1,
dataset7_CLINIC_metal_0026_data,grupo 1,evaluacion,+1,sin techo,False,nan,robust3mm,0.001,ocupado_2500,,9,9,12444,7.7,179.0,11.5,14.2,-27.0,4.4,-39.0,7.7,-39.0,-45.0,9.8,2.0,264.8,243.4,158.8,0.9962,0.0,0.0872,0.0,0.0,3.9,False,161,238.0,0.323,no,no,no,no,no,no,no,2.0,
dataset7_CLINIC_metal_0026_data,grupo 1,evaluacion,+1,sin techo,False,nan,robust3mm,0.001,ocupado_semimax,,9,9,12444,7.7,179.0,11.5,14.2,-27.0,4.4,-39.0,7.7,-39.0,-45.0,9.8,2.0,264.8,243.4,158.8,0.9962,0.0,0.0872,0.0,0.0,3.9,False,161,238.0,0.323,no,no,no,no,no,no,no,1.8,
dataset7_CLINIC_metal_0026_data,grupo 1,evaluacion,+1,sin techo,False,nan,robust3mm,0.01,hueso,,217,217,0,10.7,179.0,12.9,12.5,-39.0,10.7,,,-39.0,-45.0,4.8,2.0,264.8,243.4,158.8,1.0,0.0,0.0,0.028,0.039,0.0,True,162,250.5,0.309,si,si,si,si,no,si,no,2.2,
dataset7_CLINIC_metal_0026_data,grupo 1,evaluacion,+1,sin techo,False,nan,robust3mm,0.01,ocupado_2500,,217,217,12444,7.7,179.0,11.5,14.2,-27.0,4.4,-39.0,7.7,-39.0,-45.0,9.8,2.0,264.8,243.4,158.8,0.9962,0.0,0.0872,0.0,0.0,3.9,False,161,238.0,0.323,no,no,no,no,no,no,no,1.8,
dataset7_CLINIC_metal_0026_data,grupo 1,evaluacion,+1,sin techo,False,nan,robust3mm,0.01,ocupado_semimax,,217,217,12444,7.7,179.0,11.5,14.2,-27.0,4.4,-39.0,7.7,-39.0,-45.0,9.8,2.0,264.8,243.4,158.8,0.9962,0.0,0.0872,0.0,0.0,3.9,False,161,238.0,0.323,no,no,no,no,no,no,no,1.9,
dataset7_CLINIC_metal_0026_data,grupo 1,evaluacion,+1,sin techo,False,nan,robust3mm,0.05,hueso,0.01,217,217,0,10.7,179.0,12.9,12.5,-39.0,10.7,,,-39.0,-45.0,4.8,2.0,264.8,243.4,158.8,1.0,0.0,0.0,0.028,0.039,0.0,True,162,250.5,0.309,si,si,si,si,no,si,no,0.0,
dataset7_CLINIC_metal_0026_data,grupo 1,evaluacion,+1,sin techo,False,nan,robust3mm,0.05,ocupado_2500,0.01,217,217,12444,7.7,179.0,11.5,14.2,-27.0,4.4,-39.0,7.7,-39.0,-45.0,9.8,2.0,264.8,243.4,158.8,0.9962,0.0,0.0872,0.0,0.0,3.9,False,161,238.0,0.323,no,no,no,no,no,no,no,0.0,
dataset7_CLINIC_metal_0026_data,grupo 1,evaluacion,+1,sin techo,False,nan,robust3mm,0.05,ocupado_semimax,0.01,217,217,12444,7.7,179.0,11.5,14.2,-27.0,4.4,-39.0,7.7,-39.0,-45.0,9.8,2.0,264.8,243.4,158.8,0.9962,0.0,0.0872,0.0,0.0,3.9,False,161,238.0,0.323,no,no,no,no,no,no,no,0.0,
dataset7_CLINIC_metal_0024_data,grupo 1,evaluacion,ok,concordante,False,nan,default6mm,0.0,hueso,,0,0,0,5.9,123.0,7.8,5.9,-30.0,4.8,-42.0,5.9,-42.0,-42.0,1.5,4.0,250.3,195.7,142.1,0.9962,0.0872,0.0,0.0,0.0,16.0,False,102,229.5,0.412,no,no,no,no,no,no,no,3.2,
dataset7_CLINIC_metal_0024_data,grupo 1,evaluacion,ok,concordante,False,nan,default6mm,0.0,ocupado_2500,,0,0,3338,5.9,123.0,7.8,5.9,-27.0,3.9,-42.0,5.9,-42.0,-42.0,1.5,4.0,250.3,195.7,142.1,0.9962,0.0872,0.0,0.0,0.0,16.0,False,102,229.5,0.412,no,no,no,no,no,no,no,3.1,
dataset7_CLINIC_metal_0024_data,grupo 1,evaluacion,ok,concordante,False,nan,default6mm,0.0,ocupado_semimax,,0,0,3773,5.9,123.0,7.8,5.9,-12.0,1.6,-42.0,5.9,-42.0,-42.0,1.5,4.0,250.3,195.7,142.1,0.9962,0.0872,0.0,0.0,0.0,16.0,False,102,229.5,0.412,no,no,no,no,no,no,no,3.0,
dataset7_CLINIC_metal_0024_data,grupo 1,evaluacion,ok,concordante,False,nan,default6mm,0.001,hueso,,379,379,0,5.9,123.0,7.8,5.9,-30.0,4.8,-42.0,5.9,-42.0,-42.0,1.5,4.0,250.3,195.7,142.1,0.9962,0.0872,0.0,0.0,0.0,16.0,False,102,229.5,0.412,no,no,no,no,no,no,no,3.2,
dataset7_CLINIC_metal_0024_data,grupo 1,evaluacion,ok,concordante,False,nan,default6mm,0.001,ocupado_2500,,379,379,3338,5.9,123.0,7.8,5.9,-27.0,3.9,-42.0,5.9,-42.0,-42.0,1.5,4.0,250.3,195.7,142.1,0.9962,0.0872,0.0,0.0,0.0,16.0,False,102,229.5,0.412,no,no,no,no,no,no,no,3.2,
dataset7_CLINIC_metal_0024_data,grupo 1,evaluacion,ok,concordante,False,nan,default6mm,0.001,ocupado_semimax,,379,379,3773,5.9,123.0,7.8,5.9,-12.0,1.6,-42.0,5.9,-42.0,-42.0,1.5,4.0,250.3,195.7,142.1,0.9962,0.0872,0.0,0.0,0.0,16.0,False,102,229.5,0.412,no,no,no,no,no,no,no,3.1,
dataset7_CLINIC_metal_0024_data,grupo 1,evaluacion,ok,concordante,False,nan,default6mm,0.01,hueso,0.001,379,379,0,5.9,123.0,7.8,5.9,-30.0,4.8,-42.0,5.9,-42.0,-42.0,1.5,4.0,250.3,195.7,142.1,0.9962,0.0872,0.0,0.0,0.0,16.0,False,102,229.5,0.412,no,no,no,no,no,no,no,0.0,
dataset7_CLINIC_metal_0024_data,grupo 1,evaluacion,ok,concordante,False,nan,default6mm,0.01,ocupado_2500,0.001,379,379,3338,5.9,123.0,7.8,5.9,-27.0,3.9,-42.0,5.9,-42.0,-42.0,1.5,4.0,250.3,195.7,142.1,0.9962,0.0872,0.0,0.0,0.0,16.0,False,102,229.5,0.412,no,no,no,no,no,no,no,0.0,
dataset7_CLINIC_metal_0024_data,grupo 1,evaluacion,ok,concordante,False,nan,default6mm,0.01,ocupado_semimax,0.001,379,379,3773,5.9,123.0,7.8,5.9,-12.0,1.6,-42.0,5.9,-42.0,-42.0,1.5,4.0,250.3,195.7,142.1,0.9962,0.0872,0.0,0.0,0.0,16.0,False,102,229.5,0.412,no,no,no,no,no,no,no,0.0,
dataset7_CLINIC_metal_0024_data,grupo 1,evaluacion,ok,concordante,False,nan,default6mm,0.05,hueso,0.001,379,379,0,5.9,123.0,7.8,5.9,-30.0,4.8,-42.0,5.9,-42.0,-42.0,1.5,4.0,250.3,195.7,142.1,0.9962,0.0872,0.0,0.0,0.0,16.0,False,102,229.5,0.412,no,no,no,no,no,no,no,0.0,
dataset7_CLINIC_metal_0024_data,grupo 1,evaluacion,ok,concordante,False,nan,default6mm,0.05,ocupado_2500,0.001,379,379,3338,5.9,123.0,7.8,5.9,-27.0,3.9,-42.0,5.9,-42.0,-42.0,1.5,4.0,250.3,195.7,142.1,0.9962,0.0872,0.0,0.0,0.0,16.0,False,102,229.5,0.412,no,no,no,no,no,no,no,0.0,
dataset7_CLINIC_metal_0024_data,grupo 1,evaluacion,ok,concordante,False,nan,default6mm,0.05,ocupado_semimax,0.001,379,379,3773,5.9,123.0,7.8,5.9,-12.0,1.6,-42.0,5.9,-42.0,-42.0,1.5,4.0,250.3,195.7,142.1,0.9962,0.0872,0.0,0.0,0.0,16.0,False,102,229.5,0.412,no,no,no,no,no,no,no,0.0,
dataset7_CLINIC_metal_0024_data,grupo 1,evaluacion,ok,concordante,False,nan,robust3mm,0.0,hueso,,0,0,0,5.0,123.0,6.2,5.0,-30.0,4.8,-42.0,5.0,-42.0,-42.0,1.5,4.0,250.3,195.7,142.1,0.9962,0.0872,0.0,0.0,0.0,16.0,False,102,229.5,0.412,no,no,no,no,no,no,no,3.0,
dataset7_CLINIC_metal_0024_data,grupo 1,evaluacion,ok,concordante,False,nan,robust3mm,0.0,ocupado_2500,,0,0,3315,5.0,123.0,6.2,5.0,-27.0,3.7,-42.0,5.0,-42.0,-42.0,1.5,4.0,250.3,195.7,142.1,0.9962,0.0872,0.0,0.0,0.0,16.0,False,102,229.5,0.412,no,no,no,no,no,no,no,3.1,
dataset7_CLINIC_metal_0024_data,grupo 1,evaluacion,ok,concordante,False,nan,robust3mm,0.0,ocupado_semimax,,0,0,3742,5.0,123.0,6.2,5.0,-42.0,5.0,,,-42.0,-42.0,1.5,4.0,250.3,195.7,142.1,0.9962,0.0872,0.0,0.0,0.0,16.0,False,102,229.5,0.412,no,no,no,no,no,no,no,3.0,
dataset7_CLINIC_metal_0024_data,grupo 1,evaluacion,ok,concordante,False,nan,robust3mm,0.001,hueso,,238,238,0,5.0,123.0,6.2,5.0,-30.0,4.8,-42.0,5.0,-42.0,-42.0,1.5,4.0,250.3,195.7,142.1,0.9962,0.0872,0.0,0.0,0.0,16.0,False,102,229.5,0.412,no,no,no,no,no,no,no,3.2,
dataset7_CLINIC_metal_0024_data,grupo 1,evaluacion,ok,concordante,False,nan,robust3mm,0.001,ocupado_2500,,238,238,3315,5.0,123.0,6.2,5.0,-27.0,3.7,-42.0,5.0,-42.0,-42.0,1.5,4.0,250.3,195.7,142.1,0.9962,0.0872,0.0,0.0,0.0,16.0,False,102,229.5,0.412,no,no,no,no,no,no,no,3.0,
dataset7_CLINIC_metal_0024_data,grupo 1,evaluacion,ok,concordante,False,nan,robust3mm,0.001,ocupado_semimax,,238,238,3742,5.0,123.0,6.2,5.0,-42.0,5.0,,,-42.0,-42.0,1.5,4.0,250.3,195.7,142.1,0.9962,0.0872,0.0,0.0,0.0,16.0,False,102,229.5,0.412,no,no,no,no,no,no,no,2.7,
dataset7_CLINIC_metal_0024_data,grupo 1,evaluacion,ok,concordante,False,nan,robust3mm,0.01,hueso,,815,815,0,5.0,123.0,6.2,5.0,-30.0,4.8,-42.0,5.0,-42.0,-42.0,1.5,4.0,250.3,195.7,142.1,0.9962,0.0872,0.0,0.0,0.0,16.0,False,102,229.5,0.412,no,no,no,no,no,no,no,3.1,
dataset7_CLINIC_metal_0024_data,grupo 1,evaluacion,ok,concordante,False,nan,robust3mm,0.01,ocupado_2500,,815,815,3313,5.0,123.0,6.2,5.0,-27.0,3.7,-42.0,5.0,-42.0,-42.0,1.5,4.0,250.3,195.7,142.1,0.9962,0.0872,0.0,0.0,0.0,16.0,False,102,229.5,0.412,no,no,no,no,no,no,no,3.1,
dataset7_CLINIC_metal_0024_data,grupo 1,evaluacion,ok,concordante,False,nan,robust3mm,0.01,ocupado_semimax,,815,815,3740,5.0,123.0,6.2,5.0,-42.0,5.0,,,-42.0,-42.0,1.5,4.0,250.3,195.7,142.1,0.9962,0.0872,0.0,0.0,0.0,16.0,False,102,229.5,0.412,no,no,no,no,no,no,no,2.8,
dataset7_CLINIC_metal_0024_data,grupo 1,evaluacion,ok,concordante,False,nan,robust3mm,0.05,hueso,0.01,815,815,0,5.0,123.0,6.2,5.0,-30.0,4.8,-42.0,5.0,-42.0,-42.0,1.5,4.0,250.3,195.7,142.1,0.9962,0.0872,0.0,0.0,0.0,16.0,False,102,229.5,0.412,no,no,no,no,no,no,no,0.0,
dataset7_CLINIC_metal_0024_data,grupo 1,evaluacion,ok,concordante,False,nan,robust3mm,0.05,ocupado_2500,0.01,815,815,3313,5.0,123.0,6.2,5.0,-27.0,3.7,-42.0,5.0,-42.0,-42.0,1.5,4.0,250.3,195.7,142.1,0.9962,0.0872,0.0,0.0,0.0,16.0,False,102,229.5,0.412,no,no,no,no,no,no,no,0.0,
dataset7_CLINIC_metal_0024_data,grupo 1,evaluacion,ok,concordante,False,nan,robust3mm,0.05,ocupado_semimax,0.01,815,815,3740,5.0,123.0,6.2,5.0,-42.0,5.0,,,-42.0,-42.0,1.5,4.0,250.3,195.7,142.1,0.9962,0.0872,0.0,0.0,0.0,16.0,False,102,229.5,0.412,no,no,no,no,no,no,no,0.0,
dataset7_CLINIC_metal_0018_data,grupo 1,evaluacion,ok,concordante,False,nan,default6mm,0.0,hueso,,0,0,0,9.2,130.0,12.4,11.6,-33.0,9.2,-51.0,6.6,-33.0,-24.0,5.6,1.9,187.1,149.0,167.6,0.9924,0.0868,0.0868,0.0,0.0,11.6,False,110,117.0,0.627,no,si,no,no,no,no,no,5.5,
dataset7_CLINIC_metal_0018_data,grupo 1,evaluacion,ok,concordante,False,nan,default6mm,0.0,ocupado_2500,,0,0,10700,9.2,130.0,12.4,11.2,-33.0,9.2,-51.0,6.6,-33.0,-24.0,5.6,1.9,187.1,149.0,167.6,0.9924,0.0868,0.0868,0.0,0.0,11.6,False,110,117.0,0.627,no,si,no,no,no,no,no,4.7,
dataset7_CLINIC_metal_0018_data,grupo 1,evaluacion,ok,concordante,False,nan,default6mm,0.0,ocupado_semimax,,0,0,13148,9.2,130.0,12.2,10.2,-33.0,9.2,-51.0,6.6,-33.0,-24.0,5.6,1.9,187.1,149.0,167.6,0.9924,0.0868,0.0868,0.0,0.0,11.6,False,110,117.0,0.627,no,si,no,no,no,no,no,4.5,
dataset7_CLINIC_metal_0018_data,grupo 1,evaluacion,ok,concordante,False,nan,default6mm,0.001,hueso,,432,432,0,9.2,130.0,12.4,11.6,-33.0,9.2,-51.0,6.6,-33.0,-24.0,5.6,1.9,187.1,149.0,167.6,0.9924,0.0868,0.0868,0.0,0.0,11.6,False,110,117.0,0.627,no,si,no,no,no,no,no,5.0,
dataset7_CLINIC_metal_0018_data,grupo 1,evaluacion,ok,concordante,False,nan,default6mm,0.001,ocupado_2500,,432,432,10700,9.2,130.0,12.4,11.2,-33.0,9.2,-51.0,6.6,-33.0,-24.0,5.6,1.9,187.1,149.0,167.6,0.9924,0.0868,0.0868,0.0,0.0,11.6,False,110,117.0,0.627,no,si,no,no,no,no,no,4.7,
dataset7_CLINIC_metal_0018_data,grupo 1,evaluacion,ok,concordante,False,nan,default6mm,0.001,ocupado_semimax,,432,432,13148,9.2,130.0,12.2,10.2,-33.0,9.2,-51.0,6.6,-33.0,-24.0,5.6,1.9,187.1,149.0,167.6,0.9924,0.0868,0.0868,0.0,0.0,11.6,False,110,117.0,0.627,no,si,no,no,no,no,no,4.6,
dataset7_CLINIC_metal_0018_data,grupo 1,evaluacion,ok,concordante,False,nan,default6mm,0.01,hueso,0.001,432,432,0,9.2,130.0,12.4,11.6,-33.0,9.2,-51.0,6.6,-33.0,-24.0,5.6,1.9,187.1,149.0,167.6,0.9924,0.0868,0.0868,0.0,0.0,11.6,False,110,117.0,0.627,no,si,no,no,no,no,no,0.0,
dataset7_CLINIC_metal_0018_data,grupo 1,evaluacion,ok,concordante,False,nan,default6mm,0.01,ocupado_2500,0.001,432,432,10700,9.2,130.0,12.4,11.2,-33.0,9.2,-51.0,6.6,-33.0,-24.0,5.6,1.9,187.1,149.0,167.6,0.9924,0.0868,0.0868,0.0,0.0,11.6,False,110,117.0,0.627,no,si,no,no,no,no,no,0.1,
dataset7_CLINIC_metal_0018_data,grupo 1,evaluacion,ok,concordante,False,nan,default6mm,0.01,ocupado_semimax,0.001,432,432,13148,9.2,130.0,12.2,10.2,-33.0,9.2,-51.0,6.6,-33.0,-24.0,5.6,1.9,187.1,149.0,167.6,0.9924,0.0868,0.0868,0.0,0.0,11.6,False,110,117.0,0.627,no,si,no,no,no,no,no,0.0,
dataset7_CLINIC_metal_0018_data,grupo 1,evaluacion,ok,concordante,False,nan,default6mm,0.05,hueso,0.001,432,432,0,9.2,130.0,12.4,11.6,-33.0,9.2,-51.0,6.6,-33.0,-24.0,5.6,1.9,187.1,149.0,167.6,0.9924,0.0868,0.0868,0.0,0.0,11.6,False,110,117.0,0.627,no,si,no,no,no,no,no,0.0,
dataset7_CLINIC_metal_0018_data,grupo 1,evaluacion,ok,concordante,False,nan,default6mm,0.05,ocupado_2500,0.001,432,432,10700,9.2,130.0,12.4,11.2,-33.0,9.2,-51.0,6.6,-33.0,-24.0,5.6,1.9,187.1,149.0,167.6,0.9924,0.0868,0.0868,0.0,0.0,11.6,False,110,117.0,0.627,no,si,no,no,no,no,no,0.0,
dataset7_CLINIC_metal_0018_data,grupo 1,evaluacion,ok,concordante,False,nan,default6mm,0.05,ocupado_semimax,0.001,432,432,13148,9.2,130.0,12.2,10.2,-33.0,9.2,-51.0,6.6,-33.0,-24.0,5.6,1.9,187.1,149.0,167.6,0.9924,0.0868,0.0868,0.0,0.0,11.6,False,110,117.0,0.627,no,si,no,no,no,no,no,0.0,
dataset7_CLINIC_metal_0018_data,grupo 1,evaluacion,ok,concordante,False,nan,robust3mm,0.0,hueso,,0,0,0,10.2,130.0,14.1,12.3,-15.0,7.4,-33.0,10.2,-33.0,-24.0,5.6,1.9,187.1,149.0,167.6,0.9924,0.0868,0.0868,0.0,0.0,11.6,False,111,117.0,0.613,si,si,no,si,no,si,no,4.9,
dataset7_CLINIC_metal_0018_data,grupo 1,evaluacion,ok,concordante,False,nan,robust3mm,0.0,ocupado_2500,,0,0,10698,10.2,130.0,14.1,11.4,-9.0,6.6,-33.0,10.2,-33.0,-24.0,5.6,1.9,187.1,149.0,167.6,0.9924,0.0868,0.0868,0.0,0.0,11.6,False,111,117.0,0.613,si,si,no,si,no,si,no,4.6,
dataset7_CLINIC_metal_0018_data,grupo 1,evaluacion,ok,concordante,False,nan,robust3mm,0.0,ocupado_semimax,,0,0,13129,10.2,130.0,14.1,11.4,-9.0,6.6,-33.0,10.2,-33.0,-24.0,5.6,1.9,187.1,149.0,167.6,0.9924,0.0868,0.0868,0.0,0.0,11.6,False,111,117.0,0.613,si,si,no,si,no,si,no,4.6,
dataset7_CLINIC_metal_0018_data,grupo 1,evaluacion,ok,concordante,False,nan,robust3mm,0.001,hueso,,500,500,0,10.2,130.0,14.1,12.3,-15.0,7.4,-33.0,10.2,-33.0,-24.0,5.6,1.9,187.1,149.0,167.6,0.9924,0.0868,0.0868,0.0,0.0,11.6,False,111,117.0,0.613,si,si,no,si,no,si,no,4.9,
dataset7_CLINIC_metal_0018_data,grupo 1,evaluacion,ok,concordante,False,nan,robust3mm,0.001,ocupado_2500,,500,500,10698,10.2,130.0,14.1,11.4,-9.0,6.6,-33.0,10.2,-33.0,-24.0,5.6,1.9,187.1,149.0,167.6,0.9924,0.0868,0.0868,0.0,0.0,11.6,False,111,117.0,0.613,si,si,no,si,no,si,no,4.5,
dataset7_CLINIC_metal_0018_data,grupo 1,evaluacion,ok,concordante,False,nan,robust3mm,0.001,ocupado_semimax,,500,500,13129,10.2,130.0,14.1,11.4,-9.0,6.6,-33.0,10.2,-33.0,-24.0,5.6,1.9,187.1,149.0,167.6,0.9924,0.0868,0.0868,0.0,0.0,11.6,False,111,117.0,0.613,si,si,no,si,no,si,no,4.5,
dataset7_CLINIC_metal_0018_data,grupo 1,evaluacion,ok,concordante,False,nan,robust3mm,0.01,hueso,0.001,500,500,0,10.2,130.0,14.1,12.3,-15.0,7.4,-33.0,10.2,-33.0,-24.0,5.6,1.9,187.1,149.0,167.6,0.9924,0.0868,0.0868,0.0,0.0,11.6,False,111,117.0,0.613,si,si,no,si,no,si,no,0.0,
dataset7_CLINIC_metal_0018_data,grupo 1,evaluacion,ok,concordante,False,nan,robust3mm,0.01,ocupado_2500,0.001,500,500,10698,10.2,130.0,14.1,11.4,-9.0,6.6,-33.0,10.2,-33.0,-24.0,5.6,1.9,187.1,149.0,167.6,0.9924,0.0868,0.0868,0.0,0.0,11.6,False,111,117.0,0.613,si,si,no,si,no,si,no,0.1,
dataset7_CLINIC_metal_0018_data,grupo 1,evaluacion,ok,concordante,False,nan,robust3mm,0.01,ocupado_semimax,0.001,500,500,13129,10.2,130.0,14.1,11.4,-9.0,6.6,-33.0,10.2,-33.0,-24.0,5.6,1.9,187.1,149.0,167.6,0.9924,0.0868,0.0868,0.0,0.0,11.6,False,111,117.0,0.613,si,si,no,si,no,si,no,0.0,
dataset7_CLINIC_metal_0018_data,grupo 1,evaluacion,ok,concordante,False,nan,robust3mm,0.05,hueso,0.001,500,500,0,10.2,130.0,14.1,12.3,-15.0,7.4,-33.0,10.2,-33.0,-24.0,5.6,1.9,187.1,149.0,167.6,0.9924,0.0868,0.0868,0.0,0.0,11.6,False,111,117.0,0.613,si,si,no,si,no,si,no,0.0,
dataset7_CLINIC_metal_0018_data,grupo 1,evaluacion,ok,concordante,False,nan,robust3mm,0.05,ocupado_2500,0.001,500,500,10698,10.2,130.0,14.1,11.4,-9.0,6.6,-33.0,10.2,-33.0,-24.0,5.6,1.9,187.1,149.0,167.6,0.9924,0.0868,0.0868,0.0,0.0,11.6,False,111,117.0,0.613,si,si,no,si,no,si,no,0.1,
dataset7_CLINIC_metal_0018_data,grupo 1,evaluacion,ok,concordante,False,nan,robust3mm,0.05,ocupado_semimax,0.001,500,500,13129,10.2,130.0,14.1,11.4,-9.0,6.6,-33.0,10.2,-33.0,-24.0,5.6,1.9,187.1,149.0,167.6,0.9924,0.0868,0.0868,0.0,0.0,11.6,False,111,117.0,0.613,si,si,no,si,no,si,no,0.0,
dataset7_CLINIC_metal_0025_data,grupo 1,evaluacion,ok,concordante,False,nan,default6mm,0.0,hueso,,0,0,0,9.3,181.0,10.7,13.2,-12.0,9.3,-27.0,6.9,-12.0,-6.0,8.1,4.8,227.2,207.6,187.0,0.9812,-0.173,0.0858,0.022,0.044,0.0,True,160,227.5,0.2,no,si,no,si,no,no,no,4.1,
dataset7_CLINIC_metal_0025_data,grupo 1,evaluacion,ok,concordante,False,nan,default6mm,0.0,ocupado_2500,,0,0,24618,6.8,144.0,8.7,13.2,-12.0,6.6,-24.0,6.8,-24.0,-27.0,6.9,4.8,227.2,186.6,175.0,0.9703,-0.1711,-0.1711,0.0,0.0,8.2,False,124,193.5,0.435,no,no,no,no,no,no,no,3.6,
dataset7_CLINIC_metal_0025_data,grupo 1,evaluacion,ok,concordante,False,nan,default6mm,0.0,ocupado_semimax,,0,0,24618,6.8,144.0,8.7,13.2,-12.0,6.6,-24.0,6.8,-24.0,-27.0,6.9,4.8,227.2,186.6,175.0,0.9703,-0.1711,-0.1711,0.0,0.0,8.2,False,124,193.5,0.435,no,no,no,no,no,no,no,3.6,
dataset7_CLINIC_metal_0025_data,grupo 1,evaluacion,ok,concordante,False,nan,default6mm,0.001,hueso,,48,48,0,9.3,181.0,10.7,13.2,-12.0,9.3,-27.0,6.9,-12.0,-6.0,8.1,4.8,227.2,207.6,187.0,0.9812,-0.173,0.0858,0.022,0.044,0.0,True,160,227.5,0.2,no,si,no,si,no,no,no,3.9,
dataset7_CLINIC_metal_0025_data,grupo 1,evaluacion,ok,concordante,False,nan,default6mm,0.001,ocupado_2500,,48,48,24618,6.8,144.0,8.7,13.2,-12.0,6.6,-24.0,6.8,-24.0,-27.0,6.9,4.8,227.2,186.6,175.0,0.9703,-0.1711,-0.1711,0.0,0.0,8.2,False,124,193.5,0.435,no,no,no,no,no,no,no,3.5,
dataset7_CLINIC_metal_0025_data,grupo 1,evaluacion,ok,concordante,False,nan,default6mm,0.001,ocupado_semimax,,48,48,24618,6.8,144.0,8.7,13.2,-12.0,6.6,-24.0,6.8,-24.0,-27.0,6.9,4.8,227.2,186.6,175.0,0.9703,-0.1711,-0.1711,0.0,0.0,8.2,False,124,193.5,0.435,no,no,no,no,no,no,no,3.5,
dataset7_CLINIC_metal_0025_data,grupo 1,evaluacion,ok,concordante,False,nan,default6mm,0.01,hueso,,196,196,0,9.3,181.0,10.7,13.2,-12.0,9.3,-27.0,6.9,-12.0,-6.0,8.1,4.8,227.2,207.6,187.0,0.9812,-0.173,0.0858,0.022,0.044,0.0,True,160,227.5,0.2,no,si,no,si,no,no,no,3.8,
dataset7_CLINIC_metal_0025_data,grupo 1,evaluacion,ok,concordante,False,nan,default6mm,0.01,ocupado_2500,,196,196,24491,6.8,144.0,8.7,13.2,-12.0,6.6,-24.0,6.8,-24.0,-27.0,6.9,4.8,227.2,186.6,175.0,0.9703,-0.1711,-0.1711,0.0,0.0,8.2,False,124,193.5,0.435,no,no,no,no,no,no,no,3.6,
dataset7_CLINIC_metal_0025_data,grupo 1,evaluacion,ok,concordante,False,nan,default6mm,0.01,ocupado_semimax,,196,196,24491,6.8,144.0,8.7,13.2,-12.0,6.6,-24.0,6.8,-24.0,-27.0,6.9,4.8,227.2,186.6,175.0,0.9703,-0.1711,-0.1711,0.0,0.0,8.2,False,124,193.5,0.435,no,no,no,no,no,no,no,3.6,
dataset7_CLINIC_metal_0025_data,grupo 1,evaluacion,ok,concordante,False,nan,default6mm,0.05,hueso,0.01,196,196,0,9.3,181.0,10.7,13.2,-12.0,9.3,-27.0,6.9,-12.0,-6.0,8.1,4.8,227.2,207.6,187.0,0.9812,-0.173,0.0858,0.022,0.044,0.0,True,160,227.5,0.2,no,si,no,si,no,no,no,0.0,
dataset7_CLINIC_metal_0025_data,grupo 1,evaluacion,ok,concordante,False,nan,default6mm,0.05,ocupado_2500,0.01,196,196,24491,6.8,144.0,8.7,13.2,-12.0,6.6,-24.0,6.8,-24.0,-27.0,6.9,4.8,227.2,186.6,175.0,0.9703,-0.1711,-0.1711,0.0,0.0,8.2,False,124,193.5,0.435,no,no,no,no,no,no,no,0.0,
dataset7_CLINIC_metal_0025_data,grupo 1,evaluacion,ok,concordante,False,nan,default6mm,0.05,ocupado_semimax,0.01,196,196,24491,6.8,144.0,8.7,13.2,-12.0,6.6,-24.0,6.8,-24.0,-27.0,6.9,4.8,227.2,186.6,175.0,0.9703,-0.1711,-0.1711,0.0,0.0,8.2,False,124,193.5,0.435,no,no,no,no,no,no,no,0.0,
dataset7_CLINIC_metal_0025_data,grupo 1,evaluacion,ok,concordante,False,nan,robust3mm,0.0,hueso,,0,0,0,10.0,179.0,11.5,12.9,-12.0,10.0,-24.0,7.0,-12.0,-6.0,8.1,4.8,227.2,207.6,187.0,0.9812,-0.173,0.0858,0.022,0.044,0.0,True,160,225.0,0.212,si,si,no,si,no,si,no,3.5,
dataset7_CLINIC_metal_0025_data,grupo 1,evaluacion,ok,concordante,False,nan,robust3mm,0.0,ocupado_2500,,0,0,24569,7.2,115.0,8.7,12.9,-15.0,7.2,-33.0,6.0,-15.0,-6.0,3.1,10.2,227.2,207.6,184.0,0.9962,0.0872,0.0,0.0,0.0,7.2,False,90,219.0,0.222,no,no,no,no,no,no,no,3.5,
dataset7_CLINIC_metal_0025_data,grupo 1,evaluacion,ok,concordante,False,nan,robust3mm,0.0,ocupado_semimax,,0,0,24569,7.2,115.0,8.7,12.9,-15.0,7.2,-33.0,6.0,-15.0,-6.0,3.1,10.2,227.2,207.6,184.0,0.9962,0.0872,0.0,0.0,0.0,7.2,False,90,219.0,0.222,no,no,no,no,no,no,no,3.5,
dataset7_CLINIC_metal_0025_data,grupo 1,evaluacion,ok,concordante,False,nan,robust3mm,0.001,hueso,,140,140,0,10.0,179.0,11.5,12.9,-12.0,10.0,-24.0,7.0,-12.0,-6.0,8.1,4.8,227.2,207.6,187.0,0.9812,-0.173,0.0858,0.022,0.044,0.0,True,160,225.0,0.212,si,si,no,si,no,si,no,3.9,
dataset7_CLINIC_metal_0025_data,grupo 1,evaluacion,ok,concordante,False,nan,robust3mm,0.001,ocupado_2500,,140,140,24477,7.2,115.0,8.7,12.9,-15.0,7.2,-33.0,6.0,-15.0,-6.0,3.1,10.2,227.2,207.6,184.0,0.9962,0.0872,0.0,0.0,0.0,7.2,False,90,219.0,0.222,no,no,no,no,no,no,no,3.6,
dataset7_CLINIC_metal_0025_data,grupo 1,evaluacion,ok,concordante,False,nan,robust3mm,0.001,ocupado_semimax,,140,140,24477,7.2,115.0,8.7,12.9,-15.0,7.2,-33.0,6.0,-15.0,-6.0,3.1,10.2,227.2,207.6,184.0,0.9962,0.0872,0.0,0.0,0.0,7.2,False,90,219.0,0.222,no,no,no,no,no,no,no,3.3,
dataset7_CLINIC_metal_0025_data,grupo 1,evaluacion,ok,concordante,False,nan,robust3mm,0.01,hueso,0.001,140,140,0,10.0,179.0,11.5,12.9,-12.0,10.0,-24.0,7.0,-12.0,-6.0,8.1,4.8,227.2,207.6,187.0,0.9812,-0.173,0.0858,0.022,0.044,0.0,True,160,225.0,0.212,si,si,no,si,no,si,no,0.0,
dataset7_CLINIC_metal_0025_data,grupo 1,evaluacion,ok,concordante,False,nan,robust3mm,0.01,ocupado_2500,0.001,140,140,24477,7.2,115.0,8.7,12.9,-15.0,7.2,-33.0,6.0,-15.0,-6.0,3.1,10.2,227.2,207.6,184.0,0.9962,0.0872,0.0,0.0,0.0,7.2,False,90,219.0,0.222,no,no,no,no,no,no,no,0.0,
dataset7_CLINIC_metal_0025_data,grupo 1,evaluacion,ok,concordante,False,nan,robust3mm,0.01,ocupado_semimax,0.001,140,140,24477,7.2,115.0,8.7,12.9,-15.0,7.2,-33.0,6.0,-15.0,-6.0,3.1,10.2,227.2,207.6,184.0,0.9962,0.0872,0.0,0.0,0.0,7.2,False,90,219.0,0.222,no,no,no,no,no,no,no,0.0,
dataset7_CLINIC_metal_0025_data,grupo 1,evaluacion,ok,concordante,False,nan,robust3mm,0.05,hueso,0.001,140,140,0,10.0,179.0,11.5,12.9,-12.0,10.0,-24.0,7.0,-12.0,-6.0,8.1,4.8,227.2,207.6,187.0,0.9812,-0.173,0.0858,0.022,0.044,0.0,True,160,225.0,0.212,si,si,no,si,no,si,no,0.0,
dataset7_CLINIC_metal_0025_data,grupo 1,evaluacion,ok,concordante,False,nan,robust3mm,0.05,ocupado_2500,0.001,140,140,24477,7.2,115.0,8.7,12.9,-15.0,7.2,-33.0,6.0,-15.0,-6.0,3.1,10.2,227.2,207.6,184.0,0.9962,0.0872,0.0,0.0,0.0,7.2,False,90,219.0,0.222,no,no,no,no,no,no,no,0.1,
dataset7_CLINIC_metal_0025_data,grupo 1,evaluacion,ok,concordante,False,nan,robust3mm,0.05,ocupado_semimax,0.001,140,140,24477,7.2,115.0,8.7,12.9,-15.0,7.2,-33.0,6.0,-15.0,-6.0,3.1,10.2,227.2,207.6,184.0,0.9962,0.0872,0.0,0.0,0.0,7.2,False,90,219.0,0.222,no,no,no,no,no,no,no,0.0,
dataset7_CLINIC_metal_0031_data,grupo 1,evaluacion,ok,concordante,False,nan,default6mm,0.0,hueso,,0,0,0,12.0,137.0,13.6,13.6,-6.0,10.5,-27.0,12.0,-27.0,-30.0,0.6,1.2,197.5,142.4,69.2,1.0,0.0,0.0,0.0,0.0,8.6,False,120,135.5,0.533,si,si,si,si,si,si,si,4.5,
dataset7_CLINIC_metal_0031_data,grupo 1,evaluacion,ok,concordante,False,nan,default6mm,0.0,ocupado_2500,,0,0,31604,12.0,137.0,13.6,13.6,-6.0,10.5,-27.0,12.0,-27.0,-30.0,0.6,1.2,197.5,142.4,69.2,1.0,0.0,0.0,0.0,0.0,8.6,False,120,135.5,0.533,si,si,si,si,si,si,si,4.0,
dataset7_CLINIC_metal_0031_data,grupo 1,evaluacion,ok,concordante,False,nan,default6mm,0.0,ocupado_semimax,,0,0,31606,12.0,137.0,13.6,13.6,-6.0,10.5,-27.0,12.0,-27.0,-30.0,0.6,1.2,197.5,142.4,69.2,1.0,0.0,0.0,0.0,0.0,8.6,False,120,135.5,0.533,si,si,si,si,si,si,si,3.9,
dataset7_CLINIC_metal_0031_data,grupo 1,evaluacion,ok,concordante,False,nan,default6mm,0.001,hueso,,44,36,0,12.0,137.0,13.6,13.6,-6.0,10.5,-27.0,12.0,-27.0,-30.0,0.6,1.2,197.5,142.4,69.2,1.0,0.0,0.0,0.0,0.0,8.6,False,120,135.5,0.533,si,si,si,si,si,si,si,4.3,
dataset7_CLINIC_metal_0031_data,grupo 1,evaluacion,ok,concordante,False,nan,default6mm,0.001,ocupado_2500,,44,36,31604,12.0,137.0,13.6,13.6,-6.0,10.5,-27.0,12.0,-27.0,-30.0,0.6,1.2,197.5,142.4,69.2,1.0,0.0,0.0,0.0,0.0,8.6,False,120,135.5,0.533,si,si,si,si,si,si,si,4.0,
dataset7_CLINIC_metal_0031_data,grupo 1,evaluacion,ok,concordante,False,nan,default6mm,0.001,ocupado_semimax,,44,36,31606,12.0,137.0,13.6,13.6,-6.0,10.5,-27.0,12.0,-27.0,-30.0,0.6,1.2,197.5,142.4,69.2,1.0,0.0,0.0,0.0,0.0,8.6,False,120,135.5,0.533,si,si,si,si,si,si,si,3.7,
dataset7_CLINIC_metal_0031_data,grupo 1,evaluacion,ok,concordante,False,nan,default6mm,0.01,hueso,0.001,44,36,0,12.0,137.0,13.6,13.6,-6.0,10.5,-27.0,12.0,-27.0,-30.0,0.6,1.2,197.5,142.4,69.2,1.0,0.0,0.0,0.0,0.0,8.6,False,120,135.5,0.533,si,si,si,si,si,si,si,0.0,
dataset7_CLINIC_metal_0031_data,grupo 1,evaluacion,ok,concordante,False,nan,default6mm,0.01,ocupado_2500,0.001,44,36,31604,12.0,137.0,13.6,13.6,-6.0,10.5,-27.0,12.0,-27.0,-30.0,0.6,1.2,197.5,142.4,69.2,1.0,0.0,0.0,0.0,0.0,8.6,False,120,135.5,0.533,si,si,si,si,si,si,si,0.0,
dataset7_CLINIC_metal_0031_data,grupo 1,evaluacion,ok,concordante,False,nan,default6mm,0.01,ocupado_semimax,0.001,44,36,31606,12.0,137.0,13.6,13.6,-6.0,10.5,-27.0,12.0,-27.0,-30.0,0.6,1.2,197.5,142.4,69.2,1.0,0.0,0.0,0.0,0.0,8.6,False,120,135.5,0.533,si,si,si,si,si,si,si,0.0,
dataset7_CLINIC_metal_0031_data,grupo 1,evaluacion,ok,concordante,False,nan,default6mm,0.05,hueso,0.001,44,36,0,12.0,137.0,13.6,13.6,-6.0,10.5,-27.0,12.0,-27.0,-30.0,0.6,1.2,197.5,142.4,69.2,1.0,0.0,0.0,0.0,0.0,8.6,False,120,135.5,0.533,si,si,si,si,si,si,si,0.0,
dataset7_CLINIC_metal_0031_data,grupo 1,evaluacion,ok,concordante,False,nan,default6mm,0.05,ocupado_2500,0.001,44,36,31604,12.0,137.0,13.6,13.6,-6.0,10.5,-27.0,12.0,-27.0,-30.0,0.6,1.2,197.5,142.4,69.2,1.0,0.0,0.0,0.0,0.0,8.6,False,120,135.5,0.533,si,si,si,si,si,si,si,0.0,
dataset7_CLINIC_metal_0031_data,grupo 1,evaluacion,ok,concordante,False,nan,default6mm,0.05,ocupado_semimax,0.001,44,36,31606,12.0,137.0,13.6,13.6,-6.0,10.5,-27.0,12.0,-27.0,-30.0,0.6,1.2,197.5,142.4,69.2,1.0,0.0,0.0,0.0,0.0,8.6,False,120,135.5,0.533,si,si,si,si,si,si,si,0.0,
dataset7_CLINIC_metal_0031_data,grupo 1,evaluacion,ok,concordante,False,nan,robust3mm,0.0,hueso,,0,0,0,12.4,140.0,14.1,13.2,-6.0,10.5,-24.0,12.4,-24.0,-30.0,4.4,6.2,197.5,142.4,72.2,0.9924,-0.0868,0.0868,0.0,0.0,16.2,False,122,125.0,0.582,si,si,si,si,si,si,si,4.2,
dataset7_CLINIC_metal_0031_data,grupo 1,evaluacion,ok,concordante,False,nan,robust3mm,0.0,ocupado_2500,,0,0,31605,12.4,140.0,14.1,13.2,-6.0,10.5,-24.0,12.4,-24.0,-30.0,4.4,6.2,197.5,142.4,72.2,0.9924,-0.0868,0.0868,0.0,0.0,16.2,False,122,125.0,0.582,si,si,si,si,si,si,si,4.0,
dataset7_CLINIC_metal_0031_data,grupo 1,evaluacion,ok,concordante,False,nan,robust3mm,0.0,ocupado_semimax,,0,0,31607,12.4,140.0,14.1,13.2,-6.0,10.5,-24.0,12.4,-24.0,-30.0,4.4,6.2,197.5,142.4,72.2,0.9924,-0.0868,0.0868,0.0,0.0,16.2,False,122,125.0,0.582,si,si,si,si,si,si,si,3.9,
dataset7_CLINIC_metal_0031_data,grupo 1,evaluacion,ok,concordante,False,nan,robust3mm,0.001,hueso,,66,44,0,12.4,140.0,14.1,13.2,-6.0,10.5,-24.0,12.4,-24.0,-30.0,4.4,6.2,197.5,142.4,72.2,0.9924,-0.0868,0.0868,0.0,0.0,16.2,False,122,125.0,0.582,si,si,si,si,si,si,si,4.0,
dataset7_CLINIC_metal_0031_data,grupo 1,evaluacion,ok,concordante,False,nan,robust3mm,0.001,ocupado_2500,,66,44,31605,12.4,140.0,14.1,13.2,-6.0,10.5,-24.0,12.4,-24.0,-30.0,4.4,6.2,197.5,142.4,72.2,0.9924,-0.0868,0.0868,0.0,0.0,16.2,False,122,125.0,0.582,si,si,si,si,si,si,si,3.8,
dataset7_CLINIC_metal_0031_data,grupo 1,evaluacion,ok,concordante,False,nan,robust3mm,0.001,ocupado_semimax,,66,44,31607,12.4,140.0,14.1,13.2,-6.0,10.5,-24.0,12.4,-24.0,-30.0,4.4,6.2,197.5,142.4,72.2,0.9924,-0.0868,0.0868,0.0,0.0,16.2,False,122,125.0,0.582,si,si,si,si,si,si,si,3.8,
dataset7_CLINIC_metal_0031_data,grupo 1,evaluacion,ok,concordante,False,nan,robust3mm,0.01,hueso,0.001,66,44,0,12.4,140.0,14.1,13.2,-6.0,10.5,-24.0,12.4,-24.0,-30.0,4.4,6.2,197.5,142.4,72.2,0.9924,-0.0868,0.0868,0.0,0.0,16.2,False,122,125.0,0.582,si,si,si,si,si,si,si,0.0,
dataset7_CLINIC_metal_0031_data,grupo 1,evaluacion,ok,concordante,False,nan,robust3mm,0.01,ocupado_2500,0.001,66,44,31605,12.4,140.0,14.1,13.2,-6.0,10.5,-24.0,12.4,-24.0,-30.0,4.4,6.2,197.5,142.4,72.2,0.9924,-0.0868,0.0868,0.0,0.0,16.2,False,122,125.0,0.582,si,si,si,si,si,si,si,0.1,
dataset7_CLINIC_metal_0031_data,grupo 1,evaluacion,ok,concordante,False,nan,robust3mm,0.01,ocupado_semimax,0.001,66,44,31607,12.4,140.0,14.1,13.2,-6.0,10.5,-24.0,12.4,-24.0,-30.0,4.4,6.2,197.5,142.4,72.2,0.9924,-0.0868,0.0868,0.0,0.0,16.2,False,122,125.0,0.582,si,si,si,si,si,si,si,0.0,
dataset7_CLINIC_metal_0031_data,grupo 1,evaluacion,ok,concordante,False,nan,robust3mm,0.05,hueso,0.001,66,44,0,12.4,140.0,14.1,13.2,-6.0,10.5,-24.0,12.4,-24.0,-30.0,4.4,6.2,197.5,142.4,72.2,0.9924,-0.0868,0.0868,0.0,0.0,16.2,False,122,125.0,0.582,si,si,si,si,si,si,si,0.0,
dataset7_CLINIC_metal_0031_data,grupo 1,evaluacion,ok,concordante,False,nan,robust3mm,0.05,ocupado_2500,0.001,66,44,31605,12.4,140.0,14.1,13.2,-6.0,10.5,-24.0,12.4,-24.0,-30.0,4.4,6.2,197.5,142.4,72.2,0.9924,-0.0868,0.0868,0.0,0.0,16.2,False,122,125.0,0.582,si,si,si,si,si,si,si,0.0,
dataset7_CLINIC_metal_0031_data,grupo 1,evaluacion,ok,concordante,False,nan,robust3mm,0.05,ocupado_semimax,0.001,66,44,31607,12.4,140.0,14.1,13.2,-6.0,10.5,-24.0,12.4,-24.0,-30.0,4.4,6.2,197.5,142.4,72.2,0.9924,-0.0868,0.0868,0.0,0.0,16.2,False,122,125.0,0.582,si,si,si,si,si,si,si,0.0,
dataset7_CLINIC_metal_0020_data,grupo 1,evaluacion,ok,concordante,False,nan,default6mm,0.0,hueso,,0,0,0,3.8,130.0,10.0,8.6,-6.0,3.8,-45.0,3.4,-6.0,6.0,21.2,7.3,198.7,100.4,166.4,0.9271,-0.1635,0.3374,0.0,0.0,8.5,False,98,387.0,0.061,no,no,no,no,no,no,no,4.8,
dataset7_CLINIC_metal_0020_data,grupo 1,evaluacion,ok,concordante,False,nan,default6mm,0.0,ocupado_2500,,0,0,10854,3.8,130.0,10.0,8.6,-6.0,3.8,-45.0,3.4,-6.0,6.0,21.2,7.3,198.7,100.4,166.4,0.9271,-0.1635,0.3374,0.0,0.0,8.5,False,98,387.0,0.061,no,no,no,no,no,no,no,4.2,
dataset7_CLINIC_metal_0020_data,grupo 1,evaluacion,ok,concordante,False,nan,default6mm,0.0,ocupado_semimax,,0,0,10854,3.8,130.0,10.0,8.6,-6.0,3.8,-45.0,3.4,-6.0,6.0,21.2,7.3,198.7,100.4,166.4,0.9271,-0.1635,0.3374,0.0,0.0,8.5,False,98,387.0,0.061,no,no,no,no,no,no,no,4.0,
dataset7_CLINIC_metal_0020_data,grupo 1,evaluacion,ok,concordante,False,nan,default6mm,0.001,hueso,,424,424,0,3.8,130.0,10.0,8.6,-6.0,3.8,-45.0,3.4,-6.0,6.0,21.2,7.3,198.7,100.4,166.4,0.9271,-0.1635,0.3374,0.0,0.0,8.5,False,98,387.0,0.061,no,no,no,no,no,no,no,4.6,
dataset7_CLINIC_metal_0020_data,grupo 1,evaluacion,ok,concordante,False,nan,default6mm,0.001,ocupado_2500,,424,424,10854,3.8,130.0,10.0,8.6,-6.0,3.8,-45.0,3.4,-6.0,6.0,21.2,7.3,198.7,100.4,166.4,0.9271,-0.1635,0.3374,0.0,0.0,8.5,False,98,387.0,0.061,no,no,no,no,no,no,no,4.3,
dataset7_CLINIC_metal_0020_data,grupo 1,evaluacion,ok,concordante,False,nan,default6mm,0.001,ocupado_semimax,,424,424,10854,3.8,130.0,10.0,8.6,-6.0,3.8,-45.0,3.4,-6.0,6.0,21.2,7.3,198.7,100.4,166.4,0.9271,-0.1635,0.3374,0.0,0.0,8.5,False,98,387.0,0.061,no,no,no,no,no,no,no,4.1,
dataset7_CLINIC_metal_0020_data,grupo 1,evaluacion,ok,concordante,False,nan,default6mm,0.01,hueso,,554,554,0,3.8,130.0,10.0,8.6,-6.0,3.8,-45.0,3.4,-6.0,6.0,21.2,7.3,198.7,100.4,166.4,0.9271,-0.1635,0.3374,0.0,0.0,8.5,False,98,387.0,0.061,no,no,no,no,no,no,no,4.6,
dataset7_CLINIC_metal_0020_data,grupo 1,evaluacion,ok,concordante,False,nan,default6mm,0.01,ocupado_2500,,554,554,10854,3.8,130.0,10.0,8.6,-6.0,3.8,-45.0,3.4,-6.0,6.0,21.2,7.3,198.7,100.4,166.4,0.9271,-0.1635,0.3374,0.0,0.0,8.5,False,98,387.0,0.061,no,no,no,no,no,no,no,4.3,
dataset7_CLINIC_metal_0020_data,grupo 1,evaluacion,ok,concordante,False,nan,default6mm,0.01,ocupado_semimax,,554,554,10854,3.8,130.0,10.0,8.6,-6.0,3.8,-45.0,3.4,-6.0,6.0,21.2,7.3,198.7,100.4,166.4,0.9271,-0.1635,0.3374,0.0,0.0,8.5,False,98,387.0,0.061,no,no,no,no,no,no,no,4.1,
dataset7_CLINIC_metal_0020_data,grupo 1,evaluacion,ok,concordante,False,nan,default6mm,0.05,hueso,0.01,554,554,0,3.8,130.0,10.0,8.6,-6.0,3.8,-45.0,3.4,-6.0,6.0,21.2,7.3,198.7,100.4,166.4,0.9271,-0.1635,0.3374,0.0,0.0,8.5,False,98,387.0,0.061,no,no,no,no,no,no,no,0.0,
dataset7_CLINIC_metal_0020_data,grupo 1,evaluacion,ok,concordante,False,nan,default6mm,0.05,ocupado_2500,0.01,554,554,10854,3.8,130.0,10.0,8.6,-6.0,3.8,-45.0,3.4,-6.0,6.0,21.2,7.3,198.7,100.4,166.4,0.9271,-0.1635,0.3374,0.0,0.0,8.5,False,98,387.0,0.061,no,no,no,no,no,no,no,0.1,
dataset7_CLINIC_metal_0020_data,grupo 1,evaluacion,ok,concordante,False,nan,default6mm,0.05,ocupado_semimax,0.01,554,554,10854,3.8,130.0,10.0,8.6,-6.0,3.8,-45.0,3.4,-6.0,6.0,21.2,7.3,198.7,100.4,166.4,0.9271,-0.1635,0.3374,0.0,0.0,8.5,False,98,387.0,0.061,no,no,no,no,no,no,no,0.0,
dataset7_CLINIC_metal_0020_data,grupo 1,evaluacion,ok,concordante,False,nan,robust3mm,0.0,hueso,,0,0,0,4.6,123.0,9.8,8.2,-6.0,4.6,-45.0,3.4,-6.0,0.0,16.2,7.3,198.7,94.4,166.4,0.9522,-0.1679,0.2551,0.0,0.0,8.6,False,93,281.0,0.29,no,no,no,no,no,no,no,4.6,
dataset7_CLINIC_metal_0020_data,grupo 1,evaluacion,ok,concordante,False,nan,robust3mm,0.0,ocupado_2500,,0,0,10290,4.6,123.0,9.8,8.2,-6.0,4.6,-45.0,3.4,-6.0,0.0,16.2,7.3,198.7,94.4,166.4,0.9522,-0.1679,0.2551,0.0,0.0,8.6,False,93,281.0,0.29,no,no,no,no,no,no,no,4.1,
dataset7_CLINIC_metal_0020_data,grupo 1,evaluacion,ok,concordante,False,nan,robust3mm,0.0,ocupado_semimax,,0,0,10290,4.6,123.0,9.8,8.2,-6.0,4.6,-45.0,3.4,-6.0,0.0,16.2,7.3,198.7,94.4,166.4,0.9522,-0.1679,0.2551,0.0,0.0,8.6,False,93,281.0,0.29,no,no,no,no,no,no,no,4.2,
dataset7_CLINIC_metal_0020_data,grupo 1,evaluacion,ok,concordante,False,nan,robust3mm,0.001,hueso,,440,440,0,4.6,123.0,9.8,8.2,-6.0,4.6,-45.0,3.4,-6.0,0.0,16.2,7.3,198.7,94.4,166.4,0.9522,-0.1679,0.2551,0.0,0.0,8.6,False,93,281.0,0.29,no,no,no,no,no,no,no,4.4,
dataset7_CLINIC_metal_0020_data,grupo 1,evaluacion,ok,concordante,False,nan,robust3mm,0.001,ocupado_2500,,440,440,10283,4.6,123.0,9.8,8.2,-6.0,4.6,-45.0,3.4,-6.0,0.0,16.2,7.3,198.7,94.4,166.4,0.9522,-0.1679,0.2551,0.0,0.0,8.6,False,93,281.0,0.29,no,no,no,no,no,no,no,4.2,
dataset7_CLINIC_metal_0020_data,grupo 1,evaluacion,ok,concordante,False,nan,robust3mm,0.001,ocupado_semimax,,440,440,10283,4.6,123.0,9.8,8.2,-6.0,4.6,-45.0,3.4,-6.0,0.0,16.2,7.3,198.7,94.4,166.4,0.9522,-0.1679,0.2551,0.0,0.0,8.6,False,93,281.0,0.29,no,no,no,no,no,no,no,4.3,
dataset7_CLINIC_metal_0020_data,grupo 1,evaluacion,ok,concordante,False,nan,robust3mm,0.01,hueso,0.001,440,440,0,4.6,123.0,9.8,8.2,-6.0,4.6,-45.0,3.4,-6.0,0.0,16.2,7.3,198.7,94.4,166.4,0.9522,-0.1679,0.2551,0.0,0.0,8.6,False,93,281.0,0.29,no,no,no,no,no,no,no,0.0,
dataset7_CLINIC_metal_0020_data,grupo 1,evaluacion,ok,concordante,False,nan,robust3mm,0.01,ocupado_2500,0.001,440,440,10283,4.6,123.0,9.8,8.2,-6.0,4.6,-45.0,3.4,-6.0,0.0,16.2,7.3,198.7,94.4,166.4,0.9522,-0.1679,0.2551,0.0,0.0,8.6,False,93,281.0,0.29,no,no,no,no,no,no,no,0.0,
dataset7_CLINIC_metal_0020_data,grupo 1,evaluacion,ok,concordante,False,nan,robust3mm,0.01,ocupado_semimax,0.001,440,440,10283,4.6,123.0,9.8,8.2,-6.0,4.6,-45.0,3.4,-6.0,0.0,16.2,7.3,198.7,94.4,166.4,0.9522,-0.1679,0.2551,0.0,0.0,8.6,False,93,281.0,0.29,no,no,no,no,no,no,no,0.0,
dataset7_CLINIC_metal_0020_data,grupo 1,evaluacion,ok,concordante,False,nan,robust3mm,0.05,hueso,0.001,440,440,0,4.6,123.0,9.8,8.2,-6.0,4.6,-45.0,3.4,-6.0,0.0,16.2,7.3,198.7,94.4,166.4,0.9522,-0.1679,0.2551,0.0,0.0,8.6,False,93,281.0,0.29,no,no,no,no,no,no,no,0.0,
dataset7_CLINIC_metal_0020_data,grupo 1,evaluacion,ok,concordante,False,nan,robust3mm,0.05,ocupado_2500,0.001,440,440,10283,4.6,123.0,9.8,8.2,-6.0,4.6,-45.0,3.4,-6.0,0.0,16.2,7.3,198.7,94.4,166.4,0.9522,-0.1679,0.2551,0.0,0.0,8.6,False,93,281.0,0.29,no,no,no,no,no,no,no,0.1,
dataset7_CLINIC_metal_0020_data,grupo 1,evaluacion,ok,concordante,False,nan,robust3mm,0.05,ocupado_semimax,0.001,440,440,10283,4.6,123.0,9.8,8.2,-6.0,4.6,-45.0,3.4,-6.0,0.0,16.2,7.3,198.7,94.4,166.4,0.9522,-0.1679,0.2551,0.0,0.0,8.6,False,93,281.0,0.29,no,no,no,no,no,no,no,0.0,
dataset7_CLINIC_metal_0027_data,grupo 1,evaluacion,ok,concordante,False,nan,default6mm,0.0,hueso,,0,0,0,6.5,111.0,10.4,7.0,-27.0,6.2,-48.0,6.5,-48.0,-45.0,3.9,2.7,250.2,220.2,183.5,0.9848,0.0,0.1736,0.0,0.0,9.0,False,95,115.0,0.663,no,no,no,no,no,no,no,3.3,
dataset7_CLINIC_metal_0027_data,grupo 1,evaluacion,ok,concordante,False,nan,default6mm,0.0,ocupado_2500,,0,0,18218,6.5,111.0,8.0,7.0,-30.0,3.2,-48.0,6.5,-48.0,-45.0,3.9,2.7,250.2,220.2,183.5,0.9848,0.0,0.1736,0.0,0.0,9.0,False,95,115.0,0.663,no,no,no,no,no,no,no,3.2,
dataset7_CLINIC_metal_0027_data,grupo 1,evaluacion,ok,concordante,False,nan,default6mm,0.0,ocupado_semimax,,0,0,18628,6.5,111.0,8.0,7.0,-30.0,3.2,-48.0,6.5,-48.0,-45.0,3.9,2.7,250.2,220.2,183.5,0.9848,0.0,0.1736,0.0,0.0,9.0,False,95,115.0,0.663,no,no,no,no,no,no,no,3.2,
dataset7_CLINIC_metal_0027_data,grupo 1,evaluacion,ok,concordante,False,nan,default6mm,0.001,hueso,,284,284,0,6.5,111.0,10.4,7.0,-27.0,6.2,-48.0,6.5,-48.0,-45.0,3.9,2.7,250.2,220.2,183.5,0.9848,0.0,0.1736,0.0,0.0,9.0,False,95,115.0,0.663,no,no,no,no,no,no,no,3.3,
dataset7_CLINIC_metal_0027_data,grupo 1,evaluacion,ok,concordante,False,nan,default6mm,0.001,ocupado_2500,,284,284,18210,6.5,111.0,8.0,7.0,-30.0,3.2,-48.0,6.5,-48.0,-45.0,3.9,2.7,250.2,220.2,183.5,0.9848,0.0,0.1736,0.0,0.0,9.0,False,95,115.0,0.663,no,no,no,no,no,no,no,2.9,
dataset7_CLINIC_metal_0027_data,grupo 1,evaluacion,ok,concordante,False,nan,default6mm,0.001,ocupado_semimax,,284,284,18620,6.5,111.0,8.0,7.0,-30.0,3.2,-48.0,6.5,-48.0,-45.0,3.9,2.7,250.2,220.2,183.5,0.9848,0.0,0.1736,0.0,0.0,9.0,False,95,115.0,0.663,no,no,no,no,no,no,no,3.1,
dataset7_CLINIC_metal_0027_data,grupo 1,evaluacion,ok,concordante,False,nan,default6mm,0.01,hueso,,454,454,0,6.5,111.0,10.4,7.0,-27.0,6.2,-48.0,6.5,-48.0,-45.0,3.9,2.7,250.2,220.2,183.5,0.9848,0.0,0.1736,0.0,0.0,9.0,False,95,115.0,0.663,no,no,no,no,no,no,no,3.4,
dataset7_CLINIC_metal_0027_data,grupo 1,evaluacion,ok,concordante,False,nan,default6mm,0.01,ocupado_2500,,454,454,18210,6.5,111.0,8.0,7.0,-30.0,3.2,-48.0,6.5,-48.0,-45.0,3.9,2.7,250.2,220.2,183.5,0.9848,0.0,0.1736,0.0,0.0,9.0,False,95,115.0,0.663,no,no,no,no,no,no,no,3.0,
dataset7_CLINIC_metal_0027_data,grupo 1,evaluacion,ok,concordante,False,nan,default6mm,0.01,ocupado_semimax,,454,454,18620,6.5,111.0,8.0,7.0,-30.0,3.2,-48.0,6.5,-48.0,-45.0,3.9,2.7,250.2,220.2,183.5,0.9848,0.0,0.1736,0.0,0.0,9.0,False,95,115.0,0.663,no,no,no,no,no,no,no,3.0,
dataset7_CLINIC_metal_0027_data,grupo 1,evaluacion,ok,concordante,False,nan,default6mm,0.05,hueso,0.01,454,454,0,6.5,111.0,10.4,7.0,-27.0,6.2,-48.0,6.5,-48.0,-45.0,3.9,2.7,250.2,220.2,183.5,0.9848,0.0,0.1736,0.0,0.0,9.0,False,95,115.0,0.663,no,no,no,no,no,no,no,0.0,
dataset7_CLINIC_metal_0027_data,grupo 1,evaluacion,ok,concordante,False,nan,default6mm,0.05,ocupado_2500,0.01,454,454,18210,6.5,111.0,8.0,7.0,-30.0,3.2,-48.0,6.5,-48.0,-45.0,3.9,2.7,250.2,220.2,183.5,0.9848,0.0,0.1736,0.0,0.0,9.0,False,95,115.0,0.663,no,no,no,no,no,no,no,0.0,
dataset7_CLINIC_metal_0027_data,grupo 1,evaluacion,ok,concordante,False,nan,default6mm,0.05,ocupado_semimax,0.01,454,454,18620,6.5,111.0,8.0,7.0,-30.0,3.2,-48.0,6.5,-48.0,-45.0,3.9,2.7,250.2,220.2,183.5,0.9848,0.0,0.1736,0.0,0.0,9.0,False,95,115.0,0.663,no,no,no,no,no,no,no,0.0,
dataset7_CLINIC_metal_0027_data,grupo 1,evaluacion,ok,concordante,False,nan,robust3mm,0.0,hueso,,0,0,0,6.6,112.0,10.2,6.6,-27.0,5.2,-48.0,6.6,-48.0,-45.0,3.9,2.7,250.2,220.2,183.5,0.9848,0.0,0.1736,0.0,0.0,9.0,False,95,119.0,0.674,no,no,no,no,no,no,no,3.3,
dataset7_CLINIC_metal_0027_data,grupo 1,evaluacion,ok,concordante,False,nan,robust3mm,0.0,ocupado_2500,,0,0,18160,6.6,112.0,8.0,6.6,-30.0,3.2,-48.0,6.6,-48.0,-45.0,3.9,2.7,250.2,220.2,183.5,0.9848,0.0,0.1736,0.0,0.0,9.0,False,95,119.0,0.674,no,no,no,no,no,no,no,3.2,
dataset7_CLINIC_metal_0027_data,grupo 1,evaluacion,ok,concordante,False,nan,robust3mm,0.0,ocupado_semimax,,0,0,18571,6.6,112.0,8.0,6.6,-30.0,3.2,-48.0,6.6,-48.0,-45.0,3.9,2.7,250.2,220.2,183.5,0.9848,0.0,0.1736,0.0,0.0,9.0,False,95,119.0,0.674,no,no,no,no,no,no,no,2.9,
dataset7_CLINIC_metal_0027_data,grupo 1,evaluacion,ok,concordante,False,nan,robust3mm,0.001,hueso,,151,151,0,6.6,112.0,10.2,6.6,-27.0,5.2,-48.0,6.6,-48.0,-45.0,3.9,2.7,250.2,220.2,183.5,0.9848,0.0,0.1736,0.0,0.0,9.0,False,95,119.0,0.674,no,no,no,no,no,no,no,3.2,
dataset7_CLINIC_metal_0027_data,grupo 1,evaluacion,ok,concordante,False,nan,robust3mm,0.001,ocupado_2500,,151,151,18160,6.6,112.0,8.0,6.6,-30.0,3.2,-48.0,6.6,-48.0,-45.0,3.9,2.7,250.2,220.2,183.5,0.9848,0.0,0.1736,0.0,0.0,9.0,False,95,119.0,0.674,no,no,no,no,no,no,no,3.1,
dataset7_CLINIC_metal_0027_data,grupo 1,evaluacion,ok,concordante,False,nan,robust3mm,0.001,ocupado_semimax,,151,151,18571,6.6,112.0,8.0,6.6,-30.0,3.2,-48.0,6.6,-48.0,-45.0,3.9,2.7,250.2,220.2,183.5,0.9848,0.0,0.1736,0.0,0.0,9.0,False,95,119.0,0.674,no,no,no,no,no,no,no,3.0,
dataset7_CLINIC_metal_0027_data,grupo 1,evaluacion,ok,concordante,False,nan,robust3mm,0.01,hueso,,391,391,0,6.6,112.0,10.2,6.6,-27.0,5.2,-48.0,6.6,-48.0,-45.0,3.9,2.7,250.2,220.2,183.5,0.9848,0.0,0.1736,0.0,0.0,9.0,False,95,119.0,0.674,no,no,no,no,no,no,no,3.1,
dataset7_CLINIC_metal_0027_data,grupo 1,evaluacion,ok,concordante,False,nan,robust3mm,0.01,ocupado_2500,,391,391,18160,6.6,112.0,8.0,6.6,-30.0,3.2,-48.0,6.6,-48.0,-45.0,3.9,2.7,250.2,220.2,183.5,0.9848,0.0,0.1736,0.0,0.0,9.0,False,95,119.0,0.674,no,no,no,no,no,no,no,3.2,
dataset7_CLINIC_metal_0027_data,grupo 1,evaluacion,ok,concordante,False,nan,robust3mm,0.01,ocupado_semimax,,391,391,18571,6.6,112.0,8.0,6.6,-30.0,3.2,-48.0,6.6,-48.0,-45.0,3.9,2.7,250.2,220.2,183.5,0.9848,0.0,0.1736,0.0,0.0,9.0,False,95,119.0,0.674,no,no,no,no,no,no,no,2.7,
dataset7_CLINIC_metal_0027_data,grupo 1,evaluacion,ok,concordante,False,nan,robust3mm,0.05,hueso,0.01,391,391,0,6.6,112.0,10.2,6.6,-27.0,5.2,-48.0,6.6,-48.0,-45.0,3.9,2.7,250.2,220.2,183.5,0.9848,0.0,0.1736,0.0,0.0,9.0,False,95,119.0,0.674,no,no,no,no,no,no,no,0.0,
dataset7_CLINIC_metal_0027_data,grupo 1,evaluacion,ok,concordante,False,nan,robust3mm,0.05,ocupado_2500,0.01,391,391,18160,6.6,112.0,8.0,6.6,-30.0,3.2,-48.0,6.6,-48.0,-45.0,3.9,2.7,250.2,220.2,183.5,0.9848,0.0,0.1736,0.0,0.0,9.0,False,95,119.0,0.674,no,no,no,no,no,no,no,0.0,
dataset7_CLINIC_metal_0027_data,grupo 1,evaluacion,ok,concordante,False,nan,robust3mm,0.05,ocupado_semimax,0.01,391,391,18571,6.6,112.0,8.0,6.6,-30.0,3.2,-48.0,6.6,-48.0,-45.0,3.9,2.7,250.2,220.2,183.5,0.9848,0.0,0.1736,0.0,0.0,9.0,False,95,119.0,0.674,no,no,no,no,no,no,no,0.0,
dataset7_CLINIC_metal_0029_data,grupo 1,evaluacion,ok,concordante,False,nan,default6mm,0.0,hueso,,0,0,0,9.4,112.0,15.8,11.9,-15.0,9.4,-30.0,7.3,-15.0,-6.0,1.2,9.8,199.0,174.3,188.8,0.9924,0.0868,-0.0868,0.088,0.115,0.0,True,78,270.0,0.231,no,si,no,si,no,no,no,4.8,
dataset7_CLINIC_metal_0029_data,grupo 1,evaluacion,ok,concordante,False,nan,default6mm,0.0,ocupado_2500,,0,0,29119,9.4,112.0,15.8,14.8,-15.0,9.4,-30.0,7.3,-15.0,-6.0,1.2,9.8,199.0,174.3,188.8,0.9924,0.0868,-0.0868,0.088,0.115,0.0,True,78,270.0,0.231,no,si,no,si,no,no,no,4.3,
dataset7_CLINIC_metal_0029_data,grupo 1,evaluacion,ok,concordante,False,nan,default6mm,0.0,ocupado_semimax,,0,0,29144,9.4,112.0,15.8,14.8,-15.0,9.4,-30.0,7.3,-15.0,-6.0,1.2,9.8,199.0,174.3,188.8,0.9924,0.0868,-0.0868,0.088,0.115,0.0,True,78,270.0,0.231,no,si,no,si,no,no,no,4.3,
dataset7_CLINIC_metal_0029_data,grupo 1,evaluacion,ok,concordante,False,nan,default6mm,0.001,hueso,,52,52,0,9.4,112.0,15.8,11.9,-15.0,9.4,-30.0,7.3,-15.0,-6.0,1.2,9.8,199.0,174.3,188.8,0.9924,0.0868,-0.0868,0.088,0.115,0.0,True,78,270.0,0.231,no,si,no,si,no,no,no,4.7,
dataset7_CLINIC_metal_0029_data,grupo 1,evaluacion,ok,concordante,False,nan,default6mm,0.001,ocupado_2500,,52,52,29119,9.4,112.0,15.8,14.8,-15.0,9.4,-30.0,7.3,-15.0,-6.0,1.2,9.8,199.0,174.3,188.8,0.9924,0.0868,-0.0868,0.088,0.115,0.0,True,78,270.0,0.231,no,si,no,si,no,no,no,4.3,
dataset7_CLINIC_metal_0029_data,grupo 1,evaluacion,ok,concordante,False,nan,default6mm,0.001,ocupado_semimax,,52,52,29144,9.4,112.0,15.8,14.8,-15.0,9.4,-30.0,7.3,-15.0,-6.0,1.2,9.8,199.0,174.3,188.8,0.9924,0.0868,-0.0868,0.088,0.115,0.0,True,78,270.0,0.231,no,si,no,si,no,no,no,4.2,
dataset7_CLINIC_metal_0029_data,grupo 1,evaluacion,ok,concordante,False,nan,default6mm,0.01,hueso,0.001,52,52,0,9.4,112.0,15.8,11.9,-15.0,9.4,-30.0,7.3,-15.0,-6.0,1.2,9.8,199.0,174.3,188.8,0.9924,0.0868,-0.0868,0.088,0.115,0.0,True,78,270.0,0.231,no,si,no,si,no,no,no,0.0,
dataset7_CLINIC_metal_0029_data,grupo 1,evaluacion,ok,concordante,False,nan,default6mm,0.01,ocupado_2500,0.001,52,52,29119,9.4,112.0,15.8,14.8,-15.0,9.4,-30.0,7.3,-15.0,-6.0,1.2,9.8,199.0,174.3,188.8,0.9924,0.0868,-0.0868,0.088,0.115,0.0,True,78,270.0,0.231,no,si,no,si,no,no,no,0.1,
dataset7_CLINIC_metal_0029_data,grupo 1,evaluacion,ok,concordante,False,nan,default6mm,0.01,ocupado_semimax,0.001,52,52,29144,9.4,112.0,15.8,14.8,-15.0,9.4,-30.0,7.3,-15.0,-6.0,1.2,9.8,199.0,174.3,188.8,0.9924,0.0868,-0.0868,0.088,0.115,0.0,True,78,270.0,0.231,no,si,no,si,no,no,no,0.0,
dataset7_CLINIC_metal_0029_data,grupo 1,evaluacion,ok,concordante,False,nan,default6mm,0.05,hueso,0.001,52,52,0,9.4,112.0,15.8,11.9,-15.0,9.4,-30.0,7.3,-15.0,-6.0,1.2,9.8,199.0,174.3,188.8,0.9924,0.0868,-0.0868,0.088,0.115,0.0,True,78,270.0,0.231,no,si,no,si,no,no,no,0.0,
dataset7_CLINIC_metal_0029_data,grupo 1,evaluacion,ok,concordante,False,nan,default6mm,0.05,ocupado_2500,0.001,52,52,29119,9.4,112.0,15.8,14.8,-15.0,9.4,-30.0,7.3,-15.0,-6.0,1.2,9.8,199.0,174.3,188.8,0.9924,0.0868,-0.0868,0.088,0.115,0.0,True,78,270.0,0.231,no,si,no,si,no,no,no,0.0,
dataset7_CLINIC_metal_0029_data,grupo 1,evaluacion,ok,concordante,False,nan,default6mm,0.05,ocupado_semimax,0.001,52,52,29144,9.4,112.0,15.8,14.8,-15.0,9.4,-30.0,7.3,-15.0,-6.0,1.2,9.8,199.0,174.3,188.8,0.9924,0.0868,-0.0868,0.088,0.115,0.0,True,78,270.0,0.231,no,si,no,si,no,no,no,0.0,
dataset7_CLINIC_metal_0029_data,grupo 1,evaluacion,ok,concordante,False,nan,robust3mm,0.0,hueso,,0,0,0,9.2,113.0,15.5,12.1,-15.0,9.2,-27.0,7.9,-15.0,-6.0,1.2,9.8,199.0,174.3,188.8,0.9924,0.0868,-0.0868,0.079,0.114,0.0,True,78,261.0,0.244,no,si,no,no,no,no,no,4.6,
dataset7_CLINIC_metal_0029_data,grupo 1,evaluacion,ok,concordante,False,nan,robust3mm,0.0,ocupado_2500,,0,0,29428,9.2,113.0,15.5,12.1,-15.0,9.2,-36.0,6.7,-15.0,-6.0,1.2,9.8,199.0,174.3,188.8,0.9924,0.0868,-0.0868,0.079,0.114,0.0,True,78,261.0,0.244,no,si,no,no,no,no,no,4.2,
dataset7_CLINIC_metal_0029_data,grupo 1,evaluacion,ok,concordante,False,nan,robust3mm,0.0,ocupado_semimax,,0,0,29453,9.2,113.0,15.5,12.1,-15.0,9.2,-36.0,6.7,-15.0,-6.0,1.2,9.8,199.0,174.3,188.8,0.9924,0.0868,-0.0868,0.079,0.114,0.0,True,78,261.0,0.244,no,si,no,no,no,no,no,4.3,
dataset7_CLINIC_metal_0029_data,grupo 1,evaluacion,ok,concordante,False,nan,robust3mm,0.001,hueso,,120,120,0,9.2,113.0,15.5,12.1,-15.0,9.2,-27.0,7.9,-15.0,-6.0,1.2,9.8,199.0,174.3,188.8,0.9924,0.0868,-0.0868,0.079,0.114,0.0,True,78,261.0,0.244,no,si,no,no,no,no,no,4.6,
dataset7_CLINIC_metal_0029_data,grupo 1,evaluacion,ok,concordante,False,nan,robust3mm,0.001,ocupado_2500,,120,120,29418,9.2,113.0,15.5,12.1,-15.0,9.2,-36.0,6.7,-15.0,-6.0,1.2,9.8,199.0,174.3,188.8,0.9924,0.0868,-0.0868,0.079,0.114,0.0,True,78,261.0,0.244,no,si,no,no,no,no,no,4.3,
dataset7_CLINIC_metal_0029_data,grupo 1,evaluacion,ok,concordante,False,nan,robust3mm,0.001,ocupado_semimax,,120,120,29443,9.2,113.0,15.5,12.1,-15.0,9.2,-36.0,6.7,-15.0,-6.0,1.2,9.8,199.0,174.3,188.8,0.9924,0.0868,-0.0868,0.079,0.114,0.0,True,78,261.0,0.244,no,si,no,no,no,no,no,4.1,
dataset7_CLINIC_metal_0029_data,grupo 1,evaluacion,ok,concordante,False,nan,robust3mm,0.01,hueso,0.001,120,120,0,9.2,113.0,15.5,12.1,-15.0,9.2,-27.0,7.9,-15.0,-6.0,1.2,9.8,199.0,174.3,188.8,0.9924,0.0868,-0.0868,0.079,0.114,0.0,True,78,261.0,0.244,no,si,no,no,no,no,no,0.0,
dataset7_CLINIC_metal_0029_data,grupo 1,evaluacion,ok,concordante,False,nan,robust3mm,0.01,ocupado_2500,0.001,120,120,29418,9.2,113.0,15.5,12.1,-15.0,9.2,-36.0,6.7,-15.0,-6.0,1.2,9.8,199.0,174.3,188.8,0.9924,0.0868,-0.0868,0.079,0.114,0.0,True,78,261.0,0.244,no,si,no,no,no,no,no,0.1,
dataset7_CLINIC_metal_0029_data,grupo 1,evaluacion,ok,concordante,False,nan,robust3mm,0.01,ocupado_semimax,0.001,120,120,29443,9.2,113.0,15.5,12.1,-15.0,9.2,-36.0,6.7,-15.0,-6.0,1.2,9.8,199.0,174.3,188.8,0.9924,0.0868,-0.0868,0.079,0.114,0.0,True,78,261.0,0.244,no,si,no,no,no,no,no,0.0,
dataset7_CLINIC_metal_0029_data,grupo 1,evaluacion,ok,concordante,False,nan,robust3mm,0.05,hueso,0.001,120,120,0,9.2,113.0,15.5,12.1,-15.0,9.2,-27.0,7.9,-15.0,-6.0,1.2,9.8,199.0,174.3,188.8,0.9924,0.0868,-0.0868,0.079,0.114,0.0,True,78,261.0,0.244,no,si,no,no,no,no,no,0.0,
dataset7_CLINIC_metal_0029_data,grupo 1,evaluacion,ok,concordante,False,nan,robust3mm,0.05,ocupado_2500,0.001,120,120,29418,9.2,113.0,15.5,12.1,-15.0,9.2,-36.0,6.7,-15.0,-6.0,1.2,9.8,199.0,174.3,188.8,0.9924,0.0868,-0.0868,0.079,0.114,0.0,True,78,261.0,0.244,no,si,no,no,no,no,no,0.0,
dataset7_CLINIC_metal_0029_data,grupo 1,evaluacion,ok,concordante,False,nan,robust3mm,0.05,ocupado_semimax,0.001,120,120,29443,9.2,113.0,15.5,12.1,-15.0,9.2,-36.0,6.7,-15.0,-6.0,1.2,9.8,199.0,174.3,188.8,0.9924,0.0868,-0.0868,0.079,0.114,0.0,True,78,261.0,0.244,no,si,no,no,no,no,no,0.0,
dataset7_CLINIC_metal_0030_data,grupo 1,evaluacion,ok,concordante,False,nan,default6mm,0.0,hueso,,0,0,0,5.9,156.0,10.9,9.8,-27.0,5.9,-45.0,5.6,-27.0,-27.0,6.7,8.7,196.0,144.5,143.7,0.9962,0.0,0.0872,0.0,0.0,2.4,True,136,214.5,0.279,no,no,no,no,no,no,no,5.0,
dataset7_CLINIC_metal_0030_data,grupo 1,evaluacion,ok,concordante,False,nan,default6mm,0.0,ocupado_2500,,0,0,18388,5.7,149.0,10.9,8.9,-33.0,5.7,-45.0,5.6,-33.0,-30.0,3.3,8.7,196.0,141.5,137.7,0.9962,0.0,-0.0872,0.0,0.0,7.8,False,129,221.0,0.318,no,no,no,no,no,no,no,4.4,
dataset7_CLINIC_metal_0030_data,grupo 1,evaluacion,ok,concordante,False,nan,default6mm,0.0,ocupado_semimax,,0,0,18388,5.7,149.0,10.9,8.9,-33.0,5.7,-45.0,5.6,-33.0,-30.0,3.3,8.7,196.0,141.5,137.7,0.9962,0.0,-0.0872,0.0,0.0,7.8,False,129,221.0,0.318,no,no,no,no,no,no,no,4.4,
dataset7_CLINIC_metal_0030_data,grupo 1,evaluacion,ok,concordante,False,nan,default6mm,0.001,hueso,,320,320,0,5.9,156.0,10.9,9.8,-27.0,5.9,-45.0,5.6,-27.0,-27.0,6.7,8.7,196.0,144.5,143.7,0.9962,0.0,0.0872,0.0,0.0,2.4,True,136,214.5,0.279,no,no,no,no,no,no,no,4.7,
dataset7_CLINIC_metal_0030_data,grupo 1,evaluacion,ok,concordante,False,nan,default6mm,0.001,ocupado_2500,,320,320,18388,5.7,149.0,10.9,8.9,-33.0,5.7,-45.0,5.6,-33.0,-30.0,3.3,8.7,196.0,141.5,137.7,0.9962,0.0,-0.0872,0.0,0.0,7.8,False,129,221.0,0.318,no,no,no,no,no,no,no,4.1,
dataset7_CLINIC_metal_0030_data,grupo 1,evaluacion,ok,concordante,False,nan,default6mm,0.001,ocupado_semimax,,320,320,18388,5.7,149.0,10.9,8.9,-33.0,5.7,-45.0,5.6,-33.0,-30.0,3.3,8.7,196.0,141.5,137.7,0.9962,0.0,-0.0872,0.0,0.0,7.8,False,129,221.0,0.318,no,no,no,no,no,no,no,4.3,
dataset7_CLINIC_metal_0030_data,grupo 1,evaluacion,ok,concordante,False,nan,default6mm,0.01,hueso,0.001,320,320,0,5.9,156.0,10.9,9.8,-27.0,5.9,-45.0,5.6,-27.0,-27.0,6.7,8.7,196.0,144.5,143.7,0.9962,0.0,0.0872,0.0,0.0,2.4,True,136,214.5,0.279,no,no,no,no,no,no,no,0.0,
dataset7_CLINIC_metal_0030_data,grupo 1,evaluacion,ok,concordante,False,nan,default6mm,0.01,ocupado_2500,0.001,320,320,18388,5.7,149.0,10.9,8.9,-33.0,5.7,-45.0,5.6,-33.0,-30.0,3.3,8.7,196.0,141.5,137.7,0.9962,0.0,-0.0872,0.0,0.0,7.8,False,129,221.0,0.318,no,no,no,no,no,no,no,0.1,
dataset7_CLINIC_metal_0030_data,grupo 1,evaluacion,ok,concordante,False,nan,default6mm,0.01,ocupado_semimax,0.001,320,320,18388,5.7,149.0,10.9,8.9,-33.0,5.7,-45.0,5.6,-33.0,-30.0,3.3,8.7,196.0,141.5,137.7,0.9962,0.0,-0.0872,0.0,0.0,7.8,False,129,221.0,0.318,no,no,no,no,no,no,no,0.0,
dataset7_CLINIC_metal_0030_data,grupo 1,evaluacion,ok,concordante,False,nan,default6mm,0.05,hueso,0.001,320,320,0,5.9,156.0,10.9,9.8,-27.0,5.9,-45.0,5.6,-27.0,-27.0,6.7,8.7,196.0,144.5,143.7,0.9962,0.0,0.0872,0.0,0.0,2.4,True,136,214.5,0.279,no,no,no,no,no,no,no,0.0,
dataset7_CLINIC_metal_0030_data,grupo 1,evaluacion,ok,concordante,False,nan,default6mm,0.05,ocupado_2500,0.001,320,320,18388,5.7,149.0,10.9,8.9,-33.0,5.7,-45.0,5.6,-33.0,-30.0,3.3,8.7,196.0,141.5,137.7,0.9962,0.0,-0.0872,0.0,0.0,7.8,False,129,221.0,0.318,no,no,no,no,no,no,no,0.1,
dataset7_CLINIC_metal_0030_data,grupo 1,evaluacion,ok,concordante,False,nan,default6mm,0.05,ocupado_semimax,0.001,320,320,18388,5.7,149.0,10.9,8.9,-33.0,5.7,-45.0,5.6,-33.0,-30.0,3.3,8.7,196.0,141.5,137.7,0.9962,0.0,-0.0872,0.0,0.0,7.8,False,129,221.0,0.318,no,no,no,no,no,no,no,0.0,
dataset7_CLINIC_metal_0030_data,grupo 1,evaluacion,ok,concordante,False,nan,robust3mm,0.0,hueso,,0,0,0,5.9,152.0,11.9,10.4,-30.0,5.9,-45.0,5.0,-27.0,-30.0,6.7,8.7,196.0,141.5,143.7,0.9962,0.0,0.0872,0.0,0.039,1.1,True,132,195.5,0.333,no,no,no,no,no,no,no,4.9,
dataset7_CLINIC_metal_0030_data,grupo 1,evaluacion,ok,concordante,False,nan,robust3mm,0.0,ocupado_2500,,0,0,18910,5.9,155.0,11.0,8.7,-30.0,5.9,-45.0,5.0,-27.0,-30.0,11.7,8.7,196.0,141.5,143.7,0.9848,0.0,0.1736,0.0,0.0,5.5,False,134,188.0,0.366,no,no,no,no,no,no,no,4.5,
dataset7_CLINIC_metal_0030_data,grupo 1,evaluacion,ok,concordante,False,nan,robust3mm,0.0,ocupado_semimax,,0,0,18910,5.9,155.0,11.0,8.7,-30.0,5.9,-45.0,5.0,-27.0,-30.0,11.7,8.7,196.0,141.5,143.7,0.9848,0.0,0.1736,0.0,0.0,5.5,False,134,188.0,0.366,no,no,no,no,no,no,no,4.3,
dataset7_CLINIC_metal_0030_data,grupo 1,evaluacion,ok,concordante,False,nan,robust3mm,0.001,hueso,,264,264,0,5.9,152.0,11.9,10.4,-30.0,5.9,-45.0,5.0,-27.0,-30.0,6.7,8.7,196.0,141.5,143.7,0.9962,0.0,0.0872,0.0,0.039,1.1,True,132,195.5,0.333,no,no,no,no,no,no,no,4.7,
dataset7_CLINIC_metal_0030_data,grupo 1,evaluacion,ok,concordante,False,nan,robust3mm,0.001,ocupado_2500,,264,264,18910,5.9,155.0,11.0,8.7,-30.0,5.9,-45.0,5.0,-27.0,-30.0,11.7,8.7,196.0,141.5,143.7,0.9848,0.0,0.1736,0.0,0.0,5.5,False,134,188.0,0.366,no,no,no,no,no,no,no,4.5,
dataset7_CLINIC_metal_0030_data,grupo 1,evaluacion,ok,concordante,False,nan,robust3mm,0.001,ocupado_semimax,,264,264,18910,5.9,155.0,11.0,8.7,-30.0,5.9,-45.0,5.0,-27.0,-30.0,11.7,8.7,196.0,141.5,143.7,0.9848,0.0,0.1736,0.0,0.0,5.5,False,134,188.0,0.366,no,no,no,no,no,no,no,4.6,
dataset7_CLINIC_metal_0030_data,grupo 1,evaluacion,ok,concordante,False,nan,robust3mm,0.01,hueso,0.001,264,264,0,5.9,152.0,11.9,10.4,-30.0,5.9,-45.0,5.0,-27.0,-30.0,6.7,8.7,196.0,141.5,143.7,0.9962,0.0,0.0872,0.0,0.039,1.1,True,132,195.5,0.333,no,no,no,no,no,no,no,0.0,
dataset7_CLINIC_metal_0030_data,grupo 1,evaluacion,ok,concordante,False,nan,robust3mm,0.01,ocupado_2500,0.001,264,264,18910,5.9,155.0,11.0,8.7,-30.0,5.9,-45.0,5.0,-27.0,-30.0,11.7,8.7,196.0,141.5,143.7,0.9848,0.0,0.1736,0.0,0.0,5.5,False,134,188.0,0.366,no,no,no,no,no,no,no,0.1,
dataset7_CLINIC_metal_0030_data,grupo 1,evaluacion,ok,concordante,False,nan,robust3mm,0.01,ocupado_semimax,0.001,264,264,18910,5.9,155.0,11.0,8.7,-30.0,5.9,-45.0,5.0,-27.0,-30.0,11.7,8.7,196.0,141.5,143.7,0.9848,0.0,0.1736,0.0,0.0,5.5,False,134,188.0,0.366,no,no,no,no,no,no,no,0.0,
dataset7_CLINIC_metal_0030_data,grupo 1,evaluacion,ok,concordante,False,nan,robust3mm,0.05,hueso,0.001,264,264,0,5.9,152.0,11.9,10.4,-30.0,5.9,-45.0,5.0,-27.0,-30.0,6.7,8.7,196.0,141.5,143.7,0.9962,0.0,0.0872,0.0,0.039,1.1,True,132,195.5,0.333,no,no,no,no,no,no,no,0.0,
dataset7_CLINIC_metal_0030_data,grupo 1,evaluacion,ok,concordante,False,nan,robust3mm,0.05,ocupado_2500,0.001,264,264,18910,5.9,155.0,11.0,8.7,-30.0,5.9,-45.0,5.0,-27.0,-30.0,11.7,8.7,196.0,141.5,143.7,0.9848,0.0,0.1736,0.0,0.0,5.5,False,134,188.0,0.366,no,no,no,no,no,no,no,0.1,
dataset7_CLINIC_metal_0030_data,grupo 1,evaluacion,ok,concordante,False,nan,robust3mm,0.05,ocupado_semimax,0.001,264,264,18910,5.9,155.0,11.0,8.7,-30.0,5.9,-45.0,5.0,-27.0,-30.0,11.7,8.7,196.0,141.5,143.7,0.9848,0.0,0.1736,0.0,0.0,5.5,False,134,188.0,0.366,no,no,no,no,no,no,no,0.0,
dataset7_CLINIC_metal_0038_data,grupo 1,evaluacion,+1,R1 arriba de TS,False,nan,default6mm,0.0,hueso,,0,0,0,13.2,107.0,15.1,16.1,-42.0,13.2,-63.0,10.6,-42.0,-21.0,2.1,10.6,326.6,325.3,189.5,0.9924,-0.0868,-0.0868,0.0,0.0,18.1,False,85,311.0,0.247,si,si,si,si,si,si,si,2.6,
dataset7_CLINIC_metal_0038_data,grupo 1,evaluacion,+1,R1 arriba de TS,False,nan,default6mm,0.0,ocupado_2500,,0,0,6875,13.2,107.0,15.1,16.1,-42.0,13.2,-60.0,9.7,-42.0,-21.0,2.1,10.6,326.6,325.3,189.5,0.9924,-0.0868,-0.0868,0.0,0.0,18.1,False,85,311.0,0.247,si,si,si,si,si,si,si,2.0,
dataset7_CLINIC_metal_0038_data,grupo 1,evaluacion,+1,R1 arriba de TS,False,nan,default6mm,0.0,ocupado_semimax,,0,0,6875,13.2,107.0,15.1,16.1,-42.0,13.2,-60.0,9.7,-42.0,-21.0,2.1,10.6,326.6,325.3,189.5,0.9924,-0.0868,-0.0868,0.0,0.0,18.1,False,85,311.0,0.247,si,si,si,si,si,si,si,2.0,
dataset7_CLINIC_metal_0038_data,grupo 1,evaluacion,+1,R1 arriba de TS,False,nan,default6mm,0.001,hueso,,11,11,0,13.2,107.0,15.1,16.1,-42.0,13.2,-63.0,10.6,-42.0,-21.0,2.1,10.6,326.6,325.3,189.5,0.9924,-0.0868,-0.0868,0.0,0.0,18.1,False,85,311.0,0.247,si,si,si,si,si,si,si,2.3,
dataset7_CLINIC_metal_0038_data,grupo 1,evaluacion,+1,R1 arriba de TS,False,nan,default6mm,0.001,ocupado_2500,,11,11,6875,13.2,107.0,15.1,16.1,-42.0,13.2,-60.0,9.7,-42.0,-21.0,2.1,10.6,326.6,325.3,189.5,0.9924,-0.0868,-0.0868,0.0,0.0,18.1,False,85,311.0,0.247,si,si,si,si,si,si,si,2.1,
dataset7_CLINIC_metal_0038_data,grupo 1,evaluacion,+1,R1 arriba de TS,False,nan,default6mm,0.001,ocupado_semimax,,11,11,6875,13.2,107.0,15.1,16.1,-42.0,13.2,-60.0,9.7,-42.0,-21.0,2.1,10.6,326.6,325.3,189.5,0.9924,-0.0868,-0.0868,0.0,0.0,18.1,False,85,311.0,0.247,si,si,si,si,si,si,si,1.9,
dataset7_CLINIC_metal_0038_data,grupo 1,evaluacion,+1,R1 arriba de TS,False,nan,default6mm,0.01,hueso,0.001,11,11,0,13.2,107.0,15.1,16.1,-42.0,13.2,-63.0,10.6,-42.0,-21.0,2.1,10.6,326.6,325.3,189.5,0.9924,-0.0868,-0.0868,0.0,0.0,18.1,False,85,311.0,0.247,si,si,si,si,si,si,si,0.0,
dataset7_CLINIC_metal_0038_data,grupo 1,evaluacion,+1,R1 arriba de TS,False,nan,default6mm,0.01,ocupado_2500,0.001,11,11,6875,13.2,107.0,15.1,16.1,-42.0,13.2,-60.0,9.7,-42.0,-21.0,2.1,10.6,326.6,325.3,189.5,0.9924,-0.0868,-0.0868,0.0,0.0,18.1,False,85,311.0,0.247,si,si,si,si,si,si,si,0.0,
dataset7_CLINIC_metal_0038_data,grupo 1,evaluacion,+1,R1 arriba de TS,False,nan,default6mm,0.01,ocupado_semimax,0.001,11,11,6875,13.2,107.0,15.1,16.1,-42.0,13.2,-60.0,9.7,-42.0,-21.0,2.1,10.6,326.6,325.3,189.5,0.9924,-0.0868,-0.0868,0.0,0.0,18.1,False,85,311.0,0.247,si,si,si,si,si,si,si,0.0,
dataset7_CLINIC_metal_0038_data,grupo 1,evaluacion,+1,R1 arriba de TS,False,nan,default6mm,0.05,hueso,0.001,11,11,0,13.2,107.0,15.1,16.1,-42.0,13.2,-63.0,10.6,-42.0,-21.0,2.1,10.6,326.6,325.3,189.5,0.9924,-0.0868,-0.0868,0.0,0.0,18.1,False,85,311.0,0.247,si,si,si,si,si,si,si,0.0,
dataset7_CLINIC_metal_0038_data,grupo 1,evaluacion,+1,R1 arriba de TS,False,nan,default6mm,0.05,ocupado_2500,0.001,11,11,6875,13.2,107.0,15.1,16.1,-42.0,13.2,-60.0,9.7,-42.0,-21.0,2.1,10.6,326.6,325.3,189.5,0.9924,-0.0868,-0.0868,0.0,0.0,18.1,False,85,311.0,0.247,si,si,si,si,si,si,si,0.0,
dataset7_CLINIC_metal_0038_data,grupo 1,evaluacion,+1,R1 arriba de TS,False,nan,default6mm,0.05,ocupado_semimax,0.001,11,11,6875,13.2,107.0,15.1,16.1,-42.0,13.2,-60.0,9.7,-42.0,-21.0,2.1,10.6,326.6,325.3,189.5,0.9924,-0.0868,-0.0868,0.0,0.0,18.1,False,85,311.0,0.247,si,si,si,si,si,si,si,0.0,
dataset7_CLINIC_metal_0038_data,grupo 1,evaluacion,+1,R1 arriba de TS,False,nan,robust3mm,0.0,hueso,,0,0,0,10.3,161.0,15.6,16.5,-42.0,10.3,-63.0,10.1,-42.0,-24.0,2.9,0.6,326.6,322.3,189.5,0.9962,0.0872,0.0,0.0,0.0,18.8,False,145,200.0,0.421,si,si,no,si,no,si,no,2.2,
dataset7_CLINIC_metal_0038_data,grupo 1,evaluacion,+1,R1 arriba de TS,False,nan,robust3mm,0.0,ocupado_2500,,0,0,6922,10.3,161.0,15.6,16.5,-42.0,10.3,-60.0,9.1,-42.0,-24.0,2.9,0.6,326.6,322.3,189.5,0.9962,0.0872,0.0,0.0,0.0,18.8,False,145,200.0,0.421,si,si,no,si,no,si,no,2.1,
dataset7_CLINIC_metal_0038_data,grupo 1,evaluacion,+1,R1 arriba de TS,False,nan,robust3mm,0.0,ocupado_semimax,,0,0,6922,10.3,161.0,15.6,16.5,-42.0,10.3,-60.0,9.1,-42.0,-24.0,2.9,0.6,326.6,322.3,189.5,0.9962,0.0872,0.0,0.0,0.0,18.8,False,145,200.0,0.421,si,si,no,si,no,si,no,1.9,
dataset7_CLINIC_metal_0038_data,grupo 1,evaluacion,+1,R1 arriba de TS,False,nan,robust3mm,0.001,hueso,,20,20,0,10.3,161.0,15.6,16.5,-42.0,10.3,-63.0,10.1,-42.0,-24.0,2.9,0.6,326.6,322.3,189.5,0.9962,0.0872,0.0,0.0,0.0,18.8,False,145,200.0,0.421,si,si,no,si,no,si,no,2.3,
dataset7_CLINIC_metal_0038_data,grupo 1,evaluacion,+1,R1 arriba de TS,False,nan,robust3mm,0.001,ocupado_2500,,20,20,6922,10.3,161.0,15.6,16.5,-42.0,10.3,-60.0,9.1,-42.0,-24.0,2.9,0.6,326.6,322.3,189.5,0.9962,0.0872,0.0,0.0,0.0,18.8,False,145,200.0,0.421,si,si,no,si,no,si,no,2.1,
dataset7_CLINIC_metal_0038_data,grupo 1,evaluacion,+1,R1 arriba de TS,False,nan,robust3mm,0.001,ocupado_semimax,,20,20,6922,10.3,161.0,15.6,16.5,-42.0,10.3,-60.0,9.1,-42.0,-24.0,2.9,0.6,326.6,322.3,189.5,0.9962,0.0872,0.0,0.0,0.0,18.8,False,145,200.0,0.421,si,si,no,si,no,si,no,2.0,
dataset7_CLINIC_metal_0038_data,grupo 1,evaluacion,+1,R1 arriba de TS,False,nan,robust3mm,0.01,hueso,0.001,20,20,0,10.3,161.0,15.6,16.5,-42.0,10.3,-63.0,10.1,-42.0,-24.0,2.9,0.6,326.6,322.3,189.5,0.9962,0.0872,0.0,0.0,0.0,18.8,False,145,200.0,0.421,si,si,no,si,no,si,no,0.0,
dataset7_CLINIC_metal_0038_data,grupo 1,evaluacion,+1,R1 arriba de TS,False,nan,robust3mm,0.01,ocupado_2500,0.001,20,20,6922,10.3,161.0,15.6,16.5,-42.0,10.3,-60.0,9.1,-42.0,-24.0,2.9,0.6,326.6,322.3,189.5,0.9962,0.0872,0.0,0.0,0.0,18.8,False,145,200.0,0.421,si,si,no,si,no,si,no,0.0,
dataset7_CLINIC_metal_0038_data,grupo 1,evaluacion,+1,R1 arriba de TS,False,nan,robust3mm,0.01,ocupado_semimax,0.001,20,20,6922,10.3,161.0,15.6,16.5,-42.0,10.3,-60.0,9.1,-42.0,-24.0,2.9,0.6,326.6,322.3,189.5,0.9962,0.0872,0.0,0.0,0.0,18.8,False,145,200.0,0.421,si,si,no,si,no,si,no,0.0,
dataset7_CLINIC_metal_0038_data,grupo 1,evaluacion,+1,R1 arriba de TS,False,nan,robust3mm,0.05,hueso,0.001,20,20,0,10.3,161.0,15.6,16.5,-42.0,10.3,-63.0,10.1,-42.0,-24.0,2.9,0.6,326.6,322.3,189.5,0.9962,0.0872,0.0,0.0,0.0,18.8,False,145,200.0,0.421,si,si,no,si,no,si,no,0.0,
dataset7_CLINIC_metal_0038_data,grupo 1,evaluacion,+1,R1 arriba de TS,False,nan,robust3mm,0.05,ocupado_2500,0.001,20,20,6922,10.3,161.0,15.6,16.5,-42.0,10.3,-60.0,9.1,-42.0,-24.0,2.9,0.6,326.6,322.3,189.5,0.9962,0.0872,0.0,0.0,0.0,18.8,False,145,200.0,0.421,si,si,no,si,no,si,no,0.0,
dataset7_CLINIC_metal_0038_data,grupo 1,evaluacion,+1,R1 arriba de TS,False,nan,robust3mm,0.05,ocupado_semimax,0.001,20,20,6922,10.3,161.0,15.6,16.5,-42.0,10.3,-60.0,9.1,-42.0,-24.0,2.9,0.6,326.6,322.3,189.5,0.9962,0.0872,0.0,0.0,0.0,18.8,False,145,200.0,0.421,si,si,no,si,no,si,no,0.0,
dataset7_CLINIC_metal_0033_data,grupo 1,evaluacion,ok,concordante,False,nan,default6mm,0.0,hueso,,0,0,0,9.4,146.0,11.5,11.8,-9.0,4.6,-30.0,9.4,-30.0,-21.0,3.0,1.2,208.2,154.8,173.8,0.9924,-0.0868,0.0868,0.0,0.0,6.8,False,129,181.0,0.287,no,si,no,si,no,no,no,4.4,
dataset7_CLINIC_metal_0033_data,grupo 1,evaluacion,ok,concordante,False,nan,default6mm,0.0,ocupado_2500,,0,0,6476,9.4,146.0,11.1,11.3,-9.0,4.6,-30.0,9.4,-30.0,-21.0,3.0,1.2,208.2,154.8,173.8,0.9924,-0.0868,0.0868,0.0,0.0,6.8,False,129,181.0,0.287,no,si,no,si,no,no,no,3.9,
dataset7_CLINIC_metal_0033_data,grupo 1,evaluacion,ok,concordante,False,nan,default6mm,0.0,ocupado_semimax,,0,0,7328,9.4,146.0,11.1,11.3,-9.0,4.6,-30.0,9.4,-30.0,-21.0,3.0,1.2,208.2,154.8,173.8,0.9924,-0.0868,0.0868,0.0,0.0,6.8,False,129,181.0,0.287,no,si,no,si,no,no,no,4.2,
dataset7_CLINIC_metal_0033_data,grupo 1,evaluacion,ok,concordante,False,nan,default6mm,0.001,hueso,,48,48,0,9.4,146.0,11.5,11.8,-9.0,4.6,-30.0,9.4,-30.0,-21.0,3.0,1.2,208.2,154.8,173.8,0.9924,-0.0868,0.0868,0.0,0.0,6.8,False,129,181.0,0.287,no,si,no,si,no,no,no,3.9,
dataset7_CLINIC_metal_0033_data,grupo 1,evaluacion,ok,concordante,False,nan,default6mm,0.001,ocupado_2500,,48,48,6476,9.4,146.0,11.1,11.3,-9.0,4.6,-30.0,9.4,-30.0,-21.0,3.0,1.2,208.2,154.8,173.8,0.9924,-0.0868,0.0868,0.0,0.0,6.8,False,129,181.0,0.287,no,si,no,si,no,no,no,4.0,
dataset7_CLINIC_metal_0033_data,grupo 1,evaluacion,ok,concordante,False,nan,default6mm,0.001,ocupado_semimax,,48,48,7328,9.4,146.0,11.1,11.3,-9.0,4.6,-30.0,9.4,-30.0,-21.0,3.0,1.2,208.2,154.8,173.8,0.9924,-0.0868,0.0868,0.0,0.0,6.8,False,129,181.0,0.287,no,si,no,si,no,no,no,3.9,
dataset7_CLINIC_metal_0033_data,grupo 1,evaluacion,ok,concordante,False,nan,default6mm,0.01,hueso,0.001,48,48,0,9.4,146.0,11.5,11.8,-9.0,4.6,-30.0,9.4,-30.0,-21.0,3.0,1.2,208.2,154.8,173.8,0.9924,-0.0868,0.0868,0.0,0.0,6.8,False,129,181.0,0.287,no,si,no,si,no,no,no,0.0,
dataset7_CLINIC_metal_0033_data,grupo 1,evaluacion,ok,concordante,False,nan,default6mm,0.01,ocupado_2500,0.001,48,48,6476,9.4,146.0,11.1,11.3,-9.0,4.6,-30.0,9.4,-30.0,-21.0,3.0,1.2,208.2,154.8,173.8,0.9924,-0.0868,0.0868,0.0,0.0,6.8,False,129,181.0,0.287,no,si,no,si,no,no,no,0.0,
dataset7_CLINIC_metal_0033_data,grupo 1,evaluacion,ok,concordante,False,nan,default6mm,0.01,ocupado_semimax,0.001,48,48,7328,9.4,146.0,11.1,11.3,-9.0,4.6,-30.0,9.4,-30.0,-21.0,3.0,1.2,208.2,154.8,173.8,0.9924,-0.0868,0.0868,0.0,0.0,6.8,False,129,181.0,0.287,no,si,no,si,no,no,no,0.0,
dataset7_CLINIC_metal_0033_data,grupo 1,evaluacion,ok,concordante,False,nan,default6mm,0.05,hueso,0.001,48,48,0,9.4,146.0,11.5,11.8,-9.0,4.6,-30.0,9.4,-30.0,-21.0,3.0,1.2,208.2,154.8,173.8,0.9924,-0.0868,0.0868,0.0,0.0,6.8,False,129,181.0,0.287,no,si,no,si,no,no,no,0.0,
dataset7_CLINIC_metal_0033_data,grupo 1,evaluacion,ok,concordante,False,nan,default6mm,0.05,ocupado_2500,0.001,48,48,6476,9.4,146.0,11.1,11.3,-9.0,4.6,-30.0,9.4,-30.0,-21.0,3.0,1.2,208.2,154.8,173.8,0.9924,-0.0868,0.0868,0.0,0.0,6.8,False,129,181.0,0.287,no,si,no,si,no,no,no,0.0,
dataset7_CLINIC_metal_0033_data,grupo 1,evaluacion,ok,concordante,False,nan,default6mm,0.05,ocupado_semimax,0.001,48,48,7328,9.4,146.0,11.1,11.3,-9.0,4.6,-30.0,9.4,-30.0,-21.0,3.0,1.2,208.2,154.8,173.8,0.9924,-0.0868,0.0868,0.0,0.0,6.8,False,129,181.0,0.287,no,si,no,si,no,no,no,0.0,
dataset7_CLINIC_metal_0033_data,grupo 1,evaluacion,ok,concordante,False,nan,robust3mm,0.0,hueso,,0,0,0,9.4,145.0,11.6,11.4,-30.0,9.4,-48.0,3.6,-30.0,-21.0,2.0,1.2,208.2,154.8,173.8,0.9962,-0.0872,0.0,0.0,0.0,7.7,False,127,178.0,0.331,no,si,no,si,no,no,no,4.1,
dataset7_CLINIC_metal_0033_data,grupo 1,evaluacion,ok,concordante,False,nan,robust3mm,0.0,ocupado_2500,,0,0,6417,9.4,145.0,11.3,10.9,-30.0,9.4,-48.0,3.6,-30.0,-21.0,2.0,1.2,208.2,154.8,173.8,0.9962,-0.0872,0.0,0.0,0.0,7.7,False,127,178.0,0.331,no,si,no,si,no,no,no,4.1,
dataset7_CLINIC_metal_0033_data,grupo 1,evaluacion,ok,concordante,False,nan,robust3mm,0.0,ocupado_semimax,,0,0,7249,9.4,145.0,11.3,10.9,-30.0,9.4,-48.0,3.6,-30.0,-21.0,2.0,1.2,208.2,154.8,173.8,0.9962,-0.0872,0.0,0.0,0.0,7.7,False,127,178.0,0.331,no,si,no,si,no,no,no,3.8,
dataset7_CLINIC_metal_0033_data,grupo 1,evaluacion,ok,concordante,False,nan,robust3mm,0.001,hueso,,308,308,0,9.4,145.0,11.6,11.4,-30.0,9.4,-48.0,3.6,-30.0,-21.0,2.0,1.2,208.2,154.8,173.8,0.9962,-0.0872,0.0,0.0,0.0,7.7,False,127,178.0,0.331,no,si,no,si,no,no,no,4.3,
dataset7_CLINIC_metal_0033_data,grupo 1,evaluacion,ok,concordante,False,nan,robust3mm,0.001,ocupado_2500,,308,308,6417,9.4,145.0,11.3,10.9,-30.0,9.4,-48.0,3.6,-30.0,-21.0,2.0,1.2,208.2,154.8,173.8,0.9962,-0.0872,0.0,0.0,0.0,7.7,False,127,178.0,0.331,no,si,no,si,no,no,no,3.9,
dataset7_CLINIC_metal_0033_data,grupo 1,evaluacion,ok,concordante,False,nan,robust3mm,0.001,ocupado_semimax,,308,308,7249,9.4,145.0,11.3,10.9,-30.0,9.4,-48.0,3.6,-30.0,-21.0,2.0,1.2,208.2,154.8,173.8,0.9962,-0.0872,0.0,0.0,0.0,7.7,False,127,178.0,0.331,no,si,no,si,no,no,no,3.8,
dataset7_CLINIC_metal_0033_data,grupo 1,evaluacion,ok,concordante,False,nan,robust3mm,0.01,hueso,0.001,308,308,0,9.4,145.0,11.6,11.4,-30.0,9.4,-48.0,3.6,-30.0,-21.0,2.0,1.2,208.2,154.8,173.8,0.9962,-0.0872,0.0,0.0,0.0,7.7,False,127,178.0,0.331,no,si,no,si,no,no,no,0.0,
dataset7_CLINIC_metal_0033_data,grupo 1,evaluacion,ok,concordante,False,nan,robust3mm,0.01,ocupado_2500,0.001,308,308,6417,9.4,145.0,11.3,10.9,-30.0,9.4,-48.0,3.6,-30.0,-21.0,2.0,1.2,208.2,154.8,173.8,0.9962,-0.0872,0.0,0.0,0.0,7.7,False,127,178.0,0.331,no,si,no,si,no,no,no,0.0,
dataset7_CLINIC_metal_0033_data,grupo 1,evaluacion,ok,concordante,False,nan,robust3mm,0.01,ocupado_semimax,0.001,308,308,7249,9.4,145.0,11.3,10.9,-30.0,9.4,-48.0,3.6,-30.0,-21.0,2.0,1.2,208.2,154.8,173.8,0.9962,-0.0872,0.0,0.0,0.0,7.7,False,127,178.0,0.331,no,si,no,si,no,no,no,0.0,
dataset7_CLINIC_metal_0033_data,grupo 1,evaluacion,ok,concordante,False,nan,robust3mm,0.05,hueso,0.001,308,308,0,9.4,145.0,11.6,11.4,-30.0,9.4,-48.0,3.6,-30.0,-21.0,2.0,1.2,208.2,154.8,173.8,0.9962,-0.0872,0.0,0.0,0.0,7.7,False,127,178.0,0.331,no,si,no,si,no,no,no,0.0,
dataset7_CLINIC_metal_0033_data,grupo 1,evaluacion,ok,concordante,False,nan,robust3mm,0.05,ocupado_2500,0.001,308,308,6417,9.4,145.0,11.3,10.9,-30.0,9.4,-48.0,3.6,-30.0,-21.0,2.0,1.2,208.2,154.8,173.8,0.9962,-0.0872,0.0,0.0,0.0,7.7,False,127,178.0,0.331,no,si,no,si,no,no,no,0.0,
dataset7_CLINIC_metal_0033_data,grupo 1,evaluacion,ok,concordante,False,nan,robust3mm,0.05,ocupado_semimax,0.001,308,308,7249,9.4,145.0,11.3,10.9,-30.0,9.4,-48.0,3.6,-30.0,-21.0,2.0,1.2,208.2,154.8,173.8,0.9962,-0.0872,0.0,0.0,0.0,7.7,False,127,178.0,0.331,no,si,no,si,no,no,no,0.0,
dataset7_CLINIC_metal_0032_data,grupo 1,evaluacion,ok,concordante,False,nan,default6mm,0.0,hueso,,0,0,0,11.4,110.0,14.8,11.4,-9.0,11.4,-24.0,6.4,-9.0,-6.0,9.5,5.9,191.3,153.5,175.5,0.9848,0.0,-0.1736,0.0,0.0,12.1,False,78,318.5,0.321,si,si,si,si,si,si,no,5.1,
dataset7_CLINIC_metal_0032_data,grupo 1,evaluacion,ok,concordante,False,nan,default6mm,0.0,ocupado_2500,,0,0,25687,11.4,110.0,14.8,11.4,-9.0,11.4,-24.0,6.4,-9.0,-6.0,9.5,5.9,191.3,153.5,175.5,0.9848,0.0,-0.1736,0.0,0.0,12.1,False,78,318.5,0.321,si,si,si,si,si,si,no,4.6,
dataset7_CLINIC_metal_0032_data,grupo 1,evaluacion,ok,concordante,False,nan,default6mm,0.0,ocupado_semimax,,0,0,25800,11.4,110.0,14.8,11.4,-9.0,11.4,-24.0,6.4,-9.0,-6.0,9.5,5.9,191.3,153.5,175.5,0.9848,0.0,-0.1736,0.0,0.0,12.1,False,78,318.5,0.321,si,si,si,si,si,si,no,4.3,
dataset7_CLINIC_metal_0032_data,grupo 1,evaluacion,ok,concordante,False,nan,default6mm,0.001,hueso,,368,368,0,11.4,110.0,14.8,11.4,-9.0,11.4,-24.0,6.4,-9.0,-6.0,9.5,5.9,191.3,153.5,175.5,0.9848,0.0,-0.1736,0.0,0.0,12.1,False,78,318.5,0.321,si,si,si,si,si,si,no,4.6,
dataset7_CLINIC_metal_0032_data,grupo 1,evaluacion,ok,concordante,False,nan,default6mm,0.001,ocupado_2500,,368,368,25687,11.4,110.0,14.8,11.4,-9.0,11.4,-24.0,6.4,-9.0,-6.0,9.5,5.9,191.3,153.5,175.5,0.9848,0.0,-0.1736,0.0,0.0,12.1,False,78,318.5,0.321,si,si,si,si,si,si,no,4.6,
dataset7_CLINIC_metal_0032_data,grupo 1,evaluacion,ok,concordante,False,nan,default6mm,0.001,ocupado_semimax,,368,368,25800,11.4,110.0,14.8,11.4,-9.0,11.4,-24.0,6.4,-9.0,-6.0,9.5,5.9,191.3,153.5,175.5,0.9848,0.0,-0.1736,0.0,0.0,12.1,False,78,318.5,0.321,si,si,si,si,si,si,no,4.3,
dataset7_CLINIC_metal_0032_data,grupo 1,evaluacion,ok,concordante,False,nan,default6mm,0.01,hueso,,880,880,0,11.4,110.0,14.8,11.4,-9.0,11.4,-24.0,6.4,-9.0,-6.0,9.5,5.9,191.3,153.5,175.5,0.9848,0.0,-0.1736,0.0,0.0,12.1,False,78,318.5,0.321,si,si,si,si,si,si,no,4.7,
dataset7_CLINIC_metal_0032_data,grupo 1,evaluacion,ok,concordante,False,nan,default6mm,0.01,ocupado_2500,,880,880,25687,11.4,110.0,14.8,11.4,-9.0,11.4,-24.0,6.4,-9.0,-6.0,9.5,5.9,191.3,153.5,175.5,0.9848,0.0,-0.1736,0.0,0.0,12.1,False,78,318.5,0.321,si,si,si,si,si,si,no,4.3,
dataset7_CLINIC_metal_0032_data,grupo 1,evaluacion,ok,concordante,False,nan,default6mm,0.01,ocupado_semimax,,880,880,25800,11.4,110.0,14.8,11.4,-9.0,11.4,-24.0,6.4,-9.0,-6.0,9.5,5.9,191.3,153.5,175.5,0.9848,0.0,-0.1736,0.0,0.0,12.1,False,78,318.5,0.321,si,si,si,si,si,si,no,4.2,
dataset7_CLINIC_metal_0032_data,grupo 1,evaluacion,ok,concordante,False,nan,default6mm,0.05,hueso,0.01,880,880,0,11.4,110.0,14.8,11.4,-9.0,11.4,-24.0,6.4,-9.0,-6.0,9.5,5.9,191.3,153.5,175.5,0.9848,0.0,-0.1736,0.0,0.0,12.1,False,78,318.5,0.321,si,si,si,si,si,si,no,0.0,
dataset7_CLINIC_metal_0032_data,grupo 1,evaluacion,ok,concordante,False,nan,default6mm,0.05,ocupado_2500,0.01,880,880,25687,11.4,110.0,14.8,11.4,-9.0,11.4,-24.0,6.4,-9.0,-6.0,9.5,5.9,191.3,153.5,175.5,0.9848,0.0,-0.1736,0.0,0.0,12.1,False,78,318.5,0.321,si,si,si,si,si,si,no,0.1,
dataset7_CLINIC_metal_0032_data,grupo 1,evaluacion,ok,concordante,False,nan,default6mm,0.05,ocupado_semimax,0.01,880,880,25800,11.4,110.0,14.8,11.4,-9.0,11.4,-24.0,6.4,-9.0,-6.0,9.5,5.9,191.3,153.5,175.5,0.9848,0.0,-0.1736,0.0,0.0,12.1,False,78,318.5,0.321,si,si,si,si,si,si,no,0.0,
dataset7_CLINIC_metal_0032_data,grupo 1,evaluacion,ok,concordante,False,nan,robust3mm,0.0,hueso,,0,0,0,12.0,111.0,14.7,12.3,-9.0,12.0,-21.0,6.7,-9.0,-6.0,9.5,5.9,191.3,153.5,175.5,0.9848,0.0,-0.1736,0.0,0.0,12.1,False,81,287.0,0.333,si,si,si,si,si,si,si,4.7,
dataset7_CLINIC_metal_0032_data,grupo 1,evaluacion,ok,concordante,False,nan,robust3mm,0.0,ocupado_2500,,0,0,25654,12.0,111.0,14.7,12.3,-9.0,12.0,-21.0,6.7,-9.0,-6.0,9.5,5.9,191.3,153.5,175.5,0.9848,0.0,-0.1736,0.0,0.0,12.1,False,81,287.0,0.333,si,si,si,si,si,si,si,4.4,
dataset7_CLINIC_metal_0032_data,grupo 1,evaluacion,ok,concordante,False,nan,robust3mm,0.0,ocupado_semimax,,0,0,25767,12.0,111.0,14.7,12.3,-9.0,12.0,-21.0,6.7,-9.0,-6.0,9.5,5.9,191.3,153.5,175.5,0.9848,0.0,-0.1736,0.0,0.0,12.1,False,81,287.0,0.333,si,si,si,si,si,si,si,4.2,
dataset7_CLINIC_metal_0032_data,grupo 1,evaluacion,ok,concordante,False,nan,robust3mm,0.001,hueso,,604,604,0,12.0,111.0,14.7,12.3,-9.0,12.0,-21.0,6.7,-9.0,-6.0,9.5,5.9,191.3,153.5,175.5,0.9848,0.0,-0.1736,0.0,0.0,12.1,False,81,287.0,0.333,si,si,si,si,si,si,si,4.4,
dataset7_CLINIC_metal_0032_data,grupo 1,evaluacion,ok,concordante,False,nan,robust3mm,0.001,ocupado_2500,,604,604,25654,12.0,111.0,14.7,12.3,-9.0,12.0,-21.0,6.7,-9.0,-6.0,9.5,5.9,191.3,153.5,175.5,0.9848,0.0,-0.1736,0.0,0.0,12.1,False,81,287.0,0.333,si,si,si,si,si,si,si,4.4,
dataset7_CLINIC_metal_0032_data,grupo 1,evaluacion,ok,concordante,False,nan,robust3mm,0.001,ocupado_semimax,,604,604,25767,12.0,111.0,14.7,12.3,-9.0,12.0,-21.0,6.7,-9.0,-6.0,9.5,5.9,191.3,153.5,175.5,0.9848,0.0,-0.1736,0.0,0.0,12.1,False,81,287.0,0.333,si,si,si,si,si,si,si,4.4,
dataset7_CLINIC_metal_0032_data,grupo 1,evaluacion,ok,concordante,False,nan,robust3mm,0.01,hueso,0.001,604,604,0,12.0,111.0,14.7,12.3,-9.0,12.0,-21.0,6.7,-9.0,-6.0,9.5,5.9,191.3,153.5,175.5,0.9848,0.0,-0.1736,0.0,0.0,12.1,False,81,287.0,0.333,si,si,si,si,si,si,si,0.0,
dataset7_CLINIC_metal_0032_data,grupo 1,evaluacion,ok,concordante,False,nan,robust3mm,0.01,ocupado_2500,0.001,604,604,25654,12.0,111.0,14.7,12.3,-9.0,12.0,-21.0,6.7,-9.0,-6.0,9.5,5.9,191.3,153.5,175.5,0.9848,0.0,-0.1736,0.0,0.0,12.1,False,81,287.0,0.333,si,si,si,si,si,si,si,0.1,
dataset7_CLINIC_metal_0032_data,grupo 1,evaluacion,ok,concordante,False,nan,robust3mm,0.01,ocupado_semimax,0.001,604,604,25767,12.0,111.0,14.7,12.3,-9.0,12.0,-21.0,6.7,-9.0,-6.0,9.5,5.9,191.3,153.5,175.5,0.9848,0.0,-0.1736,0.0,0.0,12.1,False,81,287.0,0.333,si,si,si,si,si,si,si,0.0,
dataset7_CLINIC_metal_0032_data,grupo 1,evaluacion,ok,concordante,False,nan,robust3mm,0.05,hueso,0.001,604,604,0,12.0,111.0,14.7,12.3,-9.0,12.0,-21.0,6.7,-9.0,-6.0,9.5,5.9,191.3,153.5,175.5,0.9848,0.0,-0.1736,0.0,0.0,12.1,False,81,287.0,0.333,si,si,si,si,si,si,si,0.0,
dataset7_CLINIC_metal_0032_data,grupo 1,evaluacion,ok,concordante,False,nan,robust3mm,0.05,ocupado_2500,0.001,604,604,25654,12.0,111.0,14.7,12.3,-9.0,12.0,-21.0,6.7,-9.0,-6.0,9.5,5.9,191.3,153.5,175.5,0.9848,0.0,-0.1736,0.0,0.0,12.1,False,81,287.0,0.333,si,si,si,si,si,si,si,0.0,
dataset7_CLINIC_metal_0032_data,grupo 1,evaluacion,ok,concordante,False,nan,robust3mm,0.05,ocupado_semimax,0.001,604,604,25767,12.0,111.0,14.7,12.3,-9.0,12.0,-21.0,6.7,-9.0,-6.0,9.5,5.9,191.3,153.5,175.5,0.9848,0.0,-0.1736,0.0,0.0,12.1,False,81,287.0,0.333,si,si,si,si,si,si,si,0.0,
dataset7_CLINIC_metal_0019_data,grupo 1,evaluacion,ok,concordante,False,nan,default6mm,0.0,hueso,,0,0,0,4.8,126.0,7.9,10.2,-6.0,4.8,-45.0,4.3,-6.0,9.0,9.3,13.3,154.3,100.8,199.9,0.9522,0.2551,-0.1679,0.0,0.0,5.3,False,92,191.0,0.391,no,no,no,no,no,no,no,5.6,
dataset7_CLINIC_metal_0019_data,grupo 1,evaluacion,ok,concordante,False,nan,default6mm,0.0,ocupado_2500,,0,0,15489,4.8,126.0,7.9,10.2,-6.0,4.8,-45.0,4.3,-6.0,9.0,9.3,13.3,154.3,100.8,199.9,0.9522,0.2551,-0.1679,0.0,0.0,5.3,False,92,191.0,0.391,no,no,no,no,no,no,no,4.9,
dataset7_CLINIC_metal_0019_data,grupo 1,evaluacion,ok,concordante,False,nan,default6mm,0.0,ocupado_semimax,,0,0,15489,4.8,126.0,7.9,10.2,-6.0,4.8,-45.0,4.3,-6.0,9.0,9.3,13.3,154.3,100.8,199.9,0.9522,0.2551,-0.1679,0.0,0.0,5.3,False,92,191.0,0.391,no,no,no,no,no,no,no,4.9,
dataset7_CLINIC_metal_0019_data,grupo 1,evaluacion,ok,concordante,False,nan,default6mm,0.001,hueso,,234,234,0,4.8,126.0,7.9,10.2,-6.0,4.8,-45.0,4.3,-6.0,9.0,9.3,13.3,154.3,100.8,199.9,0.9522,0.2551,-0.1679,0.0,0.0,5.3,False,92,191.0,0.391,no,no,no,no,no,no,no,5.5,
dataset7_CLINIC_metal_0019_data,grupo 1,evaluacion,ok,concordante,False,nan,default6mm,0.001,ocupado_2500,,234,234,15488,4.8,126.0,7.9,10.2,-6.0,4.8,-45.0,4.3,-6.0,9.0,9.3,13.3,154.3,100.8,199.9,0.9522,0.2551,-0.1679,0.0,0.0,5.3,False,92,191.0,0.391,no,no,no,no,no,no,no,4.9,
dataset7_CLINIC_metal_0019_data,grupo 1,evaluacion,ok,concordante,False,nan,default6mm,0.001,ocupado_semimax,,234,234,15488,4.8,126.0,7.9,10.2,-6.0,4.8,-45.0,4.3,-6.0,9.0,9.3,13.3,154.3,100.8,199.9,0.9522,0.2551,-0.1679,0.0,0.0,5.3,False,92,191.0,0.391,no,no,no,no,no,no,no,4.9,
dataset7_CLINIC_metal_0019_data,grupo 1,evaluacion,ok,concordante,False,nan,default6mm,0.01,hueso,,1684,1684,0,4.8,126.0,7.9,10.2,-6.0,4.8,-45.0,4.3,-6.0,9.0,9.3,13.3,154.3,100.8,199.9,0.9522,0.2551,-0.1679,0.0,0.0,5.3,False,92,191.0,0.391,no,no,no,no,no,no,no,5.2,
dataset7_CLINIC_metal_0019_data,grupo 1,evaluacion,ok,concordante,False,nan,default6mm,0.01,ocupado_2500,,1684,1684,15428,4.8,126.0,7.9,10.2,-6.0,4.8,-45.0,4.3,-6.0,9.0,9.3,13.3,154.3,100.8,199.9,0.9522,0.2551,-0.1679,0.0,0.0,5.3,False,92,191.0,0.391,no,no,no,no,no,no,no,5.0,
dataset7_CLINIC_metal_0019_data,grupo 1,evaluacion,ok,concordante,False,nan,default6mm,0.01,ocupado_semimax,,1684,1684,15428,4.8,126.0,7.9,10.2,-6.0,4.8,-45.0,4.3,-6.0,9.0,9.3,13.3,154.3,100.8,199.9,0.9522,0.2551,-0.1679,0.0,0.0,5.3,False,92,191.0,0.391,no,no,no,no,no,no,no,4.8,
dataset7_CLINIC_metal_0019_data,grupo 1,evaluacion,ok,concordante,False,nan,default6mm,0.05,hueso,0.01,1684,1684,0,4.8,126.0,7.9,10.2,-6.0,4.8,-45.0,4.3,-6.0,9.0,9.3,13.3,154.3,100.8,199.9,0.9522,0.2551,-0.1679,0.0,0.0,5.3,False,92,191.0,0.391,no,no,no,no,no,no,no,0.0,
dataset7_CLINIC_metal_0019_data,grupo 1,evaluacion,ok,concordante,False,nan,default6mm,0.05,ocupado_2500,0.01,1684,1684,15428,4.8,126.0,7.9,10.2,-6.0,4.8,-45.0,4.3,-6.0,9.0,9.3,13.3,154.3,100.8,199.9,0.9522,0.2551,-0.1679,0.0,0.0,5.3,False,92,191.0,0.391,no,no,no,no,no,no,no,0.1,
dataset7_CLINIC_metal_0019_data,grupo 1,evaluacion,ok,concordante,False,nan,default6mm,0.05,ocupado_semimax,0.01,1684,1684,15428,4.8,126.0,7.9,10.2,-6.0,4.8,-45.0,4.3,-6.0,9.0,9.3,13.3,154.3,100.8,199.9,0.9522,0.2551,-0.1679,0.0,0.0,5.3,False,92,191.0,0.391,no,no,no,no,no,no,no,0.0,
dataset7_CLINIC_metal_0019_data,grupo 1,evaluacion,ok,concordante,False,nan,robust3mm,0.0,hueso,,0,0,0,6.0,77.0,7.6,7.3,-21.0,3.0,-45.0,6.0,-45.0,-6.0,4.3,1.7,154.3,85.8,160.9,0.9962,0.0,-0.0872,0.0,0.0,21.2,False,62,152.5,0.5,no,no,no,no,no,no,no,5.2,
dataset7_CLINIC_metal_0019_data,grupo 1,evaluacion,ok,concordante,False,nan,robust3mm,0.0,ocupado_2500,,0,0,15607,6.0,77.0,7.6,7.3,-21.0,3.0,-45.0,6.0,-45.0,-6.0,4.3,1.7,154.3,85.8,160.9,0.9962,0.0,-0.0872,0.0,0.0,21.2,False,62,152.5,0.5,no,no,no,no,no,no,no,5.2,
dataset7_CLINIC_metal_0019_data,grupo 1,evaluacion,ok,concordante,False,nan,robust3mm,0.0,ocupado_semimax,,0,0,15607,6.0,77.0,7.6,7.3,-21.0,3.0,-45.0,6.0,-45.0,-6.0,4.3,1.7,154.3,85.8,160.9,0.9962,0.0,-0.0872,0.0,0.0,21.2,False,62,152.5,0.5,no,no,no,no,no,no,no,4.8,
dataset7_CLINIC_metal_0019_data,grupo 1,evaluacion,ok,concordante,False,nan,robust3mm,0.001,hueso,,489,489,0,6.0,77.0,7.6,7.3,-21.0,3.0,-45.0,6.0,-45.0,-6.0,4.3,1.7,154.3,85.8,160.9,0.9962,0.0,-0.0872,0.0,0.0,21.2,False,62,152.5,0.5,no,no,no,no,no,no,no,5.1,
dataset7_CLINIC_metal_0019_data,grupo 1,evaluacion,ok,concordante,False,nan,robust3mm,0.001,ocupado_2500,,489,489,15607,6.0,77.0,7.6,7.3,-21.0,3.0,-45.0,6.0,-45.0,-6.0,4.3,1.7,154.3,85.8,160.9,0.9962,0.0,-0.0872,0.0,0.0,21.2,False,62,152.5,0.5,no,no,no,no,no,no,no,4.8,
dataset7_CLINIC_metal_0019_data,grupo 1,evaluacion,ok,concordante,False,nan,robust3mm,0.001,ocupado_semimax,,489,489,15607,6.0,77.0,7.6,7.3,-21.0,3.0,-45.0,6.0,-45.0,-6.0,4.3,1.7,154.3,85.8,160.9,0.9962,0.0,-0.0872,0.0,0.0,21.2,False,62,152.5,0.5,no,no,no,no,no,no,no,4.7,
dataset7_CLINIC_metal_0019_data,grupo 1,evaluacion,ok,concordante,False,nan,robust3mm,0.01,hueso,,2031,2031,0,6.0,77.0,7.6,7.3,-21.0,3.0,-45.0,6.0,-45.0,-6.0,4.3,1.7,154.3,85.8,160.9,0.9962,0.0,-0.0872,0.0,0.0,21.2,False,62,152.5,0.5,no,no,no,no,no,no,no,5.1,
dataset7_CLINIC_metal_0019_data,grupo 1,evaluacion,ok,concordante,False,nan,robust3mm,0.01,ocupado_2500,,2031,2031,15602,6.0,77.0,7.6,7.3,-21.0,3.0,-45.0,6.0,-45.0,-6.0,4.3,1.7,154.3,85.8,160.9,0.9962,0.0,-0.0872,0.0,0.0,21.2,False,62,152.5,0.5,no,no,no,no,no,no,no,4.8,
dataset7_CLINIC_metal_0019_data,grupo 1,evaluacion,ok,concordante,False,nan,robust3mm,0.01,ocupado_semimax,,2031,2031,15602,6.0,77.0,7.6,7.3,-21.0,3.0,-45.0,6.0,-45.0,-6.0,4.3,1.7,154.3,85.8,160.9,0.9962,0.0,-0.0872,0.0,0.0,21.2,False,62,152.5,0.5,no,no,no,no,no,no,no,4.7,
dataset7_CLINIC_metal_0019_data,grupo 1,evaluacion,ok,concordante,False,nan,robust3mm,0.05,hueso,0.01,2031,2031,0,6.0,77.0,7.6,7.3,-21.0,3.0,-45.0,6.0,-45.0,-6.0,4.3,1.7,154.3,85.8,160.9,0.9962,0.0,-0.0872,0.0,0.0,21.2,False,62,152.5,0.5,no,no,no,no,no,no,no,0.0,
dataset7_CLINIC_metal_0019_data,grupo 1,evaluacion,ok,concordante,False,nan,robust3mm,0.05,ocupado_2500,0.01,2031,2031,15602,6.0,77.0,7.6,7.3,-21.0,3.0,-45.0,6.0,-45.0,-6.0,4.3,1.7,154.3,85.8,160.9,0.9962,0.0,-0.0872,0.0,0.0,21.2,False,62,152.5,0.5,no,no,no,no,no,no,no,0.1,
dataset7_CLINIC_metal_0019_data,grupo 1,evaluacion,ok,concordante,False,nan,robust3mm,0.05,ocupado_semimax,0.01,2031,2031,15602,6.0,77.0,7.6,7.3,-21.0,3.0,-45.0,6.0,-45.0,-6.0,4.3,1.7,154.3,85.8,160.9,0.9962,0.0,-0.0872,0.0,0.0,21.2,False,62,152.5,0.5,no,no,no,no,no,no,no,0.0,
dataset7_CLINIC_metal_0037_data,grupo 1,evaluacion,ok,concordante,False,nan,default6mm,0.0,hueso,,0,0,0,6.6,131.0,11.1,10.5,-9.0,6.6,-36.0,5.8,-9.0,-12.0,4.1,4.8,219.8,207.0,181.7,0.9924,-0.0868,0.0868,0.0,0.0,12.5,False,114,246.0,0.272,no,no,no,no,no,no,no,4.2,
dataset7_CLINIC_metal_0037_data,grupo 1,evaluacion,ok,concordante,False,nan,default6mm,0.0,ocupado_2500,,0,0,22475,6.6,131.0,10.8,10.5,-9.0,6.6,-36.0,5.5,-9.0,-12.0,4.1,4.8,219.8,207.0,181.7,0.9924,-0.0868,0.0868,0.0,0.0,12.5,False,114,246.0,0.272,no,no,no,no,no,no,no,3.7,
dataset7_CLINIC_metal_0037_data,grupo 1,evaluacion,ok,concordante,False,nan,default6mm,0.0,ocupado_semimax,,0,0,22475,6.6,131.0,10.8,10.5,-9.0,6.6,-36.0,5.5,-9.0,-12.0,4.1,4.8,219.8,207.0,181.7,0.9924,-0.0868,0.0868,0.0,0.0,12.5,False,114,246.0,0.272,no,no,no,no,no,no,no,3.7,
dataset7_CLINIC_metal_0037_data,grupo 1,evaluacion,ok,concordante,False,nan,default6mm,0.001,hueso,,82,82,0,6.6,131.0,11.1,10.5,-9.0,6.6,-36.0,5.8,-9.0,-12.0,4.1,4.8,219.8,207.0,181.7,0.9924,-0.0868,0.0868,0.0,0.0,12.5,False,114,246.0,0.272,no,no,no,no,no,no,no,4.0,
dataset7_CLINIC_metal_0037_data,grupo 1,evaluacion,ok,concordante,False,nan,default6mm,0.001,ocupado_2500,,82,82,22475,6.6,131.0,10.8,10.5,-9.0,6.6,-36.0,5.5,-9.0,-12.0,4.1,4.8,219.8,207.0,181.7,0.9924,-0.0868,0.0868,0.0,0.0,12.5,False,114,246.0,0.272,no,no,no,no,no,no,no,3.8,
dataset7_CLINIC_metal_0037_data,grupo 1,evaluacion,ok,concordante,False,nan,default6mm,0.001,ocupado_semimax,,82,82,22475,6.6,131.0,10.8,10.5,-9.0,6.6,-36.0,5.5,-9.0,-12.0,4.1,4.8,219.8,207.0,181.7,0.9924,-0.0868,0.0868,0.0,0.0,12.5,False,114,246.0,0.272,no,no,no,no,no,no,no,3.4,
dataset7_CLINIC_metal_0037_data,grupo 1,evaluacion,ok,concordante,False,nan,default6mm,0.01,hueso,0.001,82,82,0,6.6,131.0,11.1,10.5,-9.0,6.6,-36.0,5.8,-9.0,-12.0,4.1,4.8,219.8,207.0,181.7,0.9924,-0.0868,0.0868,0.0,0.0,12.5,False,114,246.0,0.272,no,no,no,no,no,no,no,0.0,
dataset7_CLINIC_metal_0037_data,grupo 1,evaluacion,ok,concordante,False,nan,default6mm,0.01,ocupado_2500,0.001,82,82,22475,6.6,131.0,10.8,10.5,-9.0,6.6,-36.0,5.5,-9.0,-12.0,4.1,4.8,219.8,207.0,181.7,0.9924,-0.0868,0.0868,0.0,0.0,12.5,False,114,246.0,0.272,no,no,no,no,no,no,no,0.0,
dataset7_CLINIC_metal_0037_data,grupo 1,evaluacion,ok,concordante,False,nan,default6mm,0.01,ocupado_semimax,0.001,82,82,22475,6.6,131.0,10.8,10.5,-9.0,6.6,-36.0,5.5,-9.0,-12.0,4.1,4.8,219.8,207.0,181.7,0.9924,-0.0868,0.0868,0.0,0.0,12.5,False,114,246.0,0.272,no,no,no,no,no,no,no,0.0,
dataset7_CLINIC_metal_0037_data,grupo 1,evaluacion,ok,concordante,False,nan,default6mm,0.05,hueso,0.001,82,82,0,6.6,131.0,11.1,10.5,-9.0,6.6,-36.0,5.8,-9.0,-12.0,4.1,4.8,219.8,207.0,181.7,0.9924,-0.0868,0.0868,0.0,0.0,12.5,False,114,246.0,0.272,no,no,no,no,no,no,no,0.0,
dataset7_CLINIC_metal_0037_data,grupo 1,evaluacion,ok,concordante,False,nan,default6mm,0.05,ocupado_2500,0.001,82,82,22475,6.6,131.0,10.8,10.5,-9.0,6.6,-36.0,5.5,-9.0,-12.0,4.1,4.8,219.8,207.0,181.7,0.9924,-0.0868,0.0868,0.0,0.0,12.5,False,114,246.0,0.272,no,no,no,no,no,no,no,0.1,
dataset7_CLINIC_metal_0037_data,grupo 1,evaluacion,ok,concordante,False,nan,default6mm,0.05,ocupado_semimax,0.001,82,82,22475,6.6,131.0,10.8,10.5,-9.0,6.6,-36.0,5.5,-9.0,-12.0,4.1,4.8,219.8,207.0,181.7,0.9924,-0.0868,0.0868,0.0,0.0,12.5,False,114,246.0,0.272,no,no,no,no,no,no,no,0.0,
dataset7_CLINIC_metal_0037_data,grupo 1,evaluacion,ok,concordante,False,nan,robust3mm,0.0,hueso,,0,0,0,7.4,133.0,12.3,10.4,-12.0,6.6,-36.0,7.4,-36.0,-33.0,0.9,4.8,219.8,186.0,154.7,0.9962,-0.0872,0.0,0.0,0.0,3.3,True,114,232.5,0.263,no,no,no,no,no,no,no,4.1,
dataset7_CLINIC_metal_0037_data,grupo 1,evaluacion,ok,concordante,False,nan,robust3mm,0.0,ocupado_2500,,0,0,22252,6.6,109.0,12.3,10.4,-12.0,6.6,-36.0,6.6,-12.0,-12.0,0.9,0.2,219.8,207.0,178.7,0.9848,-0.1736,0.0,0.0,0.0,14.0,False,88,261.5,0.136,no,no,no,no,no,no,no,3.9,
dataset7_CLINIC_metal_0037_data,grupo 1,evaluacion,ok,concordante,False,nan,robust3mm,0.0,ocupado_semimax,,0,0,22252,6.6,109.0,12.3,10.4,-12.0,6.6,-36.0,6.6,-12.0,-12.0,0.9,0.2,219.8,207.0,178.7,0.9848,-0.1736,0.0,0.0,0.0,14.0,False,88,261.5,0.136,no,no,no,no,no,no,no,3.9,
dataset7_CLINIC_metal_0037_data,grupo 1,evaluacion,ok,concordante,False,nan,robust3mm,0.001,hueso,,34,34,0,7.4,133.0,12.3,10.4,-12.0,6.6,-36.0,7.4,-36.0,-33.0,0.9,4.8,219.8,186.0,154.7,0.9962,-0.0872,0.0,0.0,0.0,3.3,True,114,232.5,0.263,no,no,no,no,no,no,no,4.0,
dataset7_CLINIC_metal_0037_data,grupo 1,evaluacion,ok,concordante,False,nan,robust3mm,0.001,ocupado_2500,,34,34,22252,6.6,109.0,12.3,10.4,-12.0,6.6,-36.0,6.6,-12.0,-12.0,0.9,0.2,219.8,207.0,178.7,0.9848,-0.1736,0.0,0.0,0.0,14.0,False,88,261.5,0.136,no,no,no,no,no,no,no,4.0,
dataset7_CLINIC_metal_0037_data,grupo 1,evaluacion,ok,concordante,False,nan,robust3mm,0.001,ocupado_semimax,,34,34,22252,6.6,109.0,12.3,10.4,-12.0,6.6,-36.0,6.6,-12.0,-12.0,0.9,0.2,219.8,207.0,178.7,0.9848,-0.1736,0.0,0.0,0.0,14.0,False,88,261.5,0.136,no,no,no,no,no,no,no,3.9,
dataset7_CLINIC_metal_0037_data,grupo 1,evaluacion,ok,concordante,False,nan,robust3mm,0.01,hueso,0.001,34,34,0,7.4,133.0,12.3,10.4,-12.0,6.6,-36.0,7.4,-36.0,-33.0,0.9,4.8,219.8,186.0,154.7,0.9962,-0.0872,0.0,0.0,0.0,3.3,True,114,232.5,0.263,no,no,no,no,no,no,no,0.0,
dataset7_CLINIC_metal_0037_data,grupo 1,evaluacion,ok,concordante,False,nan,robust3mm,0.01,ocupado_2500,0.001,34,34,22252,6.6,109.0,12.3,10.4,-12.0,6.6,-36.0,6.6,-12.0,-12.0,0.9,0.2,219.8,207.0,178.7,0.9848,-0.1736,0.0,0.0,0.0,14.0,False,88,261.5,0.136,no,no,no,no,no,no,no,0.1,
dataset7_CLINIC_metal_0037_data,grupo 1,evaluacion,ok,concordante,False,nan,robust3mm,0.01,ocupado_semimax,0.001,34,34,22252,6.6,109.0,12.3,10.4,-12.0,6.6,-36.0,6.6,-12.0,-12.0,0.9,0.2,219.8,207.0,178.7,0.9848,-0.1736,0.0,0.0,0.0,14.0,False,88,261.5,0.136,no,no,no,no,no,no,no,0.0,
dataset7_CLINIC_metal_0037_data,grupo 1,evaluacion,ok,concordante,False,nan,robust3mm,0.05,hueso,0.001,34,34,0,7.4,133.0,12.3,10.4,-12.0,6.6,-36.0,7.4,-36.0,-33.0,0.9,4.8,219.8,186.0,154.7,0.9962,-0.0872,0.0,0.0,0.0,3.3,True,114,232.5,0.263,no,no,no,no,no,no,no,0.0,
dataset7_CLINIC_metal_0037_data,grupo 1,evaluacion,ok,concordante,False,nan,robust3mm,0.05,ocupado_2500,0.001,34,34,22252,6.6,109.0,12.3,10.4,-12.0,6.6,-36.0,6.6,-12.0,-12.0,0.9,0.2,219.8,207.0,178.7,0.9848,-0.1736,0.0,0.0,0.0,14.0,False,88,261.5,0.136,no,no,no,no,no,no,no,0.1,
dataset7_CLINIC_metal_0037_data,grupo 1,evaluacion,ok,concordante,False,nan,robust3mm,0.05,ocupado_semimax,0.001,34,34,22252,6.6,109.0,12.3,10.4,-12.0,6.6,-36.0,6.6,-12.0,-12.0,0.9,0.2,219.8,207.0,178.7,0.9848,-0.1736,0.0,0.0,0.0,14.0,False,88,261.5,0.136,no,no,no,no,no,no,no,0.0,
dataset7_CLINIC_metal_0041_data,grupo 1,evaluacion,ok,concordante,False,nan,default6mm,0.0,hueso,,0,0,0,11.8,112.0,15.2,14.3,-9.0,11.8,-24.0,8.2,-9.0,3.0,5.9,11.0,314.0,292.3,181.9,0.9924,0.0868,0.0868,0.0,0.0,4.2,True,80,370.0,0.312,si,si,si,si,si,si,no,2.7,
dataset7_CLINIC_metal_0041_data,grupo 1,evaluacion,ok,concordante,False,nan,default6mm,0.0,ocupado_2500,,0,0,8952,11.8,112.0,15.2,14.3,-9.0,11.8,-24.0,8.2,-9.0,3.0,5.9,11.0,314.0,292.3,181.9,0.9924,0.0868,0.0868,0.0,0.0,4.2,True,80,370.0,0.312,si,si,si,si,si,si,no,2.1,
dataset7_CLINIC_metal_0041_data,grupo 1,evaluacion,ok,concordante,False,nan,default6mm,0.0,ocupado_semimax,,0,0,9044,11.8,112.0,15.2,14.3,-9.0,11.8,-24.0,8.2,-9.0,3.0,5.9,11.0,314.0,292.3,181.9,0.9924,0.0868,0.0868,0.0,0.0,4.2,True,80,370.0,0.312,si,si,si,si,si,si,no,2.1,
dataset7_CLINIC_metal_0041_data,grupo 1,evaluacion,ok,concordante,False,nan,default6mm,0.001,hueso,,6,6,0,11.8,112.0,15.2,14.3,-9.0,11.8,-24.0,8.2,-9.0,3.0,5.9,11.0,314.0,292.3,181.9,0.9924,0.0868,0.0868,0.0,0.0,4.2,True,80,370.0,0.312,si,si,si,si,si,si,no,2.1,
dataset7_CLINIC_metal_0041_data,grupo 1,evaluacion,ok,concordante,False,nan,default6mm,0.001,ocupado_2500,,6,6,8952,11.8,112.0,15.2,14.3,-9.0,11.8,-24.0,8.2,-9.0,3.0,5.9,11.0,314.0,292.3,181.9,0.9924,0.0868,0.0868,0.0,0.0,4.2,True,80,370.0,0.312,si,si,si,si,si,si,no,1.9,
dataset7_CLINIC_metal_0041_data,grupo 1,evaluacion,ok,concordante,False,nan,default6mm,0.001,ocupado_semimax,,6,6,9044,11.8,112.0,15.2,14.3,-9.0,11.8,-24.0,8.2,-9.0,3.0,5.9,11.0,314.0,292.3,181.9,0.9924,0.0868,0.0868,0.0,0.0,4.2,True,80,370.0,0.312,si,si,si,si,si,si,no,2.2,
dataset7_CLINIC_metal_0041_data,grupo 1,evaluacion,ok,concordante,False,nan,default6mm,0.01,hueso,0.001,6,6,0,11.8,112.0,15.2,14.3,-9.0,11.8,-24.0,8.2,-9.0,3.0,5.9,11.0,314.0,292.3,181.9,0.9924,0.0868,0.0868,0.0,0.0,4.2,True,80,370.0,0.312,si,si,si,si,si,si,no,0.0,
dataset7_CLINIC_metal_0041_data,grupo 1,evaluacion,ok,concordante,False,nan,default6mm,0.01,ocupado_2500,0.001,6,6,8952,11.8,112.0,15.2,14.3,-9.0,11.8,-24.0,8.2,-9.0,3.0,5.9,11.0,314.0,292.3,181.9,0.9924,0.0868,0.0868,0.0,0.0,4.2,True,80,370.0,0.312,si,si,si,si,si,si,no,0.0,
dataset7_CLINIC_metal_0041_data,grupo 1,evaluacion,ok,concordante,False,nan,default6mm,0.01,ocupado_semimax,0.001,6,6,9044,11.8,112.0,15.2,14.3,-9.0,11.8,-24.0,8.2,-9.0,3.0,5.9,11.0,314.0,292.3,181.9,0.9924,0.0868,0.0868,0.0,0.0,4.2,True,80,370.0,0.312,si,si,si,si,si,si,no,0.0,
dataset7_CLINIC_metal_0041_data,grupo 1,evaluacion,ok,concordante,False,nan,default6mm,0.05,hueso,0.001,6,6,0,11.8,112.0,15.2,14.3,-9.0,11.8,-24.0,8.2,-9.0,3.0,5.9,11.0,314.0,292.3,181.9,0.9924,0.0868,0.0868,0.0,0.0,4.2,True,80,370.0,0.312,si,si,si,si,si,si,no,0.0,
dataset7_CLINIC_metal_0041_data,grupo 1,evaluacion,ok,concordante,False,nan,default6mm,0.05,ocupado_2500,0.001,6,6,8952,11.8,112.0,15.2,14.3,-9.0,11.8,-24.0,8.2,-9.0,3.0,5.9,11.0,314.0,292.3,181.9,0.9924,0.0868,0.0868,0.0,0.0,4.2,True,80,370.0,0.312,si,si,si,si,si,si,no,0.0,
dataset7_CLINIC_metal_0041_data,grupo 1,evaluacion,ok,concordante,False,nan,default6mm,0.05,ocupado_semimax,0.001,6,6,9044,11.8,112.0,15.2,14.3,-9.0,11.8,-24.0,8.2,-9.0,3.0,5.9,11.0,314.0,292.3,181.9,0.9924,0.0868,0.0868,0.0,0.0,4.2,True,80,370.0,0.312,si,si,si,si,si,si,no,0.0,
dataset7_CLINIC_metal_0041_data,grupo 1,evaluacion,ok,concordante,False,nan,robust3mm,0.0,hueso,,0,0,0,12.0,119.0,14.4,14.3,-9.0,12.0,-24.0,9.1,-9.0,3.0,15.9,11.0,314.0,292.3,181.9,0.9625,0.0842,0.2579,0.058,0.133,0.0,True,80,319.5,0.375,si,si,si,si,si,si,si,2.4,
dataset7_CLINIC_metal_0041_data,grupo 1,evaluacion,ok,concordante,False,nan,robust3mm,0.0,ocupado_2500,,0,0,9021,12.0,119.0,14.4,14.3,-9.0,12.0,-24.0,9.1,-9.0,3.0,15.9,11.0,314.0,292.3,181.9,0.9625,0.0842,0.2579,0.058,0.133,0.0,True,80,319.5,0.375,si,si,si,si,si,si,si,2.1,
dataset7_CLINIC_metal_0041_data,grupo 1,evaluacion,ok,concordante,False,nan,robust3mm,0.0,ocupado_semimax,,0,0,9113,12.0,119.0,14.4,14.3,-9.0,12.0,-24.0,9.1,-9.0,3.0,15.9,11.0,314.0,292.3,181.9,0.9625,0.0842,0.2579,0.058,0.133,0.0,True,80,319.5,0.375,si,si,si,si,si,si,si,2.2,
dataset7_CLINIC_metal_0041_data,grupo 1,evaluacion,ok,concordante,False,nan,robust3mm,0.001,hueso,,104,104,0,11.1,119.0,14.4,14.3,-9.0,11.1,-24.0,9.1,-9.0,3.0,15.9,11.0,314.0,292.3,181.9,0.9625,0.0842,0.2579,0.058,0.133,0.0,True,80,319.5,0.375,si,si,si,si,no,si,no,2.2,
dataset7_CLINIC_metal_0041_data,grupo 1,evaluacion,ok,concordante,False,nan,robust3mm,0.001,ocupado_2500,,104,104,9019,11.1,119.0,14.4,14.3,-9.0,11.1,-24.0,9.1,-9.0,3.0,15.9,11.0,314.0,292.3,181.9,0.9625,0.0842,0.2579,0.058,0.133,0.0,True,80,319.5,0.375,si,si,si,si,no,si,no,1.9,
dataset7_CLINIC_metal_0041_data,grupo 1,evaluacion,ok,concordante,False,nan,robust3mm,0.001,ocupado_semimax,,104,104,9111,11.1,119.0,14.4,14.3,-9.0,11.1,-24.0,9.1,-9.0,3.0,15.9,11.0,314.0,292.3,181.9,0.9625,0.0842,0.2579,0.058,0.133,0.0,True,80,319.5,0.375,si,si,si,si,no,si,no,2.1,
dataset7_CLINIC_metal_0041_data,grupo 1,evaluacion,ok,concordante,False,nan,robust3mm,0.01,hueso,0.001,104,104,0,11.1,119.0,14.4,14.3,-9.0,11.1,-24.0,9.1,-9.0,3.0,15.9,11.0,314.0,292.3,181.9,0.9625,0.0842,0.2579,0.058,0.133,0.0,True,80,319.5,0.375,si,si,si,si,no,si,no,0.0,
dataset7_CLINIC_metal_0041_data,grupo 1,evaluacion,ok,concordante,False,nan,robust3mm,0.01,ocupado_2500,0.001,104,104,9019,11.1,119.0,14.4,14.3,-9.0,11.1,-24.0,9.1,-9.0,3.0,15.9,11.0,314.0,292.3,181.9,0.9625,0.0842,0.2579,0.058,0.133,0.0,True,80,319.5,0.375,si,si,si,si,no,si,no,0.0,
dataset7_CLINIC_metal_0041_data,grupo 1,evaluacion,ok,concordante,False,nan,robust3mm,0.01,ocupado_semimax,0.001,104,104,9111,11.1,119.0,14.4,14.3,-9.0,11.1,-24.0,9.1,-9.0,3.0,15.9,11.0,314.0,292.3,181.9,0.9625,0.0842,0.2579,0.058,0.133,0.0,True,80,319.5,0.375,si,si,si,si,no,si,no,0.0,
dataset7_CLINIC_metal_0041_data,grupo 1,evaluacion,ok,concordante,False,nan,robust3mm,0.05,hueso,0.001,104,104,0,11.1,119.0,14.4,14.3,-9.0,11.1,-24.0,9.1,-9.0,3.0,15.9,11.0,314.0,292.3,181.9,0.9625,0.0842,0.2579,0.058,0.133,0.0,True,80,319.5,0.375,si,si,si,si,no,si,no,0.0,
dataset7_CLINIC_metal_0041_data,grupo 1,evaluacion,ok,concordante,False,nan,robust3mm,0.05,ocupado_2500,0.001,104,104,9019,11.1,119.0,14.4,14.3,-9.0,11.1,-24.0,9.1,-9.0,3.0,15.9,11.0,314.0,292.3,181.9,0.9625,0.0842,0.2579,0.058,0.133,0.0,True,80,319.5,0.375,si,si,si,si,no,si,no,0.0,
dataset7_CLINIC_metal_0041_data,grupo 1,evaluacion,ok,concordante,False,nan,robust3mm,0.05,ocupado_semimax,0.001,104,104,9111,11.1,119.0,14.4,14.3,-9.0,11.1,-24.0,9.1,-9.0,3.0,15.9,11.0,314.0,292.3,181.9,0.9625,0.0842,0.2579,0.058,0.133,0.0,True,80,319.5,0.375,si,si,si,si,no,si,no,0.0,
dataset7_CLINIC_metal_0028_data,grupo 1,evaluacion,ok,concordante,False,nan,default6mm,0.0,hueso,,0,0,0,9.9,150.0,11.9,10.0,-30.0,9.9,-45.0,8.7,-30.0,-24.0,4.7,4.8,197.2,181.3,178.7,0.9848,0.0,0.1736,0.0,0.073,0.8,True,133,175.0,0.376,no,si,no,si,no,no,no,5.1,
dataset7_CLINIC_metal_0028_data,grupo 1,evaluacion,ok,concordante,False,nan,default6mm,0.0,ocupado_2500,,0,0,37453,8.7,95.0,9.4,9.6,-27.0,6.4,-45.0,8.7,-45.0,-45.0,5.3,0.2,197.2,160.3,163.7,0.9962,-0.0872,0.0,0.0,0.0,11.2,False,78,66.5,0.897,no,si,no,no,no,no,no,4.5,
dataset7_CLINIC_metal_0028_data,grupo 1,evaluacion,ok,concordante,False,nan,default6mm,0.0,ocupado_semimax,,0,0,39124,8.7,95.0,9.4,9.6,-27.0,6.4,-45.0,8.7,-45.0,-45.0,5.3,0.2,197.2,160.3,163.7,0.9962,-0.0872,0.0,0.0,0.0,11.2,False,78,66.5,0.897,no,si,no,no,no,no,no,4.4,
dataset7_CLINIC_metal_0028_data,grupo 1,evaluacion,ok,concordante,False,nan,default6mm,0.001,hueso,,734,734,0,9.9,150.0,11.9,10.0,-30.0,9.9,-45.0,8.7,-30.0,-24.0,4.7,4.8,197.2,181.3,178.7,0.9848,0.0,0.1736,0.0,0.073,0.8,True,133,175.0,0.376,no,si,no,si,no,no,no,4.7,
dataset7_CLINIC_metal_0028_data,grupo 1,evaluacion,ok,concordante,False,nan,default6mm,0.001,ocupado_2500,,734,734,37453,8.7,95.0,9.4,9.6,-27.0,6.4,-45.0,8.7,-45.0,-45.0,5.3,0.2,197.2,160.3,163.7,0.9962,-0.0872,0.0,0.0,0.0,11.2,False,78,66.5,0.897,no,si,no,no,no,no,no,4.5,
dataset7_CLINIC_metal_0028_data,grupo 1,evaluacion,ok,concordante,False,nan,default6mm,0.001,ocupado_semimax,,734,734,39124,8.7,95.0,9.4,9.6,-27.0,6.4,-45.0,8.7,-45.0,-45.0,5.3,0.2,197.2,160.3,163.7,0.9962,-0.0872,0.0,0.0,0.0,11.2,False,78,66.5,0.897,no,si,no,no,no,no,no,4.3,
dataset7_CLINIC_metal_0028_data,grupo 1,evaluacion,ok,concordante,False,nan,default6mm,0.01,hueso,,4038,4038,0,9.9,150.0,11.9,10.0,-30.0,9.9,-45.0,8.7,-30.0,-24.0,4.7,4.8,197.2,181.3,178.7,0.9848,0.0,0.1736,0.0,0.073,0.8,True,133,175.0,0.376,no,si,no,si,no,no,no,4.4,
dataset7_CLINIC_metal_0028_data,grupo 1,evaluacion,ok,concordante,False,nan,default6mm,0.01,ocupado_2500,,4038,4038,37370,8.7,95.0,9.4,9.6,-27.0,6.4,-45.0,8.7,-45.0,-45.0,5.3,0.2,197.2,160.3,163.7,0.9962,-0.0872,0.0,0.0,0.0,11.2,False,78,66.5,0.897,no,si,no,no,no,no,no,4.5,
dataset7_CLINIC_metal_0028_data,grupo 1,evaluacion,ok,concordante,False,nan,default6mm,0.01,ocupado_semimax,,4038,4038,39041,8.7,95.0,9.4,9.6,-27.0,6.4,-45.0,8.7,-45.0,-45.0,5.3,0.2,197.2,160.3,163.7,0.9962,-0.0872,0.0,0.0,0.0,11.2,False,78,66.5,0.897,no,si,no,no,no,no,no,4.3,
dataset7_CLINIC_metal_0028_data,grupo 1,evaluacion,ok,concordante,False,nan,default6mm,0.05,hueso,0.01,4038,4038,0,9.9,150.0,11.9,10.0,-30.0,9.9,-45.0,8.7,-30.0,-24.0,4.7,4.8,197.2,181.3,178.7,0.9848,0.0,0.1736,0.0,0.073,0.8,True,133,175.0,0.376,no,si,no,si,no,no,no,0.0,
dataset7_CLINIC_metal_0028_data,grupo 1,evaluacion,ok,concordante,False,nan,default6mm,0.05,ocupado_2500,0.01,4038,4038,37370,8.7,95.0,9.4,9.6,-27.0,6.4,-45.0,8.7,-45.0,-45.0,5.3,0.2,197.2,160.3,163.7,0.9962,-0.0872,0.0,0.0,0.0,11.2,False,78,66.5,0.897,no,si,no,no,no,no,no,0.1,
dataset7_CLINIC_metal_0028_data,grupo 1,evaluacion,ok,concordante,False,nan,default6mm,0.05,ocupado_semimax,0.01,4038,4038,39041,8.7,95.0,9.4,9.6,-27.0,6.4,-45.0,8.7,-45.0,-45.0,5.3,0.2,197.2,160.3,163.7,0.9962,-0.0872,0.0,0.0,0.0,11.2,False,78,66.5,0.897,no,si,no,no,no,no,no,0.0,
dataset7_CLINIC_metal_0028_data,grupo 1,evaluacion,ok,concordante,False,nan,robust3mm,0.0,hueso,,0,0,0,9.8,150.0,11.0,10.9,-30.0,9.8,-42.0,7.1,-30.0,-24.0,4.7,4.8,197.2,181.3,178.7,0.9848,0.0,0.1736,0.0,0.073,0.8,True,134,172.5,0.381,no,si,no,si,no,no,no,4.7,
dataset7_CLINIC_metal_0028_data,grupo 1,evaluacion,ok,concordante,False,nan,robust3mm,0.0,ocupado_2500,,0,0,39544,7.1,106.0,9.6,10.9,-27.0,6.4,-42.0,7.1,-42.0,-45.0,4.7,0.2,197.2,160.3,166.7,0.9812,-0.0858,0.173,0.0,0.0,10.3,False,88,77.0,0.67,no,no,no,no,no,no,no,4.5,
dataset7_CLINIC_metal_0028_data,grupo 1,evaluacion,ok,concordante,False,nan,robust3mm,0.0,ocupado_semimax,,0,0,41226,7.1,106.0,9.6,10.9,-27.0,6.4,-42.0,7.1,-42.0,-45.0,4.7,0.2,197.2,160.3,166.7,0.9812,-0.0858,0.173,0.0,0.0,10.3,False,88,77.0,0.67,no,no,no,no,no,no,no,4.2,
dataset7_CLINIC_metal_0028_data,grupo 1,evaluacion,ok,concordante,False,nan,robust3mm,0.001,hueso,,600,600,0,9.8,150.0,11.0,10.9,-30.0,9.8,-42.0,7.1,-30.0,-24.0,4.7,4.8,197.2,181.3,178.7,0.9848,0.0,0.1736,0.0,0.073,0.8,True,134,172.5,0.381,no,si,no,si,no,no,no,4.5,
dataset7_CLINIC_metal_0028_data,grupo 1,evaluacion,ok,concordante,False,nan,robust3mm,0.001,ocupado_2500,,600,600,39544,7.1,106.0,9.6,10.9,-27.0,6.4,-42.0,7.1,-42.0,-45.0,4.7,0.2,197.2,160.3,166.7,0.9812,-0.0858,0.173,0.0,0.0,10.3,False,88,77.0,0.67,no,no,no,no,no,no,no,4.5,
dataset7_CLINIC_metal_0028_data,grupo 1,evaluacion,ok,concordante,False,nan,robust3mm,0.001,ocupado_semimax,,600,600,41226,7.1,106.0,9.6,10.9,-27.0,6.4,-42.0,7.1,-42.0,-45.0,4.7,0.2,197.2,160.3,166.7,0.9812,-0.0858,0.173,0.0,0.0,10.3,False,88,77.0,0.67,no,no,no,no,no,no,no,4.2,
dataset7_CLINIC_metal_0028_data,grupo 1,evaluacion,ok,concordante,False,nan,robust3mm,0.01,hueso,,1112,1112,0,9.8,150.0,11.0,10.9,-30.0,9.8,-42.0,7.1,-30.0,-24.0,4.7,4.8,197.2,181.3,178.7,0.9848,0.0,0.1736,0.0,0.073,0.8,True,134,172.5,0.381,no,si,no,si,no,no,no,4.6,
dataset7_CLINIC_metal_0028_data,grupo 1,evaluacion,ok,concordante,False,nan,robust3mm,0.01,ocupado_2500,,1112,1112,39348,7.1,106.0,9.6,10.9,-27.0,6.4,-42.0,7.1,-42.0,-45.0,4.7,0.2,197.2,160.3,166.7,0.9812,-0.0858,0.173,0.0,0.0,10.3,False,88,77.0,0.67,no,no,no,no,no,no,no,4.4,
dataset7_CLINIC_metal_0028_data,grupo 1,evaluacion,ok,concordante,False,nan,robust3mm,0.01,ocupado_semimax,,1112,1112,41030,7.1,106.0,9.6,10.9,-27.0,6.4,-42.0,7.1,-42.0,-45.0,4.7,0.2,197.2,160.3,166.7,0.9812,-0.0858,0.173,0.0,0.0,10.3,False,88,77.0,0.67,no,no,no,no,no,no,no,4.1,
dataset7_CLINIC_metal_0028_data,grupo 1,evaluacion,ok,concordante,False,nan,robust3mm,0.05,hueso,0.01,1112,1112,0,9.8,150.0,11.0,10.9,-30.0,9.8,-42.0,7.1,-30.0,-24.0,4.7,4.8,197.2,181.3,178.7,0.9848,0.0,0.1736,0.0,0.073,0.8,True,134,172.5,0.381,no,si,no,si,no,no,no,0.0,
dataset7_CLINIC_metal_0028_data,grupo 1,evaluacion,ok,concordante,False,nan,robust3mm,0.05,ocupado_2500,0.01,1112,1112,39348,7.1,106.0,9.6,10.9,-27.0,6.4,-42.0,7.1,-42.0,-45.0,4.7,0.2,197.2,160.3,166.7,0.9812,-0.0858,0.173,0.0,0.0,10.3,False,88,77.0,0.67,no,no,no,no,no,no,no,0.1,
dataset7_CLINIC_metal_0028_data,grupo 1,evaluacion,ok,concordante,False,nan,robust3mm,0.05,ocupado_semimax,0.01,1112,1112,41030,7.1,106.0,9.6,10.9,-27.0,6.4,-42.0,7.1,-42.0,-45.0,4.7,0.2,197.2,160.3,166.7,0.9812,-0.0858,0.173,0.0,0.0,10.3,False,88,77.0,0.67,no,no,no,no,no,no,no,0.0,
dataset7_CLINIC_metal_0036_data,grupo 2,otro,nan,concordante,False,nan,default6mm,0.0,hueso,,0,0,0,13.4,105.0,17.2,17.5,-12.0,13.4,-27.0,12.2,-9.0,-6.0,0.7,11.9,233.8,202.1,205.2,0.9625,0.2579,-0.0842,0.0,0.0,90.4,False,80,318.0,0.287,si,si,si,si,si,si,si,3.8,
dataset7_CLINIC_metal_0036_data,grupo 2,otro,nan,concordante,False,nan,default6mm,0.0,ocupado_2500,,0,0,0,13.4,105.0,17.2,17.5,-12.0,13.4,-27.0,12.2,-9.0,-6.0,0.7,11.9,233.8,202.1,205.2,0.9625,0.2579,-0.0842,0.0,0.0,90.4,False,80,318.0,0.287,si,si,si,si,si,si,si,3.7,
dataset7_CLINIC_metal_0036_data,grupo 2,otro,nan,concordante,False,nan,default6mm,0.0,ocupado_semimax,,0,0,0,13.4,105.0,17.2,17.5,-12.0,13.4,-27.0,12.2,-9.0,-6.0,0.7,11.9,233.8,202.1,205.2,0.9625,0.2579,-0.0842,0.0,0.0,90.4,False,80,318.0,0.287,si,si,si,si,si,si,si,3.7,
dataset7_CLINIC_metal_0036_data,grupo 2,otro,nan,concordante,False,nan,default6mm,0.001,hueso,,52,52,0,13.4,105.0,17.2,17.5,-12.0,13.4,-27.0,12.2,-9.0,-6.0,0.7,11.9,233.8,202.1,205.2,0.9625,0.2579,-0.0842,0.0,0.0,90.4,False,80,318.0,0.287,si,si,si,si,si,si,si,3.8,
dataset7_CLINIC_metal_0036_data,grupo 2,otro,nan,concordante,False,nan,default6mm,0.001,ocupado_2500,,52,52,0,13.4,105.0,17.2,17.5,-12.0,13.4,-27.0,12.2,-9.0,-6.0,0.7,11.9,233.8,202.1,205.2,0.9625,0.2579,-0.0842,0.0,0.0,90.4,False,80,318.0,0.287,si,si,si,si,si,si,si,3.5,
dataset7_CLINIC_metal_0036_data,grupo 2,otro,nan,concordante,False,nan,default6mm,0.001,ocupado_semimax,,52,52,0,13.4,105.0,17.2,17.5,-12.0,13.4,-27.0,12.2,-9.0,-6.0,0.7,11.9,233.8,202.1,205.2,0.9625,0.2579,-0.0842,0.0,0.0,90.4,False,80,318.0,0.287,si,si,si,si,si,si,si,3.6,
dataset7_CLINIC_metal_0036_data,grupo 2,otro,nan,concordante,False,nan,default6mm,0.01,hueso,,168,168,0,13.4,105.0,17.2,17.5,-12.0,13.4,-27.0,12.2,-9.0,-6.0,0.7,11.9,233.8,202.1,205.2,0.9625,0.2579,-0.0842,0.0,0.0,90.4,False,80,318.0,0.287,si,si,si,si,si,si,si,4.0,
dataset7_CLINIC_metal_0036_data,grupo 2,otro,nan,concordante,False,nan,default6mm,0.01,ocupado_2500,,168,168,0,13.4,105.0,17.2,17.5,-12.0,13.4,-27.0,12.2,-9.0,-6.0,0.7,11.9,233.8,202.1,205.2,0.9625,0.2579,-0.0842,0.0,0.0,90.4,False,80,318.0,0.287,si,si,si,si,si,si,si,3.7,
dataset7_CLINIC_metal_0036_data,grupo 2,otro,nan,concordante,False,nan,default6mm,0.01,ocupado_semimax,,168,168,0,13.4,105.0,17.2,17.5,-12.0,13.4,-27.0,12.2,-9.0,-6.0,0.7,11.9,233.8,202.1,205.2,0.9625,0.2579,-0.0842,0.0,0.0,90.4,False,80,318.0,0.287,si,si,si,si,si,si,si,3.3,
dataset7_CLINIC_metal_0036_data,grupo 2,otro,nan,concordante,False,nan,default6mm,0.05,hueso,0.01,168,168,0,13.4,105.0,17.2,17.5,-12.0,13.4,-27.0,12.2,-9.0,-6.0,0.7,11.9,233.8,202.1,205.2,0.9625,0.2579,-0.0842,0.0,0.0,90.4,False,80,318.0,0.287,si,si,si,si,si,si,si,0.0,
dataset7_CLINIC_metal_0036_data,grupo 2,otro,nan,concordante,False,nan,default6mm,0.05,ocupado_2500,0.01,168,168,0,13.4,105.0,17.2,17.5,-12.0,13.4,-27.0,12.2,-9.0,-6.0,0.7,11.9,233.8,202.1,205.2,0.9625,0.2579,-0.0842,0.0,0.0,90.4,False,80,318.0,0.287,si,si,si,si,si,si,si,0.1,
dataset7_CLINIC_metal_0036_data,grupo 2,otro,nan,concordante,False,nan,default6mm,0.05,ocupado_semimax,0.01,168,168,0,13.4,105.0,17.2,17.5,-12.0,13.4,-27.0,12.2,-9.0,-6.0,0.7,11.9,233.8,202.1,205.2,0.9625,0.2579,-0.0842,0.0,0.0,90.4,False,80,318.0,0.287,si,si,si,si,si,si,si,0.0,
dataset7_CLINIC_metal_0036_data,grupo 2,otro,nan,concordante,False,nan,robust3mm,0.0,hueso,,0,0,0,13.8,108.0,16.3,15.6,-9.0,13.8,-27.0,12.9,-9.0,-6.0,14.3,6.9,233.8,202.1,205.2,0.9703,0.1711,0.1711,0.0,0.0,96.3,False,80,310.5,0.075,si,si,si,si,si,si,si,3.9,
dataset7_CLINIC_metal_0036_data,grupo 2,otro,nan,concordante,False,nan,robust3mm,0.0,ocupado_2500,,0,0,0,13.8,108.0,16.3,15.6,-9.0,13.8,-27.0,12.9,-9.0,-6.0,14.3,6.9,233.8,202.1,205.2,0.9703,0.1711,0.1711,0.0,0.0,96.3,False,80,310.5,0.075,si,si,si,si,si,si,si,3.6,
dataset7_CLINIC_metal_0036_data,grupo 2,otro,nan,concordante,False,nan,robust3mm,0.0,ocupado_semimax,,0,0,0,13.8,108.0,16.3,15.6,-9.0,13.8,-27.0,12.9,-9.0,-6.0,14.3,6.9,233.8,202.1,205.2,0.9703,0.1711,0.1711,0.0,0.0,96.3,False,80,310.5,0.075,si,si,si,si,si,si,si,3.4,
dataset7_CLINIC_metal_0036_data,grupo 2,otro,nan,concordante,False,nan,robust3mm,0.001,hueso,,102,102,0,13.8,108.0,16.3,15.6,-9.0,13.8,-27.0,12.9,-9.0,-6.0,14.3,6.9,233.8,202.1,205.2,0.9703,0.1711,0.1711,0.0,0.0,96.3,False,80,310.5,0.075,si,si,si,si,si,si,si,3.8,
dataset7_CLINIC_metal_0036_data,grupo 2,otro,nan,concordante,False,nan,robust3mm,0.001,ocupado_2500,,102,102,0,13.8,108.0,16.3,15.6,-9.0,13.8,-27.0,12.9,-9.0,-6.0,14.3,6.9,233.8,202.1,205.2,0.9703,0.1711,0.1711,0.0,0.0,96.3,False,80,310.5,0.075,si,si,si,si,si,si,si,3.5,
dataset7_CLINIC_metal_0036_data,grupo 2,otro,nan,concordante,False,nan,robust3mm,0.001,ocupado_semimax,,102,102,0,13.8,108.0,16.3,15.6,-9.0,13.8,-27.0,12.9,-9.0,-6.0,14.3,6.9,233.8,202.1,205.2,0.9703,0.1711,0.1711,0.0,0.0,96.3,False,80,310.5,0.075,si,si,si,si,si,si,si,3.4,
dataset7_CLINIC_metal_0036_data,grupo 2,otro,nan,concordante,False,nan,robust3mm,0.01,hueso,0.001,102,102,0,13.8,108.0,16.3,15.6,-9.0,13.8,-27.0,12.9,-9.0,-6.0,14.3,6.9,233.8,202.1,205.2,0.9703,0.1711,0.1711,0.0,0.0,96.3,False,80,310.5,0.075,si,si,si,si,si,si,si,0.0,
dataset7_CLINIC_metal_0036_data,grupo 2,otro,nan,concordante,False,nan,robust3mm,0.01,ocupado_2500,0.001,102,102,0,13.8,108.0,16.3,15.6,-9.0,13.8,-27.0,12.9,-9.0,-6.0,14.3,6.9,233.8,202.1,205.2,0.9703,0.1711,0.1711,0.0,0.0,96.3,False,80,310.5,0.075,si,si,si,si,si,si,si,0.0,
dataset7_CLINIC_metal_0036_data,grupo 2,otro,nan,concordante,False,nan,robust3mm,0.01,ocupado_semimax,0.001,102,102,0,13.8,108.0,16.3,15.6,-9.0,13.8,-27.0,12.9,-9.0,-6.0,14.3,6.9,233.8,202.1,205.2,0.9703,0.1711,0.1711,0.0,0.0,96.3,False,80,310.5,0.075,si,si,si,si,si,si,si,0.0,
dataset7_CLINIC_metal_0036_data,grupo 2,otro,nan,concordante,False,nan,robust3mm,0.05,hueso,0.001,102,102,0,13.8,108.0,16.3,15.6,-9.0,13.8,-27.0,12.9,-9.0,-6.0,14.3,6.9,233.8,202.1,205.2,0.9703,0.1711,0.1711,0.0,0.0,96.3,False,80,310.5,0.075,si,si,si,si,si,si,si,0.0,
dataset7_CLINIC_metal_0036_data,grupo 2,otro,nan,concordante,False,nan,robust3mm,0.05,ocupado_2500,0.001,102,102,0,13.8,108.0,16.3,15.6,-9.0,13.8,-27.0,12.9,-9.0,-6.0,14.3,6.9,233.8,202.1,205.2,0.9703,0.1711,0.1711,0.0,0.0,96.3,False,80,310.5,0.075,si,si,si,si,si,si,si,0.0,
dataset7_CLINIC_metal_0036_data,grupo 2,otro,nan,concordante,False,nan,robust3mm,0.05,ocupado_semimax,0.001,102,102,0,13.8,108.0,16.3,15.6,-9.0,13.8,-27.0,12.9,-9.0,-6.0,14.3,6.9,233.8,202.1,205.2,0.9703,0.1711,0.1711,0.0,0.0,96.3,False,80,310.5,0.075,si,si,si,si,si,si,si,0.0,
dataset7_CLINIC_metal_0040_data,grupo 1,evaluacion,ok,concordante,False,nan,default6mm,0.0,hueso,,0,0,0,9.7,132.0,14.7,9.7,-9.0,8.6,-33.0,9.7,-33.0,-21.0,2.5,2.3,222.8,173.8,191.1,0.9962,0.0,-0.0872,0.0,0.008,1.3,True,115,286.0,0.261,no,si,no,si,no,no,no,3.9,
dataset7_CLINIC_metal_0040_data,grupo 1,evaluacion,ok,concordante,False,nan,default6mm,0.0,ocupado_2500,,0,0,9211,8.6,109.0,9.7,9.0,-9.0,8.6,-36.0,8.0,-9.0,-9.0,7.5,2.7,222.8,185.8,215.1,0.9924,0.0868,0.0868,0.0,0.0,17.7,False,84,241.5,0.19,no,si,no,no,no,no,no,3.6,
dataset7_CLINIC_metal_0040_data,grupo 1,evaluacion,ok,concordante,False,nan,default6mm,0.0,ocupado_semimax,,0,0,10215,8.6,109.0,9.5,9.0,-9.0,8.6,-36.0,6.6,-9.0,-9.0,7.5,2.7,222.8,185.8,215.1,0.9924,0.0868,0.0868,0.0,0.0,17.7,False,84,241.5,0.19,no,si,no,no,no,no,no,3.6,
dataset7_CLINIC_metal_0040_data,grupo 1,evaluacion,ok,concordante,False,nan,default6mm,0.001,hueso,,124,124,0,9.7,132.0,14.7,9.7,-9.0,8.6,-33.0,9.7,-33.0,-21.0,2.5,2.3,222.8,173.8,191.1,0.9962,0.0,-0.0872,0.0,0.008,1.3,True,115,286.0,0.261,no,si,no,si,no,no,no,3.6,
dataset7_CLINIC_metal_0040_data,grupo 1,evaluacion,ok,concordante,False,nan,default6mm,0.001,ocupado_2500,,124,124,9211,8.6,109.0,9.7,9.0,-9.0,8.6,-36.0,8.0,-9.0,-9.0,7.5,2.7,222.8,185.8,215.1,0.9924,0.0868,0.0868,0.0,0.0,17.7,False,84,241.5,0.19,no,si,no,no,no,no,no,3.4,
dataset7_CLINIC_metal_0040_data,grupo 1,evaluacion,ok,concordante,False,nan,default6mm,0.001,ocupado_semimax,,124,124,10215,8.6,109.0,9.5,9.0,-9.0,8.6,-36.0,6.6,-9.0,-9.0,7.5,2.7,222.8,185.8,215.1,0.9924,0.0868,0.0868,0.0,0.0,17.7,False,84,241.5,0.19,no,si,no,no,no,no,no,3.3,
dataset7_CLINIC_metal_0040_data,grupo 1,evaluacion,ok,concordante,False,nan,default6mm,0.01,hueso,0.001,124,124,0,9.7,132.0,14.7,9.7,-9.0,8.6,-33.0,9.7,-33.0,-21.0,2.5,2.3,222.8,173.8,191.1,0.9962,0.0,-0.0872,0.0,0.008,1.3,True,115,286.0,0.261,no,si,no,si,no,no,no,0.0,
dataset7_CLINIC_metal_0040_data,grupo 1,evaluacion,ok,concordante,False,nan,default6mm,0.01,ocupado_2500,0.001,124,124,9211,8.6,109.0,9.7,9.0,-9.0,8.6,-36.0,8.0,-9.0,-9.0,7.5,2.7,222.8,185.8,215.1,0.9924,0.0868,0.0868,0.0,0.0,17.7,False,84,241.5,0.19,no,si,no,no,no,no,no,0.0,
dataset7_CLINIC_metal_0040_data,grupo 1,evaluacion,ok,concordante,False,nan,default6mm,0.01,ocupado_semimax,0.001,124,124,10215,8.6,109.0,9.5,9.0,-9.0,8.6,-36.0,6.6,-9.0,-9.0,7.5,2.7,222.8,185.8,215.1,0.9924,0.0868,0.0868,0.0,0.0,17.7,False,84,241.5,0.19,no,si,no,no,no,no,no,0.0,
dataset7_CLINIC_metal_0040_data,grupo 1,evaluacion,ok,concordante,False,nan,default6mm,0.05,hueso,0.001,124,124,0,9.7,132.0,14.7,9.7,-9.0,8.6,-33.0,9.7,-33.0,-21.0,2.5,2.3,222.8,173.8,191.1,0.9962,0.0,-0.0872,0.0,0.008,1.3,True,115,286.0,0.261,no,si,no,si,no,no,no,0.0,
dataset7_CLINIC_metal_0040_data,grupo 1,evaluacion,ok,concordante,False,nan,default6mm,0.05,ocupado_2500,0.001,124,124,9211,8.6,109.0,9.7,9.0,-9.0,8.6,-36.0,8.0,-9.0,-9.0,7.5,2.7,222.8,185.8,215.1,0.9924,0.0868,0.0868,0.0,0.0,17.7,False,84,241.5,0.19,no,si,no,no,no,no,no,0.0,
dataset7_CLINIC_metal_0040_data,grupo 1,evaluacion,ok,concordante,False,nan,default6mm,0.05,ocupado_semimax,0.001,124,124,10215,8.6,109.0,9.5,9.0,-9.0,8.6,-36.0,6.6,-9.0,-9.0,7.5,2.7,222.8,185.8,215.1,0.9924,0.0868,0.0868,0.0,0.0,17.7,False,84,241.5,0.19,no,si,no,no,no,no,no,0.0,
dataset7_CLINIC_metal_0040_data,grupo 1,evaluacion,ok,concordante,False,nan,robust3mm,0.0,hueso,,0,0,0,8.2,133.0,15.3,8.7,-36.0,8.2,-48.0,4.8,-36.0,-24.0,2.5,2.3,222.8,170.8,188.1,0.9962,0.0,-0.0872,0.015,0.03,0.0,True,116,162.5,0.448,no,no,no,no,no,no,no,3.5,
dataset7_CLINIC_metal_0040_data,grupo 1,evaluacion,ok,concordante,False,nan,robust3mm,0.0,ocupado_2500,,0,0,9154,7.4,133.0,10.8,7.9,-36.0,7.4,-48.0,4.8,-36.0,-24.0,2.5,2.7,222.8,170.8,188.1,0.9962,0.0872,0.0,0.0,0.015,1.2,True,118,213.5,0.356,no,no,no,no,no,no,no,3.5,
dataset7_CLINIC_metal_0040_data,grupo 1,evaluacion,ok,concordante,False,nan,robust3mm,0.0,ocupado_semimax,,0,0,10158,7.2,135.0,10.8,7.2,-36.0,7.2,-48.0,4.8,-36.0,-24.0,2.5,2.7,222.8,170.8,188.1,0.9924,0.0868,-0.0868,0.015,0.037,0.0,True,119,148.0,0.504,no,no,no,no,no,no,no,3.4,
dataset7_CLINIC_metal_0040_data,grupo 1,evaluacion,ok,concordante,False,nan,robust3mm,0.001,hueso,,154,146,0,8.2,133.0,15.3,8.7,-36.0,8.2,-48.0,4.8,-36.0,-24.0,2.5,2.3,222.8,170.8,188.1,0.9962,0.0,-0.0872,0.015,0.03,0.0,True,116,162.5,0.448,no,no,no,no,no,no,no,3.7,
dataset7_CLINIC_metal_0040_data,grupo 1,evaluacion,ok,concordante,False,nan,robust3mm,0.001,ocupado_2500,,154,146,9154,7.4,133.0,10.8,7.9,-36.0,7.4,-48.0,4.8,-36.0,-24.0,2.5,2.7,222.8,170.8,188.1,0.9962,0.0872,0.0,0.0,0.015,1.2,True,118,213.5,0.356,no,no,no,no,no,no,no,3.3,
dataset7_CLINIC_metal_0040_data,grupo 1,evaluacion,ok,concordante,False,nan,robust3mm,0.001,ocupado_semimax,,154,146,10158,7.2,135.0,10.8,7.2,-36.0,7.2,-48.0,4.8,-36.0,-24.0,2.5,2.7,222.8,170.8,188.1,0.9924,0.0868,-0.0868,0.015,0.037,0.0,True,119,148.0,0.504,no,no,no,no,no,no,no,3.4,
dataset7_CLINIC_metal_0040_data,grupo 1,evaluacion,ok,concordante,False,nan,robust3mm,0.01,hueso,0.001,154,146,0,8.2,133.0,15.3,8.7,-36.0,8.2,-48.0,4.8,-36.0,-24.0,2.5,2.3,222.8,170.8,188.1,0.9962,0.0,-0.0872,0.015,0.03,0.0,True,116,162.5,0.448,no,no,no,no,no,no,no,0.0,
dataset7_CLINIC_metal_0040_data,grupo 1,evaluacion,ok,concordante,False,nan,robust3mm,0.01,ocupado_2500,0.001,154,146,9154,7.4,133.0,10.8,7.9,-36.0,7.4,-48.0,4.8,-36.0,-24.0,2.5,2.7,222.8,170.8,188.1,0.9962,0.0872,0.0,0.0,0.015,1.2,True,118,213.5,0.356,no,no,no,no,no,no,no,0.0,
dataset7_CLINIC_metal_0040_data,grupo 1,evaluacion,ok,concordante,False,nan,robust3mm,0.01,ocupado_semimax,0.001,154,146,10158,7.2,135.0,10.8,7.2,-36.0,7.2,-48.0,4.8,-36.0,-24.0,2.5,2.7,222.8,170.8,188.1,0.9924,0.0868,-0.0868,0.015,0.037,0.0,True,119,148.0,0.504,no,no,no,no,no,no,no,0.0,
dataset7_CLINIC_metal_0040_data,grupo 1,evaluacion,ok,concordante,False,nan,robust3mm,0.05,hueso,0.001,154,146,0,8.2,133.0,15.3,8.7,-36.0,8.2,-48.0,4.8,-36.0,-24.0,2.5,2.3,222.8,170.8,188.1,0.9962,0.0,-0.0872,0.015,0.03,0.0,True,116,162.5,0.448,no,no,no,no,no,no,no,0.0,
dataset7_CLINIC_metal_0040_data,grupo 1,evaluacion,ok,concordante,False,nan,robust3mm,0.05,ocupado_2500,0.001,154,146,9154,7.4,133.0,10.8,7.9,-36.0,7.4,-48.0,4.8,-36.0,-24.0,2.5,2.7,222.8,170.8,188.1,0.9962,0.0872,0.0,0.0,0.015,1.2,True,118,213.5,0.356,no,no,no,no,no,no,no,0.0,
dataset7_CLINIC_metal_0040_data,grupo 1,evaluacion,ok,concordante,False,nan,robust3mm,0.05,ocupado_semimax,0.001,154,146,10158,7.2,135.0,10.8,7.2,-36.0,7.2,-48.0,4.8,-36.0,-24.0,2.5,2.7,222.8,170.8,188.1,0.9924,0.0868,-0.0868,0.015,0.037,0.0,True,119,148.0,0.504,no,no,no,no,no,no,no,0.0,
dataset7_CLINIC_metal_0039_data,grupo 1,evaluacion,ok,concordante,False,nan,default6mm,0.0,hueso,,0,0,0,7.7,126.0,11.7,8.7,-15.0,7.7,-30.0,7.5,-15.0,-9.0,5.0,7.5,242.5,216.9,175.7,0.9924,-0.0868,-0.0868,0.0,0.0,20.8,False,99,177.0,0.485,no,no,no,no,no,no,no,3.1,
dataset7_CLINIC_metal_0039_data,grupo 1,evaluacion,ok,concordante,False,nan,default6mm,0.0,ocupado_2500,,0,0,4880,7.7,126.0,9.9,7.8,-3.0,3.9,-15.0,7.7,-15.0,-9.0,5.0,7.5,242.5,216.9,175.7,0.9924,-0.0868,-0.0868,0.0,0.0,20.8,False,99,177.0,0.485,no,no,no,no,no,no,no,2.8,
dataset7_CLINIC_metal_0039_data,grupo 1,evaluacion,ok,concordante,False,nan,default6mm,0.0,ocupado_semimax,,0,0,4880,7.7,126.0,9.9,7.8,-3.0,3.9,-15.0,7.7,-15.0,-9.0,5.0,7.5,242.5,216.9,175.7,0.9924,-0.0868,-0.0868,0.0,0.0,20.8,False,99,177.0,0.485,no,no,no,no,no,no,no,2.6,
dataset7_CLINIC_metal_0039_data,grupo 1,evaluacion,ok,concordante,False,nan,default6mm,0.001,hueso,,174,174,0,7.7,126.0,11.7,8.7,-15.0,7.7,-30.0,7.5,-15.0,-9.0,5.0,7.5,242.5,216.9,175.7,0.9924,-0.0868,-0.0868,0.0,0.0,20.8,False,99,177.0,0.485,no,no,no,no,no,no,no,2.9,
dataset7_CLINIC_metal_0039_data,grupo 1,evaluacion,ok,concordante,False,nan,default6mm,0.001,ocupado_2500,,174,174,4880,7.7,126.0,9.9,7.8,-3.0,3.9,-15.0,7.7,-15.0,-9.0,5.0,7.5,242.5,216.9,175.7,0.9924,-0.0868,-0.0868,0.0,0.0,20.8,False,99,177.0,0.485,no,no,no,no,no,no,no,2.8,
dataset7_CLINIC_metal_0039_data,grupo 1,evaluacion,ok,concordante,False,nan,default6mm,0.001,ocupado_semimax,,174,174,4880,7.7,126.0,9.9,7.8,-3.0,3.9,-15.0,7.7,-15.0,-9.0,5.0,7.5,242.5,216.9,175.7,0.9924,-0.0868,-0.0868,0.0,0.0,20.8,False,99,177.0,0.485,no,no,no,no,no,no,no,2.6,
dataset7_CLINIC_metal_0039_data,grupo 1,evaluacion,ok,concordante,False,nan,default6mm,0.01,hueso,,395,395,0,7.7,126.0,11.7,8.7,-15.0,7.7,-30.0,7.5,-15.0,-9.0,5.0,7.5,242.5,216.9,175.7,0.9924,-0.0868,-0.0868,0.0,0.0,20.8,False,99,177.0,0.485,no,no,no,no,no,no,no,2.9,
dataset7_CLINIC_metal_0039_data,grupo 1,evaluacion,ok,concordante,False,nan,default6mm,0.01,ocupado_2500,,395,395,4880,7.7,126.0,9.9,7.8,-3.0,3.9,-15.0,7.7,-15.0,-9.0,5.0,7.5,242.5,216.9,175.7,0.9924,-0.0868,-0.0868,0.0,0.0,20.8,False,99,177.0,0.485,no,no,no,no,no,no,no,2.7,
dataset7_CLINIC_metal_0039_data,grupo 1,evaluacion,ok,concordante,False,nan,default6mm,0.01,ocupado_semimax,,395,395,4880,7.7,126.0,9.9,7.8,-3.0,3.9,-15.0,7.7,-15.0,-9.0,5.0,7.5,242.5,216.9,175.7,0.9924,-0.0868,-0.0868,0.0,0.0,20.8,False,99,177.0,0.485,no,no,no,no,no,no,no,2.5,
dataset7_CLINIC_metal_0039_data,grupo 1,evaluacion,ok,concordante,False,nan,default6mm,0.05,hueso,0.01,395,395,0,7.7,126.0,11.7,8.7,-15.0,7.7,-30.0,7.5,-15.0,-9.0,5.0,7.5,242.5,216.9,175.7,0.9924,-0.0868,-0.0868,0.0,0.0,20.8,False,99,177.0,0.485,no,no,no,no,no,no,no,0.0,
dataset7_CLINIC_metal_0039_data,grupo 1,evaluacion,ok,concordante,False,nan,default6mm,0.05,ocupado_2500,0.01,395,395,4880,7.7,126.0,9.9,7.8,-3.0,3.9,-15.0,7.7,-15.0,-9.0,5.0,7.5,242.5,216.9,175.7,0.9924,-0.0868,-0.0868,0.0,0.0,20.8,False,99,177.0,0.485,no,no,no,no,no,no,no,0.0,
dataset7_CLINIC_metal_0039_data,grupo 1,evaluacion,ok,concordante,False,nan,default6mm,0.05,ocupado_semimax,0.01,395,395,4880,7.7,126.0,9.9,7.8,-3.0,3.9,-15.0,7.7,-15.0,-9.0,5.0,7.5,242.5,216.9,175.7,0.9924,-0.0868,-0.0868,0.0,0.0,20.8,False,99,177.0,0.485,no,no,no,no,no,no,no,0.0,
dataset7_CLINIC_metal_0039_data,grupo 1,evaluacion,ok,concordante,False,nan,robust3mm,0.0,hueso,,0,0,0,7.5,149.0,11.8,9.7,-15.0,6.4,-30.0,7.5,-30.0,-30.0,10.0,2.5,242.5,195.9,160.7,0.9848,0.0,-0.1736,0.52,0.533,0.0,True,129,2673.0,0.271,no,no,no,no,no,no,no,3.1,
dataset7_CLINIC_metal_0039_data,grupo 1,evaluacion,ok,concordante,False,nan,robust3mm,0.0,ocupado_2500,,0,0,4886,6.4,128.0,10.0,7.6,-15.0,6.4,-27.0,3.9,-15.0,-9.0,5.0,7.5,242.5,216.9,175.7,0.9924,-0.0868,-0.0868,0.0,0.0,20.8,False,102,176.5,0.49,no,no,no,no,no,no,no,2.7,
dataset7_CLINIC_metal_0039_data,grupo 1,evaluacion,ok,concordante,False,nan,robust3mm,0.0,ocupado_semimax,,0,0,4886,6.4,128.0,10.0,7.6,-15.0,6.4,-27.0,3.9,-15.0,-9.0,5.0,7.5,242.5,216.9,175.7,0.9924,-0.0868,-0.0868,0.0,0.0,20.8,False,102,176.5,0.49,no,no,no,no,no,no,no,2.9,
dataset7_CLINIC_metal_0039_data,grupo 1,evaluacion,ok,concordante,False,nan,robust3mm,0.001,hueso,,49,49,0,7.5,149.0,11.8,9.7,-15.0,6.4,-30.0,7.5,-30.0,-30.0,10.0,2.5,242.5,195.9,160.7,0.9848,0.0,-0.1736,0.52,0.533,0.0,True,129,2673.0,0.271,no,no,no,no,no,no,no,3.1,
dataset7_CLINIC_metal_0039_data,grupo 1,evaluacion,ok,concordante,False,nan,robust3mm,0.001,ocupado_2500,,49,49,4886,6.4,128.0,10.0,7.6,-15.0,6.4,-27.0,3.9,-15.0,-9.0,5.0,7.5,242.5,216.9,175.7,0.9924,-0.0868,-0.0868,0.0,0.0,20.8,False,102,176.5,0.49,no,no,no,no,no,no,no,2.6,
dataset7_CLINIC_metal_0039_data,grupo 1,evaluacion,ok,concordante,False,nan,robust3mm,0.001,ocupado_semimax,,49,49,4886,6.4,128.0,10.0,7.6,-15.0,6.4,-27.0,3.9,-15.0,-9.0,5.0,7.5,242.5,216.9,175.7,0.9924,-0.0868,-0.0868,0.0,0.0,20.8,False,102,176.5,0.49,no,no,no,no,no,no,no,2.9,
dataset7_CLINIC_metal_0039_data,grupo 1,evaluacion,ok,concordante,False,nan,robust3mm,0.01,hueso,,261,261,0,7.5,149.0,11.8,9.7,-15.0,6.4,-30.0,7.5,-30.0,-30.0,10.0,2.5,242.5,195.9,160.7,0.9848,0.0,-0.1736,0.52,0.533,0.0,True,129,2673.0,0.271,no,no,no,no,no,no,no,3.1,
dataset7_CLINIC_metal_0039_data,grupo 1,evaluacion,ok,concordante,False,nan,robust3mm,0.01,ocupado_2500,,261,261,4886,6.4,128.0,10.0,7.6,-15.0,6.4,-27.0,3.9,-15.0,-9.0,5.0,7.5,242.5,216.9,175.7,0.9924,-0.0868,-0.0868,0.0,0.0,20.8,False,102,176.5,0.49,no,no,no,no,no,no,no,2.8,
dataset7_CLINIC_metal_0039_data,grupo 1,evaluacion,ok,concordante,False,nan,robust3mm,0.01,ocupado_semimax,,261,261,4886,6.4,128.0,10.0,7.6,-15.0,6.4,-27.0,3.9,-15.0,-9.0,5.0,7.5,242.5,216.9,175.7,0.9924,-0.0868,-0.0868,0.0,0.0,20.8,False,102,176.5,0.49,no,no,no,no,no,no,no,2.9,
dataset7_CLINIC_metal_0039_data,grupo 1,evaluacion,ok,concordante,False,nan,robust3mm,0.05,hueso,0.01,261,261,0,7.5,149.0,11.8,9.7,-15.0,6.4,-30.0,7.5,-30.0,-30.0,10.0,2.5,242.5,195.9,160.7,0.9848,0.0,-0.1736,0.52,0.533,0.0,True,129,2673.0,0.271,no,no,no,no,no,no,no,0.0,
dataset7_CLINIC_metal_0039_data,grupo 1,evaluacion,ok,concordante,False,nan,robust3mm,0.05,ocupado_2500,0.01,261,261,4886,6.4,128.0,10.0,7.6,-15.0,6.4,-27.0,3.9,-15.0,-9.0,5.0,7.5,242.5,216.9,175.7,0.9924,-0.0868,-0.0868,0.0,0.0,20.8,False,102,176.5,0.49,no,no,no,no,no,no,no,0.0,
dataset7_CLINIC_metal_0039_data,grupo 1,evaluacion,ok,concordante,False,nan,robust3mm,0.05,ocupado_semimax,0.01,261,261,4886,6.4,128.0,10.0,7.6,-15.0,6.4,-27.0,3.9,-15.0,-9.0,5.0,7.5,242.5,216.9,175.7,0.9924,-0.0868,-0.0868,0.0,0.0,20.8,False,102,176.5,0.49,no,no,no,no,no,no,no,0.0,
dataset7_CLINIC_metal_0045_data,grupo 1,evaluacion,ok,concordante,False,nan,default6mm,0.0,hueso,,0,0,0,14.0,155.0,14.8,15.7,-9.0,4.9,-33.0,14.0,-33.0,-27.0,1.4,11.4,196.4,160.1,23.5,0.9924,0.0868,-0.0868,0.0,0.0,12.9,False,135,173.0,0.378,si,si,si,si,si,si,si,4.0,
dataset7_CLINIC_metal_0045_data,grupo 1,evaluacion,ok,concordante,False,nan,default6mm,0.0,ocupado_2500,,0,0,2117,14.0,155.0,14.8,15.7,-12.0,3.1,-33.0,14.0,-33.0,-27.0,1.4,11.4,196.4,160.1,23.5,0.9924,0.0868,-0.0868,0.0,0.0,12.9,False,135,173.0,0.378,si,si,si,si,si,si,si,3.5,
dataset7_CLINIC_metal_0045_data,grupo 1,evaluacion,ok,concordante,False,nan,default6mm,0.0,ocupado_semimax,,0,0,3691,14.0,155.0,14.8,15.7,-12.0,3.1,-33.0,14.0,-33.0,-27.0,1.4,11.4,196.4,160.1,23.5,0.9924,0.0868,-0.0868,0.0,0.0,12.9,False,135,173.0,0.378,si,si,si,si,si,si,si,3.3,
dataset7_CLINIC_metal_0045_data,grupo 1,evaluacion,ok,concordante,False,nan,default6mm,0.001,hueso,,266,266,0,14.0,155.0,14.8,15.7,-9.0,4.9,-33.0,14.0,-33.0,-27.0,1.4,11.4,196.4,160.1,23.5,0.9924,0.0868,-0.0868,0.0,0.0,12.9,False,135,173.0,0.378,si,si,si,si,si,si,si,3.7,
dataset7_CLINIC_metal_0045_data,grupo 1,evaluacion,ok,concordante,False,nan,default6mm,0.001,ocupado_2500,,266,266,2117,14.0,155.0,14.8,15.7,-12.0,3.1,-33.0,14.0,-33.0,-27.0,1.4,11.4,196.4,160.1,23.5,0.9924,0.0868,-0.0868,0.0,0.0,12.9,False,135,173.0,0.378,si,si,si,si,si,si,si,3.6,
dataset7_CLINIC_metal_0045_data,grupo 1,evaluacion,ok,concordante,False,nan,default6mm,0.001,ocupado_semimax,,266,266,3691,14.0,155.0,14.8,15.7,-12.0,3.1,-33.0,14.0,-33.0,-27.0,1.4,11.4,196.4,160.1,23.5,0.9924,0.0868,-0.0868,0.0,0.0,12.9,False,135,173.0,0.378,si,si,si,si,si,si,si,3.5,
dataset7_CLINIC_metal_0045_data,grupo 1,evaluacion,ok,concordante,False,nan,default6mm,0.01,hueso,0.001,266,266,0,14.0,155.0,14.8,15.7,-9.0,4.9,-33.0,14.0,-33.0,-27.0,1.4,11.4,196.4,160.1,23.5,0.9924,0.0868,-0.0868,0.0,0.0,12.9,False,135,173.0,0.378,si,si,si,si,si,si,si,0.0,
dataset7_CLINIC_metal_0045_data,grupo 1,evaluacion,ok,concordante,False,nan,default6mm,0.01,ocupado_2500,0.001,266,266,2117,14.0,155.0,14.8,15.7,-12.0,3.1,-33.0,14.0,-33.0,-27.0,1.4,11.4,196.4,160.1,23.5,0.9924,0.0868,-0.0868,0.0,0.0,12.9,False,135,173.0,0.378,si,si,si,si,si,si,si,0.0,
dataset7_CLINIC_metal_0045_data,grupo 1,evaluacion,ok,concordante,False,nan,default6mm,0.01,ocupado_semimax,0.001,266,266,3691,14.0,155.0,14.8,15.7,-12.0,3.1,-33.0,14.0,-33.0,-27.0,1.4,11.4,196.4,160.1,23.5,0.9924,0.0868,-0.0868,0.0,0.0,12.9,False,135,173.0,0.378,si,si,si,si,si,si,si,0.0,
dataset7_CLINIC_metal_0045_data,grupo 1,evaluacion,ok,concordante,False,nan,default6mm,0.05,hueso,0.001,266,266,0,14.0,155.0,14.8,15.7,-9.0,4.9,-33.0,14.0,-33.0,-27.0,1.4,11.4,196.4,160.1,23.5,0.9924,0.0868,-0.0868,0.0,0.0,12.9,False,135,173.0,0.378,si,si,si,si,si,si,si,0.0,
dataset7_CLINIC_metal_0045_data,grupo 1,evaluacion,ok,concordante,False,nan,default6mm,0.05,ocupado_2500,0.001,266,266,2117,14.0,155.0,14.8,15.7,-12.0,3.1,-33.0,14.0,-33.0,-27.0,1.4,11.4,196.4,160.1,23.5,0.9924,0.0868,-0.0868,0.0,0.0,12.9,False,135,173.0,0.378,si,si,si,si,si,si,si,0.0,
dataset7_CLINIC_metal_0045_data,grupo 1,evaluacion,ok,concordante,False,nan,default6mm,0.05,ocupado_semimax,0.001,266,266,3691,14.0,155.0,14.8,15.7,-12.0,3.1,-33.0,14.0,-33.0,-27.0,1.4,11.4,196.4,160.1,23.5,0.9924,0.0868,-0.0868,0.0,0.0,12.9,False,135,173.0,0.378,si,si,si,si,si,si,si,0.0,
dataset7_CLINIC_metal_0045_data,grupo 1,evaluacion,ok,concordante,False,nan,robust3mm,0.0,hueso,,0,0,0,12.6,152.0,14.3,16.2,-15.0,3.1,-30.0,12.6,-30.0,-27.0,3.6,6.4,196.4,160.1,26.5,1.0,0.0,0.0,0.0,0.0,11.4,False,132,157.5,0.439,si,si,si,si,si,si,si,3.4,
dataset7_CLINIC_metal_0045_data,grupo 1,evaluacion,ok,concordante,False,nan,robust3mm,0.0,ocupado_2500,,0,0,2072,12.6,152.0,14.3,16.2,-15.0,3.1,-30.0,12.6,-30.0,-27.0,3.6,6.4,196.4,160.1,26.5,1.0,0.0,0.0,0.0,0.0,11.4,False,132,157.5,0.439,si,si,si,si,si,si,si,3.3,
dataset7_CLINIC_metal_0045_data,grupo 1,evaluacion,ok,concordante,False,nan,robust3mm,0.0,ocupado_semimax,,0,0,3617,12.6,152.0,14.3,16.2,-15.0,3.1,-30.0,12.6,-30.0,-27.0,3.6,6.4,196.4,160.1,26.5,1.0,0.0,0.0,0.0,0.0,11.4,False,132,157.5,0.439,si,si,si,si,si,si,si,3.4,
dataset7_CLINIC_metal_0045_data,grupo 1,evaluacion,ok,concordante,False,nan,robust3mm,0.001,hueso,,376,376,0,12.6,152.0,14.3,16.2,-15.0,3.1,-30.0,12.6,-30.0,-27.0,3.6,6.4,196.4,160.1,26.5,1.0,0.0,0.0,0.0,0.0,11.4,False,132,157.5,0.439,si,si,si,si,si,si,si,3.5,
dataset7_CLINIC_metal_0045_data,grupo 1,evaluacion,ok,concordante,False,nan,robust3mm,0.001,ocupado_2500,,376,376,2072,12.6,152.0,14.3,16.2,-15.0,3.1,-30.0,12.6,-30.0,-27.0,3.6,6.4,196.4,160.1,26.5,1.0,0.0,0.0,0.0,0.0,11.4,False,132,157.5,0.439,si,si,si,si,si,si,si,3.3,
dataset7_CLINIC_metal_0045_data,grupo 1,evaluacion,ok,concordante,False,nan,robust3mm,0.001,ocupado_semimax,,376,376,3617,12.6,152.0,14.3,16.2,-15.0,3.1,-30.0,12.6,-30.0,-27.0,3.6,6.4,196.4,160.1,26.5,1.0,0.0,0.0,0.0,0.0,11.4,False,132,157.5,0.439,si,si,si,si,si,si,si,3.2,
dataset7_CLINIC_metal_0045_data,grupo 1,evaluacion,ok,concordante,False,nan,robust3mm,0.01,hueso,0.001,376,376,0,12.6,152.0,14.3,16.2,-15.0,3.1,-30.0,12.6,-30.0,-27.0,3.6,6.4,196.4,160.1,26.5,1.0,0.0,0.0,0.0,0.0,11.4,False,132,157.5,0.439,si,si,si,si,si,si,si,0.0,
dataset7_CLINIC_metal_0045_data,grupo 1,evaluacion,ok,concordante,False,nan,robust3mm,0.01,ocupado_2500,0.001,376,376,2072,12.6,152.0,14.3,16.2,-15.0,3.1,-30.0,12.6,-30.0,-27.0,3.6,6.4,196.4,160.1,26.5,1.0,0.0,0.0,0.0,0.0,11.4,False,132,157.5,0.439,si,si,si,si,si,si,si,0.0,
dataset7_CLINIC_metal_0045_data,grupo 1,evaluacion,ok,concordante,False,nan,robust3mm,0.01,ocupado_semimax,0.001,376,376,3617,12.6,152.0,14.3,16.2,-15.0,3.1,-30.0,12.6,-30.0,-27.0,3.6,6.4,196.4,160.1,26.5,1.0,0.0,0.0,0.0,0.0,11.4,False,132,157.5,0.439,si,si,si,si,si,si,si,0.0,
dataset7_CLINIC_metal_0045_data,grupo 1,evaluacion,ok,concordante,False,nan,robust3mm,0.05,hueso,0.001,376,376,0,12.6,152.0,14.3,16.2,-15.0,3.1,-30.0,12.6,-30.0,-27.0,3.6,6.4,196.4,160.1,26.5,1.0,0.0,0.0,0.0,0.0,11.4,False,132,157.5,0.439,si,si,si,si,si,si,si,0.0,
dataset7_CLINIC_metal_0045_data,grupo 1,evaluacion,ok,concordante,False,nan,robust3mm,0.05,ocupado_2500,0.001,376,376,2072,12.6,152.0,14.3,16.2,-15.0,3.1,-30.0,12.6,-30.0,-27.0,3.6,6.4,196.4,160.1,26.5,1.0,0.0,0.0,0.0,0.0,11.4,False,132,157.5,0.439,si,si,si,si,si,si,si,0.0,
dataset7_CLINIC_metal_0045_data,grupo 1,evaluacion,ok,concordante,False,nan,robust3mm,0.05,ocupado_semimax,0.001,376,376,3617,12.6,152.0,14.3,16.2,-15.0,3.1,-30.0,12.6,-30.0,-27.0,3.6,6.4,196.4,160.1,26.5,1.0,0.0,0.0,0.0,0.0,11.4,False,132,157.5,0.439,si,si,si,si,si,si,si,0.0,
dataset7_CLINIC_metal_0044_data,grupo 1,evaluacion,ok,concordante,False,nan,default6mm,0.0,hueso,,0,0,0,12.9,157.0,16.3,15.5,-6.0,3.5,-30.0,12.9,-30.0,-27.0,4.2,2.1,220.4,150.1,174.5,1.0,0.0,0.0,0.0,0.0,50.3,False,138,165.5,0.435,si,si,si,si,si,si,si,4.3,
dataset7_CLINIC_metal_0044_data,grupo 1,evaluacion,ok,concordante,False,nan,default6mm,0.0,ocupado_2500,,0,0,3972,12.9,157.0,16.3,15.5,-6.0,3.5,-30.0,12.9,-30.0,-27.0,4.2,2.1,220.4,150.1,174.5,1.0,0.0,0.0,0.0,0.0,50.3,False,138,165.5,0.435,si,si,si,si,si,si,si,3.6,
dataset7_CLINIC_metal_0044_data,grupo 1,evaluacion,ok,concordante,False,nan,default6mm,0.0,ocupado_semimax,,0,0,3972,12.9,157.0,16.3,15.5,-6.0,3.5,-30.0,12.9,-30.0,-27.0,4.2,2.1,220.4,150.1,174.5,1.0,0.0,0.0,0.0,0.0,50.3,False,138,165.5,0.435,si,si,si,si,si,si,si,3.7,
dataset7_CLINIC_metal_0044_data,grupo 1,evaluacion,ok,concordante,False,nan,default6mm,0.001,hueso,,633,633,0,12.9,157.0,16.3,15.5,-6.0,3.5,-30.0,12.9,-30.0,-27.0,4.2,2.1,220.4,150.1,174.5,1.0,0.0,0.0,0.0,0.0,50.3,False,138,165.5,0.435,si,si,si,si,si,si,si,4.0,
dataset7_CLINIC_metal_0044_data,grupo 1,evaluacion,ok,concordante,False,nan,default6mm,0.001,ocupado_2500,,633,633,3972,12.9,157.0,16.3,15.5,-6.0,3.5,-30.0,12.9,-30.0,-27.0,4.2,2.1,220.4,150.1,174.5,1.0,0.0,0.0,0.0,0.0,50.3,False,138,165.5,0.435,si,si,si,si,si,si,si,3.9,
dataset7_CLINIC_metal_0044_data,grupo 1,evaluacion,ok,concordante,False,nan,default6mm,0.001,ocupado_semimax,,633,633,3972,12.9,157.0,16.3,15.5,-6.0,3.5,-30.0,12.9,-30.0,-27.0,4.2,2.1,220.4,150.1,174.5,1.0,0.0,0.0,0.0,0.0,50.3,False,138,165.5,0.435,si,si,si,si,si,si,si,3.7,
dataset7_CLINIC_metal_0044_data,grupo 1,evaluacion,ok,concordante,False,nan,default6mm,0.01,hueso,0.001,633,633,0,12.9,157.0,16.3,15.5,-6.0,3.5,-30.0,12.9,-30.0,-27.0,4.2,2.1,220.4,150.1,174.5,1.0,0.0,0.0,0.0,0.0,50.3,False,138,165.5,0.435,si,si,si,si,si,si,si,0.0,
dataset7_CLINIC_metal_0044_data,grupo 1,evaluacion,ok,concordante,False,nan,default6mm,0.01,ocupado_2500,0.001,633,633,3972,12.9,157.0,16.3,15.5,-6.0,3.5,-30.0,12.9,-30.0,-27.0,4.2,2.1,220.4,150.1,174.5,1.0,0.0,0.0,0.0,0.0,50.3,False,138,165.5,0.435,si,si,si,si,si,si,si,0.0,
dataset7_CLINIC_metal_0044_data,grupo 1,evaluacion,ok,concordante,False,nan,default6mm,0.01,ocupado_semimax,0.001,633,633,3972,12.9,157.0,16.3,15.5,-6.0,3.5,-30.0,12.9,-30.0,-27.0,4.2,2.1,220.4,150.1,174.5,1.0,0.0,0.0,0.0,0.0,50.3,False,138,165.5,0.435,si,si,si,si,si,si,si,0.0,
dataset7_CLINIC_metal_0044_data,grupo 1,evaluacion,ok,concordante,False,nan,default6mm,0.05,hueso,0.001,633,633,0,12.9,157.0,16.3,15.5,-6.0,3.5,-30.0,12.9,-30.0,-27.0,4.2,2.1,220.4,150.1,174.5,1.0,0.0,0.0,0.0,0.0,50.3,False,138,165.5,0.435,si,si,si,si,si,si,si,0.0,
dataset7_CLINIC_metal_0044_data,grupo 1,evaluacion,ok,concordante,False,nan,default6mm,0.05,ocupado_2500,0.001,633,633,3972,12.9,157.0,16.3,15.5,-6.0,3.5,-30.0,12.9,-30.0,-27.0,4.2,2.1,220.4,150.1,174.5,1.0,0.0,0.0,0.0,0.0,50.3,False,138,165.5,0.435,si,si,si,si,si,si,si,0.0,
dataset7_CLINIC_metal_0044_data,grupo 1,evaluacion,ok,concordante,False,nan,default6mm,0.05,ocupado_semimax,0.001,633,633,3972,12.9,157.0,16.3,15.5,-6.0,3.5,-30.0,12.9,-30.0,-27.0,4.2,2.1,220.4,150.1,174.5,1.0,0.0,0.0,0.0,0.0,50.3,False,138,165.5,0.435,si,si,si,si,si,si,si,0.0,
dataset7_CLINIC_metal_0044_data,grupo 1,evaluacion,ok,concordante,False,nan,robust3mm,0.0,hueso,,0,0,0,13.6,157.0,17.3,15.5,-6.0,3.5,-30.0,13.6,-30.0,-27.0,4.2,2.1,220.4,150.1,174.5,1.0,0.0,0.0,0.0,0.0,50.3,False,138,165.5,0.435,si,si,si,si,si,si,si,4.0,
dataset7_CLINIC_metal_0044_data,grupo 1,evaluacion,ok,concordante,False,nan,robust3mm,0.0,ocupado_2500,,0,0,3956,13.6,157.0,17.3,15.5,-6.0,3.5,-30.0,13.6,-30.0,-27.0,4.2,2.1,220.4,150.1,174.5,1.0,0.0,0.0,0.0,0.0,50.3,False,138,165.5,0.435,si,si,si,si,si,si,si,3.7,
dataset7_CLINIC_metal_0044_data,grupo 1,evaluacion,ok,concordante,False,nan,robust3mm,0.0,ocupado_semimax,,0,0,3956,13.6,157.0,17.3,15.5,-6.0,3.5,-30.0,13.6,-30.0,-27.0,4.2,2.1,220.4,150.1,174.5,1.0,0.0,0.0,0.0,0.0,50.3,False,138,165.5,0.435,si,si,si,si,si,si,si,3.6,
dataset7_CLINIC_metal_0044_data,grupo 1,evaluacion,ok,concordante,False,nan,robust3mm,0.001,hueso,,310,310,0,13.6,157.0,17.3,15.5,-6.0,3.5,-30.0,13.6,-30.0,-27.0,4.2,2.1,220.4,150.1,174.5,1.0,0.0,0.0,0.0,0.0,50.3,False,138,165.5,0.435,si,si,si,si,si,si,si,4.0,
dataset7_CLINIC_metal_0044_data,grupo 1,evaluacion,ok,concordante,False,nan,robust3mm,0.001,ocupado_2500,,310,310,3956,13.6,157.0,17.3,15.5,-6.0,3.5,-30.0,13.6,-30.0,-27.0,4.2,2.1,220.4,150.1,174.5,1.0,0.0,0.0,0.0,0.0,50.3,False,138,165.5,0.435,si,si,si,si,si,si,si,3.9,
dataset7_CLINIC_metal_0044_data,grupo 1,evaluacion,ok,concordante,False,nan,robust3mm,0.001,ocupado_semimax,,310,310,3956,13.6,157.0,17.3,15.5,-6.0,3.5,-30.0,13.6,-30.0,-27.0,4.2,2.1,220.4,150.1,174.5,1.0,0.0,0.0,0.0,0.0,50.3,False,138,165.5,0.435,si,si,si,si,si,si,si,3.5,
dataset7_CLINIC_metal_0044_data,grupo 1,evaluacion,ok,concordante,False,nan,robust3mm,0.01,hueso,0.001,310,310,0,13.6,157.0,17.3,15.5,-6.0,3.5,-30.0,13.6,-30.0,-27.0,4.2,2.1,220.4,150.1,174.5,1.0,0.0,0.0,0.0,0.0,50.3,False,138,165.5,0.435,si,si,si,si,si,si,si,0.0,
dataset7_CLINIC_metal_0044_data,grupo 1,evaluacion,ok,concordante,False,nan,robust3mm,0.01,ocupado_2500,0.001,310,310,3956,13.6,157.0,17.3,15.5,-6.0,3.5,-30.0,13.6,-30.0,-27.0,4.2,2.1,220.4,150.1,174.5,1.0,0.0,0.0,0.0,0.0,50.3,False,138,165.5,0.435,si,si,si,si,si,si,si,0.0,
dataset7_CLINIC_metal_0044_data,grupo 1,evaluacion,ok,concordante,False,nan,robust3mm,0.01,ocupado_semimax,0.001,310,310,3956,13.6,157.0,17.3,15.5,-6.0,3.5,-30.0,13.6,-30.0,-27.0,4.2,2.1,220.4,150.1,174.5,1.0,0.0,0.0,0.0,0.0,50.3,False,138,165.5,0.435,si,si,si,si,si,si,si,0.0,
dataset7_CLINIC_metal_0044_data,grupo 1,evaluacion,ok,concordante,False,nan,robust3mm,0.05,hueso,0.001,310,310,0,13.6,157.0,17.3,15.5,-6.0,3.5,-30.0,13.6,-30.0,-27.0,4.2,2.1,220.4,150.1,174.5,1.0,0.0,0.0,0.0,0.0,50.3,False,138,165.5,0.435,si,si,si,si,si,si,si,0.0,
dataset7_CLINIC_metal_0044_data,grupo 1,evaluacion,ok,concordante,False,nan,robust3mm,0.05,ocupado_2500,0.001,310,310,3956,13.6,157.0,17.3,15.5,-6.0,3.5,-30.0,13.6,-30.0,-27.0,4.2,2.1,220.4,150.1,174.5,1.0,0.0,0.0,0.0,0.0,50.3,False,138,165.5,0.435,si,si,si,si,si,si,si,0.0,
dataset7_CLINIC_metal_0044_data,grupo 1,evaluacion,ok,concordante,False,nan,robust3mm,0.05,ocupado_semimax,0.001,310,310,3956,13.6,157.0,17.3,15.5,-6.0,3.5,-30.0,13.6,-30.0,-27.0,4.2,2.1,220.4,150.1,174.5,1.0,0.0,0.0,0.0,0.0,50.3,False,138,165.5,0.435,si,si,si,si,si,si,si,0.0,
dataset7_CLINIC_metal_0035_data,grupo 1,evaluacion,ok,concordante,False,nan,default6mm,0.0,hueso,,0,0,0,6.4,128.0,7.4,13.7,-33.0,6.4,-51.0,3.0,-33.0,-21.0,22.5,23.3,187.8,120.3,173.2,0.8891,0.3236,0.3236,0.0,0.0,7.3,False,102,202.5,0.402,no,no,no,no,no,no,no,5.3,
dataset7_CLINIC_metal_0035_data,grupo 1,evaluacion,ok,concordante,False,nan,default6mm,0.0,ocupado_2500,,0,0,65,6.4,128.0,7.4,13.5,-33.0,6.4,-51.0,3.0,-33.0,-21.0,22.5,23.3,187.8,120.3,173.2,0.8891,0.3236,0.3236,0.0,0.0,7.3,False,102,202.5,0.402,no,no,no,no,no,no,no,4.9,
dataset7_CLINIC_metal_0035_data,grupo 1,evaluacion,ok,concordante,False,nan,default6mm,0.0,ocupado_semimax,,0,0,65,6.4,128.0,7.4,13.5,-33.0,6.4,-51.0,3.0,-33.0,-21.0,22.5,23.3,187.8,120.3,173.2,0.8891,0.3236,0.3236,0.0,0.0,7.3,False,102,202.5,0.402,no,no,no,no,no,no,no,4.8,
dataset7_CLINIC_metal_0035_data,grupo 1,evaluacion,ok,concordante,False,nan,default6mm,0.001,hueso,,16,16,0,6.4,128.0,7.4,13.7,-33.0,6.4,-51.0,3.0,-33.0,-21.0,22.5,23.3,187.8,120.3,173.2,0.8891,0.3236,0.3236,0.0,0.0,7.3,False,102,202.5,0.402,no,no,no,no,no,no,no,5.0,
dataset7_CLINIC_metal_0035_data,grupo 1,evaluacion,ok,concordante,False,nan,default6mm,0.001,ocupado_2500,,16,16,65,6.4,128.0,7.4,13.5,-33.0,6.4,-51.0,3.0,-33.0,-21.0,22.5,23.3,187.8,120.3,173.2,0.8891,0.3236,0.3236,0.0,0.0,7.3,False,102,202.5,0.402,no,no,no,no,no,no,no,4.8,
dataset7_CLINIC_metal_0035_data,grupo 1,evaluacion,ok,concordante,False,nan,default6mm,0.001,ocupado_semimax,,16,16,65,6.4,128.0,7.4,13.5,-33.0,6.4,-51.0,3.0,-33.0,-21.0,22.5,23.3,187.8,120.3,173.2,0.8891,0.3236,0.3236,0.0,0.0,7.3,False,102,202.5,0.402,no,no,no,no,no,no,no,4.9,
dataset7_CLINIC_metal_0035_data,grupo 1,evaluacion,ok,concordante,False,nan,default6mm,0.01,hueso,0.001,16,16,0,6.4,128.0,7.4,13.7,-33.0,6.4,-51.0,3.0,-33.0,-21.0,22.5,23.3,187.8,120.3,173.2,0.8891,0.3236,0.3236,0.0,0.0,7.3,False,102,202.5,0.402,no,no,no,no,no,no,no,0.0,
dataset7_CLINIC_metal_0035_data,grupo 1,evaluacion,ok,concordante,False,nan,default6mm,0.01,ocupado_2500,0.001,16,16,65,6.4,128.0,7.4,13.5,-33.0,6.4,-51.0,3.0,-33.0,-21.0,22.5,23.3,187.8,120.3,173.2,0.8891,0.3236,0.3236,0.0,0.0,7.3,False,102,202.5,0.402,no,no,no,no,no,no,no,0.1,
dataset7_CLINIC_metal_0035_data,grupo 1,evaluacion,ok,concordante,False,nan,default6mm,0.01,ocupado_semimax,0.001,16,16,65,6.4,128.0,7.4,13.5,-33.0,6.4,-51.0,3.0,-33.0,-21.0,22.5,23.3,187.8,120.3,173.2,0.8891,0.3236,0.3236,0.0,0.0,7.3,False,102,202.5,0.402,no,no,no,no,no,no,no,0.0,
dataset7_CLINIC_metal_0035_data,grupo 1,evaluacion,ok,concordante,False,nan,default6mm,0.05,hueso,,24523,137,0,6.4,128.0,7.4,13.7,-33.0,6.4,-51.0,3.0,-33.0,-21.0,22.5,23.3,187.8,120.3,173.2,0.8891,0.3236,0.3236,0.0,0.0,7.3,False,102,202.5,0.402,no,no,no,no,no,no,no,5.1,
dataset7_CLINIC_metal_0035_data,grupo 1,evaluacion,ok,concordante,False,nan,default6mm,0.05,ocupado_2500,,24523,137,65,6.4,128.0,7.4,13.5,-33.0,6.4,-51.0,3.0,-33.0,-21.0,22.5,23.3,187.8,120.3,173.2,0.8891,0.3236,0.3236,0.0,0.0,7.3,False,102,202.5,0.402,no,no,no,no,no,no,no,4.8,
dataset7_CLINIC_metal_0035_data,grupo 1,evaluacion,ok,concordante,False,nan,default6mm,0.05,ocupado_semimax,,24523,137,65,6.4,128.0,7.4,13.5,-33.0,6.4,-51.0,3.0,-33.0,-21.0,22.5,23.3,187.8,120.3,173.2,0.8891,0.3236,0.3236,0.0,0.0,7.3,False,102,202.5,0.402,no,no,no,no,no,no,no,4.7,
dataset7_CLINIC_metal_0035_data,grupo 1,evaluacion,ok,concordante,False,nan,robust3mm,0.0,hueso,,0,0,0,10.9,130.0,12.8,13.6,-27.0,10.9,-51.0,3.0,-27.0,-15.0,2.5,1.7,187.8,126.3,179.2,0.9962,-0.0872,0.0,0.0,0.0,7.8,False,110,177.5,0.373,si,si,si,si,no,si,no,5.0,
dataset7_CLINIC_metal_0035_data,grupo 1,evaluacion,ok,concordante,False,nan,robust3mm,0.0,ocupado_2500,,0,0,78,10.9,130.0,12.8,13.6,-27.0,10.9,-51.0,3.0,-27.0,-15.0,2.5,1.7,187.8,126.3,179.2,0.9962,-0.0872,0.0,0.0,0.0,7.8,False,110,177.5,0.373,si,si,si,si,no,si,no,4.8,
dataset7_CLINIC_metal_0035_data,grupo 1,evaluacion,ok,concordante,False,nan,robust3mm,0.0,ocupado_semimax,,0,0,78,10.9,130.0,12.8,13.6,-27.0,10.9,-51.0,3.0,-27.0,-15.0,2.5,1.7,187.8,126.3,179.2,0.9962,-0.0872,0.0,0.0,0.0,7.8,False,110,177.5,0.373,si,si,si,si,no,si,no,4.8,
dataset7_CLINIC_metal_0035_data,grupo 1,evaluacion,ok,concordante,False,nan,robust3mm,0.001,hueso,,16,16,0,10.9,130.0,12.8,13.6,-27.0,10.9,-51.0,3.0,-27.0,-15.0,2.5,1.7,187.8,126.3,179.2,0.9962,-0.0872,0.0,0.0,0.0,7.8,False,110,177.5,0.373,si,si,si,si,no,si,no,5.3,
dataset7_CLINIC_metal_0035_data,grupo 1,evaluacion,ok,concordante,False,nan,robust3mm,0.001,ocupado_2500,,16,16,78,10.9,130.0,12.8,13.6,-27.0,10.9,-51.0,3.0,-27.0,-15.0,2.5,1.7,187.8,126.3,179.2,0.9962,-0.0872,0.0,0.0,0.0,7.8,False,110,177.5,0.373,si,si,si,si,no,si,no,5.0,
dataset7_CLINIC_metal_0035_data,grupo 1,evaluacion,ok,concordante,False,nan,robust3mm,0.001,ocupado_semimax,,16,16,78,10.9,130.0,12.8,13.6,-27.0,10.9,-51.0,3.0,-27.0,-15.0,2.5,1.7,187.8,126.3,179.2,0.9962,-0.0872,0.0,0.0,0.0,7.8,False,110,177.5,0.373,si,si,si,si,no,si,no,4.8,
dataset7_CLINIC_metal_0035_data,grupo 1,evaluacion,ok,concordante,False,nan,robust3mm,0.01,hueso,0.001,16,16,0,10.9,130.0,12.8,13.6,-27.0,10.9,-51.0,3.0,-27.0,-15.0,2.5,1.7,187.8,126.3,179.2,0.9962,-0.0872,0.0,0.0,0.0,7.8,False,110,177.5,0.373,si,si,si,si,no,si,no,0.0,
dataset7_CLINIC_metal_0035_data,grupo 1,evaluacion,ok,concordante,False,nan,robust3mm,0.01,ocupado_2500,0.001,16,16,78,10.9,130.0,12.8,13.6,-27.0,10.9,-51.0,3.0,-27.0,-15.0,2.5,1.7,187.8,126.3,179.2,0.9962,-0.0872,0.0,0.0,0.0,7.8,False,110,177.5,0.373,si,si,si,si,no,si,no,0.1,
dataset7_CLINIC_metal_0035_data,grupo 1,evaluacion,ok,concordante,False,nan,robust3mm,0.01,ocupado_semimax,0.001,16,16,78,10.9,130.0,12.8,13.6,-27.0,10.9,-51.0,3.0,-27.0,-15.0,2.5,1.7,187.8,126.3,179.2,0.9962,-0.0872,0.0,0.0,0.0,7.8,False,110,177.5,0.373,si,si,si,si,no,si,no,0.0,
dataset7_CLINIC_metal_0035_data,grupo 1,evaluacion,ok,concordante,False,nan,robust3mm,0.05,hueso,,24279,142,0,10.9,130.0,12.8,13.6,-27.0,10.9,-51.0,3.0,-27.0,-15.0,2.5,1.7,187.8,126.3,179.2,0.9962,-0.0872,0.0,0.0,0.0,7.8,False,110,177.5,0.373,si,si,si,si,no,si,no,5.1,
dataset7_CLINIC_metal_0035_data,grupo 1,evaluacion,ok,concordante,False,nan,robust3mm,0.05,ocupado_2500,,24279,142,78,10.9,130.0,12.8,13.6,-27.0,10.9,-51.0,3.0,-27.0,-15.0,2.5,1.7,187.8,126.3,179.2,0.9962,-0.0872,0.0,0.0,0.0,7.8,False,110,177.5,0.373,si,si,si,si,no,si,no,4.8,
dataset7_CLINIC_metal_0035_data,grupo 1,evaluacion,ok,concordante,False,nan,robust3mm,0.05,ocupado_semimax,,24279,142,78,10.9,130.0,12.8,13.6,-27.0,10.9,-51.0,3.0,-27.0,-15.0,2.5,1.7,187.8,126.3,179.2,0.9962,-0.0872,0.0,0.0,0.0,7.8,False,110,177.5,0.373,si,si,si,si,no,si,no,4.8,
dataset7_CLINIC_metal_0049_data,grupo 1,evaluacion,ok,concordante,False,nan,default6mm,0.0,hueso,,0,0,0,9.7,163.0,14.5,13.3,-9.0,5.7,-33.0,9.7,-33.0,-24.0,2.4,0.9,235.7,209.0,176.4,0.9962,-0.0872,0.0,0.0,0.0,8.3,False,145,203.0,0.324,no,si,no,si,no,no,no,4.0,
dataset7_CLINIC_metal_0049_data,grupo 1,evaluacion,ok,concordante,False,nan,default6mm,0.0,ocupado_2500,,0,0,7444,9.7,163.0,14.5,13.3,-9.0,5.7,-33.0,9.7,-33.0,-24.0,2.4,0.9,235.7,209.0,176.4,0.9962,-0.0872,0.0,0.0,0.0,8.3,False,145,203.0,0.324,no,si,no,si,no,no,no,3.4,
dataset7_CLINIC_metal_0049_data,grupo 1,evaluacion,ok,concordante,False,nan,default6mm,0.0,ocupado_semimax,,0,0,8176,9.7,163.0,14.5,12.6,-9.0,5.7,-33.0,9.7,-33.0,-24.0,2.4,0.9,235.7,209.0,176.4,0.9962,-0.0872,0.0,0.0,0.0,8.3,False,145,203.0,0.324,no,si,no,si,no,no,no,3.2,
dataset7_CLINIC_metal_0049_data,grupo 1,evaluacion,ok,concordante,False,nan,default6mm,0.001,hueso,,178,178,0,9.7,163.0,14.5,13.3,-9.0,5.7,-33.0,9.7,-33.0,-24.0,2.4,0.9,235.7,209.0,176.4,0.9962,-0.0872,0.0,0.0,0.0,8.3,False,145,203.0,0.324,no,si,no,si,no,no,no,3.7,
dataset7_CLINIC_metal_0049_data,grupo 1,evaluacion,ok,concordante,False,nan,default6mm,0.001,ocupado_2500,,178,178,7444,9.7,163.0,14.5,13.3,-9.0,5.7,-33.0,9.7,-33.0,-24.0,2.4,0.9,235.7,209.0,176.4,0.9962,-0.0872,0.0,0.0,0.0,8.3,False,145,203.0,0.324,no,si,no,si,no,no,no,3.5,
dataset7_CLINIC_metal_0049_data,grupo 1,evaluacion,ok,concordante,False,nan,default6mm,0.001,ocupado_semimax,,178,178,8176,9.7,163.0,14.5,12.6,-9.0,5.7,-33.0,9.7,-33.0,-24.0,2.4,0.9,235.7,209.0,176.4,0.9962,-0.0872,0.0,0.0,0.0,8.3,False,145,203.0,0.324,no,si,no,si,no,no,no,3.5,
dataset7_CLINIC_metal_0049_data,grupo 1,evaluacion,ok,concordante,False,nan,default6mm,0.01,hueso,0.001,178,178,0,9.7,163.0,14.5,13.3,-9.0,5.7,-33.0,9.7,-33.0,-24.0,2.4,0.9,235.7,209.0,176.4,0.9962,-0.0872,0.0,0.0,0.0,8.3,False,145,203.0,0.324,no,si,no,si,no,no,no,0.0,
dataset7_CLINIC_metal_0049_data,grupo 1,evaluacion,ok,concordante,False,nan,default6mm,0.01,ocupado_2500,0.001,178,178,7444,9.7,163.0,14.5,13.3,-9.0,5.7,-33.0,9.7,-33.0,-24.0,2.4,0.9,235.7,209.0,176.4,0.9962,-0.0872,0.0,0.0,0.0,8.3,False,145,203.0,0.324,no,si,no,si,no,no,no,0.0,
dataset7_CLINIC_metal_0049_data,grupo 1,evaluacion,ok,concordante,False,nan,default6mm,0.01,ocupado_semimax,0.001,178,178,8176,9.7,163.0,14.5,12.6,-9.0,5.7,-33.0,9.7,-33.0,-24.0,2.4,0.9,235.7,209.0,176.4,0.9962,-0.0872,0.0,0.0,0.0,8.3,False,145,203.0,0.324,no,si,no,si,no,no,no,0.0,
dataset7_CLINIC_metal_0049_data,grupo 1,evaluacion,ok,concordante,False,nan,default6mm,0.05,hueso,0.001,178,178,0,9.7,163.0,14.5,13.3,-9.0,5.7,-33.0,9.7,-33.0,-24.0,2.4,0.9,235.7,209.0,176.4,0.9962,-0.0872,0.0,0.0,0.0,8.3,False,145,203.0,0.324,no,si,no,si,no,no,no,0.0,
dataset7_CLINIC_metal_0049_data,grupo 1,evaluacion,ok,concordante,False,nan,default6mm,0.05,ocupado_2500,0.001,178,178,7444,9.7,163.0,14.5,13.3,-9.0,5.7,-33.0,9.7,-33.0,-24.0,2.4,0.9,235.7,209.0,176.4,0.9962,-0.0872,0.0,0.0,0.0,8.3,False,145,203.0,0.324,no,si,no,si,no,no,no,0.0,
dataset7_CLINIC_metal_0049_data,grupo 1,evaluacion,ok,concordante,False,nan,default6mm,0.05,ocupado_semimax,0.001,178,178,8176,9.7,163.0,14.5,12.6,-9.0,5.7,-33.0,9.7,-33.0,-24.0,2.4,0.9,235.7,209.0,176.4,0.9962,-0.0872,0.0,0.0,0.0,8.3,False,145,203.0,0.324,no,si,no,si,no,no,no,0.0,
dataset7_CLINIC_metal_0049_data,grupo 1,evaluacion,ok,concordante,False,nan,robust3mm,0.0,hueso,,0,0,0,9.9,163.0,14.0,13.3,-6.0,7.8,-33.0,9.9,-33.0,-24.0,2.6,4.1,235.7,209.0,176.4,0.9962,0.0,0.0872,0.0,0.0,8.6,False,142,202.5,0.289,no,si,no,si,no,no,no,3.6,
dataset7_CLINIC_metal_0049_data,grupo 1,evaluacion,ok,concordante,False,nan,robust3mm,0.0,ocupado_2500,,0,0,7458,9.9,163.0,13.5,13.3,-6.0,7.8,-33.0,9.9,-33.0,-24.0,2.6,4.1,235.7,209.0,176.4,0.9962,0.0,0.0872,0.0,0.0,8.6,False,142,202.5,0.289,no,si,no,si,no,no,no,3.4,
dataset7_CLINIC_metal_0049_data,grupo 1,evaluacion,ok,concordante,False,nan,robust3mm,0.0,ocupado_semimax,,0,0,8192,9.9,163.0,13.5,12.6,-6.0,7.8,-33.0,9.9,-33.0,-24.0,2.6,4.1,235.7,209.0,176.4,0.9962,0.0,0.0872,0.0,0.0,8.6,False,142,202.5,0.289,no,si,no,si,no,no,no,3.5,
dataset7_CLINIC_metal_0049_data,grupo 1,evaluacion,ok,concordante,False,nan,robust3mm,0.001,hueso,,210,210,0,9.9,163.0,14.0,13.3,-6.0,7.8,-33.0,9.9,-33.0,-24.0,2.6,4.1,235.7,209.0,176.4,0.9962,0.0,0.0872,0.0,0.0,8.6,False,142,202.5,0.289,no,si,no,si,no,no,no,3.7,
dataset7_CLINIC_metal_0049_data,grupo 1,evaluacion,ok,concordante,False,nan,robust3mm,0.001,ocupado_2500,,210,210,7458,9.9,163.0,13.5,13.3,-6.0,7.8,-33.0,9.9,-33.0,-24.0,2.6,4.1,235.7,209.0,176.4,0.9962,0.0,0.0872,0.0,0.0,8.6,False,142,202.5,0.289,no,si,no,si,no,no,no,3.4,
dataset7_CLINIC_metal_0049_data,grupo 1,evaluacion,ok,concordante,False,nan,robust3mm,0.001,ocupado_semimax,,210,210,8192,9.9,163.0,13.5,12.6,-6.0,7.8,-33.0,9.9,-33.0,-24.0,2.6,4.1,235.7,209.0,176.4,0.9962,0.0,0.0872,0.0,0.0,8.6,False,142,202.5,0.289,no,si,no,si,no,no,no,3.3,
dataset7_CLINIC_metal_0049_data,grupo 1,evaluacion,ok,concordante,False,nan,robust3mm,0.01,hueso,0.001,210,210,0,9.9,163.0,14.0,13.3,-6.0,7.8,-33.0,9.9,-33.0,-24.0,2.6,4.1,235.7,209.0,176.4,0.9962,0.0,0.0872,0.0,0.0,8.6,False,142,202.5,0.289,no,si,no,si,no,no,no,0.0,
dataset7_CLINIC_metal_0049_data,grupo 1,evaluacion,ok,concordante,False,nan,robust3mm,0.01,ocupado_2500,0.001,210,210,7458,9.9,163.0,13.5,13.3,-6.0,7.8,-33.0,9.9,-33.0,-24.0,2.6,4.1,235.7,209.0,176.4,0.9962,0.0,0.0872,0.0,0.0,8.6,False,142,202.5,0.289,no,si,no,si,no,no,no,0.0,
dataset7_CLINIC_metal_0049_data,grupo 1,evaluacion,ok,concordante,False,nan,robust3mm,0.01,ocupado_semimax,0.001,210,210,8192,9.9,163.0,13.5,12.6,-6.0,7.8,-33.0,9.9,-33.0,-24.0,2.6,4.1,235.7,209.0,176.4,0.9962,0.0,0.0872,0.0,0.0,8.6,False,142,202.5,0.289,no,si,no,si,no,no,no,0.0,
dataset7_CLINIC_metal_0049_data,grupo 1,evaluacion,ok,concordante,False,nan,robust3mm,0.05,hueso,0.001,210,210,0,9.9,163.0,14.0,13.3,-6.0,7.8,-33.0,9.9,-33.0,-24.0,2.6,4.1,235.7,209.0,176.4,0.9962,0.0,0.0872,0.0,0.0,8.6,False,142,202.5,0.289,no,si,no,si,no,no,no,0.0,
dataset7_CLINIC_metal_0049_data,grupo 1,evaluacion,ok,concordante,False,nan,robust3mm,0.05,ocupado_2500,0.001,210,210,7458,9.9,163.0,13.5,13.3,-6.0,7.8,-33.0,9.9,-33.0,-24.0,2.6,4.1,235.7,209.0,176.4,0.9962,0.0,0.0872,0.0,0.0,8.6,False,142,202.5,0.289,no,si,no,si,no,no,no,0.0,
dataset7_CLINIC_metal_0049_data,grupo 1,evaluacion,ok,concordante,False,nan,robust3mm,0.05,ocupado_semimax,0.001,210,210,8192,9.9,163.0,13.5,12.6,-6.0,7.8,-33.0,9.9,-33.0,-24.0,2.6,4.1,235.7,209.0,176.4,0.9962,0.0,0.0872,0.0,0.0,8.6,False,142,202.5,0.289,no,si,no,si,no,no,no,0.0,
dataset7_CLINIC_metal_0048_data,grupo 1,evaluacion,ok,concordante,False,nan,default6mm,0.0,hueso,,0,0,0,13.1,109.0,13.5,16.9,-9.0,13.1,-24.0,7.6,-9.0,-6.0,8.2,13.6,193.0,158.1,117.6,0.9703,0.1711,0.1711,0.0,0.0,4.5,True,81,234.0,0.358,si,si,si,si,si,si,si,4.6,
dataset7_CLINIC_metal_0048_data,grupo 1,evaluacion,ok,concordante,False,nan,default6mm,0.0,ocupado_2500,,0,0,6211,12.1,107.0,13.2,15.8,-6.0,12.1,-24.0,6.1,-6.0,-6.0,3.2,13.6,193.0,158.1,120.6,0.9812,0.173,0.0858,0.0,0.0,6.1,False,80,162.5,0.463,si,si,si,si,si,si,si,4.2,
dataset7_CLINIC_metal_0048_data,grupo 1,evaluacion,ok,concordante,False,nan,default6mm,0.0,ocupado_semimax,,0,0,6211,12.1,107.0,13.2,15.8,-6.0,12.1,-24.0,6.1,-6.0,-6.0,3.2,13.6,193.0,158.1,120.6,0.9812,0.173,0.0858,0.0,0.0,6.1,False,80,162.5,0.463,si,si,si,si,si,si,si,4.0,
dataset7_CLINIC_metal_0048_data,grupo 1,evaluacion,ok,concordante,False,nan,default6mm,0.001,hueso,,192,192,0,13.1,109.0,13.5,16.9,-9.0,13.1,-24.0,7.6,-9.0,-6.0,8.2,13.6,193.0,158.1,117.6,0.9703,0.1711,0.1711,0.0,0.0,4.5,True,81,234.0,0.358,si,si,si,si,si,si,si,4.5,
dataset7_CLINIC_metal_0048_data,grupo 1,evaluacion,ok,concordante,False,nan,default6mm,0.001,ocupado_2500,,192,192,6211,12.1,107.0,13.2,15.8,-6.0,12.1,-24.0,6.1,-6.0,-6.0,3.2,13.6,193.0,158.1,120.6,0.9812,0.173,0.0858,0.0,0.0,6.1,False,80,162.5,0.463,si,si,si,si,si,si,si,4.0,
dataset7_CLINIC_metal_0048_data,grupo 1,evaluacion,ok,concordante,False,nan,default6mm,0.001,ocupado_semimax,,192,192,6211,12.1,107.0,13.2,15.8,-6.0,12.1,-24.0,6.1,-6.0,-6.0,3.2,13.6,193.0,158.1,120.6,0.9812,0.173,0.0858,0.0,0.0,6.1,False,80,162.5,0.463,si,si,si,si,si,si,si,3.9,
dataset7_CLINIC_metal_0048_data,grupo 1,evaluacion,ok,concordante,False,nan,default6mm,0.01,hueso,0.001,192,192,0,13.1,109.0,13.5,16.9,-9.0,13.1,-24.0,7.6,-9.0,-6.0,8.2,13.6,193.0,158.1,117.6,0.9703,0.1711,0.1711,0.0,0.0,4.5,True,81,234.0,0.358,si,si,si,si,si,si,si,0.0,
dataset7_CLINIC_metal_0048_data,grupo 1,evaluacion,ok,concordante,False,nan,default6mm,0.01,ocupado_2500,0.001,192,192,6211,12.1,107.0,13.2,15.8,-6.0,12.1,-24.0,6.1,-6.0,-6.0,3.2,13.6,193.0,158.1,120.6,0.9812,0.173,0.0858,0.0,0.0,6.1,False,80,162.5,0.463,si,si,si,si,si,si,si,0.1,
dataset7_CLINIC_metal_0048_data,grupo 1,evaluacion,ok,concordante,False,nan,default6mm,0.01,ocupado_semimax,0.001,192,192,6211,12.1,107.0,13.2,15.8,-6.0,12.1,-24.0,6.1,-6.0,-6.0,3.2,13.6,193.0,158.1,120.6,0.9812,0.173,0.0858,0.0,0.0,6.1,False,80,162.5,0.463,si,si,si,si,si,si,si,0.0,
dataset7_CLINIC_metal_0048_data,grupo 1,evaluacion,ok,concordante,False,nan,default6mm,0.05,hueso,0.001,192,192,0,13.1,109.0,13.5,16.9,-9.0,13.1,-24.0,7.6,-9.0,-6.0,8.2,13.6,193.0,158.1,117.6,0.9703,0.1711,0.1711,0.0,0.0,4.5,True,81,234.0,0.358,si,si,si,si,si,si,si,0.0,
dataset7_CLINIC_metal_0048_data,grupo 1,evaluacion,ok,concordante,False,nan,default6mm,0.05,ocupado_2500,0.001,192,192,6211,12.1,107.0,13.2,15.8,-6.0,12.1,-24.0,6.1,-6.0,-6.0,3.2,13.6,193.0,158.1,120.6,0.9812,0.173,0.0858,0.0,0.0,6.1,False,80,162.5,0.463,si,si,si,si,si,si,si,0.1,
dataset7_CLINIC_metal_0048_data,grupo 1,evaluacion,ok,concordante,False,nan,default6mm,0.05,ocupado_semimax,0.001,192,192,6211,12.1,107.0,13.2,15.8,-6.0,12.1,-24.0,6.1,-6.0,-6.0,3.2,13.6,193.0,158.1,120.6,0.9812,0.173,0.0858,0.0,0.0,6.1,False,80,162.5,0.463,si,si,si,si,si,si,si,0.0,
dataset7_CLINIC_metal_0048_data,grupo 1,evaluacion,ok,concordante,False,nan,robust3mm,0.0,hueso,,0,0,0,12.8,108.0,13.3,16.6,-9.0,12.8,-33.0,4.5,-9.0,-6.0,8.2,13.6,193.0,158.1,117.6,0.9703,0.1711,0.1711,0.0,0.0,4.5,True,79,239.0,0.367,si,si,si,si,si,si,si,4.4,
dataset7_CLINIC_metal_0048_data,grupo 1,evaluacion,ok,concordante,False,nan,robust3mm,0.0,ocupado_2500,,0,0,6202,11.9,105.0,11.9,15.9,-6.0,11.9,-18.0,6.5,-6.0,-6.0,3.2,13.6,193.0,158.1,120.6,0.9812,0.173,0.0858,0.0,0.0,6.1,False,78,166.0,0.449,si,si,si,si,si,si,no,4.2,
dataset7_CLINIC_metal_0048_data,grupo 1,evaluacion,ok,concordante,False,nan,robust3mm,0.0,ocupado_semimax,,0,0,6202,11.9,105.0,11.9,15.9,-6.0,11.9,-18.0,6.5,-6.0,-6.0,3.2,13.6,193.0,158.1,120.6,0.9812,0.173,0.0858,0.0,0.0,6.1,False,78,166.0,0.449,si,si,si,si,si,si,no,4.1,
dataset7_CLINIC_metal_0048_data,grupo 1,evaluacion,ok,concordante,False,nan,robust3mm,0.001,hueso,,208,208,0,12.8,108.0,13.3,16.6,-9.0,12.8,-33.0,4.5,-9.0,-6.0,8.2,13.6,193.0,158.1,117.6,0.9703,0.1711,0.1711,0.0,0.0,4.5,True,79,239.0,0.367,si,si,si,si,si,si,si,4.5,
dataset7_CLINIC_metal_0048_data,grupo 1,evaluacion,ok,concordante,False,nan,robust3mm,0.001,ocupado_2500,,208,208,6202,11.9,105.0,11.9,15.9,-6.0,11.9,-18.0,6.5,-6.0,-6.0,3.2,13.6,193.0,158.1,120.6,0.9812,0.173,0.0858,0.0,0.0,6.1,False,78,166.0,0.449,si,si,si,si,si,si,no,4.3,
dataset7_CLINIC_metal_0048_data,grupo 1,evaluacion,ok,concordante,False,nan,robust3mm,0.001,ocupado_semimax,,208,208,6202,11.9,105.0,11.9,15.9,-6.0,11.9,-18.0,6.5,-6.0,-6.0,3.2,13.6,193.0,158.1,120.6,0.9812,0.173,0.0858,0.0,0.0,6.1,False,78,166.0,0.449,si,si,si,si,si,si,no,4.1,
dataset7_CLINIC_metal_0048_data,grupo 1,evaluacion,ok,concordante,False,nan,robust3mm,0.01,hueso,0.001,208,208,0,12.8,108.0,13.3,16.6,-9.0,12.8,-33.0,4.5,-9.0,-6.0,8.2,13.6,193.0,158.1,117.6,0.9703,0.1711,0.1711,0.0,0.0,4.5,True,79,239.0,0.367,si,si,si,si,si,si,si,0.0,
dataset7_CLINIC_metal_0048_data,grupo 1,evaluacion,ok,concordante,False,nan,robust3mm,0.01,ocupado_2500,0.001,208,208,6202,11.9,105.0,11.9,15.9,-6.0,11.9,-18.0,6.5,-6.0,-6.0,3.2,13.6,193.0,158.1,120.6,0.9812,0.173,0.0858,0.0,0.0,6.1,False,78,166.0,0.449,si,si,si,si,si,si,no,0.0,
dataset7_CLINIC_metal_0048_data,grupo 1,evaluacion,ok,concordante,False,nan,robust3mm,0.01,ocupado_semimax,0.001,208,208,6202,11.9,105.0,11.9,15.9,-6.0,11.9,-18.0,6.5,-6.0,-6.0,3.2,13.6,193.0,158.1,120.6,0.9812,0.173,0.0858,0.0,0.0,6.1,False,78,166.0,0.449,si,si,si,si,si,si,no,0.0,
dataset7_CLINIC_metal_0048_data,grupo 1,evaluacion,ok,concordante,False,nan,robust3mm,0.05,hueso,0.001,208,208,0,12.8,108.0,13.3,16.6,-9.0,12.8,-33.0,4.5,-9.0,-6.0,8.2,13.6,193.0,158.1,117.6,0.9703,0.1711,0.1711,0.0,0.0,4.5,True,79,239.0,0.367,si,si,si,si,si,si,si,0.0,
dataset7_CLINIC_metal_0048_data,grupo 1,evaluacion,ok,concordante,False,nan,robust3mm,0.05,ocupado_2500,0.001,208,208,6202,11.9,105.0,11.9,15.9,-6.0,11.9,-18.0,6.5,-6.0,-6.0,3.2,13.6,193.0,158.1,120.6,0.9812,0.173,0.0858,0.0,0.0,6.1,False,78,166.0,0.449,si,si,si,si,si,si,no,0.1,
dataset7_CLINIC_metal_0048_data,grupo 1,evaluacion,ok,concordante,False,nan,robust3mm,0.05,ocupado_semimax,0.001,208,208,6202,11.9,105.0,11.9,15.9,-6.0,11.9,-18.0,6.5,-6.0,-6.0,3.2,13.6,193.0,158.1,120.6,0.9812,0.173,0.0858,0.0,0.0,6.1,False,78,166.0,0.449,si,si,si,si,si,si,no,0.0,
dataset7_CLINIC_metal_0047_data,grupo 1,evaluacion,ok,concordante,False,nan,default6mm,0.0,hueso,,0,0,0,10.4,111.0,13.2,12.1,-9.0,10.4,-27.0,8.2,-9.0,-9.0,0.6,10.3,185.4,141.6,202.6,0.9848,0.1736,0.0,0.0,0.0,3.3,True,82,244.5,0.402,si,si,no,si,no,si,no,4.8,
dataset7_CLINIC_metal_0047_data,grupo 1,evaluacion,ok,concordante,False,nan,default6mm,0.0,ocupado_2500,,0,0,13465,9.5,111.0,11.0,11.6,-6.0,9.5,-27.0,8.2,-6.0,-9.0,0.6,10.3,185.4,141.6,205.6,0.9848,0.1736,0.0,0.0,0.0,5.8,False,80,236.0,0.338,no,si,no,si,no,no,no,4.3,
dataset7_CLINIC_metal_0047_data,grupo 1,evaluacion,ok,concordante,False,nan,default6mm,0.0,ocupado_semimax,,0,0,15431,9.5,111.0,11.0,11.6,-6.0,9.5,-27.0,6.7,-6.0,-9.0,0.6,10.3,185.4,141.6,205.6,0.9848,0.1736,0.0,0.0,0.0,5.8,False,80,236.0,0.338,no,si,no,si,no,no,no,4.4,
dataset7_CLINIC_metal_0047_data,grupo 1,evaluacion,ok,concordante,False,nan,default6mm,0.001,hueso,,84,84,0,10.4,111.0,13.2,12.1,-9.0,10.4,-27.0,8.2,-9.0,-9.0,0.6,10.3,185.4,141.6,202.6,0.9848,0.1736,0.0,0.0,0.0,3.3,True,82,244.5,0.402,si,si,no,si,no,si,no,4.8,
dataset7_CLINIC_metal_0047_data,grupo 1,evaluacion,ok,concordante,False,nan,default6mm,0.001,ocupado_2500,,84,84,13465,9.5,111.0,11.0,11.6,-6.0,9.5,-27.0,8.2,-6.0,-9.0,0.6,10.3,185.4,141.6,205.6,0.9848,0.1736,0.0,0.0,0.0,5.8,False,80,236.0,0.338,no,si,no,si,no,no,no,4.4,
dataset7_CLINIC_metal_0047_data,grupo 1,evaluacion,ok,concordante,False,nan,default6mm,0.001,ocupado_semimax,,84,84,15431,9.5,111.0,11.0,11.6,-6.0,9.5,-27.0,6.7,-6.0,-9.0,0.6,10.3,185.4,141.6,205.6,0.9848,0.1736,0.0,0.0,0.0,5.8,False,80,236.0,0.338,no,si,no,si,no,no,no,4.5,
dataset7_CLINIC_metal_0047_data,grupo 1,evaluacion,ok,concordante,False,nan,default6mm,0.01,hueso,0.001,84,84,0,10.4,111.0,13.2,12.1,-9.0,10.4,-27.0,8.2,-9.0,-9.0,0.6,10.3,185.4,141.6,202.6,0.9848,0.1736,0.0,0.0,0.0,3.3,True,82,244.5,0.402,si,si,no,si,no,si,no,0.0,
dataset7_CLINIC_metal_0047_data,grupo 1,evaluacion,ok,concordante,False,nan,default6mm,0.01,ocupado_2500,0.001,84,84,13465,9.5,111.0,11.0,11.6,-6.0,9.5,-27.0,8.2,-6.0,-9.0,0.6,10.3,185.4,141.6,205.6,0.9848,0.1736,0.0,0.0,0.0,5.8,False,80,236.0,0.338,no,si,no,si,no,no,no,0.1,
dataset7_CLINIC_metal_0047_data,grupo 1,evaluacion,ok,concordante,False,nan,default6mm,0.01,ocupado_semimax,0.001,84,84,15431,9.5,111.0,11.0,11.6,-6.0,9.5,-27.0,6.7,-6.0,-9.0,0.6,10.3,185.4,141.6,205.6,0.9848,0.1736,0.0,0.0,0.0,5.8,False,80,236.0,0.338,no,si,no,si,no,no,no,0.0,
dataset7_CLINIC_metal_0047_data,grupo 1,evaluacion,ok,concordante,False,nan,default6mm,0.05,hueso,0.001,84,84,0,10.4,111.0,13.2,12.1,-9.0,10.4,-27.0,8.2,-9.0,-9.0,0.6,10.3,185.4,141.6,202.6,0.9848,0.1736,0.0,0.0,0.0,3.3,True,82,244.5,0.402,si,si,no,si,no,si,no,0.0,
dataset7_CLINIC_metal_0047_data,grupo 1,evaluacion,ok,concordante,False,nan,default6mm,0.05,ocupado_2500,0.001,84,84,13465,9.5,111.0,11.0,11.6,-6.0,9.5,-27.0,8.2,-6.0,-9.0,0.6,10.3,185.4,141.6,205.6,0.9848,0.1736,0.0,0.0,0.0,5.8,False,80,236.0,0.338,no,si,no,si,no,no,no,0.1,
dataset7_CLINIC_metal_0047_data,grupo 1,evaluacion,ok,concordante,False,nan,default6mm,0.05,ocupado_semimax,0.001,84,84,15431,9.5,111.0,11.0,11.6,-6.0,9.5,-27.0,6.7,-6.0,-9.0,0.6,10.3,185.4,141.6,205.6,0.9848,0.1736,0.0,0.0,0.0,5.8,False,80,236.0,0.338,no,si,no,si,no,no,no,0.0,
dataset7_CLINIC_metal_0047_data,grupo 1,evaluacion,ok,concordante,False,nan,robust3mm,0.0,hueso,,0,0,0,10.0,111.0,13.1,11.7,-9.0,10.0,-27.0,8.7,-9.0,-9.0,5.6,4.7,185.4,141.6,202.6,0.9924,-0.0868,-0.0868,0.0,0.0,4.0,True,85,380.0,0.059,si,si,no,si,no,si,no,4.7,
dataset7_CLINIC_metal_0047_data,grupo 1,evaluacion,ok,concordante,False,nan,robust3mm,0.0,ocupado_2500,,0,0,12915,8.9,114.0,12.1,10.9,-6.0,8.9,-27.0,6.5,-6.0,-9.0,5.6,10.3,185.4,141.6,205.6,0.9812,0.173,-0.0858,0.0,0.0,6.7,False,84,231.0,0.31,no,si,no,no,no,no,no,4.3,
dataset7_CLINIC_metal_0047_data,grupo 1,evaluacion,ok,concordante,False,nan,robust3mm,0.0,ocupado_semimax,,0,0,14829,8.9,114.0,11.5,10.0,-6.0,8.9,-27.0,5.6,-6.0,-9.0,5.6,10.3,185.4,141.6,205.6,0.9812,0.173,-0.0858,0.0,0.0,6.7,False,84,231.0,0.31,no,si,no,no,no,no,no,4.4,
dataset7_CLINIC_metal_0047_data,grupo 1,evaluacion,ok,concordante,False,nan,robust3mm,0.001,hueso,,176,176,0,10.0,111.0,13.1,11.7,-9.0,10.0,-27.0,8.7,-9.0,-9.0,5.6,4.7,185.4,141.6,202.6,0.9924,-0.0868,-0.0868,0.0,0.0,4.0,True,85,380.0,0.059,si,si,no,si,no,si,no,4.8,
dataset7_CLINIC_metal_0047_data,grupo 1,evaluacion,ok,concordante,False,nan,robust3mm,0.001,ocupado_2500,,176,176,12915,8.9,114.0,12.1,10.9,-6.0,8.9,-27.0,6.5,-6.0,-9.0,5.6,10.3,185.4,141.6,205.6,0.9812,0.173,-0.0858,0.0,0.0,6.7,False,84,231.0,0.31,no,si,no,no,no,no,no,4.6,
dataset7_CLINIC_metal_0047_data,grupo 1,evaluacion,ok,concordante,False,nan,robust3mm,0.001,ocupado_semimax,,176,176,14829,8.9,114.0,11.5,10.0,-6.0,8.9,-27.0,5.6,-6.0,-9.0,5.6,10.3,185.4,141.6,205.6,0.9812,0.173,-0.0858,0.0,0.0,6.7,False,84,231.0,0.31,no,si,no,no,no,no,no,4.3,
dataset7_CLINIC_metal_0047_data,grupo 1,evaluacion,ok,concordante,False,nan,robust3mm,0.01,hueso,0.001,176,176,0,10.0,111.0,13.1,11.7,-9.0,10.0,-27.0,8.7,-9.0,-9.0,5.6,4.7,185.4,141.6,202.6,0.9924,-0.0868,-0.0868,0.0,0.0,4.0,True,85,380.0,0.059,si,si,no,si,no,si,no,0.0,
dataset7_CLINIC_metal_0047_data,grupo 1,evaluacion,ok,concordante,False,nan,robust3mm,0.01,ocupado_2500,0.001,176,176,12915,8.9,114.0,12.1,10.9,-6.0,8.9,-27.0,6.5,-6.0,-9.0,5.6,10.3,185.4,141.6,205.6,0.9812,0.173,-0.0858,0.0,0.0,6.7,False,84,231.0,0.31,no,si,no,no,no,no,no,0.1,
dataset7_CLINIC_metal_0047_data,grupo 1,evaluacion,ok,concordante,False,nan,robust3mm,0.01,ocupado_semimax,0.001,176,176,14829,8.9,114.0,11.5,10.0,-6.0,8.9,-27.0,5.6,-6.0,-9.0,5.6,10.3,185.4,141.6,205.6,0.9812,0.173,-0.0858,0.0,0.0,6.7,False,84,231.0,0.31,no,si,no,no,no,no,no,0.0,
dataset7_CLINIC_metal_0047_data,grupo 1,evaluacion,ok,concordante,False,nan,robust3mm,0.05,hueso,0.001,176,176,0,10.0,111.0,13.1,11.7,-9.0,10.0,-27.0,8.7,-9.0,-9.0,5.6,4.7,185.4,141.6,202.6,0.9924,-0.0868,-0.0868,0.0,0.0,4.0,True,85,380.0,0.059,si,si,no,si,no,si,no,0.0,
dataset7_CLINIC_metal_0047_data,grupo 1,evaluacion,ok,concordante,False,nan,robust3mm,0.05,ocupado_2500,0.001,176,176,12915,8.9,114.0,12.1,10.9,-6.0,8.9,-27.0,6.5,-6.0,-9.0,5.6,10.3,185.4,141.6,205.6,0.9812,0.173,-0.0858,0.0,0.0,6.7,False,84,231.0,0.31,no,si,no,no,no,no,no,0.1,
dataset7_CLINIC_metal_0047_data,grupo 1,evaluacion,ok,concordante,False,nan,robust3mm,0.05,ocupado_semimax,0.001,176,176,14829,8.9,114.0,11.5,10.0,-6.0,8.9,-27.0,5.6,-6.0,-9.0,5.6,10.3,185.4,141.6,205.6,0.9812,0.173,-0.0858,0.0,0.0,6.7,False,84,231.0,0.31,no,si,no,no,no,no,no,0.0,
dataset7_CLINIC_metal_0042_data,grupo 1,evaluacion,ok,concordante,False,nan,default6mm,0.0,hueso,,0,0,0,10.1,146.0,14.6,13.1,-15.0,10.1,-27.0,6.1,-15.0,-12.0,0.1,0.5,185.6,101.5,197.9,0.9848,-0.1736,0.0,0.041,0.265,0.0,True,126,263.0,0.405,si,si,no,si,no,si,no,4.6,
dataset7_CLINIC_metal_0042_data,grupo 1,evaluacion,ok,concordante,False,nan,default6mm,0.0,ocupado_2500,,0,0,5236,6.6,146.0,9.1,9.7,-15.0,6.6,-27.0,6.1,-15.0,-15.0,4.9,5.5,185.6,98.5,197.9,0.9924,-0.0868,-0.0868,0.0,0.0,3.5,False,127,211.0,0.331,no,no,no,no,no,no,no,4.1,
dataset7_CLINIC_metal_0042_data,grupo 1,evaluacion,ok,concordante,False,nan,default6mm,0.0,ocupado_semimax,,0,0,8256,6.4,147.0,9.1,8.7,-18.0,6.4,,,-18.0,-12.0,5.1,0.5,185.6,101.5,194.9,0.9812,-0.173,0.0858,0.0,0.0,2.2,True,130,277.0,0.146,no,no,no,no,no,no,no,3.9,
dataset7_CLINIC_metal_0042_data,grupo 1,evaluacion,ok,concordante,False,nan,default6mm,0.001,hueso,,208,208,0,10.1,146.0,14.6,13.1,-15.0,10.1,-27.0,6.1,-15.0,-12.0,0.1,0.5,185.6,101.5,197.9,0.9848,-0.1736,0.0,0.041,0.265,0.0,True,126,263.0,0.405,si,si,no,si,no,si,no,4.3,
dataset7_CLINIC_metal_0042_data,grupo 1,evaluacion,ok,concordante,False,nan,default6mm,0.001,ocupado_2500,,208,208,5236,6.6,146.0,9.1,9.7,-15.0,6.6,-27.0,6.1,-15.0,-15.0,4.9,5.5,185.6,98.5,197.9,0.9924,-0.0868,-0.0868,0.0,0.0,3.5,False,127,211.0,0.331,no,no,no,no,no,no,no,4.0,
dataset7_CLINIC_metal_0042_data,grupo 1,evaluacion,ok,concordante,False,nan,default6mm,0.001,ocupado_semimax,,208,208,8256,6.4,147.0,9.1,8.7,-18.0,6.4,,,-18.0,-12.0,5.1,0.5,185.6,101.5,194.9,0.9812,-0.173,0.0858,0.0,0.0,2.2,True,130,277.0,0.146,no,no,no,no,no,no,no,3.7,
dataset7_CLINIC_metal_0042_data,grupo 1,evaluacion,ok,concordante,False,nan,default6mm,0.01,hueso,0.001,208,208,0,10.1,146.0,14.6,13.1,-15.0,10.1,-27.0,6.1,-15.0,-12.0,0.1,0.5,185.6,101.5,197.9,0.9848,-0.1736,0.0,0.041,0.265,0.0,True,126,263.0,0.405,si,si,no,si,no,si,no,0.0,
dataset7_CLINIC_metal_0042_data,grupo 1,evaluacion,ok,concordante,False,nan,default6mm,0.01,ocupado_2500,0.001,208,208,5236,6.6,146.0,9.1,9.7,-15.0,6.6,-27.0,6.1,-15.0,-15.0,4.9,5.5,185.6,98.5,197.9,0.9924,-0.0868,-0.0868,0.0,0.0,3.5,False,127,211.0,0.331,no,no,no,no,no,no,no,0.0,
dataset7_CLINIC_metal_0042_data,grupo 1,evaluacion,ok,concordante,False,nan,default6mm,0.01,ocupado_semimax,0.001,208,208,8256,6.4,147.0,9.1,8.7,-18.0,6.4,,,-18.0,-12.0,5.1,0.5,185.6,101.5,194.9,0.9812,-0.173,0.0858,0.0,0.0,2.2,True,130,277.0,0.146,no,no,no,no,no,no,no,0.0,
dataset7_CLINIC_metal_0042_data,grupo 1,evaluacion,ok,concordante,False,nan,default6mm,0.05,hueso,0.001,208,208,0,10.1,146.0,14.6,13.1,-15.0,10.1,-27.0,6.1,-15.0,-12.0,0.1,0.5,185.6,101.5,197.9,0.9848,-0.1736,0.0,0.041,0.265,0.0,True,126,263.0,0.405,si,si,no,si,no,si,no,0.0,
dataset7_CLINIC_metal_0042_data,grupo 1,evaluacion,ok,concordante,False,nan,default6mm,0.05,ocupado_2500,0.001,208,208,5236,6.6,146.0,9.1,9.7,-15.0,6.6,-27.0,6.1,-15.0,-15.0,4.9,5.5,185.6,98.5,197.9,0.9924,-0.0868,-0.0868,0.0,0.0,3.5,False,127,211.0,0.331,no,no,no,no,no,no,no,0.0,
dataset7_CLINIC_metal_0042_data,grupo 1,evaluacion,ok,concordante,False,nan,default6mm,0.05,ocupado_semimax,0.001,208,208,8256,6.4,147.0,9.1,8.7,-18.0,6.4,,,-18.0,-12.0,5.1,0.5,185.6,101.5,194.9,0.9812,-0.173,0.0858,0.0,0.0,2.2,True,130,277.0,0.146,no,no,no,no,no,no,no,0.0,
dataset7_CLINIC_metal_0042_data,grupo 1,evaluacion,ok,concordante,False,nan,robust3mm,0.0,hueso,,0,0,0,9.6,150.0,14.4,12.6,-15.0,9.6,-27.0,6.1,-15.0,-12.0,9.9,5.5,185.6,101.5,197.9,0.9812,-0.0858,-0.173,0.0,0.0,2.3,True,131,210.0,0.313,no,si,no,si,no,no,no,4.4,
dataset7_CLINIC_metal_0042_data,grupo 1,evaluacion,ok,concordante,False,nan,robust3mm,0.0,ocupado_2500,,0,0,5429,6.3,149.0,9.7,9.2,-18.0,6.3,,,-18.0,-12.0,0.1,4.5,185.6,101.5,194.9,0.9659,-0.2588,0.0,0.0,0.0,2.5,True,134,258.0,0.172,no,no,no,no,no,no,no,4.0,
dataset7_CLINIC_metal_0042_data,grupo 1,evaluacion,ok,concordante,False,nan,robust3mm,0.0,ocupado_semimax,,0,0,8438,6.1,140.0,9.7,8.7,-27.0,6.1,,,-27.0,-33.0,9.9,4.5,185.6,80.5,185.9,0.9522,-0.2551,-0.1679,0.0,0.0,9.2,False,122,231.0,0.279,no,no,no,no,no,no,no,3.9,
dataset7_CLINIC_metal_0042_data,grupo 1,evaluacion,ok,concordante,False,nan,robust3mm,0.001,hueso,,152,152,0,9.6,150.0,14.4,12.6,-15.0,9.6,-27.0,6.1,-15.0,-12.0,9.9,5.5,185.6,101.5,197.9,0.9812,-0.0858,-0.173,0.0,0.0,2.3,True,131,210.0,0.313,no,si,no,si,no,no,no,4.4,
dataset7_CLINIC_metal_0042_data,grupo 1,evaluacion,ok,concordante,False,nan,robust3mm,0.001,ocupado_2500,,152,152,5429,6.3,149.0,9.7,9.2,-18.0,6.3,,,-18.0,-12.0,0.1,4.5,185.6,101.5,194.9,0.9659,-0.2588,0.0,0.0,0.0,2.5,True,134,258.0,0.172,no,no,no,no,no,no,no,4.1,
dataset7_CLINIC_metal_0042_data,grupo 1,evaluacion,ok,concordante,False,nan,robust3mm,0.001,ocupado_semimax,,152,152,8438,6.1,140.0,9.7,8.7,-27.0,6.1,,,-27.0,-33.0,9.9,4.5,185.6,80.5,185.9,0.9522,-0.2551,-0.1679,0.0,0.0,9.2,False,122,231.0,0.279,no,no,no,no,no,no,no,3.8,
dataset7_CLINIC_metal_0042_data,grupo 1,evaluacion,ok,concordante,False,nan,robust3mm,0.01,hueso,,556,556,0,9.6,150.0,14.4,12.6,-15.0,9.6,-27.0,6.1,-15.0,-12.0,9.9,5.5,185.6,101.5,197.9,0.9812,-0.0858,-0.173,0.0,0.0,2.3,True,131,210.0,0.313,no,si,no,si,no,no,no,4.6,
dataset7_CLINIC_metal_0042_data,grupo 1,evaluacion,ok,concordante,False,nan,robust3mm,0.01,ocupado_2500,,556,556,5429,6.3,149.0,9.7,9.2,-18.0,6.3,,,-18.0,-12.0,0.1,4.5,185.6,101.5,194.9,0.9659,-0.2588,0.0,0.0,0.0,2.5,True,134,258.0,0.172,no,no,no,no,no,no,no,4.2,
dataset7_CLINIC_metal_0042_data,grupo 1,evaluacion,ok,concordante,False,nan,robust3mm,0.01,ocupado_semimax,,556,556,8438,6.1,140.0,9.7,8.7,-27.0,6.1,,,-27.0,-33.0,9.9,4.5,185.6,80.5,185.9,0.9522,-0.2551,-0.1679,0.0,0.0,9.2,False,122,231.0,0.279,no,no,no,no,no,no,no,4.1,
dataset7_CLINIC_metal_0042_data,grupo 1,evaluacion,ok,concordante,False,nan,robust3mm,0.05,hueso,0.01,556,556,0,9.6,150.0,14.4,12.6,-15.0,9.6,-27.0,6.1,-15.0,-12.0,9.9,5.5,185.6,101.5,197.9,0.9812,-0.0858,-0.173,0.0,0.0,2.3,True,131,210.0,0.313,no,si,no,si,no,no,no,0.0,
dataset7_CLINIC_metal_0042_data,grupo 1,evaluacion,ok,concordante,False,nan,robust3mm,0.05,ocupado_2500,0.01,556,556,5429,6.3,149.0,9.7,9.2,-18.0,6.3,,,-18.0,-12.0,0.1,4.5,185.6,101.5,194.9,0.9659,-0.2588,0.0,0.0,0.0,2.5,True,134,258.0,0.172,no,no,no,no,no,no,no,0.0,
dataset7_CLINIC_metal_0042_data,grupo 1,evaluacion,ok,concordante,False,nan,robust3mm,0.05,ocupado_semimax,0.01,556,556,8438,6.1,140.0,9.7,8.7,-27.0,6.1,,,-27.0,-33.0,9.9,4.5,185.6,80.5,185.9,0.9522,-0.2551,-0.1679,0.0,0.0,9.2,False,122,231.0,0.279,no,no,no,no,no,no,no,0.0,
dataset7_CLINIC_metal_0052_data,grupo 1,evaluacion,ok,concordante,False,nan,default6mm,0.0,hueso,,0,0,0,11.7,123.0,13.3,11.8,-12.0,6.2,-30.0,11.7,-30.0,-30.0,5.6,0.3,250.3,201.8,204.3,0.9962,0.0,-0.0872,0.0,0.0,42.4,False,101,60.0,0.822,si,si,si,si,si,si,no,3.3,
dataset7_CLINIC_metal_0052_data,grupo 1,evaluacion,ok,concordante,False,nan,default6mm,0.0,ocupado_2500,,0,0,6803,11.7,123.0,13.3,11.8,-12.0,6.2,-30.0,11.7,-30.0,-30.0,5.6,0.3,250.3,201.8,204.3,0.9962,0.0,-0.0872,0.0,0.0,42.4,False,101,60.0,0.822,si,si,si,si,si,si,no,3.0,
dataset7_CLINIC_metal_0052_data,grupo 1,evaluacion,ok,concordante,False,nan,default6mm,0.0,ocupado_semimax,,0,0,6803,11.7,123.0,13.3,11.8,-12.0,6.2,-30.0,11.7,-30.0,-30.0,5.6,0.3,250.3,201.8,204.3,0.9962,0.0,-0.0872,0.0,0.0,42.4,False,101,60.0,0.822,si,si,si,si,si,si,no,2.8,
dataset7_CLINIC_metal_0052_data,grupo 1,evaluacion,ok,concordante,False,nan,default6mm,0.001,hueso,,204,188,0,11.7,123.0,13.3,11.8,-12.0,6.2,-30.0,11.7,-30.0,-30.0,5.6,0.3,250.3,201.8,204.3,0.9962,0.0,-0.0872,0.0,0.0,42.4,False,101,60.0,0.822,si,si,si,si,si,si,no,3.1,
dataset7_CLINIC_metal_0052_data,grupo 1,evaluacion,ok,concordante,False,nan,default6mm,0.001,ocupado_2500,,204,188,6775,11.7,123.0,13.3,11.8,-12.0,6.2,-30.0,11.7,-30.0,-30.0,5.6,0.3,250.3,201.8,204.3,0.9962,0.0,-0.0872,0.0,0.0,42.4,False,101,60.0,0.822,si,si,si,si,si,si,no,2.9,
dataset7_CLINIC_metal_0052_data,grupo 1,evaluacion,ok,concordante,False,nan,default6mm,0.001,ocupado_semimax,,204,188,6775,11.7,123.0,13.3,11.8,-12.0,6.2,-30.0,11.7,-30.0,-30.0,5.6,0.3,250.3,201.8,204.3,0.9962,0.0,-0.0872,0.0,0.0,42.4,False,101,60.0,0.822,si,si,si,si,si,si,no,2.9,
dataset7_CLINIC_metal_0052_data,grupo 1,evaluacion,ok,concordante,False,nan,default6mm,0.01,hueso,0.001,204,188,0,11.7,123.0,13.3,11.8,-12.0,6.2,-30.0,11.7,-30.0,-30.0,5.6,0.3,250.3,201.8,204.3,0.9962,0.0,-0.0872,0.0,0.0,42.4,False,101,60.0,0.822,si,si,si,si,si,si,no,0.0,
dataset7_CLINIC_metal_0052_data,grupo 1,evaluacion,ok,concordante,False,nan,default6mm,0.01,ocupado_2500,0.001,204,188,6775,11.7,123.0,13.3,11.8,-12.0,6.2,-30.0,11.7,-30.0,-30.0,5.6,0.3,250.3,201.8,204.3,0.9962,0.0,-0.0872,0.0,0.0,42.4,False,101,60.0,0.822,si,si,si,si,si,si,no,0.0,
dataset7_CLINIC_metal_0052_data,grupo 1,evaluacion,ok,concordante,False,nan,default6mm,0.01,ocupado_semimax,0.001,204,188,6775,11.7,123.0,13.3,11.8,-12.0,6.2,-30.0,11.7,-30.0,-30.0,5.6,0.3,250.3,201.8,204.3,0.9962,0.0,-0.0872,0.0,0.0,42.4,False,101,60.0,0.822,si,si,si,si,si,si,no,0.0,
dataset7_CLINIC_metal_0052_data,grupo 1,evaluacion,ok,concordante,False,nan,default6mm,0.05,hueso,0.001,204,188,0,11.7,123.0,13.3,11.8,-12.0,6.2,-30.0,11.7,-30.0,-30.0,5.6,0.3,250.3,201.8,204.3,0.9962,0.0,-0.0872,0.0,0.0,42.4,False,101,60.0,0.822,si,si,si,si,si,si,no,0.0,
dataset7_CLINIC_metal_0052_data,grupo 1,evaluacion,ok,concordante,False,nan,default6mm,0.05,ocupado_2500,0.001,204,188,6775,11.7,123.0,13.3,11.8,-12.0,6.2,-30.0,11.7,-30.0,-30.0,5.6,0.3,250.3,201.8,204.3,0.9962,0.0,-0.0872,0.0,0.0,42.4,False,101,60.0,0.822,si,si,si,si,si,si,no,0.0,
dataset7_CLINIC_metal_0052_data,grupo 1,evaluacion,ok,concordante,False,nan,default6mm,0.05,ocupado_semimax,0.001,204,188,6775,11.7,123.0,13.3,11.8,-12.0,6.2,-30.0,11.7,-30.0,-30.0,5.6,0.3,250.3,201.8,204.3,0.9962,0.0,-0.0872,0.0,0.0,42.4,False,101,60.0,0.822,si,si,si,si,si,si,no,0.0,
dataset7_CLINIC_metal_0052_data,grupo 1,evaluacion,ok,concordante,False,nan,robust3mm,0.0,hueso,,0,0,0,11.7,123.0,12.6,11.8,-12.0,7.8,-30.0,11.7,-30.0,-30.0,5.6,0.3,250.3,201.8,204.3,0.9962,0.0,-0.0872,0.0,0.0,42.4,False,102,61.0,0.824,si,si,si,si,si,si,no,3.3,
dataset7_CLINIC_metal_0052_data,grupo 1,evaluacion,ok,concordante,False,nan,robust3mm,0.0,ocupado_2500,,0,0,7572,11.7,123.0,12.6,11.8,-12.0,7.8,-30.0,11.7,-30.0,-30.0,5.6,0.3,250.3,201.8,204.3,0.9962,0.0,-0.0872,0.0,0.0,42.4,False,102,61.0,0.824,si,si,si,si,si,si,no,3.0,
dataset7_CLINIC_metal_0052_data,grupo 1,evaluacion,ok,concordante,False,nan,robust3mm,0.0,ocupado_semimax,,0,0,7572,11.7,123.0,12.6,11.8,-12.0,7.8,-30.0,11.7,-30.0,-30.0,5.6,0.3,250.3,201.8,204.3,0.9962,0.0,-0.0872,0.0,0.0,42.4,False,102,61.0,0.824,si,si,si,si,si,si,no,3.0,
dataset7_CLINIC_metal_0052_data,grupo 1,evaluacion,ok,concordante,False,nan,robust3mm,0.001,hueso,,16,16,0,11.7,123.0,12.6,11.8,-12.0,7.8,-30.0,11.7,-30.0,-30.0,5.6,0.3,250.3,201.8,204.3,0.9962,0.0,-0.0872,0.0,0.0,42.4,False,102,61.0,0.824,si,si,si,si,si,si,no,3.1,
dataset7_CLINIC_metal_0052_data,grupo 1,evaluacion,ok,concordante,False,nan,robust3mm,0.001,ocupado_2500,,16,16,7571,11.7,123.0,12.6,11.8,-12.0,7.8,-30.0,11.7,-30.0,-30.0,5.6,0.3,250.3,201.8,204.3,0.9962,0.0,-0.0872,0.0,0.0,42.4,False,102,61.0,0.824,si,si,si,si,si,si,no,3.0,
dataset7_CLINIC_metal_0052_data,grupo 1,evaluacion,ok,concordante,False,nan,robust3mm,0.001,ocupado_semimax,,16,16,7571,11.7,123.0,12.6,11.8,-12.0,7.8,-30.0,11.7,-30.0,-30.0,5.6,0.3,250.3,201.8,204.3,0.9962,0.0,-0.0872,0.0,0.0,42.4,False,102,61.0,0.824,si,si,si,si,si,si,no,2.7,
dataset7_CLINIC_metal_0052_data,grupo 1,evaluacion,ok,concordante,False,nan,robust3mm,0.01,hueso,0.001,16,16,0,11.7,123.0,12.6,11.8,-12.0,7.8,-30.0,11.7,-30.0,-30.0,5.6,0.3,250.3,201.8,204.3,0.9962,0.0,-0.0872,0.0,0.0,42.4,False,102,61.0,0.824,si,si,si,si,si,si,no,0.0,
dataset7_CLINIC_metal_0052_data,grupo 1,evaluacion,ok,concordante,False,nan,robust3mm,0.01,ocupado_2500,0.001,16,16,7571,11.7,123.0,12.6,11.8,-12.0,7.8,-30.0,11.7,-30.0,-30.0,5.6,0.3,250.3,201.8,204.3,0.9962,0.0,-0.0872,0.0,0.0,42.4,False,102,61.0,0.824,si,si,si,si,si,si,no,0.0,
dataset7_CLINIC_metal_0052_data,grupo 1,evaluacion,ok,concordante,False,nan,robust3mm,0.01,ocupado_semimax,0.001,16,16,7571,11.7,123.0,12.6,11.8,-12.0,7.8,-30.0,11.7,-30.0,-30.0,5.6,0.3,250.3,201.8,204.3,0.9962,0.0,-0.0872,0.0,0.0,42.4,False,102,61.0,0.824,si,si,si,si,si,si,no,0.0,
dataset7_CLINIC_metal_0052_data,grupo 1,evaluacion,ok,concordante,False,nan,robust3mm,0.05,hueso,0.001,16,16,0,11.7,123.0,12.6,11.8,-12.0,7.8,-30.0,11.7,-30.0,-30.0,5.6,0.3,250.3,201.8,204.3,0.9962,0.0,-0.0872,0.0,0.0,42.4,False,102,61.0,0.824,si,si,si,si,si,si,no,0.0,
dataset7_CLINIC_metal_0052_data,grupo 1,evaluacion,ok,concordante,False,nan,robust3mm,0.05,ocupado_2500,0.001,16,16,7571,11.7,123.0,12.6,11.8,-12.0,7.8,-30.0,11.7,-30.0,-30.0,5.6,0.3,250.3,201.8,204.3,0.9962,0.0,-0.0872,0.0,0.0,42.4,False,102,61.0,0.824,si,si,si,si,si,si,no,0.0,
dataset7_CLINIC_metal_0052_data,grupo 1,evaluacion,ok,concordante,False,nan,robust3mm,0.05,ocupado_semimax,0.001,16,16,7571,11.7,123.0,12.6,11.8,-12.0,7.8,-30.0,11.7,-30.0,-30.0,5.6,0.3,250.3,201.8,204.3,0.9962,0.0,-0.0872,0.0,0.0,42.4,False,102,61.0,0.824,si,si,si,si,si,si,no,0.0,
dataset7_CLINIC_metal_0055_data,grupo 1,evaluacion,ok,concordante,False,nan,default6mm,0.0,hueso,,0,0,0,10.1,148.0,13.6,11.1,-12.0,7.9,-33.0,10.1,-33.0,-27.0,0.4,1.2,252.4,237.1,162.5,0.9962,-0.0872,0.0,0.013,0.114,0.0,True,130,1519.5,0.392,si,si,no,si,no,si,no,3.7,
dataset7_CLINIC_metal_0055_data,grupo 1,evaluacion,ok,concordante,False,nan,default6mm,0.0,ocupado_2500,,0,0,19703,6.4,143.0,7.7,9.7,-6.0,3.9,-39.0,6.4,-39.0,-30.0,0.4,1.2,252.4,234.1,156.5,0.9962,-0.0872,0.0,0.0,0.0,3.0,True,126,180.0,0.421,no,no,no,no,no,no,no,3.1,
dataset7_CLINIC_metal_0055_data,grupo 1,evaluacion,ok,concordante,False,nan,default6mm,0.0,ocupado_semimax,,0,0,21291,6.4,143.0,6.4,9.7,-6.0,3.9,-39.0,6.4,-39.0,-30.0,0.4,1.2,252.4,234.1,156.5,0.9962,-0.0872,0.0,0.0,0.0,3.0,True,126,180.0,0.421,no,no,no,no,no,no,no,2.8,
dataset7_CLINIC_metal_0055_data,grupo 1,evaluacion,ok,concordante,False,nan,default6mm,0.001,hueso,,183,172,0,10.1,148.0,13.6,11.1,-12.0,7.9,-33.0,10.1,-33.0,-27.0,0.4,1.2,252.4,237.1,162.5,0.9962,-0.0872,0.0,0.013,0.114,0.0,True,130,1519.5,0.392,si,si,no,si,no,si,no,3.2,
dataset7_CLINIC_metal_0055_data,grupo 1,evaluacion,ok,concordante,False,nan,default6mm,0.001,ocupado_2500,,183,172,19703,6.4,143.0,7.7,9.7,-6.0,3.9,-39.0,6.4,-39.0,-30.0,0.4,1.2,252.4,234.1,156.5,0.9962,-0.0872,0.0,0.0,0.0,3.0,True,126,180.0,0.421,no,no,no,no,no,no,no,3.1,
dataset7_CLINIC_metal_0055_data,grupo 1,evaluacion,ok,concordante,False,nan,default6mm,0.001,ocupado_semimax,,183,172,21291,6.4,143.0,6.4,9.7,-6.0,3.9,-39.0,6.4,-39.0,-30.0,0.4,1.2,252.4,234.1,156.5,0.9962,-0.0872,0.0,0.0,0.0,3.0,True,126,180.0,0.421,no,no,no,no,no,no,no,2.9,
dataset7_CLINIC_metal_0055_data,grupo 1,evaluacion,ok,concordante,False,nan,default6mm,0.01,hueso,0.001,183,172,0,10.1,148.0,13.6,11.1,-12.0,7.9,-33.0,10.1,-33.0,-27.0,0.4,1.2,252.4,237.1,162.5,0.9962,-0.0872,0.0,0.013,0.114,0.0,True,130,1519.5,0.392,si,si,no,si,no,si,no,0.0,
dataset7_CLINIC_metal_0055_data,grupo 1,evaluacion,ok,concordante,False,nan,default6mm,0.01,ocupado_2500,0.001,183,172,19703,6.4,143.0,7.7,9.7,-6.0,3.9,-39.0,6.4,-39.0,-30.0,0.4,1.2,252.4,234.1,156.5,0.9962,-0.0872,0.0,0.0,0.0,3.0,True,126,180.0,0.421,no,no,no,no,no,no,no,0.0,
dataset7_CLINIC_metal_0055_data,grupo 1,evaluacion,ok,concordante,False,nan,default6mm,0.01,ocupado_semimax,0.001,183,172,21291,6.4,143.0,6.4,9.7,-6.0,3.9,-39.0,6.4,-39.0,-30.0,0.4,1.2,252.4,234.1,156.5,0.9962,-0.0872,0.0,0.0,0.0,3.0,True,126,180.0,0.421,no,no,no,no,no,no,no,0.0,
dataset7_CLINIC_metal_0055_data,grupo 1,evaluacion,ok,concordante,False,nan,default6mm,0.05,hueso,0.001,183,172,0,10.1,148.0,13.6,11.1,-12.0,7.9,-33.0,10.1,-33.0,-27.0,0.4,1.2,252.4,237.1,162.5,0.9962,-0.0872,0.0,0.013,0.114,0.0,True,130,1519.5,0.392,si,si,no,si,no,si,no,0.0,
dataset7_CLINIC_metal_0055_data,grupo 1,evaluacion,ok,concordante,False,nan,default6mm,0.05,ocupado_2500,0.001,183,172,19703,6.4,143.0,7.7,9.7,-6.0,3.9,-39.0,6.4,-39.0,-30.0,0.4,1.2,252.4,234.1,156.5,0.9962,-0.0872,0.0,0.0,0.0,3.0,True,126,180.0,0.421,no,no,no,no,no,no,no,0.0,
dataset7_CLINIC_metal_0055_data,grupo 1,evaluacion,ok,concordante,False,nan,default6mm,0.05,ocupado_semimax,0.001,183,172,21291,6.4,143.0,6.4,9.7,-6.0,3.9,-39.0,6.4,-39.0,-30.0,0.4,1.2,252.4,234.1,156.5,0.9962,-0.0872,0.0,0.0,0.0,3.0,True,126,180.0,0.421,no,no,no,no,no,no,no,0.0,
dataset7_CLINIC_metal_0055_data,grupo 1,evaluacion,ok,concordante,False,nan,robust3mm,0.0,hueso,,0,0,0,10.8,148.0,14.4,11.9,-12.0,9.7,-33.0,10.8,-33.0,-30.0,4.6,3.8,252.4,234.1,162.5,0.9962,0.0,-0.0872,0.0,0.128,0.8,True,128,258.0,0.398,si,si,si,si,no,si,no,3.3,
dataset7_CLINIC_metal_0055_data,grupo 1,evaluacion,ok,concordante,False,nan,robust3mm,0.0,ocupado_2500,,0,0,19798,6.4,142.0,7.5,8.0,-6.0,3.9,-39.0,6.4,-39.0,-30.0,0.4,1.2,252.4,234.1,156.5,0.9962,-0.0872,0.0,0.0,0.0,3.0,True,123,180.0,0.398,no,no,no,no,no,no,no,2.8,
dataset7_CLINIC_metal_0055_data,grupo 1,evaluacion,ok,concordante,False,nan,robust3mm,0.0,ocupado_semimax,,0,0,21398,6.4,142.0,6.4,7.9,-6.0,3.9,-39.0,6.4,-39.0,-30.0,0.4,1.2,252.4,234.1,156.5,0.9962,-0.0872,0.0,0.0,0.0,3.0,True,123,180.0,0.398,no,no,no,no,no,no,no,3.0,
dataset7_CLINIC_metal_0055_data,grupo 1,evaluacion,ok,concordante,False,nan,robust3mm,0.001,hueso,,211,195,0,10.8,148.0,14.4,11.9,-12.0,9.7,-33.0,10.8,-33.0,-30.0,4.6,3.8,252.4,234.1,162.5,0.9962,0.0,-0.0872,0.0,0.128,0.8,True,128,258.0,0.398,si,si,si,si,no,si,no,3.4,
dataset7_CLINIC_metal_0055_data,grupo 1,evaluacion,ok,concordante,False,nan,robust3mm,0.001,ocupado_2500,,211,195,19798,6.4,142.0,7.5,8.0,-6.0,3.9,-39.0,6.4,-39.0,-30.0,0.4,1.2,252.4,234.1,156.5,0.9962,-0.0872,0.0,0.0,0.0,3.0,True,123,180.0,0.398,no,no,no,no,no,no,no,3.0,
dataset7_CLINIC_metal_0055_data,grupo 1,evaluacion,ok,concordante,False,nan,robust3mm,0.001,ocupado_semimax,,211,195,21398,6.4,142.0,6.4,7.9,-6.0,3.9,-39.0,6.4,-39.0,-30.0,0.4,1.2,252.4,234.1,156.5,0.9962,-0.0872,0.0,0.0,0.0,3.0,True,123,180.0,0.398,no,no,no,no,no,no,no,3.0,
dataset7_CLINIC_metal_0055_data,grupo 1,evaluacion,ok,concordante,False,nan,robust3mm,0.01,hueso,0.001,211,195,0,10.8,148.0,14.4,11.9,-12.0,9.7,-33.0,10.8,-33.0,-30.0,4.6,3.8,252.4,234.1,162.5,0.9962,0.0,-0.0872,0.0,0.128,0.8,True,128,258.0,0.398,si,si,si,si,no,si,no,0.0,
dataset7_CLINIC_metal_0055_data,grupo 1,evaluacion,ok,concordante,False,nan,robust3mm,0.01,ocupado_2500,0.001,211,195,19798,6.4,142.0,7.5,8.0,-6.0,3.9,-39.0,6.4,-39.0,-30.0,0.4,1.2,252.4,234.1,156.5,0.9962,-0.0872,0.0,0.0,0.0,3.0,True,123,180.0,0.398,no,no,no,no,no,no,no,0.0,
dataset7_CLINIC_metal_0055_data,grupo 1,evaluacion,ok,concordante,False,nan,robust3mm,0.01,ocupado_semimax,0.001,211,195,21398,6.4,142.0,6.4,7.9,-6.0,3.9,-39.0,6.4,-39.0,-30.0,0.4,1.2,252.4,234.1,156.5,0.9962,-0.0872,0.0,0.0,0.0,3.0,True,123,180.0,0.398,no,no,no,no,no,no,no,0.0,
dataset7_CLINIC_metal_0055_data,grupo 1,evaluacion,ok,concordante,False,nan,robust3mm,0.05,hueso,0.001,211,195,0,10.8,148.0,14.4,11.9,-12.0,9.7,-33.0,10.8,-33.0,-30.0,4.6,3.8,252.4,234.1,162.5,0.9962,0.0,-0.0872,0.0,0.128,0.8,True,128,258.0,0.398,si,si,si,si,no,si,no,0.0,
dataset7_CLINIC_metal_0055_data,grupo 1,evaluacion,ok,concordante,False,nan,robust3mm,0.05,ocupado_2500,0.001,211,195,19798,6.4,142.0,7.5,8.0,-6.0,3.9,-39.0,6.4,-39.0,-30.0,0.4,1.2,252.4,234.1,156.5,0.9962,-0.0872,0.0,0.0,0.0,3.0,True,123,180.0,0.398,no,no,no,no,no,no,no,0.0,
dataset7_CLINIC_metal_0055_data,grupo 1,evaluacion,ok,concordante,False,nan,robust3mm,0.05,ocupado_semimax,0.001,211,195,21398,6.4,142.0,6.4,7.9,-6.0,3.9,-39.0,6.4,-39.0,-30.0,0.4,1.2,252.4,234.1,156.5,0.9962,-0.0872,0.0,0.0,0.0,3.0,True,123,180.0,0.398,no,no,no,no,no,no,no,0.0,
dataset7_CLINIC_metal_0046_data,grupo 1,evaluacion,otro,concordante,False,nan,default6mm,0.0,hueso,,0,0,0,9.2,124.0,15.6,14.8,-9.0,9.2,-27.0,7.6,-9.0,9.0,11.1,7.2,190.4,155.2,161.7,0.9812,0.0858,0.173,0.0,0.0,100.1,False,95,120.0,0.663,no,si,no,no,no,no,no,4.9,
dataset7_CLINIC_metal_0046_data,grupo 1,evaluacion,otro,concordante,False,nan,default6mm,0.0,ocupado_2500,,0,0,38,9.2,124.0,15.6,14.8,-9.0,9.2,-27.0,7.6,-9.0,9.0,11.1,7.2,190.4,155.2,161.7,0.9812,0.0858,0.173,0.0,0.0,100.1,False,95,120.0,0.663,no,si,no,no,no,no,no,4.4,
dataset7_CLINIC_metal_0046_data,grupo 1,evaluacion,otro,concordante,False,nan,default6mm,0.0,ocupado_semimax,,0,0,38,9.2,124.0,15.6,14.8,-9.0,9.2,-27.0,7.6,-9.0,9.0,11.1,7.2,190.4,155.2,161.7,0.9812,0.0858,0.173,0.0,0.0,100.1,False,95,120.0,0.663,no,si,no,no,no,no,no,4.3,
dataset7_CLINIC_metal_0046_data,grupo 1,evaluacion,otro,concordante,False,nan,default6mm,0.001,hueso,,40,40,0,9.2,124.0,15.6,14.8,-9.0,9.2,-27.0,7.6,-9.0,9.0,11.1,7.2,190.4,155.2,161.7,0.9812,0.0858,0.173,0.0,0.0,100.1,False,95,120.0,0.663,no,si,no,no,no,no,no,4.7,
dataset7_CLINIC_metal_0046_data,grupo 1,evaluacion,otro,concordante,False,nan,default6mm,0.001,ocupado_2500,,40,40,38,9.2,124.0,15.6,14.8,-9.0,9.2,-27.0,7.6,-9.0,9.0,11.1,7.2,190.4,155.2,161.7,0.9812,0.0858,0.173,0.0,0.0,100.1,False,95,120.0,0.663,no,si,no,no,no,no,no,4.7,
dataset7_CLINIC_metal_0046_data,grupo 1,evaluacion,otro,concordante,False,nan,default6mm,0.001,ocupado_semimax,,40,40,38,9.2,124.0,15.6,14.8,-9.0,9.2,-27.0,7.6,-9.0,9.0,11.1,7.2,190.4,155.2,161.7,0.9812,0.0858,0.173,0.0,0.0,100.1,False,95,120.0,0.663,no,si,no,no,no,no,no,4.2,
dataset7_CLINIC_metal_0046_data,grupo 1,evaluacion,otro,concordante,False,nan,default6mm,0.01,hueso,0.001,40,40,0,9.2,124.0,15.6,14.8,-9.0,9.2,-27.0,7.6,-9.0,9.0,11.1,7.2,190.4,155.2,161.7,0.9812,0.0858,0.173,0.0,0.0,100.1,False,95,120.0,0.663,no,si,no,no,no,no,no,0.0,
dataset7_CLINIC_metal_0046_data,grupo 1,evaluacion,otro,concordante,False,nan,default6mm,0.01,ocupado_2500,0.001,40,40,38,9.2,124.0,15.6,14.8,-9.0,9.2,-27.0,7.6,-9.0,9.0,11.1,7.2,190.4,155.2,161.7,0.9812,0.0858,0.173,0.0,0.0,100.1,False,95,120.0,0.663,no,si,no,no,no,no,no,0.0,
dataset7_CLINIC_metal_0046_data,grupo 1,evaluacion,otro,concordante,False,nan,default6mm,0.01,ocupado_semimax,0.001,40,40,38,9.2,124.0,15.6,14.8,-9.0,9.2,-27.0,7.6,-9.0,9.0,11.1,7.2,190.4,155.2,161.7,0.9812,0.0858,0.173,0.0,0.0,100.1,False,95,120.0,0.663,no,si,no,no,no,no,no,0.0,
dataset7_CLINIC_metal_0046_data,grupo 1,evaluacion,otro,concordante,False,nan,default6mm,0.05,hueso,0.001,40,40,0,9.2,124.0,15.6,14.8,-9.0,9.2,-27.0,7.6,-9.0,9.0,11.1,7.2,190.4,155.2,161.7,0.9812,0.0858,0.173,0.0,0.0,100.1,False,95,120.0,0.663,no,si,no,no,no,no,no,0.0,
dataset7_CLINIC_metal_0046_data,grupo 1,evaluacion,otro,concordante,False,nan,default6mm,0.05,ocupado_2500,0.001,40,40,38,9.2,124.0,15.6,14.8,-9.0,9.2,-27.0,7.6,-9.0,9.0,11.1,7.2,190.4,155.2,161.7,0.9812,0.0858,0.173,0.0,0.0,100.1,False,95,120.0,0.663,no,si,no,no,no,no,no,0.0,
dataset7_CLINIC_metal_0046_data,grupo 1,evaluacion,otro,concordante,False,nan,default6mm,0.05,ocupado_semimax,0.001,40,40,38,9.2,124.0,15.6,14.8,-9.0,9.2,-27.0,7.6,-9.0,9.0,11.1,7.2,190.4,155.2,161.7,0.9812,0.0858,0.173,0.0,0.0,100.1,False,95,120.0,0.663,no,si,no,no,no,no,no,0.0,
dataset7_CLINIC_metal_0046_data,grupo 1,evaluacion,otro,concordante,False,nan,robust3mm,0.0,hueso,,0,0,0,9.6,128.0,15.6,14.8,-9.0,9.6,-30.0,7.7,-9.0,9.0,16.1,7.2,190.4,155.2,161.7,0.9625,0.0842,0.2579,0.0,0.0,100.2,False,93,118.0,0.624,no,si,no,si,no,no,no,4.8,
dataset7_CLINIC_metal_0046_data,grupo 1,evaluacion,otro,concordante,False,nan,robust3mm,0.0,ocupado_2500,,0,0,288,9.6,128.0,15.6,14.8,-9.0,9.6,-30.0,7.7,-9.0,9.0,16.1,7.2,190.4,155.2,161.7,0.9625,0.0842,0.2579,0.0,0.0,100.2,False,93,118.0,0.624,no,si,no,si,no,no,no,4.5,
dataset7_CLINIC_metal_0046_data,grupo 1,evaluacion,otro,concordante,False,nan,robust3mm,0.0,ocupado_semimax,,0,0,288,9.6,128.0,15.6,14.8,-9.0,9.6,-30.0,7.7,-9.0,9.0,16.1,7.2,190.4,155.2,161.7,0.9625,0.0842,0.2579,0.0,0.0,100.2,False,93,118.0,0.624,no,si,no,si,no,no,no,4.6,
dataset7_CLINIC_metal_0046_data,grupo 1,evaluacion,otro,concordante,False,nan,robust3mm,0.001,hueso,,236,236,0,9.6,128.0,15.6,14.8,-9.0,9.6,-30.0,7.7,-9.0,9.0,16.1,7.2,190.4,155.2,161.7,0.9625,0.0842,0.2579,0.0,0.0,100.2,False,93,118.0,0.624,no,si,no,si,no,no,no,4.7,
dataset7_CLINIC_metal_0046_data,grupo 1,evaluacion,otro,concordante,False,nan,robust3mm,0.001,ocupado_2500,,236,236,288,9.6,128.0,15.6,14.8,-9.0,9.6,-30.0,7.7,-9.0,9.0,16.1,7.2,190.4,155.2,161.7,0.9625,0.0842,0.2579,0.0,0.0,100.2,False,93,118.0,0.624,no,si,no,si,no,no,no,4.4,
dataset7_CLINIC_metal_0046_data,grupo 1,evaluacion,otro,concordante,False,nan,robust3mm,0.001,ocupado_semimax,,236,236,288,9.6,128.0,15.6,14.8,-9.0,9.6,-30.0,7.7,-9.0,9.0,16.1,7.2,190.4,155.2,161.7,0.9625,0.0842,0.2579,0.0,0.0,100.2,False,93,118.0,0.624,no,si,no,si,no,no,no,4.6,
dataset7_CLINIC_metal_0046_data,grupo 1,evaluacion,otro,concordante,False,nan,robust3mm,0.01,hueso,0.001,236,236,0,9.6,128.0,15.6,14.8,-9.0,9.6,-30.0,7.7,-9.0,9.0,16.1,7.2,190.4,155.2,161.7,0.9625,0.0842,0.2579,0.0,0.0,100.2,False,93,118.0,0.624,no,si,no,si,no,no,no,0.0,
dataset7_CLINIC_metal_0046_data,grupo 1,evaluacion,otro,concordante,False,nan,robust3mm,0.01,ocupado_2500,0.001,236,236,288,9.6,128.0,15.6,14.8,-9.0,9.6,-30.0,7.7,-9.0,9.0,16.1,7.2,190.4,155.2,161.7,0.9625,0.0842,0.2579,0.0,0.0,100.2,False,93,118.0,0.624,no,si,no,si,no,no,no,0.0,
dataset7_CLINIC_metal_0046_data,grupo 1,evaluacion,otro,concordante,False,nan,robust3mm,0.01,ocupado_semimax,0.001,236,236,288,9.6,128.0,15.6,14.8,-9.0,9.6,-30.0,7.7,-9.0,9.0,16.1,7.2,190.4,155.2,161.7,0.9625,0.0842,0.2579,0.0,0.0,100.2,False,93,118.0,0.624,no,si,no,si,no,no,no,0.0,
dataset7_CLINIC_metal_0046_data,grupo 1,evaluacion,otro,concordante,False,nan,robust3mm,0.05,hueso,0.001,236,236,0,9.6,128.0,15.6,14.8,-9.0,9.6,-30.0,7.7,-9.0,9.0,16.1,7.2,190.4,155.2,161.7,0.9625,0.0842,0.2579,0.0,0.0,100.2,False,93,118.0,0.624,no,si,no,si,no,no,no,0.0,
dataset7_CLINIC_metal_0046_data,grupo 1,evaluacion,otro,concordante,False,nan,robust3mm,0.05,ocupado_2500,0.001,236,236,288,9.6,128.0,15.6,14.8,-9.0,9.6,-30.0,7.7,-9.0,9.0,16.1,7.2,190.4,155.2,161.7,0.9625,0.0842,0.2579,0.0,0.0,100.2,False,93,118.0,0.624,no,si,no,si,no,no,no,0.0,
dataset7_CLINIC_metal_0046_data,grupo 1,evaluacion,otro,concordante,False,nan,robust3mm,0.05,ocupado_semimax,0.001,236,236,288,9.6,128.0,15.6,14.8,-9.0,9.6,-30.0,7.7,-9.0,9.0,16.1,7.2,190.4,155.2,161.7,0.9625,0.0842,0.2579,0.0,0.0,100.2,False,93,118.0,0.624,no,si,no,si,no,no,no,0.0,
dataset7_CLINIC_metal_0050_data,grupo 1,evaluacion,ok,concordante,False,nan,default6mm,0.0,hueso,,0,0,0,8.9,110.0,11.1,13.4,-9.0,8.9,-33.0,8.0,-9.0,-9.0,7.3,4.1,194.4,143.8,189.2,0.9848,0.0,-0.1736,0.0,0.0,6.4,False,86,224.5,0.256,no,si,no,no,no,no,no,4.4,
dataset7_CLINIC_metal_0050_data,grupo 1,evaluacion,ok,concordante,False,nan,default6mm,0.0,ocupado_2500,,0,0,5886,8.9,110.0,9.5,10.8,-9.0,8.9,-30.0,6.7,-9.0,-9.0,7.3,4.1,194.4,143.8,189.2,0.9848,0.0,-0.1736,0.0,0.0,6.4,False,86,224.5,0.256,no,si,no,no,no,no,no,4.0,
dataset7_CLINIC_metal_0050_data,grupo 1,evaluacion,ok,concordante,False,nan,default6mm,0.0,ocupado_semimax,,0,0,6953,8.9,110.0,9.5,10.8,-9.0,8.9,-30.0,6.7,-9.0,-9.0,7.3,4.1,194.4,143.8,189.2,0.9848,0.0,-0.1736,0.0,0.0,6.4,False,86,224.5,0.256,no,si,no,no,no,no,no,4.2,
dataset7_CLINIC_metal_0050_data,grupo 1,evaluacion,ok,concordante,False,nan,default6mm,0.001,hueso,,168,168,0,8.9,110.0,11.1,13.4,-9.0,8.9,-33.0,8.0,-9.0,-9.0,7.3,4.1,194.4,143.8,189.2,0.9848,0.0,-0.1736,0.0,0.0,6.4,False,86,224.5,0.256,no,si,no,no,no,no,no,4.7,
dataset7_CLINIC_metal_0050_data,grupo 1,evaluacion,ok,concordante,False,nan,default6mm,0.001,ocupado_2500,,168,168,5886,8.9,110.0,9.5,10.8,-9.0,8.9,-30.0,6.7,-9.0,-9.0,7.3,4.1,194.4,143.8,189.2,0.9848,0.0,-0.1736,0.0,0.0,6.4,False,86,224.5,0.256,no,si,no,no,no,no,no,4.2,
dataset7_CLINIC_metal_0050_data,grupo 1,evaluacion,ok,concordante,False,nan,default6mm,0.001,ocupado_semimax,,168,168,6953,8.9,110.0,9.5,10.8,-9.0,8.9,-30.0,6.7,-9.0,-9.0,7.3,4.1,194.4,143.8,189.2,0.9848,0.0,-0.1736,0.0,0.0,6.4,False,86,224.5,0.256,no,si,no,no,no,no,no,4.3,
dataset7_CLINIC_metal_0050_data,grupo 1,evaluacion,ok,concordante,False,nan,default6mm,0.01,hueso,0.001,168,168,0,8.9,110.0,11.1,13.4,-9.0,8.9,-33.0,8.0,-9.0,-9.0,7.3,4.1,194.4,143.8,189.2,0.9848,0.0,-0.1736,0.0,0.0,6.4,False,86,224.5,0.256,no,si,no,no,no,no,no,0.0,
dataset7_CLINIC_metal_0050_data,grupo 1,evaluacion,ok,concordante,False,nan,default6mm,0.01,ocupado_2500,0.001,168,168,5886,8.9,110.0,9.5,10.8,-9.0,8.9,-30.0,6.7,-9.0,-9.0,7.3,4.1,194.4,143.8,189.2,0.9848,0.0,-0.1736,0.0,0.0,6.4,False,86,224.5,0.256,no,si,no,no,no,no,no,0.1,
dataset7_CLINIC_metal_0050_data,grupo 1,evaluacion,ok,concordante,False,nan,default6mm,0.01,ocupado_semimax,0.001,168,168,6953,8.9,110.0,9.5,10.8,-9.0,8.9,-30.0,6.7,-9.0,-9.0,7.3,4.1,194.4,143.8,189.2,0.9848,0.0,-0.1736,0.0,0.0,6.4,False,86,224.5,0.256,no,si,no,no,no,no,no,0.0,
dataset7_CLINIC_metal_0050_data,grupo 1,evaluacion,ok,concordante,False,nan,default6mm,0.05,hueso,0.001,168,168,0,8.9,110.0,11.1,13.4,-9.0,8.9,-33.0,8.0,-9.0,-9.0,7.3,4.1,194.4,143.8,189.2,0.9848,0.0,-0.1736,0.0,0.0,6.4,False,86,224.5,0.256,no,si,no,no,no,no,no,0.0,
dataset7_CLINIC_metal_0050_data,grupo 1,evaluacion,ok,concordante,False,nan,default6mm,0.05,ocupado_2500,0.001,168,168,5886,8.9,110.0,9.5,10.8,-9.0,8.9,-30.0,6.7,-9.0,-9.0,7.3,4.1,194.4,143.8,189.2,0.9848,0.0,-0.1736,0.0,0.0,6.4,False,86,224.5,0.256,no,si,no,no,no,no,no,0.0,
dataset7_CLINIC_metal_0050_data,grupo 1,evaluacion,ok,concordante,False,nan,default6mm,0.05,ocupado_semimax,0.001,168,168,6953,8.9,110.0,9.5,10.8,-9.0,8.9,-30.0,6.7,-9.0,-9.0,7.3,4.1,194.4,143.8,189.2,0.9848,0.0,-0.1736,0.0,0.0,6.4,False,86,224.5,0.256,no,si,no,no,no,no,no,0.0,
dataset7_CLINIC_metal_0050_data,grupo 1,evaluacion,ok,concordante,False,nan,robust3mm,0.0,hueso,,0,0,0,10.8,110.0,11.8,14.0,-12.0,10.8,-33.0,8.0,-12.0,-9.0,7.3,4.1,194.4,143.8,186.2,0.9848,0.0,-0.1736,0.0,0.0,3.6,True,87,134.0,0.621,si,si,si,si,no,si,no,4.3,
dataset7_CLINIC_metal_0050_data,grupo 1,evaluacion,ok,concordante,False,nan,robust3mm,0.0,ocupado_2500,,0,0,5900,7.1,110.0,8.1,10.8,-12.0,7.1,-30.0,6.8,-12.0,-9.0,7.3,4.1,194.4,143.8,186.2,0.9848,0.0,-0.1736,0.0,0.0,3.6,False,87,134.0,0.621,no,no,no,no,no,no,no,4.1,
dataset7_CLINIC_metal_0050_data,grupo 1,evaluacion,ok,concordante,False,nan,robust3mm,0.0,ocupado_semimax,,0,0,6965,6.8,133.0,8.0,10.8,-12.0,6.6,-30.0,6.8,-30.0,-24.0,2.7,4.1,194.4,128.8,168.2,1.0,0.0,0.0,0.0,0.0,3.8,False,115,157.0,0.461,no,no,no,no,no,no,no,4.1,
dataset7_CLINIC_metal_0050_data,grupo 1,evaluacion,ok,concordante,False,nan,robust3mm,0.001,hueso,,144,144,0,10.8,110.0,11.8,14.0,-12.0,10.8,-33.0,8.0,-12.0,-9.0,7.3,4.1,194.4,143.8,186.2,0.9848,0.0,-0.1736,0.0,0.0,3.6,True,87,134.0,0.621,si,si,si,si,no,si,no,4.4,
dataset7_CLINIC_metal_0050_data,grupo 1,evaluacion,ok,concordante,False,nan,robust3mm,0.001,ocupado_2500,,144,144,5900,7.1,110.0,8.1,10.8,-12.0,7.1,-30.0,6.8,-12.0,-9.0,7.3,4.1,194.4,143.8,186.2,0.9848,0.0,-0.1736,0.0,0.0,3.6,False,87,134.0,0.621,no,no,no,no,no,no,no,4.1,
dataset7_CLINIC_metal_0050_data,grupo 1,evaluacion,ok,concordante,False,nan,robust3mm,0.001,ocupado_semimax,,144,144,6965,6.8,133.0,8.0,10.8,-12.0,6.6,-30.0,6.8,-30.0,-24.0,2.7,4.1,194.4,128.8,168.2,1.0,0.0,0.0,0.0,0.0,3.8,False,115,157.0,0.461,no,no,no,no,no,no,no,4.1,
dataset7_CLINIC_metal_0050_data,grupo 1,evaluacion,ok,concordante,False,nan,robust3mm,0.01,hueso,0.001,144,144,0,10.8,110.0,11.8,14.0,-12.0,10.8,-33.0,8.0,-12.0,-9.0,7.3,4.1,194.4,143.8,186.2,0.9848,0.0,-0.1736,0.0,0.0,3.6,True,87,134.0,0.621,si,si,si,si,no,si,no,0.0,
dataset7_CLINIC_metal_0050_data,grupo 1,evaluacion,ok,concordante,False,nan,robust3mm,0.01,ocupado_2500,0.001,144,144,5900,7.1,110.0,8.1,10.8,-12.0,7.1,-30.0,6.8,-12.0,-9.0,7.3,4.1,194.4,143.8,186.2,0.9848,0.0,-0.1736,0.0,0.0,3.6,False,87,134.0,0.621,no,no,no,no,no,no,no,0.0,
dataset7_CLINIC_metal_0050_data,grupo 1,evaluacion,ok,concordante,False,nan,robust3mm,0.01,ocupado_semimax,0.001,144,144,6965,6.8,133.0,8.0,10.8,-12.0,6.6,-30.0,6.8,-30.0,-24.0,2.7,4.1,194.4,128.8,168.2,1.0,0.0,0.0,0.0,0.0,3.8,False,115,157.0,0.461,no,no,no,no,no,no,no,0.0,
dataset7_CLINIC_metal_0050_data,grupo 1,evaluacion,ok,concordante,False,nan,robust3mm,0.05,hueso,0.001,144,144,0,10.8,110.0,11.8,14.0,-12.0,10.8,-33.0,8.0,-12.0,-9.0,7.3,4.1,194.4,143.8,186.2,0.9848,0.0,-0.1736,0.0,0.0,3.6,True,87,134.0,0.621,si,si,si,si,no,si,no,0.0,
dataset7_CLINIC_metal_0050_data,grupo 1,evaluacion,ok,concordante,False,nan,robust3mm,0.05,ocupado_2500,0.001,144,144,5900,7.1,110.0,8.1,10.8,-12.0,7.1,-30.0,6.8,-12.0,-9.0,7.3,4.1,194.4,143.8,186.2,0.9848,0.0,-0.1736,0.0,0.0,3.6,False,87,134.0,0.621,no,no,no,no,no,no,no,0.0,
dataset7_CLINIC_metal_0050_data,grupo 1,evaluacion,ok,concordante,False,nan,robust3mm,0.05,ocupado_semimax,0.001,144,144,6965,6.8,133.0,8.0,10.8,-12.0,6.6,-30.0,6.8,-30.0,-24.0,2.7,4.1,194.4,128.8,168.2,1.0,0.0,0.0,0.0,0.0,3.8,False,115,157.0,0.461,no,no,no,no,no,no,no,0.0,
dataset7_CLINIC_metal_0051_data,grupo 1,evaluacion,ok,concordante,False,nan,default6mm,0.0,hueso,,0,0,0,9.4,144.0,9.4,12.1,-12.0,9.4,-36.0,2.3,-12.0,-9.0,2.2,4.3,205.6,197.4,167.8,1.0,0.0,0.0,0.124,0.234,0.0,True,125,245.0,0.448,no,si,no,si,no,no,no,4.4,
dataset7_CLINIC_metal_0051_data,grupo 1,evaluacion,ok,concordante,False,nan,default6mm,0.0,ocupado_2500,,0,0,12691,4.5,145.0,6.7,6.8,-6.0,4.5,-36.0,2.3,-6.0,-12.0,2.2,0.7,205.6,194.4,173.8,0.9962,-0.0872,0.0,0.0,0.0,2.3,False,126,221.0,0.349,no,no,no,no,no,no,no,3.9,
dataset7_CLINIC_metal_0051_data,grupo 1,evaluacion,ok,concordante,False,nan,default6mm,0.0,ocupado_semimax,,0,0,12691,4.5,145.0,6.7,6.8,-6.0,4.5,-36.0,2.3,-6.0,-12.0,2.2,0.7,205.6,194.4,173.8,0.9962,-0.0872,0.0,0.0,0.0,2.3,False,126,221.0,0.349,no,no,no,no,no,no,no,3.9,
dataset7_CLINIC_metal_0051_data,grupo 1,evaluacion,ok,concordante,False,nan,default6mm,0.001,hueso,,33,33,0,9.4,144.0,9.4,12.1,-12.0,9.4,-36.0,2.3,-12.0,-9.0,2.2,4.3,205.6,197.4,167.8,1.0,0.0,0.0,0.124,0.234,0.0,True,125,245.0,0.448,no,si,no,si,no,no,no,4.1,
dataset7_CLINIC_metal_0051_data,grupo 1,evaluacion,ok,concordante,False,nan,default6mm,0.001,ocupado_2500,,33,33,12683,4.5,145.0,6.7,6.8,-6.0,4.5,-36.0,2.3,-6.0,-12.0,2.2,0.7,205.6,194.4,173.8,0.9962,-0.0872,0.0,0.0,0.0,2.3,False,126,221.0,0.349,no,no,no,no,no,no,no,3.9,
dataset7_CLINIC_metal_0051_data,grupo 1,evaluacion,ok,concordante,False,nan,default6mm,0.001,ocupado_semimax,,33,33,12683,4.5,145.0,6.7,6.8,-6.0,4.5,-36.0,2.3,-6.0,-12.0,2.2,0.7,205.6,194.4,173.8,0.9962,-0.0872,0.0,0.0,0.0,2.3,False,126,221.0,0.349,no,no,no,no,no,no,no,3.9,
dataset7_CLINIC_metal_0051_data,grupo 1,evaluacion,ok,concordante,False,nan,default6mm,0.01,hueso,0.001,33,33,0,9.4,144.0,9.4,12.1,-12.0,9.4,-36.0,2.3,-12.0,-9.0,2.2,4.3,205.6,197.4,167.8,1.0,0.0,0.0,0.124,0.234,0.0,True,125,245.0,0.448,no,si,no,si,no,no,no,0.0,
dataset7_CLINIC_metal_0051_data,grupo 1,evaluacion,ok,concordante,False,nan,default6mm,0.01,ocupado_2500,0.001,33,33,12683,4.5,145.0,6.7,6.8,-6.0,4.5,-36.0,2.3,-6.0,-12.0,2.2,0.7,205.6,194.4,173.8,0.9962,-0.0872,0.0,0.0,0.0,2.3,False,126,221.0,0.349,no,no,no,no,no,no,no,0.1,
dataset7_CLINIC_metal_0051_data,grupo 1,evaluacion,ok,concordante,False,nan,default6mm,0.01,ocupado_semimax,0.001,33,33,12683,4.5,145.0,6.7,6.8,-6.0,4.5,-36.0,2.3,-6.0,-12.0,2.2,0.7,205.6,194.4,173.8,0.9962,-0.0872,0.0,0.0,0.0,2.3,False,126,221.0,0.349,no,no,no,no,no,no,no,0.0,
dataset7_CLINIC_metal_0051_data,grupo 1,evaluacion,ok,concordante,False,nan,default6mm,0.05,hueso,0.001,33,33,0,9.4,144.0,9.4,12.1,-12.0,9.4,-36.0,2.3,-12.0,-9.0,2.2,4.3,205.6,197.4,167.8,1.0,0.0,0.0,0.124,0.234,0.0,True,125,245.0,0.448,no,si,no,si,no,no,no,0.0,
dataset7_CLINIC_metal_0051_data,grupo 1,evaluacion,ok,concordante,False,nan,default6mm,0.05,ocupado_2500,0.001,33,33,12683,4.5,145.0,6.7,6.8,-6.0,4.5,-36.0,2.3,-6.0,-12.0,2.2,0.7,205.6,194.4,173.8,0.9962,-0.0872,0.0,0.0,0.0,2.3,False,126,221.0,0.349,no,no,no,no,no,no,no,0.1,
dataset7_CLINIC_metal_0051_data,grupo 1,evaluacion,ok,concordante,False,nan,default6mm,0.05,ocupado_semimax,0.001,33,33,12683,4.5,145.0,6.7,6.8,-6.0,4.5,-36.0,2.3,-6.0,-12.0,2.2,0.7,205.6,194.4,173.8,0.9962,-0.0872,0.0,0.0,0.0,2.3,False,126,221.0,0.349,no,no,no,no,no,no,no,0.0,
dataset7_CLINIC_metal_0051_data,grupo 1,evaluacion,ok,concordante,False,nan,robust3mm,0.0,hueso,,0,0,0,8.7,146.0,9.1,12.5,-12.0,8.7,-36.0,1.6,-12.0,-9.0,2.8,4.3,205.6,197.4,167.8,0.9962,0.0,0.0872,0.136,0.279,0.0,True,126,344.0,0.286,no,si,no,no,no,no,no,4.1,
dataset7_CLINIC_metal_0051_data,grupo 1,evaluacion,ok,concordante,False,nan,robust3mm,0.0,ocupado_2500,,0,0,12325,5.8,148.0,8.1,6.4,-3.0,3.6,-15.0,5.8,-15.0,-6.0,2.2,4.3,205.6,200.4,164.8,1.0,0.0,0.0,0.0,0.0,2.9,False,129,399.0,0.062,no,no,no,no,no,no,no,3.8,
dataset7_CLINIC_metal_0051_data,grupo 1,evaluacion,ok,concordante,False,nan,robust3mm,0.0,ocupado_semimax,,0,0,12325,5.8,148.0,8.1,6.4,-3.0,3.6,-15.0,5.8,-15.0,-6.0,2.2,4.3,205.6,200.4,164.8,1.0,0.0,0.0,0.0,0.0,2.9,False,129,399.0,0.062,no,no,no,no,no,no,no,3.8,
dataset7_CLINIC_metal_0051_data,grupo 1,evaluacion,ok,concordante,False,nan,robust3mm,0.001,hueso,,16,16,0,8.7,146.0,9.1,12.5,-12.0,8.7,-36.0,1.6,-12.0,-9.0,2.8,4.3,205.6,197.4,167.8,0.9962,0.0,0.0872,0.136,0.279,0.0,True,126,344.0,0.286,no,si,no,no,no,no,no,4.0,
dataset7_CLINIC_metal_0051_data,grupo 1,evaluacion,ok,concordante,False,nan,robust3mm,0.001,ocupado_2500,,16,16,12325,5.8,148.0,8.1,6.4,-3.0,3.6,-15.0,5.8,-15.0,-6.0,2.2,4.3,205.6,200.4,164.8,1.0,0.0,0.0,0.0,0.0,2.9,False,129,399.0,0.062,no,no,no,no,no,no,no,3.8,
dataset7_CLINIC_metal_0051_data,grupo 1,evaluacion,ok,concordante,False,nan,robust3mm,0.001,ocupado_semimax,,16,16,12325,5.8,148.0,8.1,6.4,-3.0,3.6,-15.0,5.8,-15.0,-6.0,2.2,4.3,205.6,200.4,164.8,1.0,0.0,0.0,0.0,0.0,2.9,False,129,399.0,0.062,no,no,no,no,no,no,no,3.8,
dataset7_CLINIC_metal_0051_data,grupo 1,evaluacion,ok,concordante,False,nan,robust3mm,0.01,hueso,0.001,16,16,0,8.7,146.0,9.1,12.5,-12.0,8.7,-36.0,1.6,-12.0,-9.0,2.8,4.3,205.6,197.4,167.8,0.9962,0.0,0.0872,0.136,0.279,0.0,True,126,344.0,0.286,no,si,no,no,no,no,no,0.0,
dataset7_CLINIC_metal_0051_data,grupo 1,evaluacion,ok,concordante,False,nan,robust3mm,0.01,ocupado_2500,0.001,16,16,12325,5.8,148.0,8.1,6.4,-3.0,3.6,-15.0,5.8,-15.0,-6.0,2.2,4.3,205.6,200.4,164.8,1.0,0.0,0.0,0.0,0.0,2.9,False,129,399.0,0.062,no,no,no,no,no,no,no,0.1,
dataset7_CLINIC_metal_0051_data,grupo 1,evaluacion,ok,concordante,False,nan,robust3mm,0.01,ocupado_semimax,0.001,16,16,12325,5.8,148.0,8.1,6.4,-3.0,3.6,-15.0,5.8,-15.0,-6.0,2.2,4.3,205.6,200.4,164.8,1.0,0.0,0.0,0.0,0.0,2.9,False,129,399.0,0.062,no,no,no,no,no,no,no,0.0,
dataset7_CLINIC_metal_0051_data,grupo 1,evaluacion,ok,concordante,False,nan,robust3mm,0.05,hueso,0.001,16,16,0,8.7,146.0,9.1,12.5,-12.0,8.7,-36.0,1.6,-12.0,-9.0,2.8,4.3,205.6,197.4,167.8,0.9962,0.0,0.0872,0.136,0.279,0.0,True,126,344.0,0.286,no,si,no,no,no,no,no,0.0,
dataset7_CLINIC_metal_0051_data,grupo 1,evaluacion,ok,concordante,False,nan,robust3mm,0.05,ocupado_2500,0.001,16,16,12325,5.8,148.0,8.1,6.4,-3.0,3.6,-15.0,5.8,-15.0,-6.0,2.2,4.3,205.6,200.4,164.8,1.0,0.0,0.0,0.0,0.0,2.9,False,129,399.0,0.062,no,no,no,no,no,no,no,0.1,
dataset7_CLINIC_metal_0051_data,grupo 1,evaluacion,ok,concordante,False,nan,robust3mm,0.05,ocupado_semimax,0.001,16,16,12325,5.8,148.0,8.1,6.4,-3.0,3.6,-15.0,5.8,-15.0,-6.0,2.2,4.3,205.6,200.4,164.8,1.0,0.0,0.0,0.0,0.0,2.9,False,129,399.0,0.062,no,no,no,no,no,no,no,0.0,
dataset7_CLINIC_metal_0054_data,grupo 1,evaluacion,ok,concordante,True,nan,default6mm,0.0,hueso,,0,0,0,9.3,125.0,11.0,10.2,-9.0,7.0,-30.0,9.3,-30.0,-30.0,15.0,0.0,190.4,174.5,222.4,0.9659,0.0,-0.2588,0.0,0.0,36.7,False,106,120.5,0.651,no,si,no,si,no,no,no,4.4,
dataset7_CLINIC_metal_0054_data,grupo 1,evaluacion,ok,concordante,True,nan,default6mm,0.0,ocupado_2500,,0,0,12607,9.3,125.0,11.0,10.2,-9.0,7.0,-30.0,9.3,-30.0,-30.0,15.0,0.0,190.4,174.5,222.4,0.9659,0.0,-0.2588,0.0,0.0,36.7,False,106,120.5,0.651,no,si,no,si,no,no,no,3.9,
dataset7_CLINIC_metal_0054_data,grupo 1,evaluacion,ok,concordante,True,nan,default6mm,0.0,ocupado_semimax,,0,0,12631,9.3,125.0,11.0,10.2,-9.0,7.0,-30.0,9.3,-30.0,-30.0,15.0,0.0,190.4,174.5,222.4,0.9659,0.0,-0.2588,0.0,0.0,36.7,False,106,120.5,0.651,no,si,no,si,no,no,no,3.8,
dataset7_CLINIC_metal_0054_data,grupo 1,evaluacion,ok,concordante,True,nan,default6mm,0.001,hueso,,222,222,0,9.3,125.0,11.0,10.2,-9.0,7.0,-30.0,9.3,-30.0,-30.0,15.0,0.0,190.4,174.5,222.4,0.9659,0.0,-0.2588,0.0,0.0,36.7,False,106,120.5,0.651,no,si,no,si,no,no,no,4.1,
dataset7_CLINIC_metal_0054_data,grupo 1,evaluacion,ok,concordante,True,nan,default6mm,0.001,ocupado_2500,,222,222,12607,9.3,125.0,11.0,10.2,-9.0,7.0,-30.0,9.3,-30.0,-30.0,15.0,0.0,190.4,174.5,222.4,0.9659,0.0,-0.2588,0.0,0.0,36.7,False,106,120.5,0.651,no,si,no,si,no,no,no,3.6,
dataset7_CLINIC_metal_0054_data,grupo 1,evaluacion,ok,concordante,True,nan,default6mm,0.001,ocupado_semimax,,222,222,12631,9.3,125.0,11.0,10.2,-9.0,7.0,-30.0,9.3,-30.0,-30.0,15.0,0.0,190.4,174.5,222.4,0.9659,0.0,-0.2588,0.0,0.0,36.7,False,106,120.5,0.651,no,si,no,si,no,no,no,3.8,
dataset7_CLINIC_metal_0054_data,grupo 1,evaluacion,ok,concordante,True,nan,default6mm,0.01,hueso,0.001,222,222,0,9.3,125.0,11.0,10.2,-9.0,7.0,-30.0,9.3,-30.0,-30.0,15.0,0.0,190.4,174.5,222.4,0.9659,0.0,-0.2588,0.0,0.0,36.7,False,106,120.5,0.651,no,si,no,si,no,no,no,0.0,
dataset7_CLINIC_metal_0054_data,grupo 1,evaluacion,ok,concordante,True,nan,default6mm,0.01,ocupado_2500,0.001,222,222,12607,9.3,125.0,11.0,10.2,-9.0,7.0,-30.0,9.3,-30.0,-30.0,15.0,0.0,190.4,174.5,222.4,0.9659,0.0,-0.2588,0.0,0.0,36.7,False,106,120.5,0.651,no,si,no,si,no,no,no,0.0,
dataset7_CLINIC_metal_0054_data,grupo 1,evaluacion,ok,concordante,True,nan,default6mm,0.01,ocupado_semimax,0.001,222,222,12631,9.3,125.0,11.0,10.2,-9.0,7.0,-30.0,9.3,-30.0,-30.0,15.0,0.0,190.4,174.5,222.4,0.9659,0.0,-0.2588,0.0,0.0,36.7,False,106,120.5,0.651,no,si,no,si,no,no,no,0.0,
dataset7_CLINIC_metal_0054_data,grupo 1,evaluacion,ok,concordante,True,nan,default6mm,0.05,hueso,0.001,222,222,0,9.3,125.0,11.0,10.2,-9.0,7.0,-30.0,9.3,-30.0,-30.0,15.0,0.0,190.4,174.5,222.4,0.9659,0.0,-0.2588,0.0,0.0,36.7,False,106,120.5,0.651,no,si,no,si,no,no,no,0.0,
dataset7_CLINIC_metal_0054_data,grupo 1,evaluacion,ok,concordante,True,nan,default6mm,0.05,ocupado_2500,0.001,222,222,12607,9.3,125.0,11.0,10.2,-9.0,7.0,-30.0,9.3,-30.0,-30.0,15.0,0.0,190.4,174.5,222.4,0.9659,0.0,-0.2588,0.0,0.0,36.7,False,106,120.5,0.651,no,si,no,si,no,no,no,0.0,
dataset7_CLINIC_metal_0054_data,grupo 1,evaluacion,ok,concordante,True,nan,default6mm,0.05,ocupado_semimax,0.001,222,222,12631,9.3,125.0,11.0,10.2,-9.0,7.0,-30.0,9.3,-30.0,-30.0,15.0,0.0,190.4,174.5,222.4,0.9659,0.0,-0.2588,0.0,0.0,36.7,False,106,120.5,0.651,no,si,no,si,no,no,no,0.0,
dataset7_CLINIC_metal_0054_data,grupo 1,evaluacion,ok,concordante,True,nan,robust3mm,0.0,hueso,,0,0,0,8.1,124.0,11.0,11.4,-12.0,7.9,-30.0,8.1,-30.0,-30.0,15.0,0.0,190.4,174.5,222.4,0.9659,0.0,-0.2588,0.0,0.0,36.7,False,103,119.0,0.66,no,no,no,no,no,no,no,4.2,
dataset7_CLINIC_metal_0054_data,grupo 1,evaluacion,ok,concordante,True,nan,robust3mm,0.0,ocupado_2500,,0,0,12654,8.1,124.0,11.0,11.4,-12.0,7.9,-30.0,8.1,-30.0,-30.0,15.0,0.0,190.4,174.5,222.4,0.9659,0.0,-0.2588,0.0,0.0,36.7,False,103,119.0,0.66,no,no,no,no,no,no,no,3.8,
dataset7_CLINIC_metal_0054_data,grupo 1,evaluacion,ok,concordante,True,nan,robust3mm,0.0,ocupado_semimax,,0,0,12677,8.1,124.0,11.0,11.4,-12.0,7.9,-30.0,8.1,-30.0,-30.0,15.0,0.0,190.4,174.5,222.4,0.9659,0.0,-0.2588,0.0,0.0,36.7,False,103,119.0,0.66,no,no,no,no,no,no,no,3.8,
dataset7_CLINIC_metal_0054_data,grupo 1,evaluacion,ok,concordante,True,nan,robust3mm,0.001,hueso,,272,272,0,8.1,124.0,11.0,11.4,-12.0,7.9,-30.0,8.1,-30.0,-30.0,15.0,0.0,190.4,174.5,222.4,0.9659,0.0,-0.2588,0.0,0.0,36.7,False,103,119.0,0.66,no,no,no,no,no,no,no,4.2,
dataset7_CLINIC_metal_0054_data,grupo 1,evaluacion,ok,concordante,True,nan,robust3mm,0.001,ocupado_2500,,272,272,12654,8.1,124.0,11.0,11.4,-12.0,7.9,-30.0,8.1,-30.0,-30.0,15.0,0.0,190.4,174.5,222.4,0.9659,0.0,-0.2588,0.0,0.0,36.7,False,103,119.0,0.66,no,no,no,no,no,no,no,3.9,
dataset7_CLINIC_metal_0054_data,grupo 1,evaluacion,ok,concordante,True,nan,robust3mm,0.001,ocupado_semimax,,272,272,12677,8.1,124.0,11.0,11.4,-12.0,7.9,-30.0,8.1,-30.0,-30.0,15.0,0.0,190.4,174.5,222.4,0.9659,0.0,-0.2588,0.0,0.0,36.7,False,103,119.0,0.66,no,no,no,no,no,no,no,3.6,
dataset7_CLINIC_metal_0054_data,grupo 1,evaluacion,ok,concordante,True,nan,robust3mm,0.01,hueso,0.001,272,272,0,8.1,124.0,11.0,11.4,-12.0,7.9,-30.0,8.1,-30.0,-30.0,15.0,0.0,190.4,174.5,222.4,0.9659,0.0,-0.2588,0.0,0.0,36.7,False,103,119.0,0.66,no,no,no,no,no,no,no,0.0,
dataset7_CLINIC_metal_0054_data,grupo 1,evaluacion,ok,concordante,True,nan,robust3mm,0.01,ocupado_2500,0.001,272,272,12654,8.1,124.0,11.0,11.4,-12.0,7.9,-30.0,8.1,-30.0,-30.0,15.0,0.0,190.4,174.5,222.4,0.9659,0.0,-0.2588,0.0,0.0,36.7,False,103,119.0,0.66,no,no,no,no,no,no,no,0.1,
dataset7_CLINIC_metal_0054_data,grupo 1,evaluacion,ok,concordante,True,nan,robust3mm,0.01,ocupado_semimax,0.001,272,272,12677,8.1,124.0,11.0,11.4,-12.0,7.9,-30.0,8.1,-30.0,-30.0,15.0,0.0,190.4,174.5,222.4,0.9659,0.0,-0.2588,0.0,0.0,36.7,False,103,119.0,0.66,no,no,no,no,no,no,no,0.0,
dataset7_CLINIC_metal_0054_data,grupo 1,evaluacion,ok,concordante,True,nan,robust3mm,0.05,hueso,0.001,272,272,0,8.1,124.0,11.0,11.4,-12.0,7.9,-30.0,8.1,-30.0,-30.0,15.0,0.0,190.4,174.5,222.4,0.9659,0.0,-0.2588,0.0,0.0,36.7,False,103,119.0,0.66,no,no,no,no,no,no,no,0.0,
dataset7_CLINIC_metal_0054_data,grupo 1,evaluacion,ok,concordante,True,nan,robust3mm,0.05,ocupado_2500,0.001,272,272,12654,8.1,124.0,11.0,11.4,-12.0,7.9,-30.0,8.1,-30.0,-30.0,15.0,0.0,190.4,174.5,222.4,0.9659,0.0,-0.2588,0.0,0.0,36.7,False,103,119.0,0.66,no,no,no,no,no,no,no,0.1,
dataset7_CLINIC_metal_0054_data,grupo 1,evaluacion,ok,concordante,True,nan,robust3mm,0.05,ocupado_semimax,0.001,272,272,12677,8.1,124.0,11.0,11.4,-12.0,7.9,-30.0,8.1,-30.0,-30.0,15.0,0.0,190.4,174.5,222.4,0.9659,0.0,-0.2588,0.0,0.0,36.7,False,103,119.0,0.66,no,no,no,no,no,no,no,0.0,
dataset7_CLINIC_metal_0061_data,grupo 2,otro,nan,R1 arriba de TS,False,nan,default6mm,0.0,hueso,,0,0,0,6.8,145.0,11.8,8.3,-33.0,6.8,-48.0,1.6,-30.0,-18.0,1.3,2.3,211.9,177.0,181.3,0.9924,-0.0868,0.0868,0.0,0.0,nan,False,126,332.5,0.27,no,no,no,no,no,no,no,3.7,
dataset7_CLINIC_metal_0061_data,grupo 2,otro,nan,R1 arriba de TS,False,nan,default6mm,0.001,hueso,,126,126,0,6.8,145.0,11.8,8.3,-33.0,6.8,-48.0,1.6,-30.0,-18.0,1.3,2.3,211.9,177.0,181.3,0.9924,-0.0868,0.0868,0.0,0.0,nan,False,126,332.5,0.27,no,no,no,no,no,no,no,3.7,
dataset7_CLINIC_metal_0061_data,grupo 2,otro,nan,R1 arriba de TS,False,nan,default6mm,0.01,hueso,,847,847,0,6.8,145.0,11.8,8.3,-33.0,6.8,-48.0,1.6,-30.0,-18.0,1.3,2.3,211.9,177.0,181.3,0.9924,-0.0868,0.0868,0.0,0.0,nan,False,126,332.5,0.27,no,no,no,no,no,no,no,3.6,
dataset7_CLINIC_metal_0061_data,grupo 2,otro,nan,R1 arriba de TS,False,nan,default6mm,0.05,hueso,0.01,847,847,0,6.8,145.0,11.8,8.3,-33.0,6.8,-48.0,1.6,-30.0,-18.0,1.3,2.3,211.9,177.0,181.3,0.9924,-0.0868,0.0868,0.0,0.0,nan,False,126,332.5,0.27,no,no,no,no,no,no,no,0.0,
dataset7_CLINIC_metal_0061_data,grupo 2,otro,nan,R1 arriba de TS,False,nan,robust3mm,0.0,hueso,,0,0,0,5.6,155.0,11.2,7.8,-36.0,5.6,,,-36.0,-15.0,11.3,2.3,211.9,180.0,175.3,0.9625,-0.0842,0.2579,0.0,0.0,nan,False,135,300.0,0.237,no,no,no,no,no,no,no,3.6,
dataset7_CLINIC_metal_0061_data,grupo 2,otro,nan,R1 arriba de TS,False,nan,robust3mm,0.001,hueso,,126,126,0,5.6,155.0,11.2,7.8,-36.0,5.6,,,-36.0,-15.0,11.3,2.3,211.9,180.0,175.3,0.9625,-0.0842,0.2579,0.0,0.0,nan,False,135,300.0,0.237,no,no,no,no,no,no,no,3.7,
dataset7_CLINIC_metal_0061_data,grupo 2,otro,nan,R1 arriba de TS,False,nan,robust3mm,0.01,hueso,,1571,1571,0,5.6,155.0,11.2,7.8,-36.0,5.6,,,-36.0,-15.0,11.3,2.3,211.9,180.0,175.3,0.9625,-0.0842,0.2579,0.0,0.0,nan,False,135,300.0,0.237,no,no,no,no,no,no,no,3.6,
dataset7_CLINIC_metal_0061_data,grupo 2,otro,nan,R1 arriba de TS,False,nan,robust3mm,0.05,hueso,0.01,1571,1571,0,5.6,155.0,11.2,7.8,-36.0,5.6,,,-36.0,-15.0,11.3,2.3,211.9,180.0,175.3,0.9625,-0.0842,0.2579,0.0,0.0,nan,False,135,300.0,0.237,no,no,no,no,no,no,no,0.0,
dataset7_CLINIC_metal_0057_data,grupo 1,evaluacion,ok,concordante,False,nan,default6mm,0.0,hueso,,0,0,0,14.1,157.0,16.1,14.1,-18.0,14.1,-39.0,11.5,-18.0,-9.0,2.7,1.4,213.8,194.0,168.8,0.9962,-0.0872,0.0,0.0,0.032,1.2,True,136,181.5,0.441,si,si,si,si,si,si,si,4.6,
dataset7_CLINIC_metal_0057_data,grupo 1,evaluacion,ok,concordante,False,nan,default6mm,0.0,ocupado_2500,,0,0,21076,11.5,133.0,15.3,12.0,-9.0,10.2,-39.0,11.5,-39.0,-30.0,2.7,1.4,213.8,173.0,147.8,0.9962,-0.0872,0.0,0.0,0.0,12.0,False,115,170.0,0.452,si,si,si,si,si,si,no,4.2,
dataset7_CLINIC_metal_0057_data,grupo 1,evaluacion,ok,concordante,False,nan,default6mm,0.0,ocupado_semimax,,0,0,21076,11.5,133.0,15.3,12.0,-9.0,10.2,-39.0,11.5,-39.0,-30.0,2.7,1.4,213.8,173.0,147.8,0.9962,-0.0872,0.0,0.0,0.0,12.0,False,115,170.0,0.452,si,si,si,si,si,si,no,4.0,
dataset7_CLINIC_metal_0057_data,grupo 1,evaluacion,ok,concordante,False,nan,default6mm,0.001,hueso,,136,136,0,14.1,157.0,16.1,14.1,-18.0,14.1,-39.0,11.5,-18.0,-9.0,2.7,1.4,213.8,194.0,168.8,0.9962,-0.0872,0.0,0.0,0.032,1.2,True,136,181.5,0.441,si,si,si,si,si,si,si,4.3,
dataset7_CLINIC_metal_0057_data,grupo 1,evaluacion,ok,concordante,False,nan,default6mm,0.001,ocupado_2500,,136,136,21076,11.5,133.0,15.3,12.0,-9.0,10.2,-39.0,11.5,-39.0,-30.0,2.7,1.4,213.8,173.0,147.8,0.9962,-0.0872,0.0,0.0,0.0,12.0,False,115,170.0,0.452,si,si,si,si,si,si,no,4.2,
dataset7_CLINIC_metal_0057_data,grupo 1,evaluacion,ok,concordante,False,nan,default6mm,0.001,ocupado_semimax,,136,136,21076,11.5,133.0,15.3,12.0,-9.0,10.2,-39.0,11.5,-39.0,-30.0,2.7,1.4,213.8,173.0,147.8,0.9962,-0.0872,0.0,0.0,0.0,12.0,False,115,170.0,0.452,si,si,si,si,si,si,no,4.0,
dataset7_CLINIC_metal_0057_data,grupo 1,evaluacion,ok,concordante,False,nan,default6mm,0.01,hueso,0.001,136,136,0,14.1,157.0,16.1,14.1,-18.0,14.1,-39.0,11.5,-18.0,-9.0,2.7,1.4,213.8,194.0,168.8,0.9962,-0.0872,0.0,0.0,0.032,1.2,True,136,181.5,0.441,si,si,si,si,si,si,si,0.0,
dataset7_CLINIC_metal_0057_data,grupo 1,evaluacion,ok,concordante,False,nan,default6mm,0.01,ocupado_2500,0.001,136,136,21076,11.5,133.0,15.3,12.0,-9.0,10.2,-39.0,11.5,-39.0,-30.0,2.7,1.4,213.8,173.0,147.8,0.9962,-0.0872,0.0,0.0,0.0,12.0,False,115,170.0,0.452,si,si,si,si,si,si,no,0.0,
dataset7_CLINIC_metal_0057_data,grupo 1,evaluacion,ok,concordante,False,nan,default6mm,0.01,ocupado_semimax,0.001,136,136,21076,11.5,133.0,15.3,12.0,-9.0,10.2,-39.0,11.5,-39.0,-30.0,2.7,1.4,213.8,173.0,147.8,0.9962,-0.0872,0.0,0.0,0.0,12.0,False,115,170.0,0.452,si,si,si,si,si,si,no,0.0,
dataset7_CLINIC_metal_0057_data,grupo 1,evaluacion,ok,concordante,False,nan,default6mm,0.05,hueso,0.001,136,136,0,14.1,157.0,16.1,14.1,-18.0,14.1,-39.0,11.5,-18.0,-9.0,2.7,1.4,213.8,194.0,168.8,0.9962,-0.0872,0.0,0.0,0.032,1.2,True,136,181.5,0.441,si,si,si,si,si,si,si,0.0,
dataset7_CLINIC_metal_0057_data,grupo 1,evaluacion,ok,concordante,False,nan,default6mm,0.05,ocupado_2500,0.001,136,136,21076,11.5,133.0,15.3,12.0,-9.0,10.2,-39.0,11.5,-39.0,-30.0,2.7,1.4,213.8,173.0,147.8,0.9962,-0.0872,0.0,0.0,0.0,12.0,False,115,170.0,0.452,si,si,si,si,si,si,no,0.0,
dataset7_CLINIC_metal_0057_data,grupo 1,evaluacion,ok,concordante,False,nan,default6mm,0.05,ocupado_semimax,0.001,136,136,21076,11.5,133.0,15.3,12.0,-9.0,10.2,-39.0,11.5,-39.0,-30.0,2.7,1.4,213.8,173.0,147.8,0.9962,-0.0872,0.0,0.0,0.0,12.0,False,115,170.0,0.452,si,si,si,si,si,si,no,0.0,
dataset7_CLINIC_metal_0057_data,grupo 1,evaluacion,ok,concordante,False,nan,robust3mm,0.0,hueso,,0,0,0,13.6,159.0,16.3,15.6,-15.0,13.6,-39.0,11.5,-15.0,-9.0,7.7,1.4,213.8,194.0,171.8,0.9924,-0.0868,-0.0868,0.025,0.05,0.0,True,142,196.5,0.38,si,si,si,si,si,si,si,4.1,
dataset7_CLINIC_metal_0057_data,grupo 1,evaluacion,ok,concordante,False,nan,robust3mm,0.0,ocupado_2500,,0,0,21033,11.6,159.0,16.3,12.0,-15.0,11.6,-39.0,11.5,-15.0,-9.0,12.3,3.6,213.8,194.0,171.8,0.9522,-0.1679,0.2551,0.0,0.0,11.5,False,142,217.0,0.331,si,si,si,si,si,si,no,4.1,
dataset7_CLINIC_metal_0057_data,grupo 1,evaluacion,ok,concordante,False,nan,robust3mm,0.0,ocupado_semimax,,0,0,21033,11.6,159.0,16.3,12.0,-15.0,11.6,-39.0,11.5,-15.0,-9.0,12.3,3.6,213.8,194.0,171.8,0.9522,-0.1679,0.2551,0.0,0.0,11.5,False,142,217.0,0.331,si,si,si,si,si,si,no,4.1,
dataset7_CLINIC_metal_0057_data,grupo 1,evaluacion,ok,concordante,False,nan,robust3mm,0.001,hueso,,140,140,0,13.6,159.0,16.3,15.6,-15.0,13.6,-39.0,11.5,-15.0,-9.0,7.7,1.4,213.8,194.0,171.8,0.9924,-0.0868,-0.0868,0.025,0.05,0.0,True,142,196.5,0.38,si,si,si,si,si,si,si,4.2,
dataset7_CLINIC_metal_0057_data,grupo 1,evaluacion,ok,concordante,False,nan,robust3mm,0.001,ocupado_2500,,140,140,21033,11.6,159.0,16.3,12.0,-15.0,11.6,-39.0,11.5,-15.0,-9.0,12.3,3.6,213.8,194.0,171.8,0.9522,-0.1679,0.2551,0.0,0.0,11.5,False,142,217.0,0.331,si,si,si,si,si,si,no,4.2,
dataset7_CLINIC_metal_0057_data,grupo 1,evaluacion,ok,concordante,False,nan,robust3mm,0.001,ocupado_semimax,,140,140,21033,11.6,159.0,16.3,12.0,-15.0,11.6,-39.0,11.5,-15.0,-9.0,12.3,3.6,213.8,194.0,171.8,0.9522,-0.1679,0.2551,0.0,0.0,11.5,False,142,217.0,0.331,si,si,si,si,si,si,no,4.1,
dataset7_CLINIC_metal_0057_data,grupo 1,evaluacion,ok,concordante,False,nan,robust3mm,0.01,hueso,0.001,140,140,0,13.6,159.0,16.3,15.6,-15.0,13.6,-39.0,11.5,-15.0,-9.0,7.7,1.4,213.8,194.0,171.8,0.9924,-0.0868,-0.0868,0.025,0.05,0.0,True,142,196.5,0.38,si,si,si,si,si,si,si,0.0,
dataset7_CLINIC_metal_0057_data,grupo 1,evaluacion,ok,concordante,False,nan,robust3mm,0.01,ocupado_2500,0.001,140,140,21033,11.6,159.0,16.3,12.0,-15.0,11.6,-39.0,11.5,-15.0,-9.0,12.3,3.6,213.8,194.0,171.8,0.9522,-0.1679,0.2551,0.0,0.0,11.5,False,142,217.0,0.331,si,si,si,si,si,si,no,0.1,
dataset7_CLINIC_metal_0057_data,grupo 1,evaluacion,ok,concordante,False,nan,robust3mm,0.01,ocupado_semimax,0.001,140,140,21033,11.6,159.0,16.3,12.0,-15.0,11.6,-39.0,11.5,-15.0,-9.0,12.3,3.6,213.8,194.0,171.8,0.9522,-0.1679,0.2551,0.0,0.0,11.5,False,142,217.0,0.331,si,si,si,si,si,si,no,0.0,
dataset7_CLINIC_metal_0057_data,grupo 1,evaluacion,ok,concordante,False,nan,robust3mm,0.05,hueso,0.001,140,140,0,13.6,159.0,16.3,15.6,-15.0,13.6,-39.0,11.5,-15.0,-9.0,7.7,1.4,213.8,194.0,171.8,0.9924,-0.0868,-0.0868,0.025,0.05,0.0,True,142,196.5,0.38,si,si,si,si,si,si,si,0.0,
dataset7_CLINIC_metal_0057_data,grupo 1,evaluacion,ok,concordante,False,nan,robust3mm,0.05,ocupado_2500,0.001,140,140,21033,11.6,159.0,16.3,12.0,-15.0,11.6,-39.0,11.5,-15.0,-9.0,12.3,3.6,213.8,194.0,171.8,0.9522,-0.1679,0.2551,0.0,0.0,11.5,False,142,217.0,0.331,si,si,si,si,si,si,no,0.1,
dataset7_CLINIC_metal_0057_data,grupo 1,evaluacion,ok,concordante,False,nan,robust3mm,0.05,ocupado_semimax,0.001,140,140,21033,11.6,159.0,16.3,12.0,-15.0,11.6,-39.0,11.5,-15.0,-9.0,12.3,3.6,213.8,194.0,171.8,0.9522,-0.1679,0.2551,0.0,0.0,11.5,False,142,217.0,0.331,si,si,si,si,si,si,no,0.0,
dataset7_CLINIC_metal_0058_data,grupo 1,evaluacion,otro,R1 arriba de TS,False,nan,default6mm,0.0,hueso,,0,0,0,11.8,128.0,13.5,13.4,-54.0,11.8,-69.0,1.5,-54.0,6.0,1.1,3.0,180.9,150.7,197.9,1.0,0.0,0.0,0.0,0.0,17.9,False,113,132.0,0.575,si,si,si,si,si,si,no,4.6,
dataset7_CLINIC_metal_0058_data,grupo 1,evaluacion,otro,R1 arriba de TS,False,nan,default6mm,0.0,ocupado_2500,,0,0,5326,11.8,128.0,13.5,13.4,-54.0,11.8,-69.0,1.5,-54.0,6.0,1.1,3.0,180.9,150.7,197.9,1.0,0.0,0.0,0.0,0.0,17.9,False,113,132.0,0.575,si,si,si,si,si,si,no,4.0,
dataset7_CLINIC_metal_0058_data,grupo 1,evaluacion,otro,R1 arriba de TS,False,nan,default6mm,0.0,ocupado_semimax,,0,0,8720,11.8,128.0,13.5,13.4,-54.0,11.8,-69.0,1.5,-54.0,6.0,1.1,3.0,180.9,150.7,197.9,1.0,0.0,0.0,0.0,0.0,17.9,False,113,132.0,0.575,si,si,si,si,si,si,no,3.8,
dataset7_CLINIC_metal_0058_data,grupo 1,evaluacion,otro,R1 arriba de TS,False,nan,default6mm,0.001,hueso,,100,96,0,11.8,128.0,13.5,13.4,-54.0,11.8,-69.0,1.5,-54.0,6.0,1.1,3.0,180.9,150.7,197.9,1.0,0.0,0.0,0.0,0.0,17.9,False,113,132.0,0.575,si,si,si,si,si,si,no,4.2,
dataset7_CLINIC_metal_0058_data,grupo 1,evaluacion,otro,R1 arriba de TS,False,nan,default6mm,0.001,ocupado_2500,,100,96,5326,11.8,128.0,13.5,13.4,-54.0,11.8,-69.0,1.5,-54.0,6.0,1.1,3.0,180.9,150.7,197.9,1.0,0.0,0.0,0.0,0.0,17.9,False,113,132.0,0.575,si,si,si,si,si,si,no,3.8,
dataset7_CLINIC_metal_0058_data,grupo 1,evaluacion,otro,R1 arriba de TS,False,nan,default6mm,0.001,ocupado_semimax,,100,96,8720,11.8,128.0,13.5,13.4,-54.0,11.8,-69.0,1.5,-54.0,6.0,1.1,3.0,180.9,150.7,197.9,1.0,0.0,0.0,0.0,0.0,17.9,False,113,132.0,0.575,si,si,si,si,si,si,no,3.9,
dataset7_CLINIC_metal_0058_data,grupo 1,evaluacion,otro,R1 arriba de TS,False,nan,default6mm,0.01,hueso,0.001,100,96,0,11.8,128.0,13.5,13.4,-54.0,11.8,-69.0,1.5,-54.0,6.0,1.1,3.0,180.9,150.7,197.9,1.0,0.0,0.0,0.0,0.0,17.9,False,113,132.0,0.575,si,si,si,si,si,si,no,0.0,
dataset7_CLINIC_metal_0058_data,grupo 1,evaluacion,otro,R1 arriba de TS,False,nan,default6mm,0.01,ocupado_2500,0.001,100,96,5326,11.8,128.0,13.5,13.4,-54.0,11.8,-69.0,1.5,-54.0,6.0,1.1,3.0,180.9,150.7,197.9,1.0,0.0,0.0,0.0,0.0,17.9,False,113,132.0,0.575,si,si,si,si,si,si,no,0.1,
dataset7_CLINIC_metal_0058_data,grupo 1,evaluacion,otro,R1 arriba de TS,False,nan,default6mm,0.01,ocupado_semimax,0.001,100,96,8720,11.8,128.0,13.5,13.4,-54.0,11.8,-69.0,1.5,-54.0,6.0,1.1,3.0,180.9,150.7,197.9,1.0,0.0,0.0,0.0,0.0,17.9,False,113,132.0,0.575,si,si,si,si,si,si,no,0.0,
dataset7_CLINIC_metal_0058_data,grupo 1,evaluacion,otro,R1 arriba de TS,False,nan,default6mm,0.05,hueso,0.001,100,96,0,11.8,128.0,13.5,13.4,-54.0,11.8,-69.0,1.5,-54.0,6.0,1.1,3.0,180.9,150.7,197.9,1.0,0.0,0.0,0.0,0.0,17.9,False,113,132.0,0.575,si,si,si,si,si,si,no,0.0,
dataset7_CLINIC_metal_0058_data,grupo 1,evaluacion,otro,R1 arriba de TS,False,nan,default6mm,0.05,ocupado_2500,0.001,100,96,5326,11.8,128.0,13.5,13.4,-54.0,11.8,-69.0,1.5,-54.0,6.0,1.1,3.0,180.9,150.7,197.9,1.0,0.0,0.0,0.0,0.0,17.9,False,113,132.0,0.575,si,si,si,si,si,si,no,0.1,
dataset7_CLINIC_metal_0058_data,grupo 1,evaluacion,otro,R1 arriba de TS,False,nan,default6mm,0.05,ocupado_semimax,0.001,100,96,8720,11.8,128.0,13.5,13.4,-54.0,11.8,-69.0,1.5,-54.0,6.0,1.1,3.0,180.9,150.7,197.9,1.0,0.0,0.0,0.0,0.0,17.9,False,113,132.0,0.575,si,si,si,si,si,si,no,0.0,
dataset7_CLINIC_metal_0058_data,grupo 1,evaluacion,otro,R1 arriba de TS,False,nan,robust3mm,0.0,hueso,,0,0,0,10.9,128.0,14.1,13.7,-54.0,10.9,-69.0,3.3,-54.0,6.0,3.9,3.0,180.9,150.7,197.9,0.9962,0.0,0.0872,0.0,0.0,21.2,False,109,155.0,0.459,si,si,si,si,no,si,no,4.1,
dataset7_CLINIC_metal_0058_data,grupo 1,evaluacion,otro,R1 arriba de TS,False,nan,robust3mm,0.0,ocupado_2500,,0,0,5317,10.9,128.0,14.1,13.7,-54.0,10.9,-69.0,3.3,-54.0,6.0,3.9,3.0,180.9,150.7,197.9,0.9962,0.0,0.0872,0.0,0.0,21.2,False,109,155.0,0.459,si,si,si,si,no,si,no,4.0,
dataset7_CLINIC_metal_0058_data,grupo 1,evaluacion,otro,R1 arriba de TS,False,nan,robust3mm,0.0,ocupado_semimax,,0,0,8642,10.9,128.0,14.1,13.7,-54.0,10.9,-69.0,3.3,-54.0,6.0,3.9,3.0,180.9,150.7,197.9,0.9962,0.0,0.0872,0.0,0.0,21.2,False,109,155.0,0.459,si,si,si,si,no,si,no,3.8,
dataset7_CLINIC_metal_0058_data,grupo 1,evaluacion,otro,R1 arriba de TS,False,nan,robust3mm,0.001,hueso,,252,192,0,10.9,128.0,14.1,13.7,-54.0,10.9,-69.0,3.3,-54.0,6.0,3.9,3.0,180.9,150.7,197.9,0.9962,0.0,0.0872,0.0,0.0,21.2,False,109,155.0,0.459,si,si,si,si,no,si,no,4.2,
dataset7_CLINIC_metal_0058_data,grupo 1,evaluacion,otro,R1 arriba de TS,False,nan,robust3mm,0.001,ocupado_2500,,252,192,5317,10.9,128.0,14.1,13.7,-54.0,10.9,-69.0,3.3,-54.0,6.0,3.9,3.0,180.9,150.7,197.9,0.9962,0.0,0.0872,0.0,0.0,21.2,False,109,155.0,0.459,si,si,si,si,no,si,no,4.0,
dataset7_CLINIC_metal_0058_data,grupo 1,evaluacion,otro,R1 arriba de TS,False,nan,robust3mm,0.001,ocupado_semimax,,252,192,8642,10.9,128.0,14.1,13.7,-54.0,10.9,-69.0,3.3,-54.0,6.0,3.9,3.0,180.9,150.7,197.9,0.9962,0.0,0.0872,0.0,0.0,21.2,False,109,155.0,0.459,si,si,si,si,no,si,no,3.9,
dataset7_CLINIC_metal_0058_data,grupo 1,evaluacion,otro,R1 arriba de TS,False,nan,robust3mm,0.01,hueso,0.001,252,192,0,10.9,128.0,14.1,13.7,-54.0,10.9,-69.0,3.3,-54.0,6.0,3.9,3.0,180.9,150.7,197.9,0.9962,0.0,0.0872,0.0,0.0,21.2,False,109,155.0,0.459,si,si,si,si,no,si,no,0.0,
dataset7_CLINIC_metal_0058_data,grupo 1,evaluacion,otro,R1 arriba de TS,False,nan,robust3mm,0.01,ocupado_2500,0.001,252,192,5317,10.9,128.0,14.1,13.7,-54.0,10.9,-69.0,3.3,-54.0,6.0,3.9,3.0,180.9,150.7,197.9,0.9962,0.0,0.0872,0.0,0.0,21.2,False,109,155.0,0.459,si,si,si,si,no,si,no,0.1,
dataset7_CLINIC_metal_0058_data,grupo 1,evaluacion,otro,R1 arriba de TS,False,nan,robust3mm,0.01,ocupado_semimax,0.001,252,192,8642,10.9,128.0,14.1,13.7,-54.0,10.9,-69.0,3.3,-54.0,6.0,3.9,3.0,180.9,150.7,197.9,0.9962,0.0,0.0872,0.0,0.0,21.2,False,109,155.0,0.459,si,si,si,si,no,si,no,0.0,
dataset7_CLINIC_metal_0058_data,grupo 1,evaluacion,otro,R1 arriba de TS,False,nan,robust3mm,0.05,hueso,0.001,252,192,0,10.9,128.0,14.1,13.7,-54.0,10.9,-69.0,3.3,-54.0,6.0,3.9,3.0,180.9,150.7,197.9,0.9962,0.0,0.0872,0.0,0.0,21.2,False,109,155.0,0.459,si,si,si,si,no,si,no,0.0,
dataset7_CLINIC_metal_0058_data,grupo 1,evaluacion,otro,R1 arriba de TS,False,nan,robust3mm,0.05,ocupado_2500,0.001,252,192,5317,10.9,128.0,14.1,13.7,-54.0,10.9,-69.0,3.3,-54.0,6.0,3.9,3.0,180.9,150.7,197.9,0.9962,0.0,0.0872,0.0,0.0,21.2,False,109,155.0,0.459,si,si,si,si,no,si,no,0.1,
dataset7_CLINIC_metal_0058_data,grupo 1,evaluacion,otro,R1 arriba de TS,False,nan,robust3mm,0.05,ocupado_semimax,0.001,252,192,8642,10.9,128.0,14.1,13.7,-54.0,10.9,-69.0,3.3,-54.0,6.0,3.9,3.0,180.9,150.7,197.9,0.9962,0.0,0.0872,0.0,0.0,21.2,False,109,155.0,0.459,si,si,si,si,no,si,no,0.0,
dataset7_CLINIC_metal_0056_data,grupo 1,evaluacion,ok,concordante,False,nan,default6mm,0.0,hueso,,0,0,0,10.5,168.0,10.9,15.9,-3.0,10.5,-24.0,8.2,-3.0,-6.0,1.2,2.6,185.4,165.3,192.9,0.9962,0.0,-0.0872,0.0,0.0,2.4,True,151,327.0,0.113,si,si,si,si,no,si,no,5.1,
dataset7_CLINIC_metal_0056_data,grupo 1,evaluacion,ok,concordante,False,nan,default6mm,0.0,ocupado_2500,,0,0,19633,8.2,104.0,8.2,15.9,-6.0,6.4,-24.0,8.2,-24.0,-15.0,23.8,22.6,185.4,156.3,171.9,0.8891,0.3236,0.3236,0.0,0.0,10.6,False,89,169.0,0.315,no,no,no,no,no,no,no,4.8,
dataset7_CLINIC_metal_0056_data,grupo 1,evaluacion,ok,concordante,False,nan,default6mm,0.0,ocupado_semimax,,0,0,19633,8.2,104.0,8.2,15.9,-6.0,6.4,-24.0,8.2,-24.0,-15.0,23.8,22.6,185.4,156.3,171.9,0.8891,0.3236,0.3236,0.0,0.0,10.6,False,89,169.0,0.315,no,no,no,no,no,no,no,4.6,
dataset7_CLINIC_metal_0056_data,grupo 1,evaluacion,ok,concordante,False,nan,default6mm,0.001,hueso,,152,132,0,10.5,168.0,10.9,15.9,-3.0,10.5,-24.0,8.2,-3.0,-6.0,1.2,2.6,185.4,165.3,192.9,0.9962,0.0,-0.0872,0.0,0.0,2.4,True,151,327.0,0.113,si,si,si,si,no,si,no,5.0,
dataset7_CLINIC_metal_0056_data,grupo 1,evaluacion,ok,concordante,False,nan,default6mm,0.001,ocupado_2500,,152,132,19633,8.2,104.0,8.2,15.9,-6.0,6.4,-24.0,8.2,-24.0,-15.0,23.8,22.6,185.4,156.3,171.9,0.8891,0.3236,0.3236,0.0,0.0,10.6,False,89,169.0,0.315,no,no,no,no,no,no,no,4.7,
dataset7_CLINIC_metal_0056_data,grupo 1,evaluacion,ok,concordante,False,nan,default6mm,0.001,ocupado_semimax,,152,132,19633,8.2,104.0,8.2,15.9,-6.0,6.4,-24.0,8.2,-24.0,-15.0,23.8,22.6,185.4,156.3,171.9,0.8891,0.3236,0.3236,0.0,0.0,10.6,False,89,169.0,0.315,no,no,no,no,no,no,no,4.3,
dataset7_CLINIC_metal_0056_data,grupo 1,evaluacion,ok,concordante,False,nan,default6mm,0.01,hueso,0.001,152,132,0,10.5,168.0,10.9,15.9,-3.0,10.5,-24.0,8.2,-3.0,-6.0,1.2,2.6,185.4,165.3,192.9,0.9962,0.0,-0.0872,0.0,0.0,2.4,True,151,327.0,0.113,si,si,si,si,no,si,no,0.0,
dataset7_CLINIC_metal_0056_data,grupo 1,evaluacion,ok,concordante,False,nan,default6mm,0.01,ocupado_2500,0.001,152,132,19633,8.2,104.0,8.2,15.9,-6.0,6.4,-24.0,8.2,-24.0,-15.0,23.8,22.6,185.4,156.3,171.9,0.8891,0.3236,0.3236,0.0,0.0,10.6,False,89,169.0,0.315,no,no,no,no,no,no,no,0.1,
dataset7_CLINIC_metal_0056_data,grupo 1,evaluacion,ok,concordante,False,nan,default6mm,0.01,ocupado_semimax,0.001,152,132,19633,8.2,104.0,8.2,15.9,-6.0,6.4,-24.0,8.2,-24.0,-15.0,23.8,22.6,185.4,156.3,171.9,0.8891,0.3236,0.3236,0.0,0.0,10.6,False,89,169.0,0.315,no,no,no,no,no,no,no,0.0,
dataset7_CLINIC_metal_0056_data,grupo 1,evaluacion,ok,concordante,False,nan,default6mm,0.05,hueso,0.001,152,132,0,10.5,168.0,10.9,15.9,-3.0,10.5,-24.0,8.2,-3.0,-6.0,1.2,2.6,185.4,165.3,192.9,0.9962,0.0,-0.0872,0.0,0.0,2.4,True,151,327.0,0.113,si,si,si,si,no,si,no,0.0,
dataset7_CLINIC_metal_0056_data,grupo 1,evaluacion,ok,concordante,False,nan,default6mm,0.05,ocupado_2500,0.001,152,132,19633,8.2,104.0,8.2,15.9,-6.0,6.4,-24.0,8.2,-24.0,-15.0,23.8,22.6,185.4,156.3,171.9,0.8891,0.3236,0.3236,0.0,0.0,10.6,False,89,169.0,0.315,no,no,no,no,no,no,no,0.1,
dataset7_CLINIC_metal_0056_data,grupo 1,evaluacion,ok,concordante,False,nan,default6mm,0.05,ocupado_semimax,0.001,152,132,19633,8.2,104.0,8.2,15.9,-6.0,6.4,-24.0,8.2,-24.0,-15.0,23.8,22.6,185.4,156.3,171.9,0.8891,0.3236,0.3236,0.0,0.0,10.6,False,89,169.0,0.315,no,no,no,no,no,no,no,0.0,
dataset7_CLINIC_metal_0056_data,grupo 1,evaluacion,ok,concordante,False,nan,robust3mm,0.0,hueso,,0,0,0,11.4,169.0,12.1,15.5,-3.0,11.4,-24.0,6.3,-3.0,-6.0,1.2,2.6,185.4,165.3,192.9,0.9962,0.0,-0.0872,0.0,0.0,2.4,True,153,323.0,0.111,si,si,si,si,si,si,no,4.9,
dataset7_CLINIC_metal_0056_data,grupo 1,evaluacion,ok,concordante,False,nan,robust3mm,0.0,ocupado_2500,,0,0,19932,6.4,170.0,8.7,15.5,-6.0,6.4,-24.0,6.3,-6.0,-6.0,6.2,7.6,185.4,165.3,189.9,0.9812,0.0858,-0.173,0.0,0.0,3.2,False,152,274.0,0.171,no,no,no,no,no,no,no,4.6,
dataset7_CLINIC_metal_0056_data,grupo 1,evaluacion,ok,concordante,False,nan,robust3mm,0.0,ocupado_semimax,,0,0,19932,6.4,170.0,8.7,15.5,-6.0,6.4,-24.0,6.3,-6.0,-6.0,6.2,7.6,185.4,165.3,189.9,0.9812,0.0858,-0.173,0.0,0.0,3.2,False,152,274.0,0.171,no,no,no,no,no,no,no,4.6,
dataset7_CLINIC_metal_0056_data,grupo 1,evaluacion,ok,concordante,False,nan,robust3mm,0.001,hueso,,184,168,0,11.4,169.0,12.1,15.5,-3.0,11.4,-24.0,6.3,-3.0,-6.0,1.2,2.6,185.4,165.3,192.9,0.9962,0.0,-0.0872,0.0,0.0,2.4,True,153,323.0,0.111,si,si,si,si,si,si,no,4.6,
dataset7_CLINIC_metal_0056_data,grupo 1,evaluacion,ok,concordante,False,nan,robust3mm,0.001,ocupado_2500,,184,168,19932,6.4,170.0,8.7,15.5,-6.0,6.4,-24.0,6.3,-6.0,-6.0,6.2,7.6,185.4,165.3,189.9,0.9812,0.0858,-0.173,0.0,0.0,3.2,False,152,274.0,0.171,no,no,no,no,no,no,no,4.8,
dataset7_CLINIC_metal_0056_data,grupo 1,evaluacion,ok,concordante,False,nan,robust3mm,0.001,ocupado_semimax,,184,168,19932,6.4,170.0,8.7,15.5,-6.0,6.4,-24.0,6.3,-6.0,-6.0,6.2,7.6,185.4,165.3,189.9,0.9812,0.0858,-0.173,0.0,0.0,3.2,False,152,274.0,0.171,no,no,no,no,no,no,no,4.7,
dataset7_CLINIC_metal_0056_data,grupo 1,evaluacion,ok,concordante,False,nan,robust3mm,0.01,hueso,0.001,184,168,0,11.4,169.0,12.1,15.5,-3.0,11.4,-24.0,6.3,-3.0,-6.0,1.2,2.6,185.4,165.3,192.9,0.9962,0.0,-0.0872,0.0,0.0,2.4,True,153,323.0,0.111,si,si,si,si,si,si,no,0.0,
dataset7_CLINIC_metal_0056_data,grupo 1,evaluacion,ok,concordante,False,nan,robust3mm,0.01,ocupado_2500,0.001,184,168,19932,6.4,170.0,8.7,15.5,-6.0,6.4,-24.0,6.3,-6.0,-6.0,6.2,7.6,185.4,165.3,189.9,0.9812,0.0858,-0.173,0.0,0.0,3.2,False,152,274.0,0.171,no,no,no,no,no,no,no,0.1,
dataset7_CLINIC_metal_0056_data,grupo 1,evaluacion,ok,concordante,False,nan,robust3mm,0.01,ocupado_semimax,0.001,184,168,19932,6.4,170.0,8.7,15.5,-6.0,6.4,-24.0,6.3,-6.0,-6.0,6.2,7.6,185.4,165.3,189.9,0.9812,0.0858,-0.173,0.0,0.0,3.2,False,152,274.0,0.171,no,no,no,no,no,no,no,0.0,
dataset7_CLINIC_metal_0056_data,grupo 1,evaluacion,ok,concordante,False,nan,robust3mm,0.05,hueso,0.001,184,168,0,11.4,169.0,12.1,15.5,-3.0,11.4,-24.0,6.3,-3.0,-6.0,1.2,2.6,185.4,165.3,192.9,0.9962,0.0,-0.0872,0.0,0.0,2.4,True,153,323.0,0.111,si,si,si,si,si,si,no,0.0,
dataset7_CLINIC_metal_0056_data,grupo 1,evaluacion,ok,concordante,False,nan,robust3mm,0.05,ocupado_2500,0.001,184,168,19932,6.4,170.0,8.7,15.5,-6.0,6.4,-24.0,6.3,-6.0,-6.0,6.2,7.6,185.4,165.3,189.9,0.9812,0.0858,-0.173,0.0,0.0,3.2,False,152,274.0,0.171,no,no,no,no,no,no,no,0.1,
dataset7_CLINIC_metal_0056_data,grupo 1,evaluacion,ok,concordante,False,nan,robust3mm,0.05,ocupado_semimax,0.001,184,168,19932,6.4,170.0,8.7,15.5,-6.0,6.4,-24.0,6.3,-6.0,-6.0,6.2,7.6,185.4,165.3,189.9,0.9812,0.0858,-0.173,0.0,0.0,3.2,False,152,274.0,0.171,no,no,no,no,no,no,no,0.0,
dataset7_CLINIC_metal_0059u0071_union,grupo 1,evaluacion,ok,concordante,False,nan,default6mm,0.0,hueso,,0,0,0,12.4,146.0,14.8,13.4,-6.0,12.4,-18.0,7.1,-6.0,-3.0,3.6,3.3,199.2,202.5,255.1,0.9848,0.0,-0.1736,0.0,0.0,7.5,False,124,216.5,0.315,si,si,si,si,si,si,si,4.3,
dataset7_CLINIC_metal_0059u0071_union,grupo 1,evaluacion,ok,concordante,False,nan,default6mm,0.0,ocupado_2500,,0,0,5248,12.4,146.0,14.8,13.4,-6.0,12.4,-18.0,7.1,-6.0,-3.0,3.6,3.3,199.2,202.5,255.1,0.9848,0.0,-0.1736,0.0,0.0,7.5,False,124,216.5,0.315,si,si,si,si,si,si,si,3.7,
dataset7_CLINIC_metal_0059u0071_union,grupo 1,evaluacion,ok,concordante,False,nan,default6mm,0.0,ocupado_semimax,,0,0,5248,12.4,146.0,14.8,13.4,-6.0,12.4,-18.0,7.1,-6.0,-3.0,3.6,3.3,199.2,202.5,255.1,0.9848,0.0,-0.1736,0.0,0.0,7.5,False,124,216.5,0.315,si,si,si,si,si,si,si,3.7,
dataset7_CLINIC_metal_0059u0071_union,grupo 1,evaluacion,ok,concordante,False,nan,default6mm,0.001,hueso,,42,42,0,12.4,146.0,14.8,13.4,-6.0,12.4,-18.0,7.1,-6.0,-3.0,3.6,3.3,199.2,202.5,255.1,0.9848,0.0,-0.1736,0.0,0.0,7.5,False,124,216.5,0.315,si,si,si,si,si,si,si,3.8,
dataset7_CLINIC_metal_0059u0071_union,grupo 1,evaluacion,ok,concordante,False,nan,default6mm,0.001,ocupado_2500,,42,42,5248,12.4,146.0,14.8,13.4,-6.0,12.4,-18.0,7.1,-6.0,-3.0,3.6,3.3,199.2,202.5,255.1,0.9848,0.0,-0.1736,0.0,0.0,7.5,False,124,216.5,0.315,si,si,si,si,si,si,si,3.8,
dataset7_CLINIC_metal_0059u0071_union,grupo 1,evaluacion,ok,concordante,False,nan,default6mm,0.001,ocupado_semimax,,42,42,5248,12.4,146.0,14.8,13.4,-6.0,12.4,-18.0,7.1,-6.0,-3.0,3.6,3.3,199.2,202.5,255.1,0.9848,0.0,-0.1736,0.0,0.0,7.5,False,124,216.5,0.315,si,si,si,si,si,si,si,3.6,
dataset7_CLINIC_metal_0059u0071_union,grupo 1,evaluacion,ok,concordante,False,nan,default6mm,0.01,hueso,0.001,42,42,0,12.4,146.0,14.8,13.4,-6.0,12.4,-18.0,7.1,-6.0,-3.0,3.6,3.3,199.2,202.5,255.1,0.9848,0.0,-0.1736,0.0,0.0,7.5,False,124,216.5,0.315,si,si,si,si,si,si,si,0.0,
dataset7_CLINIC_metal_0059u0071_union,grupo 1,evaluacion,ok,concordante,False,nan,default6mm,0.01,ocupado_2500,0.001,42,42,5248,12.4,146.0,14.8,13.4,-6.0,12.4,-18.0,7.1,-6.0,-3.0,3.6,3.3,199.2,202.5,255.1,0.9848,0.0,-0.1736,0.0,0.0,7.5,False,124,216.5,0.315,si,si,si,si,si,si,si,0.0,
dataset7_CLINIC_metal_0059u0071_union,grupo 1,evaluacion,ok,concordante,False,nan,default6mm,0.01,ocupado_semimax,0.001,42,42,5248,12.4,146.0,14.8,13.4,-6.0,12.4,-18.0,7.1,-6.0,-3.0,3.6,3.3,199.2,202.5,255.1,0.9848,0.0,-0.1736,0.0,0.0,7.5,False,124,216.5,0.315,si,si,si,si,si,si,si,0.0,
dataset7_CLINIC_metal_0059u0071_union,grupo 1,evaluacion,ok,concordante,False,nan,default6mm,0.05,hueso,0.001,42,42,0,12.4,146.0,14.8,13.4,-6.0,12.4,-18.0,7.1,-6.0,-3.0,3.6,3.3,199.2,202.5,255.1,0.9848,0.0,-0.1736,0.0,0.0,7.5,False,124,216.5,0.315,si,si,si,si,si,si,si,0.0,
dataset7_CLINIC_metal_0059u0071_union,grupo 1,evaluacion,ok,concordante,False,nan,default6mm,0.05,ocupado_2500,0.001,42,42,5248,12.4,146.0,14.8,13.4,-6.0,12.4,-18.0,7.1,-6.0,-3.0,3.6,3.3,199.2,202.5,255.1,0.9848,0.0,-0.1736,0.0,0.0,7.5,False,124,216.5,0.315,si,si,si,si,si,si,si,0.1,
dataset7_CLINIC_metal_0059u0071_union,grupo 1,evaluacion,ok,concordante,False,nan,default6mm,0.05,ocupado_semimax,0.001,42,42,5248,12.4,146.0,14.8,13.4,-6.0,12.4,-18.0,7.1,-6.0,-3.0,3.6,3.3,199.2,202.5,255.1,0.9848,0.0,-0.1736,0.0,0.0,7.5,False,124,216.5,0.315,si,si,si,si,si,si,si,0.0,
dataset7_CLINIC_metal_0059u0071_union,grupo 1,evaluacion,ok,concordante,False,nan,robust3mm,0.0,hueso,,0,0,0,11.5,145.0,14.9,13.6,-6.0,11.5,-18.0,7.1,-6.0,-3.0,3.6,3.3,199.2,202.5,255.1,0.9848,0.0,-0.1736,0.0,0.0,7.4,False,127,217.0,0.331,si,si,si,si,si,si,no,4.0,
dataset7_CLINIC_metal_0059u0071_union,grupo 1,evaluacion,ok,concordante,False,nan,robust3mm,0.0,ocupado_2500,,0,0,5273,11.5,145.0,13.5,13.6,-6.0,11.5,-18.0,7.1,-6.0,-3.0,3.6,3.3,199.2,202.5,255.1,0.9848,0.0,-0.1736,0.0,0.0,7.4,False,127,217.0,0.331,si,si,si,si,si,si,no,3.7,
dataset7_CLINIC_metal_0059u0071_union,grupo 1,evaluacion,ok,concordante,False,nan,robust3mm,0.0,ocupado_semimax,,0,0,5273,11.5,145.0,13.5,13.6,-6.0,11.5,-18.0,7.1,-6.0,-3.0,3.6,3.3,199.2,202.5,255.1,0.9848,0.0,-0.1736,0.0,0.0,7.4,False,127,217.0,0.331,si,si,si,si,si,si,no,2.9,
dataset7_CLINIC_metal_0059u0071_union,grupo 1,evaluacion,ok,concordante,False,nan,robust3mm,0.001,hueso,,12,12,0,11.5,145.0,14.9,13.6,-6.0,11.5,-18.0,7.1,-6.0,-3.0,3.6,3.3,199.2,202.5,255.1,0.9848,0.0,-0.1736,0.0,0.0,7.4,False,127,217.0,0.331,si,si,si,si,si,si,no,2.3,
dataset7_CLINIC_metal_0059u0071_union,grupo 1,evaluacion,ok,concordante,False,nan,robust3mm,0.001,ocupado_2500,,12,12,5273,11.5,145.0,13.5,13.6,-6.0,11.5,-18.0,7.1,-6.0,-3.0,3.6,3.3,199.2,202.5,255.1,0.9848,0.0,-0.1736,0.0,0.0,7.4,False,127,217.0,0.331,si,si,si,si,si,si,no,2.1,
dataset7_CLINIC_metal_0059u0071_union,grupo 1,evaluacion,ok,concordante,False,nan,robust3mm,0.001,ocupado_semimax,,12,12,5273,11.5,145.0,13.5,13.6,-6.0,11.5,-18.0,7.1,-6.0,-3.0,3.6,3.3,199.2,202.5,255.1,0.9848,0.0,-0.1736,0.0,0.0,7.4,False,127,217.0,0.331,si,si,si,si,si,si,no,2.0,
dataset7_CLINIC_metal_0059u0071_union,grupo 1,evaluacion,ok,concordante,False,nan,robust3mm,0.01,hueso,0.001,12,12,0,11.5,145.0,14.9,13.6,-6.0,11.5,-18.0,7.1,-6.0,-3.0,3.6,3.3,199.2,202.5,255.1,0.9848,0.0,-0.1736,0.0,0.0,7.4,False,127,217.0,0.331,si,si,si,si,si,si,no,0.0,
dataset7_CLINIC_metal_0059u0071_union,grupo 1,evaluacion,ok,concordante,False,nan,robust3mm,0.01,ocupado_2500,0.001,12,12,5273,11.5,145.0,13.5,13.6,-6.0,11.5,-18.0,7.1,-6.0,-3.0,3.6,3.3,199.2,202.5,255.1,0.9848,0.0,-0.1736,0.0,0.0,7.4,False,127,217.0,0.331,si,si,si,si,si,si,no,0.0,
dataset7_CLINIC_metal_0059u0071_union,grupo 1,evaluacion,ok,concordante,False,nan,robust3mm,0.01,ocupado_semimax,0.001,12,12,5273,11.5,145.0,13.5,13.6,-6.0,11.5,-18.0,7.1,-6.0,-3.0,3.6,3.3,199.2,202.5,255.1,0.9848,0.0,-0.1736,0.0,0.0,7.4,False,127,217.0,0.331,si,si,si,si,si,si,no,0.0,
dataset7_CLINIC_metal_0059u0071_union,grupo 1,evaluacion,ok,concordante,False,nan,robust3mm,0.05,hueso,0.001,12,12,0,11.5,145.0,14.9,13.6,-6.0,11.5,-18.0,7.1,-6.0,-3.0,3.6,3.3,199.2,202.5,255.1,0.9848,0.0,-0.1736,0.0,0.0,7.4,False,127,217.0,0.331,si,si,si,si,si,si,no,0.0,
dataset7_CLINIC_metal_0059u0071_union,grupo 1,evaluacion,ok,concordante,False,nan,robust3mm,0.05,ocupado_2500,0.001,12,12,5273,11.5,145.0,13.5,13.6,-6.0,11.5,-18.0,7.1,-6.0,-3.0,3.6,3.3,199.2,202.5,255.1,0.9848,0.0,-0.1736,0.0,0.0,7.4,False,127,217.0,0.331,si,si,si,si,si,si,no,0.0,
dataset7_CLINIC_metal_0059u0071_union,grupo 1,evaluacion,ok,concordante,False,nan,robust3mm,0.05,ocupado_semimax,0.001,12,12,5273,11.5,145.0,13.5,13.6,-6.0,11.5,-18.0,7.1,-6.0,-3.0,3.6,3.3,199.2,202.5,255.1,0.9848,0.0,-0.1736,0.0,0.0,7.4,False,127,217.0,0.331,si,si,si,si,si,si,no,0.0,
dataset7_CLINIC_metal_0060_data,grupo 1,evaluacion,ok,concordante,False,nan,default6mm,0.0,hueso,,0,0,0,12.6,144.0,14.8,14.1,-9.0,12.6,-21.0,7.6,-9.0,-3.0,0.2,2.0,179.5,156.5,187.2,0.9924,-0.0868,-0.0868,0.007,0.069,0.0,True,123,235.0,0.26,si,si,si,si,si,si,si,4.7,
dataset7_CLINIC_metal_0060_data,grupo 1,evaluacion,ok,concordante,False,nan,default6mm,0.0,ocupado_2500,,0,0,33449,10.6,93.0,10.9,14.1,-6.0,10.6,-21.0,7.6,-6.0,0.0,14.8,12.0,179.5,159.5,190.2,0.9812,0.0858,0.173,0.0,0.0,7.8,False,68,244.0,0.294,si,si,si,si,no,si,no,4.1,
dataset7_CLINIC_metal_0060_data,grupo 1,evaluacion,ok,concordante,False,nan,default6mm,0.0,ocupado_semimax,,0,0,33449,10.6,93.0,10.9,14.1,-6.0,10.6,-21.0,7.6,-6.0,0.0,14.8,12.0,179.5,159.5,190.2,0.9812,0.0858,0.173,0.0,0.0,7.8,False,68,244.0,0.294,si,si,si,si,no,si,no,4.0,
dataset7_CLINIC_metal_0060_data,grupo 1,evaluacion,ok,concordante,False,nan,default6mm,0.001,hueso,,338,338,0,12.6,144.0,14.8,13.7,-9.0,12.6,-21.0,7.6,-9.0,-3.0,0.2,2.0,179.5,156.5,187.2,0.9924,-0.0868,-0.0868,0.007,0.069,0.0,True,123,235.0,0.26,si,si,si,si,si,si,si,4.4,
dataset7_CLINIC_metal_0060_data,grupo 1,evaluacion,ok,concordante,False,nan,default6mm,0.001,ocupado_2500,,338,338,33449,10.6,93.0,10.9,13.7,-6.0,10.6,-21.0,7.6,-6.0,0.0,14.8,12.0,179.5,159.5,190.2,0.9812,0.0858,0.173,0.0,0.0,7.8,False,68,244.0,0.294,si,si,si,si,no,si,no,4.4,
dataset7_CLINIC_metal_0060_data,grupo 1,evaluacion,ok,concordante,False,nan,default6mm,0.001,ocupado_semimax,,338,338,33449,10.6,93.0,10.9,13.7,-6.0,10.6,-21.0,7.6,-6.0,0.0,14.8,12.0,179.5,159.5,190.2,0.9812,0.0858,0.173,0.0,0.0,7.8,False,68,244.0,0.294,si,si,si,si,no,si,no,4.2,
dataset7_CLINIC_metal_0060_data,grupo 1,evaluacion,ok,concordante,False,nan,default6mm,0.01,hueso,0.001,338,338,0,12.6,144.0,14.8,13.7,-9.0,12.6,-21.0,7.6,-9.0,-3.0,0.2,2.0,179.5,156.5,187.2,0.9924,-0.0868,-0.0868,0.007,0.069,0.0,True,123,235.0,0.26,si,si,si,si,si,si,si,0.0,
dataset7_CLINIC_metal_0060_data,grupo 1,evaluacion,ok,concordante,False,nan,default6mm,0.01,ocupado_2500,0.001,338,338,33449,10.6,93.0,10.9,13.7,-6.0,10.6,-21.0,7.6,-6.0,0.0,14.8,12.0,179.5,159.5,190.2,0.9812,0.0858,0.173,0.0,0.0,7.8,False,68,244.0,0.294,si,si,si,si,no,si,no,0.0,
dataset7_CLINIC_metal_0060_data,grupo 1,evaluacion,ok,concordante,False,nan,default6mm,0.01,ocupado_semimax,0.001,338,338,33449,10.6,93.0,10.9,13.7,-6.0,10.6,-21.0,7.6,-6.0,0.0,14.8,12.0,179.5,159.5,190.2,0.9812,0.0858,0.173,0.0,0.0,7.8,False,68,244.0,0.294,si,si,si,si,no,si,no,0.0,
dataset7_CLINIC_metal_0060_data,grupo 1,evaluacion,ok,concordante,False,nan,default6mm,0.05,hueso,0.001,338,338,0,12.6,144.0,14.8,13.7,-9.0,12.6,-21.0,7.6,-9.0,-3.0,0.2,2.0,179.5,156.5,187.2,0.9924,-0.0868,-0.0868,0.007,0.069,0.0,True,123,235.0,0.26,si,si,si,si,si,si,si,0.0,
dataset7_CLINIC_metal_0060_data,grupo 1,evaluacion,ok,concordante,False,nan,default6mm,0.05,ocupado_2500,0.001,338,338,33449,10.6,93.0,10.9,13.7,-6.0,10.6,-21.0,7.6,-6.0,0.0,14.8,12.0,179.5,159.5,190.2,0.9812,0.0858,0.173,0.0,0.0,7.8,False,68,244.0,0.294,si,si,si,si,no,si,no,0.0,
dataset7_CLINIC_metal_0060_data,grupo 1,evaluacion,ok,concordante,False,nan,default6mm,0.05,ocupado_semimax,0.001,338,338,33449,10.6,93.0,10.9,13.7,-6.0,10.6,-21.0,7.6,-6.0,0.0,14.8,12.0,179.5,159.5,190.2,0.9812,0.0858,0.173,0.0,0.0,7.8,False,68,244.0,0.294,si,si,si,si,no,si,no,0.0,
dataset7_CLINIC_metal_0060_data,grupo 1,evaluacion,ok,concordante,False,nan,robust3mm,0.0,hueso,,0,0,0,12.6,145.0,15.6,14.8,-9.0,12.6,-21.0,7.6,-9.0,-3.0,0.2,2.0,179.5,156.5,187.2,0.9924,-0.0868,-0.0868,0.014,0.068,0.0,True,126,241.0,0.294,si,si,si,si,si,si,si,4.4,
dataset7_CLINIC_metal_0060_data,grupo 1,evaluacion,ok,concordante,False,nan,robust3mm,0.0,ocupado_2500,,0,0,33984,11.7,93.0,13.1,14.8,-6.0,11.7,-21.0,7.6,-6.0,0.0,14.8,12.0,179.5,159.5,190.2,0.9812,0.0858,0.173,0.0,0.0,7.8,False,68,244.0,0.294,si,si,si,si,si,si,no,4.2,
dataset7_CLINIC_metal_0060_data,grupo 1,evaluacion,ok,concordante,False,nan,robust3mm,0.0,ocupado_semimax,,0,0,33984,11.7,93.0,13.1,14.8,-6.0,11.7,-21.0,7.6,-6.0,0.0,14.8,12.0,179.5,159.5,190.2,0.9812,0.0858,0.173,0.0,0.0,7.8,False,68,244.0,0.294,si,si,si,si,si,si,no,3.2,
dataset7_CLINIC_metal_0060_data,grupo 1,evaluacion,ok,concordante,False,nan,robust3mm,0.001,hueso,,404,388,0,12.6,145.0,15.6,14.8,-9.0,12.6,-21.0,7.6,-9.0,-3.0,0.2,2.0,179.5,156.5,187.2,0.9924,-0.0868,-0.0868,0.014,0.068,0.0,True,126,241.0,0.294,si,si,si,si,si,si,si,2.7,
dataset7_CLINIC_metal_0060_data,grupo 1,evaluacion,ok,concordante,False,nan,robust3mm,0.001,ocupado_2500,,404,388,33984,11.7,93.0,13.1,14.8,-6.0,11.7,-21.0,7.6,-6.0,0.0,14.8,12.0,179.5,159.5,190.2,0.9812,0.0858,0.173,0.0,0.0,7.8,False,68,244.0,0.294,si,si,si,si,si,si,no,2.4,
dataset7_CLINIC_metal_0060_data,grupo 1,evaluacion,ok,concordante,False,nan,robust3mm,0.001,ocupado_semimax,,404,388,33984,11.7,93.0,13.1,14.8,-6.0,11.7,-21.0,7.6,-6.0,0.0,14.8,12.0,179.5,159.5,190.2,0.9812,0.0858,0.173,0.0,0.0,7.8,False,68,244.0,0.294,si,si,si,si,si,si,no,2.4,
dataset7_CLINIC_metal_0060_data,grupo 1,evaluacion,ok,concordante,False,nan,robust3mm,0.01,hueso,0.001,404,388,0,12.6,145.0,15.6,14.8,-9.0,12.6,-21.0,7.6,-9.0,-3.0,0.2,2.0,179.5,156.5,187.2,0.9924,-0.0868,-0.0868,0.014,0.068,0.0,True,126,241.0,0.294,si,si,si,si,si,si,si,0.0,
dataset7_CLINIC_metal_0060_data,grupo 1,evaluacion,ok,concordante,False,nan,robust3mm,0.01,ocupado_2500,0.001,404,388,33984,11.7,93.0,13.1,14.8,-6.0,11.7,-21.0,7.6,-6.0,0.0,14.8,12.0,179.5,159.5,190.2,0.9812,0.0858,0.173,0.0,0.0,7.8,False,68,244.0,0.294,si,si,si,si,si,si,no,0.0,
dataset7_CLINIC_metal_0060_data,grupo 1,evaluacion,ok,concordante,False,nan,robust3mm,0.01,ocupado_semimax,0.001,404,388,33984,11.7,93.0,13.1,14.8,-6.0,11.7,-21.0,7.6,-6.0,0.0,14.8,12.0,179.5,159.5,190.2,0.9812,0.0858,0.173,0.0,0.0,7.8,False,68,244.0,0.294,si,si,si,si,si,si,no,0.0,
dataset7_CLINIC_metal_0060_data,grupo 1,evaluacion,ok,concordante,False,nan,robust3mm,0.05,hueso,0.001,404,388,0,12.6,145.0,15.6,14.8,-9.0,12.6,-21.0,7.6,-9.0,-3.0,0.2,2.0,179.5,156.5,187.2,0.9924,-0.0868,-0.0868,0.014,0.068,0.0,True,126,241.0,0.294,si,si,si,si,si,si,si,0.0,
dataset7_CLINIC_metal_0060_data,grupo 1,evaluacion,ok,concordante,False,nan,robust3mm,0.05,ocupado_2500,0.001,404,388,33984,11.7,93.0,13.1,14.8,-6.0,11.7,-21.0,7.6,-6.0,0.0,14.8,12.0,179.5,159.5,190.2,0.9812,0.0858,0.173,0.0,0.0,7.8,False,68,244.0,0.294,si,si,si,si,si,si,no,0.0,
dataset7_CLINIC_metal_0060_data,grupo 1,evaluacion,ok,concordante,False,nan,robust3mm,0.05,ocupado_semimax,0.001,404,388,33984,11.7,93.0,13.1,14.8,-6.0,11.7,-21.0,7.6,-6.0,0.0,14.8,12.0,179.5,159.5,190.2,0.9812,0.0858,0.173,0.0,0.0,7.8,False,68,244.0,0.294,si,si,si,si,si,si,no,0.0,
dataset7_CLINIC_metal_0068_data,grupo 2,otro,nan,R1 arriba de TS,False,nan,default6mm,0.0,hueso,,0,0,0,5.9,139.0,9.6,9.9,-75.0,5.9,,,-72.0,-3.0,8.8,0.5,264.0,232.7,174.7,0.9924,0.0868,0.0868,0.0,0.0,81.5,False,119,103.0,0.672,no,no,no,no,no,no,no,3.1,
dataset7_CLINIC_metal_0068_data,grupo 2,otro,nan,R1 arriba de TS,False,nan,default6mm,0.0,ocupado_2500,,0,0,0,5.9,139.0,9.6,9.9,-75.0,5.9,,,-72.0,-3.0,8.8,0.5,264.0,232.7,174.7,0.9924,0.0868,0.0868,0.0,0.0,81.5,False,119,103.0,0.672,no,no,no,no,no,no,no,2.3,
dataset7_CLINIC_metal_0068_data,grupo 2,otro,nan,R1 arriba de TS,False,nan,default6mm,0.0,ocupado_semimax,,0,0,0,5.9,139.0,9.6,9.9,-75.0,5.9,,,-72.0,-3.0,8.8,0.5,264.0,232.7,174.7,0.9924,0.0868,0.0868,0.0,0.0,81.5,False,119,103.0,0.672,no,no,no,no,no,no,no,2.5,
dataset7_CLINIC_metal_0068_data,grupo 2,otro,nan,R1 arriba de TS,False,nan,default6mm,0.001,hueso,,8,8,0,5.9,139.0,9.6,9.9,-75.0,5.9,,,-72.0,-3.0,8.8,0.5,264.0,232.7,174.7,0.9924,0.0868,0.0868,0.0,0.0,81.5,False,119,103.0,0.672,no,no,no,no,no,no,no,2.4,
dataset7_CLINIC_metal_0068_data,grupo 2,otro,nan,R1 arriba de TS,False,nan,default6mm,0.001,ocupado_2500,,8,8,0,5.9,139.0,9.6,9.9,-75.0,5.9,,,-72.0,-3.0,8.8,0.5,264.0,232.7,174.7,0.9924,0.0868,0.0868,0.0,0.0,81.5,False,119,103.0,0.672,no,no,no,no,no,no,no,2.4,
dataset7_CLINIC_metal_0068_data,grupo 2,otro,nan,R1 arriba de TS,False,nan,default6mm,0.001,ocupado_semimax,,8,8,0,5.9,139.0,9.6,9.9,-75.0,5.9,,,-72.0,-3.0,8.8,0.5,264.0,232.7,174.7,0.9924,0.0868,0.0868,0.0,0.0,81.5,False,119,103.0,0.672,no,no,no,no,no,no,no,2.4,
dataset7_CLINIC_metal_0068_data,grupo 2,otro,nan,R1 arriba de TS,False,nan,default6mm,0.01,hueso,,656,656,0,5.9,139.0,9.6,9.9,-75.0,5.9,,,-72.0,-3.0,8.8,0.5,264.0,232.7,174.7,0.9924,0.0868,0.0868,0.0,0.0,81.5,False,119,103.0,0.672,no,no,no,no,no,no,no,2.7,
dataset7_CLINIC_metal_0068_data,grupo 2,otro,nan,R1 arriba de TS,False,nan,default6mm,0.01,ocupado_2500,,656,656,0,5.9,139.0,9.6,9.9,-75.0,5.9,,,-72.0,-3.0,8.8,0.5,264.0,232.7,174.7,0.9924,0.0868,0.0868,0.0,0.0,81.5,False,119,103.0,0.672,no,no,no,no,no,no,no,2.3,
dataset7_CLINIC_metal_0068_data,grupo 2,otro,nan,R1 arriba de TS,False,nan,default6mm,0.01,ocupado_semimax,,656,656,0,5.9,139.0,9.6,9.9,-75.0,5.9,,,-72.0,-3.0,8.8,0.5,264.0,232.7,174.7,0.9924,0.0868,0.0868,0.0,0.0,81.5,False,119,103.0,0.672,no,no,no,no,no,no,no,2.2,
dataset7_CLINIC_metal_0068_data,grupo 2,otro,nan,R1 arriba de TS,False,nan,default6mm,0.05,hueso,0.01,656,656,0,5.9,139.0,9.6,9.9,-75.0,5.9,,,-72.0,-3.0,8.8,0.5,264.0,232.7,174.7,0.9924,0.0868,0.0868,0.0,0.0,81.5,False,119,103.0,0.672,no,no,no,no,no,no,no,0.0,
dataset7_CLINIC_metal_0068_data,grupo 2,otro,nan,R1 arriba de TS,False,nan,default6mm,0.05,ocupado_2500,0.01,656,656,0,5.9,139.0,9.6,9.9,-75.0,5.9,,,-72.0,-3.0,8.8,0.5,264.0,232.7,174.7,0.9924,0.0868,0.0868,0.0,0.0,81.5,False,119,103.0,0.672,no,no,no,no,no,no,no,0.0,
dataset7_CLINIC_metal_0068_data,grupo 2,otro,nan,R1 arriba de TS,False,nan,default6mm,0.05,ocupado_semimax,0.01,656,656,0,5.9,139.0,9.6,9.9,-75.0,5.9,,,-72.0,-3.0,8.8,0.5,264.0,232.7,174.7,0.9924,0.0868,0.0868,0.0,0.0,81.5,False,119,103.0,0.672,no,no,no,no,no,no,no,0.0,
dataset7_CLINIC_metal_0068_data,grupo 2,otro,nan,R1 arriba de TS,False,nan,robust3mm,0.0,hueso,,0,0,0,8.2,138.0,9.6,11.0,-72.0,8.2,,,-72.0,-3.0,3.8,0.5,264.0,232.7,174.7,0.9962,0.0872,0.0,0.0,0.0,77.5,False,120,101.0,0.65,no,no,no,no,no,no,no,1.4,
dataset7_CLINIC_metal_0068_data,grupo 2,otro,nan,R1 arriba de TS,False,nan,robust3mm,0.0,ocupado_2500,,0,0,0,8.2,138.0,9.6,11.0,-72.0,8.2,,,-72.0,-3.0,3.8,0.5,264.0,232.7,174.7,0.9962,0.0872,0.0,0.0,0.0,77.5,False,120,101.0,0.65,no,no,no,no,no,no,no,1.3,
dataset7_CLINIC_metal_0068_data,grupo 2,otro,nan,R1 arriba de TS,False,nan,robust3mm,0.0,ocupado_semimax,,0,0,0,8.2,138.0,9.6,11.0,-72.0,8.2,,,-72.0,-3.0,3.8,0.5,264.0,232.7,174.7,0.9962,0.0872,0.0,0.0,0.0,77.5,False,120,101.0,0.65,no,no,no,no,no,no,no,1.1,
dataset7_CLINIC_metal_0068_data,grupo 2,otro,nan,R1 arriba de TS,False,nan,robust3mm,0.001,hueso,,28,24,0,8.2,138.0,9.6,11.0,-72.0,8.2,,,-72.0,-3.0,3.8,0.5,264.0,232.7,174.7,0.9962,0.0872,0.0,0.0,0.0,77.5,False,120,101.0,0.65,no,no,no,no,no,no,no,1.3,
dataset7_CLINIC_metal_0068_data,grupo 2,otro,nan,R1 arriba de TS,False,nan,robust3mm,0.001,ocupado_2500,,28,24,0,8.2,138.0,9.6,11.0,-72.0,8.2,,,-72.0,-3.0,3.8,0.5,264.0,232.7,174.7,0.9962,0.0872,0.0,0.0,0.0,77.5,False,120,101.0,0.65,no,no,no,no,no,no,no,1.2,
dataset7_CLINIC_metal_0068_data,grupo 2,otro,nan,R1 arriba de TS,False,nan,robust3mm,0.001,ocupado_semimax,,28,24,0,8.2,138.0,9.6,11.0,-72.0,8.2,,,-72.0,-3.0,3.8,0.5,264.0,232.7,174.7,0.9962,0.0872,0.0,0.0,0.0,77.5,False,120,101.0,0.65,no,no,no,no,no,no,no,1.2,
dataset7_CLINIC_metal_0068_data,grupo 2,otro,nan,R1 arriba de TS,False,nan,robust3mm,0.01,hueso,0.001,28,24,0,8.2,138.0,9.6,11.0,-72.0,8.2,,,-72.0,-3.0,3.8,0.5,264.0,232.7,174.7,0.9962,0.0872,0.0,0.0,0.0,77.5,False,120,101.0,0.65,no,no,no,no,no,no,no,0.0,
dataset7_CLINIC_metal_0068_data,grupo 2,otro,nan,R1 arriba de TS,False,nan,robust3mm,0.01,ocupado_2500,0.001,28,24,0,8.2,138.0,9.6,11.0,-72.0,8.2,,,-72.0,-3.0,3.8,0.5,264.0,232.7,174.7,0.9962,0.0872,0.0,0.0,0.0,77.5,False,120,101.0,0.65,no,no,no,no,no,no,no,0.0,
dataset7_CLINIC_metal_0068_data,grupo 2,otro,nan,R1 arriba de TS,False,nan,robust3mm,0.01,ocupado_semimax,0.001,28,24,0,8.2,138.0,9.6,11.0,-72.0,8.2,,,-72.0,-3.0,3.8,0.5,264.0,232.7,174.7,0.9962,0.0872,0.0,0.0,0.0,77.5,False,120,101.0,0.65,no,no,no,no,no,no,no,0.0,
dataset7_CLINIC_metal_0068_data,grupo 2,otro,nan,R1 arriba de TS,False,nan,robust3mm,0.05,hueso,0.001,28,24,0,8.2,138.0,9.6,11.0,-72.0,8.2,,,-72.0,-3.0,3.8,0.5,264.0,232.7,174.7,0.9962,0.0872,0.0,0.0,0.0,77.5,False,120,101.0,0.65,no,no,no,no,no,no,no,0.0,
dataset7_CLINIC_metal_0068_data,grupo 2,otro,nan,R1 arriba de TS,False,nan,robust3mm,0.05,ocupado_2500,0.001,28,24,0,8.2,138.0,9.6,11.0,-72.0,8.2,,,-72.0,-3.0,3.8,0.5,264.0,232.7,174.7,0.9962,0.0872,0.0,0.0,0.0,77.5,False,120,101.0,0.65,no,no,no,no,no,no,no,0.0,
dataset7_CLINIC_metal_0068_data,grupo 2,otro,nan,R1 arriba de TS,False,nan,robust3mm,0.05,ocupado_semimax,0.001,28,24,0,8.2,138.0,9.6,11.0,-72.0,8.2,,,-72.0,-3.0,3.8,0.5,264.0,232.7,174.7,0.9962,0.0872,0.0,0.0,0.0,77.5,False,120,101.0,0.65,no,no,no,no,no,no,no,0.0,
dataset7_CLINIC_metal_0067_data,grupo 1,evaluacion,+1,R1 arriba de TS,False,nan,default6mm,0.0,hueso,,0,0,0,7.0,112.0,10.8,7.7,-39.0,7.0,-57.0,6.6,-39.0,-27.0,4.8,2.2,223.1,153.7,197.0,1.0,0.0,0.0,0.0,0.071,0.8,True,88,233.0,0.318,no,no,no,no,no,no,no,4.0,
dataset7_CLINIC_metal_0067_data,grupo 1,evaluacion,+1,R1 arriba de TS,False,nan,default6mm,0.0,ocupado_2500,,0,0,23865,7.6,109.0,13.3,8.1,-36.0,7.6,-57.0,6.6,-36.0,-27.0,4.8,2.2,223.1,153.7,200.0,1.0,0.0,0.0,0.082,0.118,0.0,True,84,122.5,0.536,no,no,no,no,no,no,no,3.3,
dataset7_CLINIC_metal_0067_data,grupo 1,evaluacion,+1,R1 arriba de TS,False,nan,default6mm,0.0,ocupado_semimax,,0,0,23948,7.6,109.0,13.3,8.1,-36.0,7.6,-57.0,6.6,-36.0,-27.0,4.8,2.2,223.1,153.7,200.0,1.0,0.0,0.0,0.082,0.118,0.0,True,84,122.5,0.536,no,no,no,no,no,no,no,3.4,
dataset7_CLINIC_metal_0067_data,grupo 1,evaluacion,+1,R1 arriba de TS,False,nan,default6mm,0.001,hueso,,108,84,0,7.0,112.0,10.8,7.7,-39.0,7.0,-57.0,6.6,-39.0,-27.0,4.8,2.2,223.1,153.7,197.0,1.0,0.0,0.0,0.0,0.071,0.8,True,88,233.0,0.318,no,no,no,no,no,no,no,3.8,
dataset7_CLINIC_metal_0067_data,grupo 1,evaluacion,+1,R1 arriba de TS,False,nan,default6mm,0.001,ocupado_2500,,108,84,23865,7.6,109.0,13.3,8.1,-36.0,7.6,-57.0,6.6,-36.0,-27.0,4.8,2.2,223.1,153.7,200.0,1.0,0.0,0.0,0.082,0.118,0.0,True,84,122.5,0.536,no,no,no,no,no,no,no,3.6,
dataset7_CLINIC_metal_0067_data,grupo 1,evaluacion,+1,R1 arriba de TS,False,nan,default6mm,0.001,ocupado_semimax,,108,84,23948,7.6,109.0,13.3,8.1,-36.0,7.6,-57.0,6.6,-36.0,-27.0,4.8,2.2,223.1,153.7,200.0,1.0,0.0,0.0,0.082,0.118,0.0,True,84,122.5,0.536,no,no,no,no,no,no,no,2.2,
dataset7_CLINIC_metal_0067_data,grupo 1,evaluacion,+1,R1 arriba de TS,False,nan,default6mm,0.01,hueso,0.001,108,84,0,7.0,112.0,10.8,7.7,-39.0,7.0,-57.0,6.6,-39.0,-27.0,4.8,2.2,223.1,153.7,197.0,1.0,0.0,0.0,0.0,0.071,0.8,True,88,233.0,0.318,no,no,no,no,no,no,no,0.0,
dataset7_CLINIC_metal_0067_data,grupo 1,evaluacion,+1,R1 arriba de TS,False,nan,default6mm,0.01,ocupado_2500,0.001,108,84,23865,7.6,109.0,13.3,8.1,-36.0,7.6,-57.0,6.6,-36.0,-27.0,4.8,2.2,223.1,153.7,200.0,1.0,0.0,0.0,0.082,0.118,0.0,True,84,122.5,0.536,no,no,no,no,no,no,no,0.0,
dataset7_CLINIC_metal_0067_data,grupo 1,evaluacion,+1,R1 arriba de TS,False,nan,default6mm,0.01,ocupado_semimax,0.001,108,84,23948,7.6,109.0,13.3,8.1,-36.0,7.6,-57.0,6.6,-36.0,-27.0,4.8,2.2,223.1,153.7,200.0,1.0,0.0,0.0,0.082,0.118,0.0,True,84,122.5,0.536,no,no,no,no,no,no,no,0.0,
dataset7_CLINIC_metal_0067_data,grupo 1,evaluacion,+1,R1 arriba de TS,False,nan,default6mm,0.05,hueso,0.001,108,84,0,7.0,112.0,10.8,7.7,-39.0,7.0,-57.0,6.6,-39.0,-27.0,4.8,2.2,223.1,153.7,197.0,1.0,0.0,0.0,0.0,0.071,0.8,True,88,233.0,0.318,no,no,no,no,no,no,no,0.0,
dataset7_CLINIC_metal_0067_data,grupo 1,evaluacion,+1,R1 arriba de TS,False,nan,default6mm,0.05,ocupado_2500,0.001,108,84,23865,7.6,109.0,13.3,8.1,-36.0,7.6,-57.0,6.6,-36.0,-27.0,4.8,2.2,223.1,153.7,200.0,1.0,0.0,0.0,0.082,0.118,0.0,True,84,122.5,0.536,no,no,no,no,no,no,no,0.0,
dataset7_CLINIC_metal_0067_data,grupo 1,evaluacion,+1,R1 arriba de TS,False,nan,default6mm,0.05,ocupado_semimax,0.001,108,84,23948,7.6,109.0,13.3,8.1,-36.0,7.6,-57.0,6.6,-36.0,-27.0,4.8,2.2,223.1,153.7,200.0,1.0,0.0,0.0,0.082,0.118,0.0,True,84,122.5,0.536,no,no,no,no,no,no,no,0.0,
dataset7_CLINIC_metal_0067_data,grupo 1,evaluacion,+1,R1 arriba de TS,False,nan,robust3mm,0.0,hueso,,0,0,0,6.6,121.0,11.2,10.0,-39.0,6.6,-63.0,6.4,-39.0,-27.0,10.2,7.2,223.1,153.7,197.0,0.9625,0.0842,-0.2579,0.131,0.213,0.0,True,101,221.0,0.287,no,no,no,no,no,no,no,1.9,
dataset7_CLINIC_metal_0067_data,grupo 1,evaluacion,+1,R1 arriba de TS,False,nan,robust3mm,0.0,ocupado_2500,,0,0,23348,7.7,110.0,11.6,8.5,-39.0,7.7,-57.0,5.5,-39.0,-27.0,9.8,2.2,223.1,153.7,197.0,0.9962,0.0,0.0872,0.099,0.117,0.0,True,86,185.0,0.442,no,no,no,no,no,no,no,1.9,
dataset7_CLINIC_metal_0067_data,grupo 1,evaluacion,+1,R1 arriba de TS,False,nan,robust3mm,0.0,ocupado_semimax,,0,0,23431,7.7,110.0,11.6,8.5,-39.0,7.7,-57.0,5.5,-39.0,-27.0,9.8,2.2,223.1,153.7,197.0,0.9962,0.0,0.0872,0.099,0.117,0.0,True,86,185.0,0.442,no,no,no,no,no,no,no,1.8,
dataset7_CLINIC_metal_0067_data,grupo 1,evaluacion,+1,R1 arriba de TS,False,nan,robust3mm,0.001,hueso,,62,62,0,6.6,121.0,11.2,10.0,-39.0,6.6,-63.0,6.4,-39.0,-27.0,10.2,7.2,223.1,153.7,197.0,0.9625,0.0842,-0.2579,0.131,0.213,0.0,True,101,221.0,0.287,no,no,no,no,no,no,no,2.0,
dataset7_CLINIC_metal_0067_data,grupo 1,evaluacion,+1,R1 arriba de TS,False,nan,robust3mm,0.001,ocupado_2500,,62,62,23348,7.7,110.0,11.6,8.5,-39.0,7.7,-57.0,5.5,-39.0,-27.0,9.8,2.2,223.1,153.7,197.0,0.9962,0.0,0.0872,0.099,0.117,0.0,True,86,185.0,0.442,no,no,no,no,no,no,no,1.9,
dataset7_CLINIC_metal_0067_data,grupo 1,evaluacion,+1,R1 arriba de TS,False,nan,robust3mm,0.001,ocupado_semimax,,62,62,23431,7.7,110.0,11.6,8.5,-39.0,7.7,-57.0,5.5,-39.0,-27.0,9.8,2.2,223.1,153.7,197.0,0.9962,0.0,0.0872,0.099,0.117,0.0,True,86,185.0,0.442,no,no,no,no,no,no,no,1.7,
dataset7_CLINIC_metal_0067_data,grupo 1,evaluacion,+1,R1 arriba de TS,False,nan,robust3mm,0.01,hueso,0.001,62,62,0,6.6,121.0,11.2,10.0,-39.0,6.6,-63.0,6.4,-39.0,-27.0,10.2,7.2,223.1,153.7,197.0,0.9625,0.0842,-0.2579,0.131,0.213,0.0,True,101,221.0,0.287,no,no,no,no,no,no,no,0.0,
dataset7_CLINIC_metal_0067_data,grupo 1,evaluacion,+1,R1 arriba de TS,False,nan,robust3mm,0.01,ocupado_2500,0.001,62,62,23348,7.7,110.0,11.6,8.5,-39.0,7.7,-57.0,5.5,-39.0,-27.0,9.8,2.2,223.1,153.7,197.0,0.9962,0.0,0.0872,0.099,0.117,0.0,True,86,185.0,0.442,no,no,no,no,no,no,no,0.0,
dataset7_CLINIC_metal_0067_data,grupo 1,evaluacion,+1,R1 arriba de TS,False,nan,robust3mm,0.01,ocupado_semimax,0.001,62,62,23431,7.7,110.0,11.6,8.5,-39.0,7.7,-57.0,5.5,-39.0,-27.0,9.8,2.2,223.1,153.7,197.0,0.9962,0.0,0.0872,0.099,0.117,0.0,True,86,185.0,0.442,no,no,no,no,no,no,no,0.0,
dataset7_CLINIC_metal_0067_data,grupo 1,evaluacion,+1,R1 arriba de TS,False,nan,robust3mm,0.05,hueso,0.001,62,62,0,6.6,121.0,11.2,10.0,-39.0,6.6,-63.0,6.4,-39.0,-27.0,10.2,7.2,223.1,153.7,197.0,0.9625,0.0842,-0.2579,0.131,0.213,0.0,True,101,221.0,0.287,no,no,no,no,no,no,no,0.0,
dataset7_CLINIC_metal_0067_data,grupo 1,evaluacion,+1,R1 arriba de TS,False,nan,robust3mm,0.05,ocupado_2500,0.001,62,62,23348,7.7,110.0,11.6,8.5,-39.0,7.7,-57.0,5.5,-39.0,-27.0,9.8,2.2,223.1,153.7,197.0,0.9962,0.0,0.0872,0.099,0.117,0.0,True,86,185.0,0.442,no,no,no,no,no,no,no,0.0,
dataset7_CLINIC_metal_0067_data,grupo 1,evaluacion,+1,R1 arriba de TS,False,nan,robust3mm,0.05,ocupado_semimax,0.001,62,62,23431,7.7,110.0,11.6,8.5,-39.0,7.7,-57.0,5.5,-39.0,-27.0,9.8,2.2,223.1,153.7,197.0,0.9962,0.0,0.0872,0.099,0.117,0.0,True,86,185.0,0.442,no,no,no,no,no,no,no,0.0,
dataset7_CLINIC_metal_0063_data,grupo 1,evaluacion,ok,concordante,False,nan,default6mm,0.0,hueso,,0,0,0,10.6,145.0,12.8,11.5,-30.0,10.6,-42.0,7.0,-30.0,-24.0,1.0,5.3,192.8,181.3,66.0,0.9812,0.173,-0.0858,0.0,0.0,8.9,False,124,84.5,0.637,si,si,si,si,no,si,no,4.5,
dataset7_CLINIC_metal_0063_data,grupo 1,evaluacion,ok,concordante,False,nan,default6mm,0.0,ocupado_2500,,0,0,29440,10.6,145.0,12.8,11.5,-30.0,10.6,-42.0,7.0,-30.0,-24.0,1.0,5.3,192.8,181.3,66.0,0.9812,0.173,-0.0858,0.0,0.0,8.9,False,124,84.5,0.637,si,si,si,si,no,si,no,4.2,
dataset7_CLINIC_metal_0063_data,grupo 1,evaluacion,ok,concordante,False,nan,default6mm,0.0,ocupado_semimax,,0,0,29440,10.6,145.0,12.8,11.5,-30.0,10.6,-42.0,7.0,-30.0,-24.0,1.0,5.3,192.8,181.3,66.0,0.9812,0.173,-0.0858,0.0,0.0,8.9,False,124,84.5,0.637,si,si,si,si,no,si,no,4.0,
dataset7_CLINIC_metal_0063_data,grupo 1,evaluacion,ok,concordante,False,nan,default6mm,0.001,hueso,,284,284,0,10.6,145.0,12.8,11.5,-30.0,10.6,-42.0,7.0,-30.0,-24.0,1.0,5.3,192.8,181.3,66.0,0.9812,0.173,-0.0858,0.0,0.0,8.9,False,124,84.5,0.637,si,si,si,si,no,si,no,4.5,
dataset7_CLINIC_metal_0063_data,grupo 1,evaluacion,ok,concordante,False,nan,default6mm,0.001,ocupado_2500,,284,284,29440,10.6,145.0,12.8,11.5,-30.0,10.6,-42.0,7.0,-30.0,-24.0,1.0,5.3,192.8,181.3,66.0,0.9812,0.173,-0.0858,0.0,0.0,8.9,False,124,84.5,0.637,si,si,si,si,no,si,no,4.1,
dataset7_CLINIC_metal_0063_data,grupo 1,evaluacion,ok,concordante,False,nan,default6mm,0.001,ocupado_semimax,,284,284,29440,10.6,145.0,12.8,11.5,-30.0,10.6,-42.0,7.0,-30.0,-24.0,1.0,5.3,192.8,181.3,66.0,0.9812,0.173,-0.0858,0.0,0.0,8.9,False,124,84.5,0.637,si,si,si,si,no,si,no,2.5,
dataset7_CLINIC_metal_0063_data,grupo 1,evaluacion,ok,concordante,False,nan,default6mm,0.01,hueso,0.001,284,284,0,10.6,145.0,12.8,11.5,-30.0,10.6,-42.0,7.0,-30.0,-24.0,1.0,5.3,192.8,181.3,66.0,0.9812,0.173,-0.0858,0.0,0.0,8.9,False,124,84.5,0.637,si,si,si,si,no,si,no,0.0,
dataset7_CLINIC_metal_0063_data,grupo 1,evaluacion,ok,concordante,False,nan,default6mm,0.01,ocupado_2500,0.001,284,284,29440,10.6,145.0,12.8,11.5,-30.0,10.6,-42.0,7.0,-30.0,-24.0,1.0,5.3,192.8,181.3,66.0,0.9812,0.173,-0.0858,0.0,0.0,8.9,False,124,84.5,0.637,si,si,si,si,no,si,no,0.0,
dataset7_CLINIC_metal_0063_data,grupo 1,evaluacion,ok,concordante,False,nan,default6mm,0.01,ocupado_semimax,0.001,284,284,29440,10.6,145.0,12.8,11.5,-30.0,10.6,-42.0,7.0,-30.0,-24.0,1.0,5.3,192.8,181.3,66.0,0.9812,0.173,-0.0858,0.0,0.0,8.9,False,124,84.5,0.637,si,si,si,si,no,si,no,0.0,
dataset7_CLINIC_metal_0063_data,grupo 1,evaluacion,ok,concordante,False,nan,default6mm,0.05,hueso,0.001,284,284,0,10.6,145.0,12.8,11.5,-30.0,10.6,-42.0,7.0,-30.0,-24.0,1.0,5.3,192.8,181.3,66.0,0.9812,0.173,-0.0858,0.0,0.0,8.9,False,124,84.5,0.637,si,si,si,si,no,si,no,0.0,
dataset7_CLINIC_metal_0063_data,grupo 1,evaluacion,ok,concordante,False,nan,default6mm,0.05,ocupado_2500,0.001,284,284,29440,10.6,145.0,12.8,11.5,-30.0,10.6,-42.0,7.0,-30.0,-24.0,1.0,5.3,192.8,181.3,66.0,0.9812,0.173,-0.0858,0.0,0.0,8.9,False,124,84.5,0.637,si,si,si,si,no,si,no,0.0,
dataset7_CLINIC_metal_0063_data,grupo 1,evaluacion,ok,concordante,False,nan,default6mm,0.05,ocupado_semimax,0.001,284,284,29440,10.6,145.0,12.8,11.5,-30.0,10.6,-42.0,7.0,-30.0,-24.0,1.0,5.3,192.8,181.3,66.0,0.9812,0.173,-0.0858,0.0,0.0,8.9,False,124,84.5,0.637,si,si,si,si,no,si,no,0.0,
dataset7_CLINIC_metal_0063_data,grupo 1,evaluacion,ok,concordante,False,nan,robust3mm,0.0,hueso,,0,0,0,9.3,145.0,12.5,12.7,-33.0,9.3,,,-33.0,-24.0,1.0,5.3,192.8,181.3,63.0,0.9812,0.173,-0.0858,0.0,0.0,6.6,False,126,107.5,0.587,no,si,no,si,no,no,no,2.5,
dataset7_CLINIC_metal_0063_data,grupo 1,evaluacion,ok,concordante,False,nan,robust3mm,0.0,ocupado_2500,,0,0,28635,9.3,145.0,12.5,12.7,-33.0,9.3,,,-33.0,-24.0,1.0,5.3,192.8,181.3,63.0,0.9812,0.173,-0.0858,0.0,0.0,6.6,False,126,107.5,0.587,no,si,no,si,no,no,no,2.2,
dataset7_CLINIC_metal_0063_data,grupo 1,evaluacion,ok,concordante,False,nan,robust3mm,0.0,ocupado_semimax,,0,0,28635,9.3,145.0,12.5,12.7,-33.0,9.3,,,-33.0,-24.0,1.0,5.3,192.8,181.3,63.0,0.9812,0.173,-0.0858,0.0,0.0,6.6,False,126,107.5,0.587,no,si,no,si,no,no,no,2.2,
dataset7_CLINIC_metal_0063_data,grupo 1,evaluacion,ok,concordante,False,nan,robust3mm,0.001,hueso,,344,344,0,9.3,145.0,12.5,12.7,-33.0,9.3,,,-33.0,-24.0,1.0,5.3,192.8,181.3,63.0,0.9812,0.173,-0.0858,0.0,0.0,6.6,False,126,107.5,0.587,no,si,no,si,no,no,no,2.4,
dataset7_CLINIC_metal_0063_data,grupo 1,evaluacion,ok,concordante,False,nan,robust3mm,0.001,ocupado_2500,,344,344,28635,9.3,145.0,12.5,12.7,-33.0,9.3,,,-33.0,-24.0,1.0,5.3,192.8,181.3,63.0,0.9812,0.173,-0.0858,0.0,0.0,6.6,False,126,107.5,0.587,no,si,no,si,no,no,no,2.3,
dataset7_CLINIC_metal_0063_data,grupo 1,evaluacion,ok,concordante,False,nan,robust3mm,0.001,ocupado_semimax,,344,344,28635,9.3,145.0,12.5,12.7,-33.0,9.3,,,-33.0,-24.0,1.0,5.3,192.8,181.3,63.0,0.9812,0.173,-0.0858,0.0,0.0,6.6,False,126,107.5,0.587,no,si,no,si,no,no,no,2.2,
dataset7_CLINIC_metal_0063_data,grupo 1,evaluacion,ok,concordante,False,nan,robust3mm,0.01,hueso,0.001,344,344,0,9.3,145.0,12.5,12.7,-33.0,9.3,,,-33.0,-24.0,1.0,5.3,192.8,181.3,63.0,0.9812,0.173,-0.0858,0.0,0.0,6.6,False,126,107.5,0.587,no,si,no,si,no,no,no,0.0,
dataset7_CLINIC_metal_0063_data,grupo 1,evaluacion,ok,concordante,False,nan,robust3mm,0.01,ocupado_2500,0.001,344,344,28635,9.3,145.0,12.5,12.7,-33.0,9.3,,,-33.0,-24.0,1.0,5.3,192.8,181.3,63.0,0.9812,0.173,-0.0858,0.0,0.0,6.6,False,126,107.5,0.587,no,si,no,si,no,no,no,0.0,
dataset7_CLINIC_metal_0063_data,grupo 1,evaluacion,ok,concordante,False,nan,robust3mm,0.01,ocupado_semimax,0.001,344,344,28635,9.3,145.0,12.5,12.7,-33.0,9.3,,,-33.0,-24.0,1.0,5.3,192.8,181.3,63.0,0.9812,0.173,-0.0858,0.0,0.0,6.6,False,126,107.5,0.587,no,si,no,si,no,no,no,0.0,
dataset7_CLINIC_metal_0063_data,grupo 1,evaluacion,ok,concordante,False,nan,robust3mm,0.05,hueso,0.001,344,344,0,9.3,145.0,12.5,12.7,-33.0,9.3,,,-33.0,-24.0,1.0,5.3,192.8,181.3,63.0,0.9812,0.173,-0.0858,0.0,0.0,6.6,False,126,107.5,0.587,no,si,no,si,no,no,no,0.0,
dataset7_CLINIC_metal_0063_data,grupo 1,evaluacion,ok,concordante,False,nan,robust3mm,0.05,ocupado_2500,0.001,344,344,28635,9.3,145.0,12.5,12.7,-33.0,9.3,,,-33.0,-24.0,1.0,5.3,192.8,181.3,63.0,0.9812,0.173,-0.0858,0.0,0.0,6.6,False,126,107.5,0.587,no,si,no,si,no,no,no,0.0,
dataset7_CLINIC_metal_0063_data,grupo 1,evaluacion,ok,concordante,False,nan,robust3mm,0.05,ocupado_semimax,0.001,344,344,28635,9.3,145.0,12.5,12.7,-33.0,9.3,,,-33.0,-24.0,1.0,5.3,192.8,181.3,63.0,0.9812,0.173,-0.0858,0.0,0.0,6.6,False,126,107.5,0.587,no,si,no,si,no,no,no,0.0,
dataset7_CLINIC_metal_0073_data,grupo 1,evaluacion,ok,concordante,False,nan,default6mm,0.0,hueso,,0,0,0,11.9,141.0,15.1,16.4,-9.0,11.9,-45.0,3.8,-9.0,0.0,0.8,4.8,241.2,230.8,174.1,0.9924,-0.0868,-0.0868,0.0,0.0,85.8,False,123,275.0,0.236,si,si,si,si,si,si,no,3.9,
dataset7_CLINIC_metal_0073_data,grupo 1,evaluacion,ok,concordante,False,nan,default6mm,0.0,ocupado_2500,,0,0,0,11.9,141.0,15.1,16.4,-9.0,11.9,-45.0,3.8,-9.0,0.0,0.8,4.8,241.2,230.8,174.1,0.9924,-0.0868,-0.0868,0.0,0.0,85.8,False,123,275.0,0.236,si,si,si,si,si,si,no,3.4,
dataset7_CLINIC_metal_0073_data,grupo 1,evaluacion,ok,concordante,False,nan,default6mm,0.0,ocupado_semimax,,0,0,0,11.9,141.0,15.1,16.4,-9.0,11.9,-45.0,3.8,-9.0,0.0,0.8,4.8,241.2,230.8,174.1,0.9924,-0.0868,-0.0868,0.0,0.0,85.8,False,123,275.0,0.236,si,si,si,si,si,si,no,2.9,
dataset7_CLINIC_metal_0073_data,grupo 1,evaluacion,ok,concordante,False,nan,default6mm,0.001,hueso,,16,16,0,11.9,141.0,15.1,16.4,-9.0,11.9,-45.0,3.8,-9.0,0.0,0.8,4.8,241.2,230.8,174.1,0.9924,-0.0868,-0.0868,0.0,0.0,85.8,False,123,275.0,0.236,si,si,si,si,si,si,no,1.8,
dataset7_CLINIC_metal_0073_data,grupo 1,evaluacion,ok,concordante,False,nan,default6mm,0.001,ocupado_2500,,16,16,0,11.9,141.0,15.1,16.4,-9.0,11.9,-45.0,3.8,-9.0,0.0,0.8,4.8,241.2,230.8,174.1,0.9924,-0.0868,-0.0868,0.0,0.0,85.8,False,123,275.0,0.236,si,si,si,si,si,si,no,1.8,
dataset7_CLINIC_metal_0073_data,grupo 1,evaluacion,ok,concordante,False,nan,default6mm,0.001,ocupado_semimax,,16,16,0,11.9,141.0,15.1,16.4,-9.0,11.9,-45.0,3.8,-9.0,0.0,0.8,4.8,241.2,230.8,174.1,0.9924,-0.0868,-0.0868,0.0,0.0,85.8,False,123,275.0,0.236,si,si,si,si,si,si,no,1.8,
dataset7_CLINIC_metal_0073_data,grupo 1,evaluacion,ok,concordante,False,nan,default6mm,0.01,hueso,0.001,16,16,0,11.9,141.0,15.1,16.4,-9.0,11.9,-45.0,3.8,-9.0,0.0,0.8,4.8,241.2,230.8,174.1,0.9924,-0.0868,-0.0868,0.0,0.0,85.8,False,123,275.0,0.236,si,si,si,si,si,si,no,0.0,
dataset7_CLINIC_metal_0073_data,grupo 1,evaluacion,ok,concordante,False,nan,default6mm,0.01,ocupado_2500,0.001,16,16,0,11.9,141.0,15.1,16.4,-9.0,11.9,-45.0,3.8,-9.0,0.0,0.8,4.8,241.2,230.8,174.1,0.9924,-0.0868,-0.0868,0.0,0.0,85.8,False,123,275.0,0.236,si,si,si,si,si,si,no,0.0,
dataset7_CLINIC_metal_0073_data,grupo 1,evaluacion,ok,concordante,False,nan,default6mm,0.01,ocupado_semimax,0.001,16,16,0,11.9,141.0,15.1,16.4,-9.0,11.9,-45.0,3.8,-9.0,0.0,0.8,4.8,241.2,230.8,174.1,0.9924,-0.0868,-0.0868,0.0,0.0,85.8,False,123,275.0,0.236,si,si,si,si,si,si,no,0.0,
dataset7_CLINIC_metal_0073_data,grupo 1,evaluacion,ok,concordante,False,nan,default6mm,0.05,hueso,0.001,16,16,0,11.9,141.0,15.1,16.4,-9.0,11.9,-45.0,3.8,-9.0,0.0,0.8,4.8,241.2,230.8,174.1,0.9924,-0.0868,-0.0868,0.0,0.0,85.8,False,123,275.0,0.236,si,si,si,si,si,si,no,0.0,
dataset7_CLINIC_metal_0073_data,grupo 1,evaluacion,ok,concordante,False,nan,default6mm,0.05,ocupado_2500,0.001,16,16,0,11.9,141.0,15.1,16.4,-9.0,11.9,-45.0,3.8,-9.0,0.0,0.8,4.8,241.2,230.8,174.1,0.9924,-0.0868,-0.0868,0.0,0.0,85.8,False,123,275.0,0.236,si,si,si,si,si,si,no,0.0,
dataset7_CLINIC_metal_0073_data,grupo 1,evaluacion,ok,concordante,False,nan,default6mm,0.05,ocupado_semimax,0.001,16,16,0,11.9,141.0,15.1,16.4,-9.0,11.9,-45.0,3.8,-9.0,0.0,0.8,4.8,241.2,230.8,174.1,0.9924,-0.0868,-0.0868,0.0,0.0,85.8,False,123,275.0,0.236,si,si,si,si,si,si,no,0.0,
dataset7_CLINIC_metal_0073_data,grupo 1,evaluacion,ok,concordante,False,nan,robust3mm,0.0,hueso,,0,0,0,12.2,141.0,15.4,16.8,-9.0,12.2,-42.0,4.2,-9.0,0.0,0.8,0.2,241.2,230.8,174.1,0.9962,0.0,-0.0872,0.0,0.0,80.8,False,123,235.0,0.211,si,si,si,si,si,si,si,1.9,
dataset7_CLINIC_metal_0073_data,grupo 1,evaluacion,ok,concordante,False,nan,robust3mm,0.0,ocupado_2500,,0,0,0,12.2,141.0,15.4,16.8,-9.0,12.2,-42.0,4.2,-9.0,0.0,0.8,0.2,241.2,230.8,174.1,0.9962,0.0,-0.0872,0.0,0.0,80.8,False,123,235.0,0.211,si,si,si,si,si,si,si,1.8,
dataset7_CLINIC_metal_0073_data,grupo 1,evaluacion,ok,concordante,False,nan,robust3mm,0.0,ocupado_semimax,,0,0,0,12.2,141.0,15.4,16.8,-9.0,12.2,-42.0,4.2,-9.0,0.0,0.8,0.2,241.2,230.8,174.1,0.9962,0.0,-0.0872,0.0,0.0,80.8,False,123,235.0,0.211,si,si,si,si,si,si,si,1.7,
dataset7_CLINIC_metal_0073_data,grupo 1,evaluacion,ok,concordante,False,nan,robust3mm,0.001,hueso,,20,20,0,12.2,141.0,15.4,16.8,-9.0,12.2,-42.0,4.2,-9.0,0.0,0.8,0.2,241.2,230.8,174.1,0.9962,0.0,-0.0872,0.0,0.0,80.8,False,123,235.0,0.211,si,si,si,si,si,si,si,1.8,
dataset7_CLINIC_metal_0073_data,grupo 1,evaluacion,ok,concordante,False,nan,robust3mm,0.001,ocupado_2500,,20,20,0,12.2,141.0,15.4,16.8,-9.0,12.2,-42.0,4.2,-9.0,0.0,0.8,0.2,241.2,230.8,174.1,0.9962,0.0,-0.0872,0.0,0.0,80.8,False,123,235.0,0.211,si,si,si,si,si,si,si,1.8,
dataset7_CLINIC_metal_0073_data,grupo 1,evaluacion,ok,concordante,False,nan,robust3mm,0.001,ocupado_semimax,,20,20,0,12.2,141.0,15.4,16.8,-9.0,12.2,-42.0,4.2,-9.0,0.0,0.8,0.2,241.2,230.8,174.1,0.9962,0.0,-0.0872,0.0,0.0,80.8,False,123,235.0,0.211,si,si,si,si,si,si,si,1.7,
dataset7_CLINIC_metal_0073_data,grupo 1,evaluacion,ok,concordante,False,nan,robust3mm,0.01,hueso,0.001,20,20,0,12.2,141.0,15.4,16.8,-9.0,12.2,-42.0,4.2,-9.0,0.0,0.8,0.2,241.2,230.8,174.1,0.9962,0.0,-0.0872,0.0,0.0,80.8,False,123,235.0,0.211,si,si,si,si,si,si,si,0.0,
dataset7_CLINIC_metal_0073_data,grupo 1,evaluacion,ok,concordante,False,nan,robust3mm,0.01,ocupado_2500,0.001,20,20,0,12.2,141.0,15.4,16.8,-9.0,12.2,-42.0,4.2,-9.0,0.0,0.8,0.2,241.2,230.8,174.1,0.9962,0.0,-0.0872,0.0,0.0,80.8,False,123,235.0,0.211,si,si,si,si,si,si,si,0.0,
dataset7_CLINIC_metal_0073_data,grupo 1,evaluacion,ok,concordante,False,nan,robust3mm,0.01,ocupado_semimax,0.001,20,20,0,12.2,141.0,15.4,16.8,-9.0,12.2,-42.0,4.2,-9.0,0.0,0.8,0.2,241.2,230.8,174.1,0.9962,0.0,-0.0872,0.0,0.0,80.8,False,123,235.0,0.211,si,si,si,si,si,si,si,0.0,
dataset7_CLINIC_metal_0073_data,grupo 1,evaluacion,ok,concordante,False,nan,robust3mm,0.05,hueso,0.001,20,20,0,12.2,141.0,15.4,16.8,-9.0,12.2,-42.0,4.2,-9.0,0.0,0.8,0.2,241.2,230.8,174.1,0.9962,0.0,-0.0872,0.0,0.0,80.8,False,123,235.0,0.211,si,si,si,si,si,si,si,0.0,
dataset7_CLINIC_metal_0073_data,grupo 1,evaluacion,ok,concordante,False,nan,robust3mm,0.05,ocupado_2500,0.001,20,20,0,12.2,141.0,15.4,16.8,-9.0,12.2,-42.0,4.2,-9.0,0.0,0.8,0.2,241.2,230.8,174.1,0.9962,0.0,-0.0872,0.0,0.0,80.8,False,123,235.0,0.211,si,si,si,si,si,si,si,0.0,
dataset7_CLINIC_metal_0073_data,grupo 1,evaluacion,ok,concordante,False,nan,robust3mm,0.05,ocupado_semimax,0.001,20,20,0,12.2,141.0,15.4,16.8,-9.0,12.2,-42.0,4.2,-9.0,0.0,0.8,0.2,241.2,230.8,174.1,0.9962,0.0,-0.0872,0.0,0.0,80.8,False,123,235.0,0.211,si,si,si,si,si,si,si,0.0,
dataset7_CLINIC_metal_0062_data,grupo 1,evaluacion,ok,concordante,False,nan,default6mm,0.0,hueso,,0,0,0,10.9,144.0,14.4,13.1,-12.0,10.9,-30.0,4.6,-12.0,-6.0,6.4,0.0,188.3,137.2,194.5,0.9924,-0.0868,0.0868,0.034,0.2,0.0,True,126,893.5,0.317,si,si,si,si,no,si,no,4.6,
dataset7_CLINIC_metal_0062_data,grupo 1,evaluacion,ok,concordante,False,nan,default6mm,0.0,ocupado_2500,,0,0,5587,5.9,153.0,7.8,8.8,-12.0,5.9,-30.0,4.6,-12.0,-3.0,11.4,0.0,188.3,140.2,194.5,0.9812,-0.0858,0.173,0.0,0.0,3.1,False,134,463.0,0.172,no,no,no,no,no,no,no,4.4,
dataset7_CLINIC_metal_0062_data,grupo 1,evaluacion,ok,concordante,False,nan,default6mm,0.0,ocupado_semimax,,0,0,6582,4.9,153.0,7.8,6.7,-12.0,4.9,-30.0,4.6,-12.0,-3.0,11.4,0.0,188.3,140.2,194.5,0.9812,-0.0858,0.173,0.0,0.0,3.1,False,134,463.0,0.172,no,no,no,no,no,no,no,4.2,
dataset7_CLINIC_metal_0062_data,grupo 1,evaluacion,ok,concordante,False,nan,default6mm,0.001,hueso,,60,60,0,10.9,144.0,14.4,13.1,-12.0,10.9,-30.0,4.6,-12.0,-6.0,6.4,0.0,188.3,137.2,194.5,0.9924,-0.0868,0.0868,0.034,0.2,0.0,True,126,893.5,0.317,si,si,si,si,no,si,no,4.6,
dataset7_CLINIC_metal_0062_data,grupo 1,evaluacion,ok,concordante,False,nan,default6mm,0.001,ocupado_2500,,60,60,5587,5.9,153.0,7.8,8.8,-12.0,5.9,-30.0,4.6,-12.0,-3.0,11.4,0.0,188.3,140.2,194.5,0.9812,-0.0858,0.173,0.0,0.0,3.1,False,134,463.0,0.172,no,no,no,no,no,no,no,4.4,
dataset7_CLINIC_metal_0062_data,grupo 1,evaluacion,ok,concordante,False,nan,default6mm,0.001,ocupado_semimax,,60,60,6582,4.9,153.0,7.8,6.7,-12.0,4.9,-30.0,4.6,-12.0,-3.0,11.4,0.0,188.3,140.2,194.5,0.9812,-0.0858,0.173,0.0,0.0,3.1,False,134,463.0,0.172,no,no,no,no,no,no,no,4.1,
dataset7_CLINIC_metal_0062_data,grupo 1,evaluacion,ok,concordante,False,nan,default6mm,0.01,hueso,0.001,60,60,0,10.9,144.0,14.4,13.1,-12.0,10.9,-30.0,4.6,-12.0,-6.0,6.4,0.0,188.3,137.2,194.5,0.9924,-0.0868,0.0868,0.034,0.2,0.0,True,126,893.5,0.317,si,si,si,si,no,si,no,0.0,
dataset7_CLINIC_metal_0062_data,grupo 1,evaluacion,ok,concordante,False,nan,default6mm,0.01,ocupado_2500,0.001,60,60,5587,5.9,153.0,7.8,8.8,-12.0,5.9,-30.0,4.6,-12.0,-3.0,11.4,0.0,188.3,140.2,194.5,0.9812,-0.0858,0.173,0.0,0.0,3.1,False,134,463.0,0.172,no,no,no,no,no,no,no,0.1,
dataset7_CLINIC_metal_0062_data,grupo 1,evaluacion,ok,concordante,False,nan,default6mm,0.01,ocupado_semimax,0.001,60,60,6582,4.9,153.0,7.8,6.7,-12.0,4.9,-30.0,4.6,-12.0,-3.0,11.4,0.0,188.3,140.2,194.5,0.9812,-0.0858,0.173,0.0,0.0,3.1,False,134,463.0,0.172,no,no,no,no,no,no,no,0.0,
dataset7_CLINIC_metal_0062_data,grupo 1,evaluacion,ok,concordante,False,nan,default6mm,0.05,hueso,0.001,60,60,0,10.9,144.0,14.4,13.1,-12.0,10.9,-30.0,4.6,-12.0,-6.0,6.4,0.0,188.3,137.2,194.5,0.9924,-0.0868,0.0868,0.034,0.2,0.0,True,126,893.5,0.317,si,si,si,si,no,si,no,0.0,
dataset7_CLINIC_metal_0062_data,grupo 1,evaluacion,ok,concordante,False,nan,default6mm,0.05,ocupado_2500,0.001,60,60,5587,5.9,153.0,7.8,8.8,-12.0,5.9,-30.0,4.6,-12.0,-3.0,11.4,0.0,188.3,140.2,194.5,0.9812,-0.0858,0.173,0.0,0.0,3.1,False,134,463.0,0.172,no,no,no,no,no,no,no,0.1,
dataset7_CLINIC_metal_0062_data,grupo 1,evaluacion,ok,concordante,False,nan,default6mm,0.05,ocupado_semimax,0.001,60,60,6582,4.9,153.0,7.8,6.7,-12.0,4.9,-30.0,4.6,-12.0,-3.0,11.4,0.0,188.3,140.2,194.5,0.9812,-0.0858,0.173,0.0,0.0,3.1,False,134,463.0,0.172,no,no,no,no,no,no,no,0.0,
dataset7_CLINIC_metal_0062_data,grupo 1,evaluacion,ok,concordante,False,nan,robust3mm,0.0,hueso,,0,0,0,11.9,144.0,14.4,14.1,-12.0,11.9,-30.0,5.5,-12.0,-6.0,6.4,0.0,188.3,137.2,194.5,0.9924,-0.0868,0.0868,0.034,0.2,0.0,True,128,876.0,0.32,si,si,si,si,si,si,no,4.7,
dataset7_CLINIC_metal_0062_data,grupo 1,evaluacion,ok,concordante,False,nan,robust3mm,0.0,ocupado_2500,,0,0,5582,6.2,143.0,8.3,6.7,-18.0,6.2,-30.0,5.5,-18.0,-9.0,1.4,5.0,188.3,134.2,188.5,0.9848,-0.1736,0.0,0.0,0.042,1.3,True,121,232.0,0.231,no,no,no,no,no,no,no,4.0,
dataset7_CLINIC_metal_0062_data,grupo 1,evaluacion,ok,concordante,False,nan,robust3mm,0.0,ocupado_semimax,,0,0,6577,6.2,143.0,8.3,6.5,-18.0,6.2,-30.0,5.5,-18.0,-9.0,1.4,5.0,188.3,134.2,188.5,0.9848,-0.1736,0.0,0.0,0.042,1.3,True,121,232.0,0.231,no,no,no,no,no,no,no,3.0,
dataset7_CLINIC_metal_0062_data,grupo 1,evaluacion,ok,concordante,False,nan,robust3mm,0.001,hueso,,128,128,0,11.9,144.0,14.4,14.1,-12.0,11.9,-30.0,5.5,-12.0,-6.0,6.4,0.0,188.3,137.2,194.5,0.9924,-0.0868,0.0868,0.034,0.2,0.0,True,128,876.0,0.32,si,si,si,si,si,si,no,2.6,
dataset7_CLINIC_metal_0062_data,grupo 1,evaluacion,ok,concordante,False,nan,robust3mm,0.001,ocupado_2500,,128,128,5582,6.2,143.0,8.3,6.7,-18.0,6.2,-30.0,5.5,-18.0,-9.0,1.4,5.0,188.3,134.2,188.5,0.9848,-0.1736,0.0,0.0,0.042,1.3,True,121,232.0,0.231,no,no,no,no,no,no,no,2.4,
dataset7_CLINIC_metal_0062_data,grupo 1,evaluacion,ok,concordante,False,nan,robust3mm,0.001,ocupado_semimax,,128,128,6577,6.2,143.0,8.3,6.5,-18.0,6.2,-30.0,5.5,-18.0,-9.0,1.4,5.0,188.3,134.2,188.5,0.9848,-0.1736,0.0,0.0,0.042,1.3,True,121,232.0,0.231,no,no,no,no,no,no,no,2.2,
dataset7_CLINIC_metal_0062_data,grupo 1,evaluacion,ok,concordante,False,nan,robust3mm,0.01,hueso,0.001,128,128,0,11.9,144.0,14.4,14.1,-12.0,11.9,-30.0,5.5,-12.0,-6.0,6.4,0.0,188.3,137.2,194.5,0.9924,-0.0868,0.0868,0.034,0.2,0.0,True,128,876.0,0.32,si,si,si,si,si,si,no,0.0,
dataset7_CLINIC_metal_0062_data,grupo 1,evaluacion,ok,concordante,False,nan,robust3mm,0.01,ocupado_2500,0.001,128,128,5582,6.2,143.0,8.3,6.7,-18.0,6.2,-30.0,5.5,-18.0,-9.0,1.4,5.0,188.3,134.2,188.5,0.9848,-0.1736,0.0,0.0,0.042,1.3,True,121,232.0,0.231,no,no,no,no,no,no,no,0.0,
dataset7_CLINIC_metal_0062_data,grupo 1,evaluacion,ok,concordante,False,nan,robust3mm,0.01,ocupado_semimax,0.001,128,128,6577,6.2,143.0,8.3,6.5,-18.0,6.2,-30.0,5.5,-18.0,-9.0,1.4,5.0,188.3,134.2,188.5,0.9848,-0.1736,0.0,0.0,0.042,1.3,True,121,232.0,0.231,no,no,no,no,no,no,no,0.0,
dataset7_CLINIC_metal_0062_data,grupo 1,evaluacion,ok,concordante,False,nan,robust3mm,0.05,hueso,0.001,128,128,0,11.9,144.0,14.4,14.1,-12.0,11.9,-30.0,5.5,-12.0,-6.0,6.4,0.0,188.3,137.2,194.5,0.9924,-0.0868,0.0868,0.034,0.2,0.0,True,128,876.0,0.32,si,si,si,si,si,si,no,0.0,
dataset7_CLINIC_metal_0062_data,grupo 1,evaluacion,ok,concordante,False,nan,robust3mm,0.05,ocupado_2500,0.001,128,128,5582,6.2,143.0,8.3,6.7,-18.0,6.2,-30.0,5.5,-18.0,-9.0,1.4,5.0,188.3,134.2,188.5,0.9848,-0.1736,0.0,0.0,0.042,1.3,True,121,232.0,0.231,no,no,no,no,no,no,no,0.0,
dataset7_CLINIC_metal_0062_data,grupo 1,evaluacion,ok,concordante,False,nan,robust3mm,0.05,ocupado_semimax,0.001,128,128,6577,6.2,143.0,8.3,6.5,-18.0,6.2,-30.0,5.5,-18.0,-9.0,1.4,5.0,188.3,134.2,188.5,0.9848,-0.1736,0.0,0.0,0.042,1.3,True,121,232.0,0.231,no,no,no,no,no,no,no,0.0,
dataset7_CLINIC_metal_0069_data,grupo 1,evaluacion,ok,concordante,False,nan,default6mm,0.0,hueso,,0,0,0,10.5,141.0,13.8,13.2,-12.0,10.4,-30.0,10.5,-30.0,-27.0,5.0,1.0,212.1,171.1,176.5,0.9962,0.0,-0.0872,0.0,0.042,0.8,True,124,118.5,0.637,si,si,si,si,no,si,no,4.1,
dataset7_CLINIC_metal_0069_data,grupo 1,evaluacion,ok,concordante,False,nan,default6mm,0.0,ocupado_2500,,0,0,16520,9.6,137.0,13.8,11.5,-12.0,8.3,-30.0,9.6,-30.0,-27.0,5.0,4.0,212.1,171.1,176.5,0.9924,-0.0868,0.0868,0.0,0.0,4.8,False,119,141.0,0.546,no,si,no,si,no,no,no,4.0,
dataset7_CLINIC_metal_0069_data,grupo 1,evaluacion,ok,concordante,False,nan,default6mm,0.0,ocupado_semimax,,0,0,16527,9.6,137.0,13.8,11.5,-12.0,8.3,-30.0,9.6,-30.0,-27.0,5.0,4.0,212.1,171.1,176.5,0.9924,-0.0868,0.0868,0.0,0.0,4.8,False,119,141.0,0.546,no,si,no,si,no,no,no,3.8,
dataset7_CLINIC_metal_0069_data,grupo 1,evaluacion,ok,concordante,False,nan,default6mm,0.001,hueso,,56,56,0,10.5,141.0,13.8,13.2,-12.0,10.4,-30.0,10.5,-30.0,-27.0,5.0,1.0,212.1,171.1,176.5,0.9962,0.0,-0.0872,0.0,0.042,0.8,True,124,118.5,0.637,si,si,si,si,no,si,no,4.0,
dataset7_CLINIC_metal_0069_data,grupo 1,evaluacion,ok,concordante,False,nan,default6mm,0.001,ocupado_2500,,56,56,16516,9.6,137.0,13.8,11.5,-12.0,8.3,-30.0,9.6,-30.0,-27.0,5.0,4.0,212.1,171.1,176.5,0.9924,-0.0868,0.0868,0.0,0.0,4.8,False,119,141.0,0.546,no,si,no,si,no,no,no,3.7,
dataset7_CLINIC_metal_0069_data,grupo 1,evaluacion,ok,concordante,False,nan,default6mm,0.001,ocupado_semimax,,56,56,16523,9.6,137.0,13.8,11.5,-12.0,8.3,-30.0,9.6,-30.0,-27.0,5.0,4.0,212.1,171.1,176.5,0.9924,-0.0868,0.0868,0.0,0.0,4.8,False,119,141.0,0.546,no,si,no,si,no,no,no,3.7,
dataset7_CLINIC_metal_0069_data,grupo 1,evaluacion,ok,concordante,False,nan,default6mm,0.01,hueso,0.001,56,56,0,10.5,141.0,13.8,13.2,-12.0,10.4,-30.0,10.5,-30.0,-27.0,5.0,1.0,212.1,171.1,176.5,0.9962,0.0,-0.0872,0.0,0.042,0.8,True,124,118.5,0.637,si,si,si,si,no,si,no,0.0,
dataset7_CLINIC_metal_0069_data,grupo 1,evaluacion,ok,concordante,False,nan,default6mm,0.01,ocupado_2500,0.001,56,56,16516,9.6,137.0,13.8,11.5,-12.0,8.3,-30.0,9.6,-30.0,-27.0,5.0,4.0,212.1,171.1,176.5,0.9924,-0.0868,0.0868,0.0,0.0,4.8,False,119,141.0,0.546,no,si,no,si,no,no,no,0.0,
dataset7_CLINIC_metal_0069_data,grupo 1,evaluacion,ok,concordante,False,nan,default6mm,0.01,ocupado_semimax,0.001,56,56,16523,9.6,137.0,13.8,11.5,-12.0,8.3,-30.0,9.6,-30.0,-27.0,5.0,4.0,212.1,171.1,176.5,0.9924,-0.0868,0.0868,0.0,0.0,4.8,False,119,141.0,0.546,no,si,no,si,no,no,no,0.0,
dataset7_CLINIC_metal_0069_data,grupo 1,evaluacion,ok,concordante,False,nan,default6mm,0.05,hueso,0.001,56,56,0,10.5,141.0,13.8,13.2,-12.0,10.4,-30.0,10.5,-30.0,-27.0,5.0,1.0,212.1,171.1,176.5,0.9962,0.0,-0.0872,0.0,0.042,0.8,True,124,118.5,0.637,si,si,si,si,no,si,no,0.0,
dataset7_CLINIC_metal_0069_data,grupo 1,evaluacion,ok,concordante,False,nan,default6mm,0.05,ocupado_2500,0.001,56,56,16516,9.6,137.0,13.8,11.5,-12.0,8.3,-30.0,9.6,-30.0,-27.0,5.0,4.0,212.1,171.1,176.5,0.9924,-0.0868,0.0868,0.0,0.0,4.8,False,119,141.0,0.546,no,si,no,si,no,no,no,0.1,
dataset7_CLINIC_metal_0069_data,grupo 1,evaluacion,ok,concordante,False,nan,default6mm,0.05,ocupado_semimax,0.001,56,56,16523,9.6,137.0,13.8,11.5,-12.0,8.3,-30.0,9.6,-30.0,-27.0,5.0,4.0,212.1,171.1,176.5,0.9924,-0.0868,0.0868,0.0,0.0,4.8,False,119,141.0,0.546,no,si,no,si,no,no,no,0.0,
dataset7_CLINIC_metal_0069_data,grupo 1,evaluacion,ok,concordante,False,nan,robust3mm,0.0,hueso,,0,0,0,10.5,140.0,14.4,13.2,-12.0,10.4,-30.0,10.5,-30.0,-27.0,5.0,1.0,212.1,171.1,176.5,0.9962,0.0,-0.0872,0.0,0.043,0.8,True,121,118.0,0.678,si,si,si,si,no,si,no,3.1,
dataset7_CLINIC_metal_0069_data,grupo 1,evaluacion,ok,concordante,False,nan,robust3mm,0.0,ocupado_2500,,0,0,16507,9.7,139.0,14.4,11.8,-33.0,9.7,-48.0,6.6,-33.0,-27.0,0.0,1.0,212.1,171.1,173.5,1.0,0.0,0.0,0.0,0.0,3.3,True,121,146.0,0.512,no,si,no,si,no,no,no,2.1,
dataset7_CLINIC_metal_0069_data,grupo 1,evaluacion,ok,concordante,False,nan,robust3mm,0.0,ocupado_semimax,,0,0,16518,9.7,139.0,14.4,11.8,-33.0,9.7,-48.0,6.6,-33.0,-27.0,0.0,1.0,212.1,171.1,173.5,1.0,0.0,0.0,0.0,0.0,3.3,True,121,146.0,0.512,no,si,no,si,no,no,no,2.0,
dataset7_CLINIC_metal_0069_data,grupo 1,evaluacion,ok,concordante,False,nan,robust3mm,0.001,hueso,,64,48,0,10.5,140.0,14.4,13.2,-12.0,10.4,-30.0,10.5,-30.0,-27.0,5.0,1.0,212.1,171.1,176.5,0.9962,0.0,-0.0872,0.0,0.043,0.8,True,121,118.0,0.678,si,si,si,si,no,si,no,2.1,
dataset7_CLINIC_metal_0069_data,grupo 1,evaluacion,ok,concordante,False,nan,robust3mm,0.001,ocupado_2500,,64,48,16507,9.7,139.0,14.4,11.8,-33.0,9.7,-48.0,6.6,-33.0,-27.0,0.0,1.0,212.1,171.1,173.5,1.0,0.0,0.0,0.0,0.0,3.3,True,121,146.0,0.512,no,si,no,si,no,no,no,2.1,
dataset7_CLINIC_metal_0069_data,grupo 1,evaluacion,ok,concordante,False,nan,robust3mm,0.001,ocupado_semimax,,64,48,16518,9.7,139.0,14.4,11.8,-33.0,9.7,-48.0,6.6,-33.0,-27.0,0.0,1.0,212.1,171.1,173.5,1.0,0.0,0.0,0.0,0.0,3.3,True,121,146.0,0.512,no,si,no,si,no,no,no,2.0,
dataset7_CLINIC_metal_0069_data,grupo 1,evaluacion,ok,concordante,False,nan,robust3mm,0.01,hueso,0.001,64,48,0,10.5,140.0,14.4,13.2,-12.0,10.4,-30.0,10.5,-30.0,-27.0,5.0,1.0,212.1,171.1,176.5,0.9962,0.0,-0.0872,0.0,0.043,0.8,True,121,118.0,0.678,si,si,si,si,no,si,no,0.0,
dataset7_CLINIC_metal_0069_data,grupo 1,evaluacion,ok,concordante,False,nan,robust3mm,0.01,ocupado_2500,0.001,64,48,16507,9.7,139.0,14.4,11.8,-33.0,9.7,-48.0,6.6,-33.0,-27.0,0.0,1.0,212.1,171.1,173.5,1.0,0.0,0.0,0.0,0.0,3.3,True,121,146.0,0.512,no,si,no,si,no,no,no,0.0,
dataset7_CLINIC_metal_0069_data,grupo 1,evaluacion,ok,concordante,False,nan,robust3mm,0.01,ocupado_semimax,0.001,64,48,16518,9.7,139.0,14.4,11.8,-33.0,9.7,-48.0,6.6,-33.0,-27.0,0.0,1.0,212.1,171.1,173.5,1.0,0.0,0.0,0.0,0.0,3.3,True,121,146.0,0.512,no,si,no,si,no,no,no,0.0,
dataset7_CLINIC_metal_0069_data,grupo 1,evaluacion,ok,concordante,False,nan,robust3mm,0.05,hueso,0.001,64,48,0,10.5,140.0,14.4,13.2,-12.0,10.4,-30.0,10.5,-30.0,-27.0,5.0,1.0,212.1,171.1,176.5,0.9962,0.0,-0.0872,0.0,0.043,0.8,True,121,118.0,0.678,si,si,si,si,no,si,no,0.0,
dataset7_CLINIC_metal_0069_data,grupo 1,evaluacion,ok,concordante,False,nan,robust3mm,0.05,ocupado_2500,0.001,64,48,16507,9.7,139.0,14.4,11.8,-33.0,9.7,-48.0,6.6,-33.0,-27.0,0.0,1.0,212.1,171.1,173.5,1.0,0.0,0.0,0.0,0.0,3.3,True,121,146.0,0.512,no,si,no,si,no,no,no,0.0,
dataset7_CLINIC_metal_0069_data,grupo 1,evaluacion,ok,concordante,False,nan,robust3mm,0.05,ocupado_semimax,0.001,64,48,16518,9.7,139.0,14.4,11.8,-33.0,9.7,-48.0,6.6,-33.0,-27.0,0.0,1.0,212.1,171.1,173.5,1.0,0.0,0.0,0.0,0.0,3.3,True,121,146.0,0.512,no,si,no,si,no,no,no,0.0,
dataset7_CLINIC_metal_0064_data,grupo 2,otro,nan,R1 arriba de TS,False,nan,default6mm,0.0,hueso,,0,0,0,6.5,99.0,10.8,6.5,-33.0,6.5,,,-33.0,-24.0,9.6,8.6,157.8,147.2,184.5,0.9365,-0.3409,-0.0819,0.0,0.0,36.7,False,75,320.0,0.093,no,no,no,no,no,no,no,5.3,
dataset7_CLINIC_metal_0064_data,grupo 2,otro,nan,R1 arriba de TS,False,nan,default6mm,0.0,ocupado_2500,,0,0,0,6.5,99.0,10.8,6.5,-33.0,6.5,,,-33.0,-24.0,9.6,8.6,157.8,147.2,184.5,0.9365,-0.3409,-0.0819,0.0,0.0,36.7,False,75,320.0,0.093,no,no,no,no,no,no,no,4.6,
dataset7_CLINIC_metal_0064_data,grupo 2,otro,nan,R1 arriba de TS,False,nan,default6mm,0.0,ocupado_semimax,,0,0,0,6.5,99.0,10.8,6.5,-33.0,6.5,,,-33.0,-24.0,9.6,8.6,157.8,147.2,184.5,0.9365,-0.3409,-0.0819,0.0,0.0,36.7,False,75,320.0,0.093,no,no,no,no,no,no,no,4.6,
dataset7_CLINIC_metal_0064_data,grupo 2,otro,nan,R1 arriba de TS,False,nan,default6mm,0.001,hueso,,334,334,0,6.5,99.0,10.8,6.5,-33.0,6.5,,,-33.0,-24.0,9.6,8.6,157.8,147.2,184.5,0.9365,-0.3409,-0.0819,0.0,0.0,36.7,False,75,320.0,0.093,no,no,no,no,no,no,no,5.2,
dataset7_CLINIC_metal_0064_data,grupo 2,otro,nan,R1 arriba de TS,False,nan,default6mm,0.001,ocupado_2500,,334,334,0,6.5,99.0,10.8,6.5,-33.0,6.5,,,-33.0,-24.0,9.6,8.6,157.8,147.2,184.5,0.9365,-0.3409,-0.0819,0.0,0.0,36.7,False,75,320.0,0.093,no,no,no,no,no,no,no,4.7,
dataset7_CLINIC_metal_0064_data,grupo 2,otro,nan,R1 arriba de TS,False,nan,default6mm,0.001,ocupado_semimax,,334,334,0,6.5,99.0,10.8,6.5,-33.0,6.5,,,-33.0,-24.0,9.6,8.6,157.8,147.2,184.5,0.9365,-0.3409,-0.0819,0.0,0.0,36.7,False,75,320.0,0.093,no,no,no,no,no,no,no,4.6,
dataset7_CLINIC_metal_0064_data,grupo 2,otro,nan,R1 arriba de TS,False,nan,default6mm,0.01,hueso,0.001,334,334,0,6.5,99.0,10.8,6.5,-33.0,6.5,,,-33.0,-24.0,9.6,8.6,157.8,147.2,184.5,0.9365,-0.3409,-0.0819,0.0,0.0,36.7,False,75,320.0,0.093,no,no,no,no,no,no,no,0.0,
dataset7_CLINIC_metal_0064_data,grupo 2,otro,nan,R1 arriba de TS,False,nan,default6mm,0.01,ocupado_2500,0.001,334,334,0,6.5,99.0,10.8,6.5,-33.0,6.5,,,-33.0,-24.0,9.6,8.6,157.8,147.2,184.5,0.9365,-0.3409,-0.0819,0.0,0.0,36.7,False,75,320.0,0.093,no,no,no,no,no,no,no,0.1,
dataset7_CLINIC_metal_0064_data,grupo 2,otro,nan,R1 arriba de TS,False,nan,default6mm,0.01,ocupado_semimax,0.001,334,334,0,6.5,99.0,10.8,6.5,-33.0,6.5,,,-33.0,-24.0,9.6,8.6,157.8,147.2,184.5,0.9365,-0.3409,-0.0819,0.0,0.0,36.7,False,75,320.0,0.093,no,no,no,no,no,no,no,0.0,
dataset7_CLINIC_metal_0064_data,grupo 2,otro,nan,R1 arriba de TS,False,nan,default6mm,0.05,hueso,0.001,11210,334,0,6.5,99.0,10.8,6.5,-33.0,6.5,,,-33.0,-24.0,9.6,8.6,157.8,147.2,184.5,0.9365,-0.3409,-0.0819,0.0,0.0,36.7,False,75,320.0,0.093,no,no,no,no,no,no,no,0.0,
dataset7_CLINIC_metal_0064_data,grupo 2,otro,nan,R1 arriba de TS,False,nan,default6mm,0.05,ocupado_2500,0.001,11210,334,0,6.5,99.0,10.8,6.5,-33.0,6.5,,,-33.0,-24.0,9.6,8.6,157.8,147.2,184.5,0.9365,-0.3409,-0.0819,0.0,0.0,36.7,False,75,320.0,0.093,no,no,no,no,no,no,no,0.1,
dataset7_CLINIC_metal_0064_data,grupo 2,otro,nan,R1 arriba de TS,False,nan,default6mm,0.05,ocupado_semimax,0.001,11210,334,0,6.5,99.0,10.8,6.5,-33.0,6.5,,,-33.0,-24.0,9.6,8.6,157.8,147.2,184.5,0.9365,-0.3409,-0.0819,0.0,0.0,36.7,False,75,320.0,0.093,no,no,no,no,no,no,no,0.0,
dataset7_CLINIC_metal_0064_data,grupo 2,otro,nan,R1 arriba de TS,False,nan,robust3mm,0.0,hueso,,0,0,0,6.9,100.0,9.2,8.7,-33.0,6.9,,,-33.0,-24.0,0.4,8.6,157.8,147.2,184.5,0.9365,-0.3409,0.0819,0.0,0.0,36.3,False,75,313.0,0.147,no,no,no,no,no,no,no,3.7,
dataset7_CLINIC_metal_0064_data,grupo 2,otro,nan,R1 arriba de TS,False,nan,robust3mm,0.0,ocupado_2500,,0,0,0,6.9,100.0,9.2,8.7,-33.0,6.9,,,-33.0,-24.0,0.4,8.6,157.8,147.2,184.5,0.9365,-0.3409,0.0819,0.0,0.0,36.3,False,75,313.0,0.147,no,no,no,no,no,no,no,2.9,
dataset7_CLINIC_metal_0064_data,grupo 2,otro,nan,R1 arriba de TS,False,nan,robust3mm,0.0,ocupado_semimax,,0,0,0,6.9,100.0,9.2,8.7,-33.0,6.9,,,-33.0,-24.0,0.4,8.6,157.8,147.2,184.5,0.9365,-0.3409,0.0819,0.0,0.0,36.3,False,75,313.0,0.147,no,no,no,no,no,no,no,2.7,
dataset7_CLINIC_metal_0064_data,grupo 2,otro,nan,R1 arriba de TS,False,nan,robust3mm,0.001,hueso,,322,322,0,6.9,100.0,9.2,8.7,-33.0,6.9,,,-33.0,-24.0,0.4,8.6,157.8,147.2,184.5,0.9365,-0.3409,0.0819,0.0,0.0,36.3,False,75,313.0,0.147,no,no,no,no,no,no,no,3.0,
dataset7_CLINIC_metal_0064_data,grupo 2,otro,nan,R1 arriba de TS,False,nan,robust3mm,0.001,ocupado_2500,,322,322,0,6.9,100.0,9.2,8.7,-33.0,6.9,,,-33.0,-24.0,0.4,8.6,157.8,147.2,184.5,0.9365,-0.3409,0.0819,0.0,0.0,36.3,False,75,313.0,0.147,no,no,no,no,no,no,no,2.7,
dataset7_CLINIC_metal_0064_data,grupo 2,otro,nan,R1 arriba de TS,False,nan,robust3mm,0.001,ocupado_semimax,,322,322,0,6.9,100.0,9.2,8.7,-33.0,6.9,,,-33.0,-24.0,0.4,8.6,157.8,147.2,184.5,0.9365,-0.3409,0.0819,0.0,0.0,36.3,False,75,313.0,0.147,no,no,no,no,no,no,no,2.6,
dataset7_CLINIC_metal_0064_data,grupo 2,otro,nan,R1 arriba de TS,False,nan,robust3mm,0.01,hueso,0.001,322,322,0,6.9,100.0,9.2,8.7,-33.0,6.9,,,-33.0,-24.0,0.4,8.6,157.8,147.2,184.5,0.9365,-0.3409,0.0819,0.0,0.0,36.3,False,75,313.0,0.147,no,no,no,no,no,no,no,0.0,
dataset7_CLINIC_metal_0064_data,grupo 2,otro,nan,R1 arriba de TS,False,nan,robust3mm,0.01,ocupado_2500,0.001,322,322,0,6.9,100.0,9.2,8.7,-33.0,6.9,,,-33.0,-24.0,0.4,8.6,157.8,147.2,184.5,0.9365,-0.3409,0.0819,0.0,0.0,36.3,False,75,313.0,0.147,no,no,no,no,no,no,no,0.0,
dataset7_CLINIC_metal_0064_data,grupo 2,otro,nan,R1 arriba de TS,False,nan,robust3mm,0.01,ocupado_semimax,0.001,322,322,0,6.9,100.0,9.2,8.7,-33.0,6.9,,,-33.0,-24.0,0.4,8.6,157.8,147.2,184.5,0.9365,-0.3409,0.0819,0.0,0.0,36.3,False,75,313.0,0.147,no,no,no,no,no,no,no,0.0,
dataset7_CLINIC_metal_0064_data,grupo 2,otro,nan,R1 arriba de TS,False,nan,robust3mm,0.05,hueso,0.001,10249,322,0,6.9,100.0,9.2,8.7,-33.0,6.9,,,-33.0,-24.0,0.4,8.6,157.8,147.2,184.5,0.9365,-0.3409,0.0819,0.0,0.0,36.3,False,75,313.0,0.147,no,no,no,no,no,no,no,0.0,
dataset7_CLINIC_metal_0064_data,grupo 2,otro,nan,R1 arriba de TS,False,nan,robust3mm,0.05,ocupado_2500,0.001,10249,322,0,6.9,100.0,9.2,8.7,-33.0,6.9,,,-33.0,-24.0,0.4,8.6,157.8,147.2,184.5,0.9365,-0.3409,0.0819,0.0,0.0,36.3,False,75,313.0,0.147,no,no,no,no,no,no,no,0.0,
dataset7_CLINIC_metal_0064_data,grupo 2,otro,nan,R1 arriba de TS,False,nan,robust3mm,0.05,ocupado_semimax,0.001,10249,322,0,6.9,100.0,9.2,8.7,-33.0,6.9,,,-33.0,-24.0,0.4,8.6,157.8,147.2,184.5,0.9365,-0.3409,0.0819,0.0,0.0,36.3,False,75,313.0,0.147,no,no,no,no,no,no,no,0.0,
dataset7_CLINIC_metal_0066_data,grupo 1,evaluacion,ok,concordante,False,nan,default6mm,0.0,hueso,,0,0,0,4.8,138.0,6.6,9.6,-36.0,4.8,-54.0,3.5,-36.0,-30.0,0.4,4.3,194.4,142.9,170.7,0.9962,-0.0872,0.0,0.0,0.0,3.1,False,123,593.0,0.049,no,no,no,no,no,no,no,5.6,
dataset7_CLINIC_metal_0066_data,grupo 1,evaluacion,ok,concordante,False,nan,default6mm,0.0,ocupado_2500,,0,0,10110,4.8,138.0,6.6,7.3,-36.0,4.8,-54.0,3.5,-36.0,-30.0,0.4,4.3,194.4,142.9,170.7,0.9962,-0.0872,0.0,0.0,0.0,3.1,False,123,593.0,0.049,no,no,no,no,no,no,no,5.0,
dataset7_CLINIC_metal_0066_data,grupo 1,evaluacion,ok,concordante,False,nan,default6mm,0.0,ocupado_semimax,,0,0,11049,3.6,142.0,5.7,6.2,-27.0,3.6,-54.0,3.5,-27.0,-24.0,9.6,4.3,194.4,148.9,179.7,0.9812,-0.0858,0.173,0.0,0.0,3.3,False,124,238.0,0.113,no,no,no,no,no,no,no,4.9,
dataset7_CLINIC_metal_0066_data,grupo 1,evaluacion,ok,concordante,False,nan,default6mm,0.001,hueso,,208,208,0,4.8,138.0,6.6,9.6,-36.0,4.8,-54.0,3.5,-36.0,-30.0,0.4,4.3,194.4,142.9,170.7,0.9962,-0.0872,0.0,0.0,0.0,3.1,False,123,593.0,0.049,no,no,no,no,no,no,no,5.0,
dataset7_CLINIC_metal_0066_data,grupo 1,evaluacion,ok,concordante,False,nan,default6mm,0.001,ocupado_2500,,208,208,10110,4.8,138.0,6.6,7.3,-36.0,4.8,-54.0,3.5,-36.0,-30.0,0.4,4.3,194.4,142.9,170.7,0.9962,-0.0872,0.0,0.0,0.0,3.1,False,123,593.0,0.049,no,no,no,no,no,no,no,4.5,
dataset7_CLINIC_metal_0066_data,grupo 1,evaluacion,ok,concordante,False,nan,default6mm,0.001,ocupado_semimax,,208,208,11049,3.6,142.0,5.7,6.2,-27.0,3.6,-54.0,3.5,-27.0,-24.0,9.6,4.3,194.4,148.9,179.7,0.9812,-0.0858,0.173,0.0,0.0,3.3,False,124,238.0,0.113,no,no,no,no,no,no,no,4.9,
dataset7_CLINIC_metal_0066_data,grupo 1,evaluacion,ok,concordante,False,nan,default6mm,0.01,hueso,0.001,208,208,0,4.8,138.0,6.6,9.6,-36.0,4.8,-54.0,3.5,-36.0,-30.0,0.4,4.3,194.4,142.9,170.7,0.9962,-0.0872,0.0,0.0,0.0,3.1,False,123,593.0,0.049,no,no,no,no,no,no,no,0.0,
dataset7_CLINIC_metal_0066_data,grupo 1,evaluacion,ok,concordante,False,nan,default6mm,0.01,ocupado_2500,0.001,208,208,10110,4.8,138.0,6.6,7.3,-36.0,4.8,-54.0,3.5,-36.0,-30.0,0.4,4.3,194.4,142.9,170.7,0.9962,-0.0872,0.0,0.0,0.0,3.1,False,123,593.0,0.049,no,no,no,no,no,no,no,0.1,
dataset7_CLINIC_metal_0066_data,grupo 1,evaluacion,ok,concordante,False,nan,default6mm,0.01,ocupado_semimax,0.001,208,208,11049,3.6,142.0,5.7,6.2,-27.0,3.6,-54.0,3.5,-27.0,-24.0,9.6,4.3,194.4,148.9,179.7,0.9812,-0.0858,0.173,0.0,0.0,3.3,False,124,238.0,0.113,no,no,no,no,no,no,no,0.0,
dataset7_CLINIC_metal_0066_data,grupo 1,evaluacion,ok,concordante,False,nan,default6mm,0.05,hueso,0.001,208,208,0,4.8,138.0,6.6,9.6,-36.0,4.8,-54.0,3.5,-36.0,-30.0,0.4,4.3,194.4,142.9,170.7,0.9962,-0.0872,0.0,0.0,0.0,3.1,False,123,593.0,0.049,no,no,no,no,no,no,no,0.0,
dataset7_CLINIC_metal_0066_data,grupo 1,evaluacion,ok,concordante,False,nan,default6mm,0.05,ocupado_2500,0.001,208,208,10110,4.8,138.0,6.6,7.3,-36.0,4.8,-54.0,3.5,-36.0,-30.0,0.4,4.3,194.4,142.9,170.7,0.9962,-0.0872,0.0,0.0,0.0,3.1,False,123,593.0,0.049,no,no,no,no,no,no,no,0.1,
dataset7_CLINIC_metal_0066_data,grupo 1,evaluacion,ok,concordante,False,nan,default6mm,0.05,ocupado_semimax,0.001,208,208,11049,3.6,142.0,5.7,6.2,-27.0,3.6,-54.0,3.5,-27.0,-24.0,9.6,4.3,194.4,148.9,179.7,0.9812,-0.0858,0.173,0.0,0.0,3.3,False,124,238.0,0.113,no,no,no,no,no,no,no,0.0,
dataset7_CLINIC_metal_0066_data,grupo 1,evaluacion,ok,concordante,False,nan,robust3mm,0.0,hueso,,0,0,0,4.4,141.0,5.6,8.4,-27.0,4.4,-54.0,4.4,-27.0,-24.0,9.6,4.3,194.4,148.9,179.7,0.9812,-0.0858,0.173,0.0,0.0,3.2,False,121,243.0,0.149,no,no,no,no,no,no,no,3.6,
dataset7_CLINIC_metal_0066_data,grupo 1,evaluacion,ok,concordante,False,nan,robust3mm,0.0,ocupado_2500,,0,0,9987,4.4,141.0,5.6,6.7,-27.0,4.4,-54.0,4.4,-27.0,-24.0,9.6,4.3,194.4,148.9,179.7,0.9812,-0.0858,0.173,0.0,0.0,3.2,False,121,243.0,0.149,no,no,no,no,no,no,no,2.7,
dataset7_CLINIC_metal_0066_data,grupo 1,evaluacion,ok,concordante,False,nan,robust3mm,0.0,ocupado_semimax,,0,0,10926,4.4,106.0,4.4,5.7,-27.0,3.6,-54.0,4.4,-54.0,-42.0,10.4,4.3,194.4,130.9,152.7,0.9812,-0.0858,-0.173,0.0,0.0,20.4,False,78,109.5,0.667,no,no,no,no,no,no,no,2.6,
dataset7_CLINIC_metal_0066_data,grupo 1,evaluacion,ok,concordante,False,nan,robust3mm,0.001,hueso,,240,240,0,4.4,141.0,5.6,8.4,-27.0,4.4,-54.0,4.4,-27.0,-24.0,9.6,4.3,194.4,148.9,179.7,0.9812,-0.0858,0.173,0.0,0.0,3.2,False,121,243.0,0.149,no,no,no,no,no,no,no,2.7,
dataset7_CLINIC_metal_0066_data,grupo 1,evaluacion,ok,concordante,False,nan,robust3mm,0.001,ocupado_2500,,240,240,9987,4.4,141.0,5.6,6.7,-27.0,4.4,-54.0,4.4,-27.0,-24.0,9.6,4.3,194.4,148.9,179.7,0.9812,-0.0858,0.173,0.0,0.0,3.2,False,121,243.0,0.149,no,no,no,no,no,no,no,2.5,
dataset7_CLINIC_metal_0066_data,grupo 1,evaluacion,ok,concordante,False,nan,robust3mm,0.001,ocupado_semimax,,240,240,10926,4.4,106.0,4.4,5.7,-27.0,3.6,-54.0,4.4,-54.0,-42.0,10.4,4.3,194.4,130.9,152.7,0.9812,-0.0858,-0.173,0.0,0.0,20.4,False,78,109.5,0.667,no,no,no,no,no,no,no,2.3,
dataset7_CLINIC_metal_0066_data,grupo 1,evaluacion,ok,concordante,False,nan,robust3mm,0.01,hueso,0.001,240,240,0,4.4,141.0,5.6,8.4,-27.0,4.4,-54.0,4.4,-27.0,-24.0,9.6,4.3,194.4,148.9,179.7,0.9812,-0.0858,0.173,0.0,0.0,3.2,False,121,243.0,0.149,no,no,no,no,no,no,no,0.0,
dataset7_CLINIC_metal_0066_data,grupo 1,evaluacion,ok,concordante,False,nan,robust3mm,0.01,ocupado_2500,0.001,240,240,9987,4.4,141.0,5.6,6.7,-27.0,4.4,-54.0,4.4,-27.0,-24.0,9.6,4.3,194.4,148.9,179.7,0.9812,-0.0858,0.173,0.0,0.0,3.2,False,121,243.0,0.149,no,no,no,no,no,no,no,0.0,
dataset7_CLINIC_metal_0066_data,grupo 1,evaluacion,ok,concordante,False,nan,robust3mm,0.01,ocupado_semimax,0.001,240,240,10926,4.4,106.0,4.4,5.7,-27.0,3.6,-54.0,4.4,-54.0,-42.0,10.4,4.3,194.4,130.9,152.7,0.9812,-0.0858,-0.173,0.0,0.0,20.4,False,78,109.5,0.667,no,no,no,no,no,no,no,0.0,
dataset7_CLINIC_metal_0066_data,grupo 1,evaluacion,ok,concordante,False,nan,robust3mm,0.05,hueso,0.001,240,240,0,4.4,141.0,5.6,8.4,-27.0,4.4,-54.0,4.4,-27.0,-24.0,9.6,4.3,194.4,148.9,179.7,0.9812,-0.0858,0.173,0.0,0.0,3.2,False,121,243.0,0.149,no,no,no,no,no,no,no,0.0,
dataset7_CLINIC_metal_0066_data,grupo 1,evaluacion,ok,concordante,False,nan,robust3mm,0.05,ocupado_2500,0.001,240,240,9987,4.4,141.0,5.6,6.7,-27.0,4.4,-54.0,4.4,-27.0,-24.0,9.6,4.3,194.4,148.9,179.7,0.9812,-0.0858,0.173,0.0,0.0,3.2,False,121,243.0,0.149,no,no,no,no,no,no,no,0.0,
dataset7_CLINIC_metal_0066_data,grupo 1,evaluacion,ok,concordante,False,nan,robust3mm,0.05,ocupado_semimax,0.001,240,240,10926,4.4,106.0,4.4,5.7,-27.0,3.6,-54.0,4.4,-54.0,-42.0,10.4,4.3,194.4,130.9,152.7,0.9812,-0.0858,-0.173,0.0,0.0,20.4,False,78,109.5,0.667,no,no,no,no,no,no,no,0.0,
dataset7_CLINIC_metal_0072_data,grupo 1,evaluacion,ok,concordante,False,nan,default6mm,0.0,hueso,,0,0,0,9.2,114.0,14.7,14.3,-12.0,9.2,-27.0,9.2,-12.0,-6.0,4.5,5.9,200.5,172.4,206.9,0.9924,0.0868,0.0868,0.0,0.0,27.8,False,82,160.5,0.463,no,si,no,no,no,no,no,4.6,
dataset7_CLINIC_metal_0072_data,grupo 1,evaluacion,ok,concordante,False,nan,default6mm,0.0,ocupado_2500,,0,0,895,9.2,114.0,14.7,14.3,-12.0,9.2,-27.0,9.2,-12.0,-6.0,4.5,5.9,200.5,172.4,206.9,0.9924,0.0868,0.0868,0.0,0.0,27.8,False,82,160.5,0.463,no,si,no,no,no,no,no,4.4,
dataset7_CLINIC_metal_0072_data,grupo 1,evaluacion,ok,concordante,False,nan,default6mm,0.0,ocupado_semimax,,0,0,895,9.2,114.0,14.7,14.3,-12.0,9.2,-27.0,9.2,-12.0,-6.0,4.5,5.9,200.5,172.4,206.9,0.9924,0.0868,0.0868,0.0,0.0,27.8,False,82,160.5,0.463,no,si,no,no,no,no,no,4.4,
dataset7_CLINIC_metal_0072_data,grupo 1,evaluacion,ok,concordante,False,nan,default6mm,0.001,hueso,,64,64,0,9.2,114.0,14.7,14.3,-12.0,9.2,-27.0,9.2,-12.0,-6.0,4.5,5.9,200.5,172.4,206.9,0.9924,0.0868,0.0868,0.0,0.0,27.8,False,82,160.5,0.463,no,si,no,no,no,no,no,4.4,
dataset7_CLINIC_metal_0072_data,grupo 1,evaluacion,ok,concordante,False,nan,default6mm,0.001,ocupado_2500,,64,64,895,9.2,114.0,14.7,14.3,-12.0,9.2,-27.0,9.2,-12.0,-6.0,4.5,5.9,200.5,172.4,206.9,0.9924,0.0868,0.0868,0.0,0.0,27.8,False,82,160.5,0.463,no,si,no,no,no,no,no,4.1,
dataset7_CLINIC_metal_0072_data,grupo 1,evaluacion,ok,concordante,False,nan,default6mm,0.001,ocupado_semimax,,64,64,895,9.2,114.0,14.7,14.3,-12.0,9.2,-27.0,9.2,-12.0,-6.0,4.5,5.9,200.5,172.4,206.9,0.9924,0.0868,0.0868,0.0,0.0,27.8,False,82,160.5,0.463,no,si,no,no,no,no,no,2.3,
dataset7_CLINIC_metal_0072_data,grupo 1,evaluacion,ok,concordante,False,nan,default6mm,0.01,hueso,0.001,64,64,0,9.2,114.0,14.7,14.3,-12.0,9.2,-27.0,9.2,-12.0,-6.0,4.5,5.9,200.5,172.4,206.9,0.9924,0.0868,0.0868,0.0,0.0,27.8,False,82,160.5,0.463,no,si,no,no,no,no,no,0.0,
dataset7_CLINIC_metal_0072_data,grupo 1,evaluacion,ok,concordante,False,nan,default6mm,0.01,ocupado_2500,0.001,64,64,895,9.2,114.0,14.7,14.3,-12.0,9.2,-27.0,9.2,-12.0,-6.0,4.5,5.9,200.5,172.4,206.9,0.9924,0.0868,0.0868,0.0,0.0,27.8,False,82,160.5,0.463,no,si,no,no,no,no,no,0.0,
dataset7_CLINIC_metal_0072_data,grupo 1,evaluacion,ok,concordante,False,nan,default6mm,0.01,ocupado_semimax,0.001,64,64,895,9.2,114.0,14.7,14.3,-12.0,9.2,-27.0,9.2,-12.0,-6.0,4.5,5.9,200.5,172.4,206.9,0.9924,0.0868,0.0868,0.0,0.0,27.8,False,82,160.5,0.463,no,si,no,no,no,no,no,0.0,
dataset7_CLINIC_metal_0072_data,grupo 1,evaluacion,ok,concordante,False,nan,default6mm,0.05,hueso,0.001,64,64,0,9.2,114.0,14.7,14.3,-12.0,9.2,-27.0,9.2,-12.0,-6.0,4.5,5.9,200.5,172.4,206.9,0.9924,0.0868,0.0868,0.0,0.0,27.8,False,82,160.5,0.463,no,si,no,no,no,no,no,0.0,
dataset7_CLINIC_metal_0072_data,grupo 1,evaluacion,ok,concordante,False,nan,default6mm,0.05,ocupado_2500,0.001,64,64,895,9.2,114.0,14.7,14.3,-12.0,9.2,-27.0,9.2,-12.0,-6.0,4.5,5.9,200.5,172.4,206.9,0.9924,0.0868,0.0868,0.0,0.0,27.8,False,82,160.5,0.463,no,si,no,no,no,no,no,0.0,
dataset7_CLINIC_metal_0072_data,grupo 1,evaluacion,ok,concordante,False,nan,default6mm,0.05,ocupado_semimax,0.001,64,64,895,9.2,114.0,14.7,14.3,-12.0,9.2,-27.0,9.2,-12.0,-6.0,4.5,5.9,200.5,172.4,206.9,0.9924,0.0868,0.0868,0.0,0.0,27.8,False,82,160.5,0.463,no,si,no,no,no,no,no,0.0,
dataset7_CLINIC_metal_0072_data,grupo 1,evaluacion,ok,concordante,False,nan,robust3mm,0.0,hueso,,0,0,0,8.1,112.0,14.6,15.2,-6.0,8.1,-24.0,7.1,-6.0,-9.0,4.5,5.9,200.5,169.4,212.9,0.9924,0.0868,0.0868,0.0,0.0,34.5,False,82,212.5,0.354,no,no,no,no,no,no,no,2.4,
dataset7_CLINIC_metal_0072_data,grupo 1,evaluacion,ok,concordante,False,nan,robust3mm,0.0,ocupado_2500,,0,0,883,8.1,112.0,14.6,15.2,-6.0,8.1,-24.0,7.1,-6.0,-9.0,4.5,5.9,200.5,169.4,212.9,0.9924,0.0868,0.0868,0.0,0.0,34.5,False,82,212.5,0.354,no,no,no,no,no,no,no,2.3,
dataset7_CLINIC_metal_0072_data,grupo 1,evaluacion,ok,concordante,False,nan,robust3mm,0.0,ocupado_semimax,,0,0,883,8.1,112.0,14.6,15.2,-6.0,8.1,-24.0,7.1,-6.0,-9.0,4.5,5.9,200.5,169.4,212.9,0.9924,0.0868,0.0868,0.0,0.0,34.5,False,82,212.5,0.354,no,no,no,no,no,no,no,2.2,
dataset7_CLINIC_metal_0072_data,grupo 1,evaluacion,ok,concordante,False,nan,robust3mm,0.001,hueso,,114,114,0,8.1,112.0,14.6,15.2,-6.0,8.1,-24.0,7.1,-6.0,-9.0,4.5,5.9,200.5,169.4,212.9,0.9924,0.0868,0.0868,0.0,0.0,34.5,False,82,212.5,0.354,no,no,no,no,no,no,no,2.3,
dataset7_CLINIC_metal_0072_data,grupo 1,evaluacion,ok,concordante,False,nan,robust3mm,0.001,ocupado_2500,,114,114,883,8.1,112.0,14.6,15.2,-6.0,8.1,-24.0,7.1,-6.0,-9.0,4.5,5.9,200.5,169.4,212.9,0.9924,0.0868,0.0868,0.0,0.0,34.5,False,82,212.5,0.354,no,no,no,no,no,no,no,2.1,
dataset7_CLINIC_metal_0072_data,grupo 1,evaluacion,ok,concordante,False,nan,robust3mm,0.001,ocupado_semimax,,114,114,883,8.1,112.0,14.6,15.2,-6.0,8.1,-24.0,7.1,-6.0,-9.0,4.5,5.9,200.5,169.4,212.9,0.9924,0.0868,0.0868,0.0,0.0,34.5,False,82,212.5,0.354,no,no,no,no,no,no,no,2.0,
dataset7_CLINIC_metal_0072_data,grupo 1,evaluacion,ok,concordante,False,nan,robust3mm,0.01,hueso,0.001,114,114,0,8.1,112.0,14.6,15.2,-6.0,8.1,-24.0,7.1,-6.0,-9.0,4.5,5.9,200.5,169.4,212.9,0.9924,0.0868,0.0868,0.0,0.0,34.5,False,82,212.5,0.354,no,no,no,no,no,no,no,0.0,
dataset7_CLINIC_metal_0072_data,grupo 1,evaluacion,ok,concordante,False,nan,robust3mm,0.01,ocupado_2500,0.001,114,114,883,8.1,112.0,14.6,15.2,-6.0,8.1,-24.0,7.1,-6.0,-9.0,4.5,5.9,200.5,169.4,212.9,0.9924,0.0868,0.0868,0.0,0.0,34.5,False,82,212.5,0.354,no,no,no,no,no,no,no,0.0,
dataset7_CLINIC_metal_0072_data,grupo 1,evaluacion,ok,concordante,False,nan,robust3mm,0.01,ocupado_semimax,0.001,114,114,883,8.1,112.0,14.6,15.2,-6.0,8.1,-24.0,7.1,-6.0,-9.0,4.5,5.9,200.5,169.4,212.9,0.9924,0.0868,0.0868,0.0,0.0,34.5,False,82,212.5,0.354,no,no,no,no,no,no,no,0.0,
dataset7_CLINIC_metal_0072_data,grupo 1,evaluacion,ok,concordante,False,nan,robust3mm,0.05,hueso,0.001,114,114,0,8.1,112.0,14.6,15.2,-6.0,8.1,-24.0,7.1,-6.0,-9.0,4.5,5.9,200.5,169.4,212.9,0.9924,0.0868,0.0868,0.0,0.0,34.5,False,82,212.5,0.354,no,no,no,no,no,no,no,0.0,
dataset7_CLINIC_metal_0072_data,grupo 1,evaluacion,ok,concordante,False,nan,robust3mm,0.05,ocupado_2500,0.001,114,114,883,8.1,112.0,14.6,15.2,-6.0,8.1,-24.0,7.1,-6.0,-9.0,4.5,5.9,200.5,169.4,212.9,0.9924,0.0868,0.0868,0.0,0.0,34.5,False,82,212.5,0.354,no,no,no,no,no,no,no,0.0,
dataset7_CLINIC_metal_0072_data,grupo 1,evaluacion,ok,concordante,False,nan,robust3mm,0.05,ocupado_semimax,0.001,114,114,883,8.1,112.0,14.6,15.2,-6.0,8.1,-24.0,7.1,-6.0,-9.0,4.5,5.9,200.5,169.4,212.9,0.9924,0.0868,0.0868,0.0,0.0,34.5,False,82,212.5,0.354,no,no,no,no,no,no,no,0.0,
dataset7_CLINIC_metal_0070_data,grupo 1,evaluacion,ok,concordante,False,nan,default6mm,0.0,hueso,,0,0,0,10.7,159.0,12.1,13.2,-12.0,10.7,-27.0,10.0,-12.0,-9.0,0.1,0.8,230.2,173.0,207.8,0.9812,0.173,0.0858,0.0,0.044,1.2,True,141,296.0,0.099,si,si,si,si,no,si,no,3.8,
dataset7_CLINIC_metal_0070_data,grupo 1,evaluacion,ok,concordante,False,nan,default6mm,0.0,ocupado_2500,,0,0,1686,10.0,136.0,11.9,10.0,-15.0,8.9,-27.0,10.0,-27.0,-30.0,4.9,0.8,230.2,152.0,192.8,0.9703,0.1711,0.1711,0.0,0.0,19.4,False,121,204.0,0.256,si,si,no,si,no,si,no,3.2,
dataset7_CLINIC_metal_0070_data,grupo 1,evaluacion,ok,concordante,False,nan,default6mm,0.0,ocupado_semimax,,0,0,2241,10.0,136.0,11.9,10.0,-15.0,8.0,-27.0,10.0,-27.0,-30.0,4.9,0.8,230.2,152.0,192.8,0.9703,0.1711,0.1711,0.0,0.0,19.4,False,121,204.0,0.256,si,si,no,si,no,si,no,3.1,
dataset7_CLINIC_metal_0070_data,grupo 1,evaluacion,ok,concordante,False,nan,default6mm,0.001,hueso,,160,148,0,10.7,159.0,12.1,13.2,-12.0,10.7,-27.0,10.0,-12.0,-9.0,0.1,0.8,230.2,173.0,207.8,0.9812,0.173,0.0858,0.0,0.044,1.2,True,141,296.0,0.099,si,si,si,si,no,si,no,3.5,
dataset7_CLINIC_metal_0070_data,grupo 1,evaluacion,ok,concordante,False,nan,default6mm,0.001,ocupado_2500,,160,148,1686,10.0,136.0,11.9,10.0,-15.0,8.9,-27.0,10.0,-27.0,-30.0,4.9,0.8,230.2,152.0,192.8,0.9703,0.1711,0.1711,0.0,0.0,19.4,False,121,204.0,0.256,si,si,no,si,no,si,no,3.2,
dataset7_CLINIC_metal_0070_data,grupo 1,evaluacion,ok,concordante,False,nan,default6mm,0.001,ocupado_semimax,,160,148,2241,10.0,136.0,11.9,10.0,-15.0,8.0,-27.0,10.0,-27.0,-30.0,4.9,0.8,230.2,152.0,192.8,0.9703,0.1711,0.1711,0.0,0.0,19.4,False,121,204.0,0.256,si,si,no,si,no,si,no,3.2,
dataset7_CLINIC_metal_0070_data,grupo 1,evaluacion,ok,concordante,False,nan,default6mm,0.01,hueso,,428,416,0,10.7,159.0,12.1,13.2,-12.0,10.7,-27.0,10.0,-12.0,-9.0,0.1,0.8,230.2,173.0,207.8,0.9812,0.173,0.0858,0.0,0.044,1.2,True,141,296.0,0.099,si,si,si,si,no,si,no,3.3,
dataset7_CLINIC_metal_0070_data,grupo 1,evaluacion,ok,concordante,False,nan,default6mm,0.01,ocupado_2500,,428,416,1686,10.0,136.0,11.9,10.0,-15.0,8.9,-27.0,10.0,-27.0,-30.0,4.9,0.8,230.2,152.0,192.8,0.9703,0.1711,0.1711,0.0,0.0,19.4,False,121,204.0,0.256,si,si,no,si,no,si,no,2.3,
dataset7_CLINIC_metal_0070_data,grupo 1,evaluacion,ok,concordante,False,nan,default6mm,0.01,ocupado_semimax,,428,416,2241,10.0,136.0,11.9,10.0,-15.0,8.0,-27.0,10.0,-27.0,-30.0,4.9,0.8,230.2,152.0,192.8,0.9703,0.1711,0.1711,0.0,0.0,19.4,False,121,204.0,0.256,si,si,no,si,no,si,no,1.6,
dataset7_CLINIC_metal_0070_data,grupo 1,evaluacion,ok,concordante,False,nan,default6mm,0.05,hueso,0.01,428,416,0,10.7,159.0,12.1,13.2,-12.0,10.7,-27.0,10.0,-12.0,-9.0,0.1,0.8,230.2,173.0,207.8,0.9812,0.173,0.0858,0.0,0.044,1.2,True,141,296.0,0.099,si,si,si,si,no,si,no,0.0,
dataset7_CLINIC_metal_0070_data,grupo 1,evaluacion,ok,concordante,False,nan,default6mm,0.05,ocupado_2500,0.01,428,416,1686,10.0,136.0,11.9,10.0,-15.0,8.9,-27.0,10.0,-27.0,-30.0,4.9,0.8,230.2,152.0,192.8,0.9703,0.1711,0.1711,0.0,0.0,19.4,False,121,204.0,0.256,si,si,no,si,no,si,no,0.0,
dataset7_CLINIC_metal_0070_data,grupo 1,evaluacion,ok,concordante,False,nan,default6mm,0.05,ocupado_semimax,0.01,428,416,2241,10.0,136.0,11.9,10.0,-15.0,8.0,-27.0,10.0,-27.0,-30.0,4.9,0.8,230.2,152.0,192.8,0.9703,0.1711,0.1711,0.0,0.0,19.4,False,121,204.0,0.256,si,si,no,si,no,si,no,0.0,
dataset7_CLINIC_metal_0070_data,grupo 1,evaluacion,ok,concordante,False,nan,robust3mm,0.0,hueso,,0,0,0,10.5,162.0,12.4,12.7,-9.0,10.5,-27.0,9.1,-9.0,-9.0,0.1,0.8,230.2,173.0,210.8,0.9812,0.173,0.0858,0.006,0.356,0.0,True,145,1401.0,0.103,si,si,si,si,no,si,no,1.8,
dataset7_CLINIC_metal_0070_data,grupo 1,evaluacion,ok,concordante,False,nan,robust3mm,0.0,ocupado_2500,,0,0,1706,9.1,136.0,11.0,10.0,-15.0,8.9,-27.0,9.1,-27.0,-30.0,4.9,0.8,230.2,152.0,192.8,0.9703,0.1711,0.1711,0.0,0.0,19.4,False,121,204.0,0.256,no,si,no,no,no,no,no,1.7,
dataset7_CLINIC_metal_0070_data,grupo 1,evaluacion,ok,concordante,False,nan,robust3mm,0.0,ocupado_semimax,,0,0,2261,9.1,136.0,10.9,10.0,-15.0,8.0,-27.0,9.1,-27.0,-30.0,4.9,0.8,230.2,152.0,192.8,0.9703,0.1711,0.1711,0.0,0.0,19.4,False,121,204.0,0.256,no,si,no,no,no,no,no,1.6,
dataset7_CLINIC_metal_0070_data,grupo 1,evaluacion,ok,concordante,False,nan,robust3mm,0.001,hueso,,130,98,0,10.5,162.0,12.4,12.7,-9.0,10.5,-27.0,9.1,-9.0,-9.0,0.1,0.8,230.2,173.0,210.8,0.9812,0.173,0.0858,0.006,0.356,0.0,True,145,1401.0,0.103,si,si,si,si,no,si,no,1.8,
dataset7_CLINIC_metal_0070_data,grupo 1,evaluacion,ok,concordante,False,nan,robust3mm,0.001,ocupado_2500,,130,98,1706,9.1,136.0,11.0,10.0,-15.0,8.9,-27.0,9.1,-27.0,-30.0,4.9,0.8,230.2,152.0,192.8,0.9703,0.1711,0.1711,0.0,0.0,19.4,False,121,204.0,0.256,no,si,no,no,no,no,no,1.6,
dataset7_CLINIC_metal_0070_data,grupo 1,evaluacion,ok,concordante,False,nan,robust3mm,0.001,ocupado_semimax,,130,98,2261,9.1,136.0,10.9,10.0,-15.0,8.0,-27.0,9.1,-27.0,-30.0,4.9,0.8,230.2,152.0,192.8,0.9703,0.1711,0.1711,0.0,0.0,19.4,False,121,204.0,0.256,no,si,no,no,no,no,no,1.5,
dataset7_CLINIC_metal_0070_data,grupo 1,evaluacion,ok,concordante,False,nan,robust3mm,0.01,hueso,,376,344,0,10.5,162.0,12.4,12.7,-9.0,10.5,-27.0,9.1,-9.0,-9.0,0.1,0.8,230.2,173.0,210.8,0.9812,0.173,0.0858,0.006,0.356,0.0,True,145,1401.0,0.103,si,si,si,si,no,si,no,1.7,
dataset7_CLINIC_metal_0070_data,grupo 1,evaluacion,ok,concordante,False,nan,robust3mm,0.01,ocupado_2500,,376,344,1706,9.1,136.0,11.0,10.0,-15.0,8.9,-27.0,9.1,-27.0,-30.0,4.9,0.8,230.2,152.0,192.8,0.9703,0.1711,0.1711,0.0,0.0,19.4,False,121,204.0,0.256,no,si,no,no,no,no,no,1.5,
dataset7_CLINIC_metal_0070_data,grupo 1,evaluacion,ok,concordante,False,nan,robust3mm,0.01,ocupado_semimax,,376,344,2261,9.1,136.0,10.9,10.0,-15.0,8.0,-27.0,9.1,-27.0,-30.0,4.9,0.8,230.2,152.0,192.8,0.9703,0.1711,0.1711,0.0,0.0,19.4,False,121,204.0,0.256,no,si,no,no,no,no,no,1.5,
dataset7_CLINIC_metal_0070_data,grupo 1,evaluacion,ok,concordante,False,nan,robust3mm,0.05,hueso,0.01,376,344,0,10.5,162.0,12.4,12.7,-9.0,10.5,-27.0,9.1,-9.0,-9.0,0.1,0.8,230.2,173.0,210.8,0.9812,0.173,0.0858,0.006,0.356,0.0,True,145,1401.0,0.103,si,si,si,si,no,si,no,0.0,
dataset7_CLINIC_metal_0070_data,grupo 1,evaluacion,ok,concordante,False,nan,robust3mm,0.05,ocupado_2500,0.01,376,344,1706,9.1,136.0,11.0,10.0,-15.0,8.9,-27.0,9.1,-27.0,-30.0,4.9,0.8,230.2,152.0,192.8,0.9703,0.1711,0.1711,0.0,0.0,19.4,False,121,204.0,0.256,no,si,no,no,no,no,no,0.0,
dataset7_CLINIC_metal_0070_data,grupo 1,evaluacion,ok,concordante,False,nan,robust3mm,0.05,ocupado_semimax,0.01,376,344,2261,9.1,136.0,10.9,10.0,-15.0,8.0,-27.0,9.1,-27.0,-30.0,4.9,0.8,230.2,152.0,192.8,0.9703,0.1711,0.1711,0.0,0.0,19.4,False,121,204.0,0.256,no,si,no,no,no,no,no,0.0,
