Caso,comp,corte,n_metal,n_G
dataset7_CLINIC_metal_0000_data,0,130,0,240
dataset7_CLINIC_metal_0000_data,0,131,0,411
dataset7_CLINIC_metal_0000_data,0,132,0,561
dataset7_CLINIC_metal_0000_data,0,133,0,684
dataset7_CLINIC_metal_0000_data,0,134,0,813
dataset7_CLINIC_metal_0000_data,0,135,0,933
dataset7_CLINIC_metal_0000_data,0,136,0,1029
dataset7_CLINIC_metal_0000_data,0,137,0,1114
dataset7_CLINIC_metal_0000_data,0,138,0,1212
dataset7_CLINIC_metal_0000_data,0,139,0,1284
dataset7_CLINIC_metal_0000_data,0,140,0,1331
dataset7_CLINIC_metal_0000_data,0,141,0,1403
dataset7_CLINIC_metal_0000_data,0,142,0,1457
dataset7_CLINIC_metal_0000_data,0,143,0,1534
dataset7_CLINIC_metal_0000_data,0,144,36,1611
dataset7_CLINIC_metal_0000_data,0,145,87,1678
dataset7_CLINIC_metal_0000_data,0,146,112,1741
dataset7_CLINIC_metal_0000_data,0,147,120,1817
dataset7_CLINIC_metal_0000_data,0,148,122,1888
dataset7_CLINIC_metal_0000_data,0,149,119,1957
dataset7_CLINIC_metal_0000_data,0,150,123,2025
dataset7_CLINIC_metal_0000_data,0,151,126,2099
dataset7_CLINIC_metal_0000_data,0,152,158,2186
dataset7_CLINIC_metal_0000_data,0,153,212,2284
dataset7_CLINIC_metal_0000_data,0,154,265,2397
dataset7_CLINIC_metal_0000_data,0,155,304,2487
dataset7_CLINIC_metal_0000_data,0,156,323,2569
dataset7_CLINIC_metal_0000_data,0,157,327,2651
dataset7_CLINIC_metal_0000_data,0,158,316,2766
dataset7_CLINIC_metal_0000_data,0,159,283,2923
dataset7_CLINIC_metal_0000_data,0,160,242,3102
dataset7_CLINIC_metal_0000_data,0,161,211,3308
dataset7_CLINIC_metal_0000_data,0,162,202,3522
dataset7_CLINIC_metal_0000_data,0,163,203,3748
dataset7_CLINIC_metal_0000_data,0,164,262,3962
dataset7_CLINIC_metal_0000_data,0,165,339,4198
dataset7_CLINIC_metal_0000_data,0,166,484,4430
dataset7_CLINIC_metal_0000_data,0,167,600,4663
dataset7_CLINIC_metal_0000_data,0,168,719,4902
dataset7_CLINIC_metal_0000_data,0,169,787,5155
dataset7_CLINIC_metal_0000_data,0,170,823,5428
dataset7_CLINIC_metal_0000_data,0,171,883,5682
dataset7_CLINIC_metal_0000_data,0,172,958,5958
dataset7_CLINIC_metal_0000_data,0,173,1028,6214
dataset7_CLINIC_metal_0000_data,0,174,1067,6477
dataset7_CLINIC_metal_0000_data,0,175,1048,6720
dataset7_CLINIC_metal_0000_data,0,176,1053,6962
dataset7_CLINIC_metal_0000_data,0,177,1080,7181
dataset7_CLINIC_metal_0000_data,0,178,1077,7394
dataset7_CLINIC_metal_0000_data,0,179,1066,7587
dataset7_CLINIC_metal_0000_data,0,180,998,7728
dataset7_CLINIC_metal_0000_data,0,181,951,7874
dataset7_CLINIC_metal_0000_data,0,182,939,8032
dataset7_CLINIC_metal_0000_data,0,183,880,8171
dataset7_CLINIC_metal_0000_data,0,184,786,8315
dataset7_CLINIC_metal_0000_data,0,185,769,8412
dataset7_CLINIC_metal_0000_data,0,186,705,8516
dataset7_CLINIC_metal_0000_data,0,187,703,8582
dataset7_CLINIC_metal_0000_data,0,188,733,8612
dataset7_CLINIC_metal_0000_data,0,189,734,8663
dataset7_CLINIC_metal_0000_data,0,190,720,8717
dataset7_CLINIC_metal_0000_data,0,191,698,8756
dataset7_CLINIC_metal_0000_data,0,192,575,8768
dataset7_CLINIC_metal_0000_data,0,193,459,8743
dataset7_CLINIC_metal_0000_data,0,194,426,8697
dataset7_CLINIC_metal_0000_data,0,195,379,8640
dataset7_CLINIC_metal_0000_data,0,196,352,8559
dataset7_CLINIC_metal_0000_data,0,197,423,8504
dataset7_CLINIC_metal_0000_data,0,198,473,8398
dataset7_CLINIC_metal_0000_data,0,199,496,8275
dataset7_CLINIC_metal_0000_data,0,200,480,8104
dataset7_CLINIC_metal_0000_data,0,201,426,7930
dataset7_CLINIC_metal_0000_data,0,202,322,7697
dataset7_CLINIC_metal_0000_data,0,203,225,7456
dataset7_CLINIC_metal_0000_data,0,204,204,7200
dataset7_CLINIC_metal_0000_data,0,205,206,6955
dataset7_CLINIC_metal_0000_data,0,206,211,6687
dataset7_CLINIC_metal_0000_data,0,207,208,6441
dataset7_CLINIC_metal_0000_data,0,208,207,6147
dataset7_CLINIC_metal_0000_data,0,209,191,5868
dataset7_CLINIC_metal_0000_data,0,210,188,5568
dataset7_CLINIC_metal_0000_data,0,211,186,5239
dataset7_CLINIC_metal_0000_data,0,212,173,4893
dataset7_CLINIC_metal_0000_data,0,213,122,4502
dataset7_CLINIC_metal_0000_data,0,214,71,4138
dataset7_CLINIC_metal_0000_data,0,215,46,3743
dataset7_CLINIC_metal_0000_data,0,216,20,3314
dataset7_CLINIC_metal_0000_data,0,217,0,2903
dataset7_CLINIC_metal_0000_data,0,218,0,2498
dataset7_CLINIC_metal_0000_data,0,219,0,2289
dataset7_CLINIC_metal_0000_data,0,220,0,2089
dataset7_CLINIC_metal_0000_data,0,221,0,1875
dataset7_CLINIC_metal_0000_data,0,222,0,1684
dataset7_CLINIC_metal_0000_data,0,223,0,1480
dataset7_CLINIC_metal_0000_data,0,224,0,1275
dataset7_CLINIC_metal_0000_data,0,225,0,1091
dataset7_CLINIC_metal_0000_data,0,226,0,903
dataset7_CLINIC_metal_0000_data,0,227,0,712
dataset7_CLINIC_metal_0000_data,0,228,0,523
dataset7_CLINIC_metal_0000_data,0,229,0,360
dataset7_CLINIC_metal_0000_data,0,230,0,204
dataset7_CLINIC_metal_0000_data,1,250,0,57
dataset7_CLINIC_metal_0000_data,1,251,0,409
dataset7_CLINIC_metal_0000_data,1,252,0,703
dataset7_CLINIC_metal_0000_data,1,253,0,943
dataset7_CLINIC_metal_0000_data,1,254,0,1150
dataset7_CLINIC_metal_0000_data,1,255,0,1325
dataset7_CLINIC_metal_0000_data,1,256,0,1483
dataset7_CLINIC_metal_0000_data,1,257,0,1607
dataset7_CLINIC_metal_0000_data,1,258,0,1731
dataset7_CLINIC_metal_0000_data,1,259,0,1854
dataset7_CLINIC_metal_0000_data,1,260,0,1930
dataset7_CLINIC_metal_0000_data,1,261,0,2011
dataset7_CLINIC_metal_0000_data,1,262,0,2083
dataset7_CLINIC_metal_0000_data,1,263,0,2130
dataset7_CLINIC_metal_0000_data,1,264,0,2156
dataset7_CLINIC_metal_0000_data,1,265,57,2193
dataset7_CLINIC_metal_0000_data,1,266,143,2210
dataset7_CLINIC_metal_0000_data,1,267,164,2210
dataset7_CLINIC_metal_0000_data,1,268,135,2197
dataset7_CLINIC_metal_0000_data,1,269,120,2173
dataset7_CLINIC_metal_0000_data,1,270,42,2149
dataset7_CLINIC_metal_0000_data,1,271,0,2109
dataset7_CLINIC_metal_0000_data,1,272,0,2072
dataset7_CLINIC_metal_0000_data,1,273,0,1994
dataset7_CLINIC_metal_0000_data,1,274,0,1941
dataset7_CLINIC_metal_0000_data,1,275,0,1848
dataset7_CLINIC_metal_0000_data,1,276,0,1746
dataset7_CLINIC_metal_0000_data,1,277,0,1646
dataset7_CLINIC_metal_0000_data,1,278,0,1514
dataset7_CLINIC_metal_0000_data,1,279,0,1388
dataset7_CLINIC_metal_0000_data,1,280,0,1242
dataset7_CLINIC_metal_0000_data,1,281,0,1071
dataset7_CLINIC_metal_0000_data,1,282,0,883
dataset7_CLINIC_metal_0000_data,1,283,0,674
dataset7_CLINIC_metal_0000_data,1,284,0,397
dataset7_CLINIC_metal_0000_data,2,253,0,181
dataset7_CLINIC_metal_0000_data,2,254,0,326
dataset7_CLINIC_metal_0000_data,2,255,0,487
dataset7_CLINIC_metal_0000_data,2,256,0,745
dataset7_CLINIC_metal_0000_data,2,257,0,1081
dataset7_CLINIC_metal_0000_data,2,258,0,1321
dataset7_CLINIC_metal_0000_data,2,259,0,1493
dataset7_CLINIC_metal_0000_data,2,260,0,1657
dataset7_CLINIC_metal_0000_data,2,261,0,1813
dataset7_CLINIC_metal_0000_data,2,262,0,1929
dataset7_CLINIC_metal_0000_data,2,263,0,2034
dataset7_CLINIC_metal_0000_data,2,264,0,2146
dataset7_CLINIC_metal_0000_data,2,265,0,2223
dataset7_CLINIC_metal_0000_data,2,266,0,2291
dataset7_CLINIC_metal_0000_data,2,267,14,2348
dataset7_CLINIC_metal_0000_data,2,268,56,2387
dataset7_CLINIC_metal_0000_data,2,269,84,2416
dataset7_CLINIC_metal_0000_data,2,270,128,2440
dataset7_CLINIC_metal_0000_data,2,271,160,2457
dataset7_CLINIC_metal_0000_data,2,272,202,2458
dataset7_CLINIC_metal_0000_data,2,273,143,2448
dataset7_CLINIC_metal_0000_data,2,274,78,2423
dataset7_CLINIC_metal_0000_data,2,275,44,2391
dataset7_CLINIC_metal_0000_data,2,276,0,2348
dataset7_CLINIC_metal_0000_data,2,277,0,2299
dataset7_CLINIC_metal_0000_data,2,278,0,2225
dataset7_CLINIC_metal_0000_data,2,279,0,2169
dataset7_CLINIC_metal_0000_data,2,280,0,2057
dataset7_CLINIC_metal_0000_data,2,281,0,1946
dataset7_CLINIC_metal_0000_data,2,282,0,1838
dataset7_CLINIC_metal_0000_data,2,283,0,1677
dataset7_CLINIC_metal_0000_data,2,284,0,1514
dataset7_CLINIC_metal_0000_data,2,285,0,1333
dataset7_CLINIC_metal_0000_data,2,286,0,1085
dataset7_CLINIC_metal_0000_data,2,287,0,739
dataset7_CLINIC_metal_0000_data,2,288,0,460
dataset7_CLINIC_metal_0000_data,2,289,0,258
dataset7_CLINIC_metal_0000_data,3,126,0,140
dataset7_CLINIC_metal_0000_data,3,127,0,322
dataset7_CLINIC_metal_0000_data,3,128,0,500
dataset7_CLINIC_metal_0000_data,3,129,0,624
dataset7_CLINIC_metal_0000_data,3,130,0,754
dataset7_CLINIC_metal_0000_data,3,131,0,885
dataset7_CLINIC_metal_0000_data,3,132,0,993
dataset7_CLINIC_metal_0000_data,3,133,0,1073
dataset7_CLINIC_metal_0000_data,3,134,0,1166
dataset7_CLINIC_metal_0000_data,3,135,0,1258
dataset7_CLINIC_metal_0000_data,3,136,0,1309
dataset7_CLINIC_metal_0000_data,3,137,0,1375
dataset7_CLINIC_metal_0000_data,3,138,0,1433
dataset7_CLINIC_metal_0000_data,3,139,0,1496
dataset7_CLINIC_metal_0000_data,3,140,6,1571
dataset7_CLINIC_metal_0000_data,3,141,69,1633
dataset7_CLINIC_metal_0000_data,3,142,106,1728
dataset7_CLINIC_metal_0000_data,3,143,120,1969
dataset7_CLINIC_metal_0000_data,3,144,121,2218
dataset7_CLINIC_metal_0000_data,3,145,121,2411
dataset7_CLINIC_metal_0000_data,3,146,123,2597
dataset7_CLINIC_metal_0000_data,3,147,123,2773
dataset7_CLINIC_metal_0000_data,3,148,137,2905
dataset7_CLINIC_metal_0000_data,3,149,181,3049
dataset7_CLINIC_metal_0000_data,3,150,231,3168
dataset7_CLINIC_metal_0000_data,3,151,275,3247
dataset7_CLINIC_metal_0000_data,3,152,314,3347
dataset7_CLINIC_metal_0000_data,3,153,333,3429
dataset7_CLINIC_metal_0000_data,3,154,349,3508
dataset7_CLINIC_metal_0000_data,3,155,312,3640
dataset7_CLINIC_metal_0000_data,3,156,274,3789
dataset7_CLINIC_metal_0000_data,3,157,262,3979
dataset7_CLINIC_metal_0000_data,3,158,280,4168
dataset7_CLINIC_metal_0000_data,3,159,319,4393
dataset7_CLINIC_metal_0000_data,3,160,359,4604
dataset7_CLINIC_metal_0000_data,3,161,478,4814
dataset7_CLINIC_metal_0000_data,3,162,557,5020
dataset7_CLINIC_metal_0000_data,3,163,619,5234
dataset7_CLINIC_metal_0000_data,3,164,695,5439
dataset7_CLINIC_metal_0000_data,3,165,763,5671
dataset7_CLINIC_metal_0000_data,3,166,820,5883
dataset7_CLINIC_metal_0000_data,3,167,863,6107
dataset7_CLINIC_metal_0000_data,3,168,939,6318
dataset7_CLINIC_metal_0000_data,3,169,1044,6537
dataset7_CLINIC_metal_0000_data,3,170,1088,6745
dataset7_CLINIC_metal_0000_data,3,171,1096,6944
dataset7_CLINIC_metal_0000_data,3,172,1073,7120
dataset7_CLINIC_metal_0000_data,3,173,1104,7283
dataset7_CLINIC_metal_0000_data,3,174,1132,7428
dataset7_CLINIC_metal_0000_data,3,175,1136,7568
dataset7_CLINIC_metal_0000_data,3,176,1103,7687
dataset7_CLINIC_metal_0000_data,3,177,1007,7795
dataset7_CLINIC_metal_0000_data,3,178,980,7949
dataset7_CLINIC_metal_0000_data,3,179,962,8076
dataset7_CLINIC_metal_0000_data,3,180,849,8181
dataset7_CLINIC_metal_0000_data,3,181,775,8280
dataset7_CLINIC_metal_0000_data,3,182,738,8379
dataset7_CLINIC_metal_0000_data,3,183,682,8461
dataset7_CLINIC_metal_0000_data,3,184,721,8532
dataset7_CLINIC_metal_0000_data,3,185,742,8593
dataset7_CLINIC_metal_0000_data,3,186,757,8655
dataset7_CLINIC_metal_0000_data,3,187,755,8700
dataset7_CLINIC_metal_0000_data,3,188,688,8730
dataset7_CLINIC_metal_0000_data,3,189,559,8743
dataset7_CLINIC_metal_0000_data,3,190,508,8720
dataset7_CLINIC_metal_0000_data,3,191,439,8701
dataset7_CLINIC_metal_0000_data,3,192,367,8661
dataset7_CLINIC_metal_0000_data,3,193,392,8612
dataset7_CLINIC_metal_0000_data,3,194,454,8560
dataset7_CLINIC_metal_0000_data,3,195,503,8437
dataset7_CLINIC_metal_0000_data,3,196,535,8299
dataset7_CLINIC_metal_0000_data,3,197,490,8184
dataset7_CLINIC_metal_0000_data,3,198,411,8048
dataset7_CLINIC_metal_0000_data,3,199,285,7910
dataset7_CLINIC_metal_0000_data,3,200,199,7762
dataset7_CLINIC_metal_0000_data,3,201,194,7580
dataset7_CLINIC_metal_0000_data,3,202,197,7372
dataset7_CLINIC_metal_0000_data,3,203,213,7165
dataset7_CLINIC_metal_0000_data,3,204,212,6909
dataset7_CLINIC_metal_0000_data,3,205,214,6650
dataset7_CLINIC_metal_0000_data,3,206,206,6362
dataset7_CLINIC_metal_0000_data,3,207,204,6070
dataset7_CLINIC_metal_0000_data,3,208,200,5706
dataset7_CLINIC_metal_0000_data,3,209,184,5365
dataset7_CLINIC_metal_0000_data,3,210,174,5017
dataset7_CLINIC_metal_0000_data,3,211,167,4642
dataset7_CLINIC_metal_0000_data,3,212,157,4252
dataset7_CLINIC_metal_0000_data,3,213,129,3800
dataset7_CLINIC_metal_0000_data,3,214,92,3371
dataset7_CLINIC_metal_0000_data,3,215,35,3038
dataset7_CLINIC_metal_0000_data,3,216,16,2843
dataset7_CLINIC_metal_0000_data,3,217,0,2641
dataset7_CLINIC_metal_0000_data,3,218,0,2442
dataset7_CLINIC_metal_0000_data,3,219,0,2234
dataset7_CLINIC_metal_0000_data,3,220,0,2038
dataset7_CLINIC_metal_0000_data,3,221,0,1833
dataset7_CLINIC_metal_0000_data,3,222,0,1639
dataset7_CLINIC_metal_0000_data,3,223,0,1459
dataset7_CLINIC_metal_0000_data,3,224,0,1267
dataset7_CLINIC_metal_0000_data,3,225,0,1080
dataset7_CLINIC_metal_0000_data,3,226,0,901
dataset7_CLINIC_metal_0000_data,3,227,0,721
dataset7_CLINIC_metal_0000_data,3,228,0,540
dataset7_CLINIC_metal_0000_data,3,229,0,346
dataset7_CLINIC_metal_0000_data,3,230,0,186
dataset7_CLINIC_metal_0000_data,4,0,190,1870
dataset7_CLINIC_metal_0000_data,4,1,190,1885
dataset7_CLINIC_metal_0000_data,4,2,193,1894
dataset7_CLINIC_metal_0000_data,4,3,196,1896
dataset7_CLINIC_metal_0000_data,4,4,192,1898
dataset7_CLINIC_metal_0000_data,4,5,192,1902
dataset7_CLINIC_metal_0000_data,4,6,191,1905
dataset7_CLINIC_metal_0000_data,4,7,194,1904
dataset7_CLINIC_metal_0000_data,4,8,199,1903
dataset7_CLINIC_metal_0000_data,4,9,196,1904
dataset7_CLINIC_metal_0000_data,4,10,189,1910
dataset7_CLINIC_metal_0000_data,4,11,196,1902
dataset7_CLINIC_metal_0000_data,4,12,196,1899
dataset7_CLINIC_metal_0000_data,4,13,193,1900
dataset7_CLINIC_metal_0000_data,4,14,196,1903
dataset7_CLINIC_metal_0000_data,4,15,193,1901
dataset7_CLINIC_metal_0000_data,4,16,193,1906
dataset7_CLINIC_metal_0000_data,4,17,200,1899
dataset7_CLINIC_metal_0000_data,4,18,195,1901
dataset7_CLINIC_metal_0000_data,4,19,194,1898
dataset7_CLINIC_metal_0000_data,4,20,191,1897
dataset7_CLINIC_metal_0000_data,4,21,189,1899
dataset7_CLINIC_metal_0000_data,4,22,193,1896
dataset7_CLINIC_metal_0000_data,4,23,197,1900
dataset7_CLINIC_metal_0000_data,4,24,195,1899
dataset7_CLINIC_metal_0000_data,4,25,195,1909
dataset7_CLINIC_metal_0000_data,4,26,194,1903
dataset7_CLINIC_metal_0000_data,4,27,194,1926
dataset7_CLINIC_metal_0000_data,4,28,198,2082
dataset7_CLINIC_metal_0000_data,4,29,196,2197
dataset7_CLINIC_metal_0000_data,4,30,192,2269
dataset7_CLINIC_metal_0000_data,4,31,193,2346
dataset7_CLINIC_metal_0000_data,4,32,196,2422
dataset7_CLINIC_metal_0000_data,4,33,193,2489
dataset7_CLINIC_metal_0000_data,4,34,195,2545
dataset7_CLINIC_metal_0000_data,4,35,190,2600
dataset7_CLINIC_metal_0000_data,4,36,192,2669
dataset7_CLINIC_metal_0000_data,4,37,193,2717
dataset7_CLINIC_metal_0000_data,4,38,192,2768
dataset7_CLINIC_metal_0000_data,4,39,193,2812
dataset7_CLINIC_metal_0000_data,4,40,192,2846
dataset7_CLINIC_metal_0000_data,4,41,192,2877
dataset7_CLINIC_metal_0000_data,4,42,211,2908
dataset7_CLINIC_metal_0000_data,4,43,233,2933
dataset7_CLINIC_metal_0000_data,4,44,240,2964
dataset7_CLINIC_metal_0000_data,4,45,245,2984
dataset7_CLINIC_metal_0000_data,4,46,263,2988
dataset7_CLINIC_metal_0000_data,4,47,279,3002
dataset7_CLINIC_metal_0000_data,4,48,300,3003
dataset7_CLINIC_metal_0000_data,4,49,312,3004
dataset7_CLINIC_metal_0000_data,4,50,317,3020
dataset7_CLINIC_metal_0000_data,4,51,325,3022
dataset7_CLINIC_metal_0000_data,4,52,333,3054
dataset7_CLINIC_metal_0000_data,4,53,342,3079
dataset7_CLINIC_metal_0000_data,4,54,348,3096
dataset7_CLINIC_metal_0000_data,4,55,351,3134
dataset7_CLINIC_metal_0000_data,4,56,351,3151
dataset7_CLINIC_metal_0000_data,4,57,370,3189
dataset7_CLINIC_metal_0000_data,4,58,386,3199
dataset7_CLINIC_metal_0000_data,4,59,386,3215
dataset7_CLINIC_metal_0000_data,4,60,387,3226
dataset7_CLINIC_metal_0000_data,4,61,393,3225
dataset7_CLINIC_metal_0000_data,4,62,404,3227
dataset7_CLINIC_metal_0000_data,4,63,405,3219
dataset7_CLINIC_metal_0000_data,4,64,415,3210
dataset7_CLINIC_metal_0000_data,4,65,395,3201
dataset7_CLINIC_metal_0000_data,4,66,383,3191
dataset7_CLINIC_metal_0000_data,4,67,378,3205
dataset7_CLINIC_metal_0000_data,4,68,375,3217
dataset7_CLINIC_metal_0000_data,4,69,379,3215
dataset7_CLINIC_metal_0000_data,4,70,379,3219
dataset7_CLINIC_metal_0000_data,4,71,384,3229
dataset7_CLINIC_metal_0000_data,4,72,389,3222
dataset7_CLINIC_metal_0000_data,4,73,398,3229
dataset7_CLINIC_metal_0000_data,4,74,409,3229
dataset7_CLINIC_metal_0000_data,4,75,412,3216
dataset7_CLINIC_metal_0000_data,4,76,411,3210
dataset7_CLINIC_metal_0000_data,4,77,414,3205
dataset7_CLINIC_metal_0000_data,4,78,414,3199
dataset7_CLINIC_metal_0000_data,4,79,414,3181
dataset7_CLINIC_metal_0000_data,4,80,417,3191
dataset7_CLINIC_metal_0000_data,4,81,413,3192
dataset7_CLINIC_metal_0000_data,4,82,404,3197
dataset7_CLINIC_metal_0000_data,4,83,394,3210
dataset7_CLINIC_metal_0000_data,4,84,389,3215
dataset7_CLINIC_metal_0000_data,4,85,384,3228
dataset7_CLINIC_metal_0000_data,4,86,379,3241
dataset7_CLINIC_metal_0000_data,4,87,384,3261
dataset7_CLINIC_metal_0000_data,4,88,384,3272
dataset7_CLINIC_metal_0000_data,4,89,381,3299
dataset7_CLINIC_metal_0000_data,4,90,390,3323
dataset7_CLINIC_metal_0000_data,4,91,398,3366
dataset7_CLINIC_metal_0000_data,4,92,404,3418
dataset7_CLINIC_metal_0000_data,4,93,412,3472
dataset7_CLINIC_metal_0000_data,4,94,418,3529
dataset7_CLINIC_metal_0000_data,4,95,429,3586
dataset7_CLINIC_metal_0000_data,4,96,428,3639
dataset7_CLINIC_metal_0000_data,4,97,419,3703
dataset7_CLINIC_metal_0000_data,4,98,427,3750
dataset7_CLINIC_metal_0000_data,4,99,440,3805
dataset7_CLINIC_metal_0000_data,4,100,444,3855
dataset7_CLINIC_metal_0000_data,4,101,430,3902
dataset7_CLINIC_metal_0000_data,4,102,418,3948
dataset7_CLINIC_metal_0000_data,4,103,415,3995
dataset7_CLINIC_metal_0000_data,4,104,419,4050
dataset7_CLINIC_metal_0000_data,4,105,413,4097
dataset7_CLINIC_metal_0000_data,4,106,420,4146
dataset7_CLINIC_metal_0000_data,4,107,425,4205
dataset7_CLINIC_metal_0000_data,4,108,437,4262
dataset7_CLINIC_metal_0000_data,4,109,445,4313
dataset7_CLINIC_metal_0000_data,4,110,455,4367
dataset7_CLINIC_metal_0000_data,4,111,464,4419
dataset7_CLINIC_metal_0000_data,4,112,482,4469
dataset7_CLINIC_metal_0000_data,4,113,473,4518
dataset7_CLINIC_metal_0000_data,4,114,464,4569
dataset7_CLINIC_metal_0000_data,4,115,465,4620
dataset7_CLINIC_metal_0000_data,4,116,459,4660
dataset7_CLINIC_metal_0000_data,4,117,450,4694
dataset7_CLINIC_metal_0000_data,4,118,448,4727
dataset7_CLINIC_metal_0000_data,4,119,449,4761
dataset7_CLINIC_metal_0000_data,4,120,449,4779
dataset7_CLINIC_metal_0000_data,4,121,440,4796
dataset7_CLINIC_metal_0000_data,4,122,426,4806
dataset7_CLINIC_metal_0000_data,4,123,410,4820
dataset7_CLINIC_metal_0000_data,4,124,392,4796
dataset7_CLINIC_metal_0000_data,4,125,343,4798
dataset7_CLINIC_metal_0000_data,4,126,263,4757
dataset7_CLINIC_metal_0000_data,4,127,215,4725
dataset7_CLINIC_metal_0000_data,4,128,151,4673
dataset7_CLINIC_metal_0000_data,4,129,143,4612
dataset7_CLINIC_metal_0000_data,4,130,146,4510
dataset7_CLINIC_metal_0000_data,4,131,133,4416
dataset7_CLINIC_metal_0000_data,4,132,123,4285
dataset7_CLINIC_metal_0000_data,4,133,111,4145
dataset7_CLINIC_metal_0000_data,4,134,91,4004
dataset7_CLINIC_metal_0000_data,4,135,80,3827
dataset7_CLINIC_metal_0000_data,4,136,80,3638
dataset7_CLINIC_metal_0000_data,4,137,81,3440
dataset7_CLINIC_metal_0000_data,4,138,77,3213
dataset7_CLINIC_metal_0000_data,4,139,79,2954
dataset7_CLINIC_metal_0000_data,4,140,74,2656
dataset7_CLINIC_metal_0000_data,4,141,73,2335
dataset7_CLINIC_metal_0000_data,4,142,65,2026
dataset7_CLINIC_metal_0000_data,4,143,60,1802
dataset7_CLINIC_metal_0000_data,4,144,53,1710
dataset7_CLINIC_metal_0000_data,4,145,40,1618
dataset7_CLINIC_metal_0000_data,4,146,25,1523
dataset7_CLINIC_metal_0000_data,4,147,6,1430
dataset7_CLINIC_metal_0000_data,4,148,0,1337
dataset7_CLINIC_metal_0000_data,4,149,0,1272
dataset7_CLINIC_metal_0000_data,4,150,0,1200
dataset7_CLINIC_metal_0000_data,4,151,0,1107
dataset7_CLINIC_metal_0000_data,4,152,0,1036
dataset7_CLINIC_metal_0000_data,4,153,0,951
dataset7_CLINIC_metal_0000_data,4,154,0,859
dataset7_CLINIC_metal_0000_data,4,155,0,770
dataset7_CLINIC_metal_0000_data,4,156,0,683
dataset7_CLINIC_metal_0000_data,4,157,0,575
dataset7_CLINIC_metal_0000_data,4,158,0,467
dataset7_CLINIC_metal_0000_data,4,159,0,368
dataset7_CLINIC_metal_0000_data,4,160,0,267
dataset7_CLINIC_metal_0000_data,4,161,0,140
dataset7_CLINIC_metal_0001_data,0,190,0,288
dataset7_CLINIC_metal_0001_data,0,191,0,483
dataset7_CLINIC_metal_0001_data,0,192,0,697
dataset7_CLINIC_metal_0001_data,0,193,0,950
dataset7_CLINIC_metal_0001_data,0,194,0,1211
dataset7_CLINIC_metal_0001_data,0,195,0,1484
dataset7_CLINIC_metal_0001_data,0,196,0,1778
dataset7_CLINIC_metal_0001_data,0,197,0,2080
dataset7_CLINIC_metal_0001_data,0,198,0,2389
dataset7_CLINIC_metal_0001_data,0,199,0,2698
dataset7_CLINIC_metal_0001_data,0,200,0,3026
dataset7_CLINIC_metal_0001_data,0,201,0,3331
dataset7_CLINIC_metal_0001_data,0,202,0,3810
dataset7_CLINIC_metal_0001_data,0,203,0,4104
dataset7_CLINIC_metal_0001_data,0,204,36,4339
dataset7_CLINIC_metal_0001_data,0,205,87,4539
dataset7_CLINIC_metal_0001_data,0,206,135,4719
dataset7_CLINIC_metal_0001_data,0,207,187,4862
dataset7_CLINIC_metal_0001_data,0,208,231,4984
dataset7_CLINIC_metal_0001_data,0,209,265,5069
dataset7_CLINIC_metal_0001_data,0,210,274,5149
dataset7_CLINIC_metal_0001_data,0,211,263,5211
dataset7_CLINIC_metal_0001_data,0,212,251,5231
dataset7_CLINIC_metal_0001_data,0,213,250,5255
dataset7_CLINIC_metal_0001_data,0,214,252,5245
dataset7_CLINIC_metal_0001_data,0,215,258,5202
dataset7_CLINIC_metal_0001_data,0,216,289,5152
dataset7_CLINIC_metal_0001_data,0,217,306,5087
dataset7_CLINIC_metal_0001_data,0,218,295,4997
dataset7_CLINIC_metal_0001_data,0,219,235,4889
dataset7_CLINIC_metal_0001_data,0,220,181,4758
dataset7_CLINIC_metal_0001_data,0,221,122,4607
dataset7_CLINIC_metal_0001_data,0,222,75,4426
dataset7_CLINIC_metal_0001_data,0,223,55,4209
dataset7_CLINIC_metal_0001_data,0,224,23,3953
dataset7_CLINIC_metal_0001_data,0,225,0,3628
dataset7_CLINIC_metal_0001_data,0,226,0,3262
dataset7_CLINIC_metal_0001_data,0,227,0,2940
dataset7_CLINIC_metal_0001_data,0,228,0,2638
dataset7_CLINIC_metal_0001_data,0,229,0,2329
dataset7_CLINIC_metal_0001_data,0,230,0,2026
dataset7_CLINIC_metal_0001_data,0,231,0,1725
dataset7_CLINIC_metal_0001_data,0,232,0,1435
dataset7_CLINIC_metal_0001_data,0,233,0,1171
dataset7_CLINIC_metal_0001_data,0,234,0,924
dataset7_CLINIC_metal_0001_data,0,235,0,680
dataset7_CLINIC_metal_0001_data,0,236,0,487
dataset7_CLINIC_metal_0001_data,0,237,0,359
dataset7_CLINIC_metal_0001_data,0,238,0,211
dataset7_CLINIC_metal_0001_data,1,31,0,151
dataset7_CLINIC_metal_0001_data,1,32,0,273
dataset7_CLINIC_metal_0001_data,1,33,0,361
dataset7_CLINIC_metal_0001_data,1,34,0,465
dataset7_CLINIC_metal_0001_data,1,35,0,758
dataset7_CLINIC_metal_0001_data,1,36,0,985
dataset7_CLINIC_metal_0001_data,1,37,0,1172
dataset7_CLINIC_metal_0001_data,1,38,0,1365
dataset7_CLINIC_metal_0001_data,1,39,0,1551
dataset7_CLINIC_metal_0001_data,1,40,0,1715
dataset7_CLINIC_metal_0001_data,1,41,0,1873
dataset7_CLINIC_metal_0001_data,1,42,0,2017
dataset7_CLINIC_metal_0001_data,1,43,0,2114
dataset7_CLINIC_metal_0001_data,1,44,0,2207
dataset7_CLINIC_metal_0001_data,1,45,7,2293
dataset7_CLINIC_metal_0001_data,1,46,18,2344
dataset7_CLINIC_metal_0001_data,1,47,22,2418
dataset7_CLINIC_metal_0001_data,1,48,25,2458
dataset7_CLINIC_metal_0001_data,1,49,44,2509
dataset7_CLINIC_metal_0001_data,1,50,57,2545
dataset7_CLINIC_metal_0001_data,1,51,69,2582
dataset7_CLINIC_metal_0001_data,1,52,75,2595
dataset7_CLINIC_metal_0001_data,1,53,76,2629
dataset7_CLINIC_metal_0001_data,1,54,81,2646
dataset7_CLINIC_metal_0001_data,1,55,92,2667
dataset7_CLINIC_metal_0001_data,1,56,108,2813
dataset7_CLINIC_metal_0001_data,1,57,121,2913
dataset7_CLINIC_metal_0001_data,1,58,133,3017
dataset7_CLINIC_metal_0001_data,1,59,138,3103
dataset7_CLINIC_metal_0001_data,1,60,137,3197
dataset7_CLINIC_metal_0001_data,1,61,138,3272
dataset7_CLINIC_metal_0001_data,1,62,140,3329
dataset7_CLINIC_metal_0001_data,1,63,137,3380
dataset7_CLINIC_metal_0001_data,1,64,144,3423
dataset7_CLINIC_metal_0001_data,1,65,138,3463
dataset7_CLINIC_metal_0001_data,1,66,138,3495
dataset7_CLINIC_metal_0001_data,1,67,140,3520
dataset7_CLINIC_metal_0001_data,1,68,142,3536
dataset7_CLINIC_metal_0001_data,1,69,136,3554
dataset7_CLINIC_metal_0001_data,1,70,157,3567
dataset7_CLINIC_metal_0001_data,1,71,191,3557
dataset7_CLINIC_metal_0001_data,1,72,211,3561
dataset7_CLINIC_metal_0001_data,1,73,234,3622
dataset7_CLINIC_metal_0001_data,1,74,258,3706
dataset7_CLINIC_metal_0001_data,1,75,269,3783
dataset7_CLINIC_metal_0001_data,1,76,297,3854
dataset7_CLINIC_metal_0001_data,1,77,322,4111
dataset7_CLINIC_metal_0001_data,1,78,328,4306
dataset7_CLINIC_metal_0001_data,1,79,340,4476
dataset7_CLINIC_metal_0001_data,1,80,353,4670
dataset7_CLINIC_metal_0001_data,1,81,369,4869
dataset7_CLINIC_metal_0001_data,1,82,365,5064
dataset7_CLINIC_metal_0001_data,1,83,332,5234
dataset7_CLINIC_metal_0001_data,1,84,320,5370
dataset7_CLINIC_metal_0001_data,1,85,305,5470
dataset7_CLINIC_metal_0001_data,1,86,293,5567
dataset7_CLINIC_metal_0001_data,1,87,284,5627
dataset7_CLINIC_metal_0001_data,1,88,306,5671
dataset7_CLINIC_metal_0001_data,1,89,351,5698
dataset7_CLINIC_metal_0001_data,1,90,399,5700
dataset7_CLINIC_metal_0001_data,1,91,455,5694
dataset7_CLINIC_metal_0001_data,1,92,461,5688
dataset7_CLINIC_metal_0001_data,1,93,473,5647
dataset7_CLINIC_metal_0001_data,1,94,541,5587
dataset7_CLINIC_metal_0001_data,1,95,606,5520
dataset7_CLINIC_metal_0001_data,1,96,615,5433
dataset7_CLINIC_metal_0001_data,1,97,544,5354
dataset7_CLINIC_metal_0001_data,1,98,474,5282
dataset7_CLINIC_metal_0001_data,1,99,440,5200
dataset7_CLINIC_metal_0001_data,1,100,448,5104
dataset7_CLINIC_metal_0001_data,1,101,449,5008
dataset7_CLINIC_metal_0001_data,1,102,444,4895
dataset7_CLINIC_metal_0001_data,1,103,438,4776
dataset7_CLINIC_metal_0001_data,1,104,424,4639
dataset7_CLINIC_metal_0001_data,1,105,393,4505
dataset7_CLINIC_metal_0001_data,1,106,366,4355
dataset7_CLINIC_metal_0001_data,1,107,334,4175
dataset7_CLINIC_metal_0001_data,1,108,296,4004
dataset7_CLINIC_metal_0001_data,1,109,269,3827
dataset7_CLINIC_metal_0001_data,1,110,239,3658
dataset7_CLINIC_metal_0001_data,1,111,220,3504
dataset7_CLINIC_metal_0001_data,1,112,195,3384
dataset7_CLINIC_metal_0001_data,1,113,166,3240
dataset7_CLINIC_metal_0001_data,1,114,143,3110
dataset7_CLINIC_metal_0001_data,1,115,113,2964
dataset7_CLINIC_metal_0001_data,1,116,121,2837
dataset7_CLINIC_metal_0001_data,1,117,122,2701
dataset7_CLINIC_metal_0001_data,1,118,122,2576
dataset7_CLINIC_metal_0001_data,1,119,98,2467
dataset7_CLINIC_metal_0001_data,1,120,81,2379
dataset7_CLINIC_metal_0001_data,1,121,77,2306
dataset7_CLINIC_metal_0001_data,1,122,79,2229
dataset7_CLINIC_metal_0001_data,1,123,94,2133
dataset7_CLINIC_metal_0001_data,1,124,99,2041
dataset7_CLINIC_metal_0001_data,1,125,89,1934
dataset7_CLINIC_metal_0001_data,1,126,68,1840
dataset7_CLINIC_metal_0001_data,1,127,42,1719
dataset7_CLINIC_metal_0001_data,1,128,9,1604
dataset7_CLINIC_metal_0001_data,1,129,0,1431
dataset7_CLINIC_metal_0001_data,1,130,0,1370
dataset7_CLINIC_metal_0001_data,1,131,0,1303
dataset7_CLINIC_metal_0001_data,1,132,0,1222
dataset7_CLINIC_metal_0001_data,1,133,0,1138
dataset7_CLINIC_metal_0001_data,1,134,0,1047
dataset7_CLINIC_metal_0001_data,1,135,0,958
dataset7_CLINIC_metal_0001_data,1,136,0,865
dataset7_CLINIC_metal_0001_data,1,137,0,765
dataset7_CLINIC_metal_0001_data,1,138,0,655
dataset7_CLINIC_metal_0001_data,1,139,0,525
dataset7_CLINIC_metal_0001_data,1,140,0,421
dataset7_CLINIC_metal_0001_data,1,141,0,288
dataset7_CLINIC_metal_0001_data,1,142,0,157
dataset7_CLINIC_metal_0001_data,2,93,0,109
dataset7_CLINIC_metal_0001_data,2,94,0,213
dataset7_CLINIC_metal_0001_data,2,95,0,293
dataset7_CLINIC_metal_0001_data,2,96,0,385
dataset7_CLINIC_metal_0001_data,2,97,0,465
dataset7_CLINIC_metal_0001_data,2,98,0,532
dataset7_CLINIC_metal_0001_data,2,99,0,604
dataset7_CLINIC_metal_0001_data,2,100,0,686
dataset7_CLINIC_metal_0001_data,2,101,0,754
dataset7_CLINIC_metal_0001_data,2,102,0,815
dataset7_CLINIC_metal_0001_data,2,103,0,873
dataset7_CLINIC_metal_0001_data,2,104,0,933
dataset7_CLINIC_metal_0001_data,2,105,0,967
dataset7_CLINIC_metal_0001_data,2,106,0,1007
dataset7_CLINIC_metal_0001_data,2,107,1,1032
dataset7_CLINIC_metal_0001_data,2,108,2,1047
dataset7_CLINIC_metal_0001_data,2,109,4,1060
dataset7_CLINIC_metal_0001_data,2,110,6,1073
dataset7_CLINIC_metal_0001_data,2,111,12,1067
dataset7_CLINIC_metal_0001_data,2,112,2,1059
dataset7_CLINIC_metal_0001_data,2,113,0,1037
dataset7_CLINIC_metal_0001_data,2,114,0,1021
dataset7_CLINIC_metal_0001_data,2,115,0,990
dataset7_CLINIC_metal_0001_data,2,116,0,949
dataset7_CLINIC_metal_0001_data,2,117,0,899
dataset7_CLINIC_metal_0001_data,2,118,0,837
dataset7_CLINIC_metal_0001_data,2,119,0,771
dataset7_CLINIC_metal_0001_data,2,120,0,699
dataset7_CLINIC_metal_0001_data,2,121,0,621
dataset7_CLINIC_metal_0001_data,2,122,0,532
dataset7_CLINIC_metal_0001_data,2,123,0,433
dataset7_CLINIC_metal_0001_data,2,124,0,331
dataset7_CLINIC_metal_0001_data,2,125,0,236
dataset7_CLINIC_metal_0001_data,2,126,0,126
dataset7_CLINIC_metal_0002_data,0,156,0,143
dataset7_CLINIC_metal_0002_data,0,157,0,230
dataset7_CLINIC_metal_0002_data,0,158,0,335
dataset7_CLINIC_metal_0002_data,0,159,0,436
dataset7_CLINIC_metal_0002_data,0,160,0,530
dataset7_CLINIC_metal_0002_data,0,161,0,621
dataset7_CLINIC_metal_0002_data,0,162,0,707
dataset7_CLINIC_metal_0002_data,0,163,0,795
dataset7_CLINIC_metal_0002_data,0,164,0,870
dataset7_CLINIC_metal_0002_data,0,165,0,965
dataset7_CLINIC_metal_0002_data,0,166,0,1084
dataset7_CLINIC_metal_0002_data,0,167,0,1209
dataset7_CLINIC_metal_0002_data,0,168,0,1385
dataset7_CLINIC_metal_0002_data,0,169,0,1552
dataset7_CLINIC_metal_0002_data,0,170,15,1758
dataset7_CLINIC_metal_0002_data,0,171,34,1961
dataset7_CLINIC_metal_0002_data,0,172,78,2169
dataset7_CLINIC_metal_0002_data,0,173,98,2399
dataset7_CLINIC_metal_0002_data,0,174,110,2657
dataset7_CLINIC_metal_0002_data,0,175,129,2923
dataset7_CLINIC_metal_0002_data,0,176,143,3204
dataset7_CLINIC_metal_0002_data,0,177,147,3453
dataset7_CLINIC_metal_0002_data,0,178,169,3732
dataset7_CLINIC_metal_0002_data,0,179,205,4066
dataset7_CLINIC_metal_0002_data,0,180,244,4375
dataset7_CLINIC_metal_0002_data,0,181,302,4699
dataset7_CLINIC_metal_0002_data,0,182,366,5042
dataset7_CLINIC_metal_0002_data,0,183,413,5390
dataset7_CLINIC_metal_0002_data,0,184,456,5747
dataset7_CLINIC_metal_0002_data,0,185,440,6125
dataset7_CLINIC_metal_0002_data,0,186,407,6496
dataset7_CLINIC_metal_0002_data,0,187,384,6885
dataset7_CLINIC_metal_0002_data,0,188,340,7415
dataset7_CLINIC_metal_0002_data,0,189,322,8121
dataset7_CLINIC_metal_0002_data,0,190,325,8698
dataset7_CLINIC_metal_0002_data,0,191,326,9114
dataset7_CLINIC_metal_0002_data,0,192,336,9424
dataset7_CLINIC_metal_0002_data,0,193,357,9697
dataset7_CLINIC_metal_0002_data,0,194,377,9903
dataset7_CLINIC_metal_0002_data,0,195,385,10071
dataset7_CLINIC_metal_0002_data,0,196,400,10181
dataset7_CLINIC_metal_0002_data,0,197,400,10238
dataset7_CLINIC_metal_0002_data,0,198,414,10272
dataset7_CLINIC_metal_0002_data,0,199,412,10240
dataset7_CLINIC_metal_0002_data,0,200,456,10138
dataset7_CLINIC_metal_0002_data,0,201,526,9985
dataset7_CLINIC_metal_0002_data,0,202,618,9823
dataset7_CLINIC_metal_0002_data,0,203,725,9626
dataset7_CLINIC_metal_0002_data,0,204,818,9386
dataset7_CLINIC_metal_0002_data,0,205,819,9168
dataset7_CLINIC_metal_0002_data,0,206,739,8925
dataset7_CLINIC_metal_0002_data,0,207,538,8651
dataset7_CLINIC_metal_0002_data,0,208,349,8368
dataset7_CLINIC_metal_0002_data,0,209,169,8068
dataset7_CLINIC_metal_0002_data,0,210,165,7734
dataset7_CLINIC_metal_0002_data,0,211,144,7366
dataset7_CLINIC_metal_0002_data,0,212,115,6965
dataset7_CLINIC_metal_0002_data,0,213,102,6604
dataset7_CLINIC_metal_0002_data,0,214,87,6198
dataset7_CLINIC_metal_0002_data,0,215,79,5781
dataset7_CLINIC_metal_0002_data,0,216,79,5412
dataset7_CLINIC_metal_0002_data,0,217,79,5039
dataset7_CLINIC_metal_0002_data,0,218,78,4668
dataset7_CLINIC_metal_0002_data,0,219,81,4251
dataset7_CLINIC_metal_0002_data,0,220,75,3818
dataset7_CLINIC_metal_0002_data,0,221,77,3329
dataset7_CLINIC_metal_0002_data,0,222,77,2785
dataset7_CLINIC_metal_0002_data,0,223,73,2112
dataset7_CLINIC_metal_0002_data,0,224,75,1894
dataset7_CLINIC_metal_0002_data,0,225,75,1845
dataset7_CLINIC_metal_0002_data,0,226,76,1787
dataset7_CLINIC_metal_0002_data,0,227,75,1744
dataset7_CLINIC_metal_0002_data,0,228,74,1690
dataset7_CLINIC_metal_0002_data,0,229,70,1586
dataset7_CLINIC_metal_0002_data,0,230,77,1535
dataset7_CLINIC_metal_0002_data,0,231,76,1491
dataset7_CLINIC_metal_0002_data,0,232,72,1451
dataset7_CLINIC_metal_0002_data,0,233,73,1406
dataset7_CLINIC_metal_0002_data,0,234,65,1360
dataset7_CLINIC_metal_0002_data,0,235,56,1317
dataset7_CLINIC_metal_0002_data,0,236,48,1265
dataset7_CLINIC_metal_0002_data,0,237,36,1204
dataset7_CLINIC_metal_0002_data,0,238,24,1154
dataset7_CLINIC_metal_0002_data,0,239,2,1099
dataset7_CLINIC_metal_0002_data,0,240,0,1047
dataset7_CLINIC_metal_0002_data,0,241,0,984
dataset7_CLINIC_metal_0002_data,0,242,0,935
dataset7_CLINIC_metal_0002_data,0,243,0,869
dataset7_CLINIC_metal_0002_data,0,244,0,800
dataset7_CLINIC_metal_0002_data,0,246,0,654
dataset7_CLINIC_metal_0002_data,0,247,0,580
dataset7_CLINIC_metal_0002_data,0,248,0,507
dataset7_CLINIC_metal_0002_data,0,249,0,424
dataset7_CLINIC_metal_0002_data,0,250,0,341
dataset7_CLINIC_metal_0002_data,0,251,0,260
dataset7_CLINIC_metal_0002_data,0,252,0,172
dataset7_CLINIC_metal_0002_data,0,253,0,78
dataset7_CLINIC_metal_0002_data,1,241,0,161
dataset7_CLINIC_metal_0002_data,1,242,0,335
dataset7_CLINIC_metal_0002_data,1,243,0,521
dataset7_CLINIC_metal_0002_data,1,244,0,746
dataset7_CLINIC_metal_0002_data,1,245,0,1079
dataset7_CLINIC_metal_0002_data,1,246,0,1407
dataset7_CLINIC_metal_0002_data,1,247,0,1747
dataset7_CLINIC_metal_0002_data,1,248,0,2004
dataset7_CLINIC_metal_0002_data,1,249,0,2229
dataset7_CLINIC_metal_0002_data,1,250,0,2442
dataset7_CLINIC_metal_0002_data,1,251,0,2668
dataset7_CLINIC_metal_0002_data,1,252,0,2964
dataset7_CLINIC_metal_0002_data,1,253,0,3188
dataset7_CLINIC_metal_0002_data,1,254,0,3352
dataset7_CLINIC_metal_0002_data,1,255,17,3485
dataset7_CLINIC_metal_0002_data,1,256,54,3598
dataset7_CLINIC_metal_0002_data,1,257,84,3688
dataset7_CLINIC_metal_0002_data,1,258,93,3748
dataset7_CLINIC_metal_0002_data,1,259,94,3799
dataset7_CLINIC_metal_0002_data,1,260,112,3838
dataset7_CLINIC_metal_0002_data,1,261,106,3869
dataset7_CLINIC_metal_0002_data,1,262,74,3893
dataset7_CLINIC_metal_0002_data,1,263,79,3885
dataset7_CLINIC_metal_0002_data,1,264,92,3870
dataset7_CLINIC_metal_0002_data,1,265,78,3850
dataset7_CLINIC_metal_0002_data,1,266,67,3811
dataset7_CLINIC_metal_0002_data,1,267,100,3762
dataset7_CLINIC_metal_0002_data,1,268,72,3696
dataset7_CLINIC_metal_0002_data,1,269,49,3618
dataset7_CLINIC_metal_0002_data,1,270,37,3519
dataset7_CLINIC_metal_0002_data,1,271,30,3397
dataset7_CLINIC_metal_0002_data,1,272,22,3240
dataset7_CLINIC_metal_0002_data,1,273,20,3056
dataset7_CLINIC_metal_0002_data,1,274,9,2843
dataset7_CLINIC_metal_0002_data,1,275,0,2551
dataset7_CLINIC_metal_0002_data,1,276,0,2237
dataset7_CLINIC_metal_0002_data,1,277,0,1890
dataset7_CLINIC_metal_0002_data,1,278,0,1588
dataset7_CLINIC_metal_0002_data,1,279,0,1295
dataset7_CLINIC_metal_0002_data,1,281,0,823
dataset7_CLINIC_metal_0002_data,1,282,0,624
dataset7_CLINIC_metal_0002_data,1,283,0,491
dataset7_CLINIC_metal_0002_data,1,284,0,420
dataset7_CLINIC_metal_0002_data,1,285,0,348
dataset7_CLINIC_metal_0002_data,1,286,0,274
dataset7_CLINIC_metal_0002_data,1,287,0,201
dataset7_CLINIC_metal_0002_data,1,288,0,121
dataset7_CLINIC_metal_0002_data,2,248,0,177
dataset7_CLINIC_metal_0002_data,2,249,0,281
dataset7_CLINIC_metal_0002_data,2,250,0,361
dataset7_CLINIC_metal_0002_data,2,251,0,439
dataset7_CLINIC_metal_0002_data,2,252,0,513
dataset7_CLINIC_metal_0002_data,2,253,0,573
dataset7_CLINIC_metal_0002_data,2,254,0,617
dataset7_CLINIC_metal_0002_data,2,255,0,668
dataset7_CLINIC_metal_0002_data,2,256,0,703
dataset7_CLINIC_metal_0002_data,2,257,0,740
dataset7_CLINIC_metal_0002_data,2,258,0,766
dataset7_CLINIC_metal_0002_data,2,259,0,784
dataset7_CLINIC_metal_0002_data,2,260,0,793
dataset7_CLINIC_metal_0002_data,2,261,0,797
dataset7_CLINIC_metal_0002_data,2,262,17,797
dataset7_CLINIC_metal_0002_data,2,263,0,797
dataset7_CLINIC_metal_0002_data,2,264,0,793
dataset7_CLINIC_metal_0002_data,2,265,0,784
dataset7_CLINIC_metal_0002_data,2,266,0,766
dataset7_CLINIC_metal_0002_data,2,267,0,740
dataset7_CLINIC_metal_0002_data,2,268,0,703
dataset7_CLINIC_metal_0002_data,2,269,0,668
dataset7_CLINIC_metal_0002_data,2,270,0,617
dataset7_CLINIC_metal_0002_data,2,271,0,573
dataset7_CLINIC_metal_0002_data,2,272,0,513
dataset7_CLINIC_metal_0002_data,2,273,0,439
dataset7_CLINIC_metal_0002_data,2,274,0,361
dataset7_CLINIC_metal_0002_data,2,275,0,281
dataset7_CLINIC_metal_0002_data,2,276,0,177
dataset7_CLINIC_metal_0003_data,0,225,0,163
dataset7_CLINIC_metal_0003_data,0,226,0,386
dataset7_CLINIC_metal_0003_data,0,227,0,537
dataset7_CLINIC_metal_0003_data,0,228,0,669
dataset7_CLINIC_metal_0003_data,0,229,0,796
dataset7_CLINIC_metal_0003_data,0,230,0,901
dataset7_CLINIC_metal_0003_data,0,231,0,1000
dataset7_CLINIC_metal_0003_data,0,232,0,1075
dataset7_CLINIC_metal_0003_data,0,233,0,1154
dataset7_CLINIC_metal_0003_data,0,234,0,1222
dataset7_CLINIC_metal_0003_data,0,235,0,1286
dataset7_CLINIC_metal_0003_data,0,236,0,1341
dataset7_CLINIC_metal_0003_data,0,237,0,1386
dataset7_CLINIC_metal_0003_data,0,238,0,1421
dataset7_CLINIC_metal_0003_data,0,239,14,1449
dataset7_CLINIC_metal_0003_data,0,240,48,1482
dataset7_CLINIC_metal_0003_data,0,241,79,1526
dataset7_CLINIC_metal_0003_data,0,242,113,1566
dataset7_CLINIC_metal_0003_data,0,243,142,1608
dataset7_CLINIC_metal_0003_data,0,244,133,1645
dataset7_CLINIC_metal_0003_data,0,245,119,1696
dataset7_CLINIC_metal_0003_data,0,246,102,1749
dataset7_CLINIC_metal_0003_data,0,247,91,1798
dataset7_CLINIC_metal_0003_data,0,248,76,1858
dataset7_CLINIC_metal_0003_data,0,249,76,1894
dataset7_CLINIC_metal_0003_data,0,250,70,1944
dataset7_CLINIC_metal_0003_data,0,251,59,1966
dataset7_CLINIC_metal_0003_data,0,252,47,2000
dataset7_CLINIC_metal_0003_data,0,253,45,2010
dataset7_CLINIC_metal_0003_data,0,254,51,2021
dataset7_CLINIC_metal_0003_data,0,255,78,2034
dataset7_CLINIC_metal_0003_data,0,256,116,2045
dataset7_CLINIC_metal_0003_data,0,257,137,2045
dataset7_CLINIC_metal_0003_data,0,258,168,2035
dataset7_CLINIC_metal_0003_data,0,259,181,2039
dataset7_CLINIC_metal_0003_data,0,260,170,2043
dataset7_CLINIC_metal_0003_data,0,261,158,2041
dataset7_CLINIC_metal_0003_data,0,262,141,2033
dataset7_CLINIC_metal_0003_data,0,263,141,2033
dataset7_CLINIC_metal_0003_data,0,264,133,2032
dataset7_CLINIC_metal_0003_data,0,265,113,2035
dataset7_CLINIC_metal_0003_data,0,266,84,2046
dataset7_CLINIC_metal_0003_data,0,267,86,2047
dataset7_CLINIC_metal_0003_data,0,268,90,2037
dataset7_CLINIC_metal_0003_data,0,269,101,2039
dataset7_CLINIC_metal_0003_data,0,270,103,2045
dataset7_CLINIC_metal_0003_data,0,271,101,2038
dataset7_CLINIC_metal_0003_data,0,272,88,2035
dataset7_CLINIC_metal_0003_data,0,273,82,2018
dataset7_CLINIC_metal_0003_data,0,274,78,1994
dataset7_CLINIC_metal_0003_data,0,275,78,1965
dataset7_CLINIC_metal_0003_data,0,276,80,1931
dataset7_CLINIC_metal_0003_data,0,277,99,1889
dataset7_CLINIC_metal_0003_data,0,278,103,1859
dataset7_CLINIC_metal_0003_data,0,279,99,1828
dataset7_CLINIC_metal_0003_data,0,280,94,1777
dataset7_CLINIC_metal_0003_data,0,281,102,1784
dataset7_CLINIC_metal_0003_data,0,282,112,1773
dataset7_CLINIC_metal_0003_data,0,283,111,1782
dataset7_CLINIC_metal_0003_data,0,284,100,1783
dataset7_CLINIC_metal_0003_data,0,285,87,1786
dataset7_CLINIC_metal_0003_data,0,286,82,1786
dataset7_CLINIC_metal_0003_data,0,287,80,1788
dataset7_CLINIC_metal_0003_data,0,288,81,1781
dataset7_CLINIC_metal_0003_data,0,289,83,1793
dataset7_CLINIC_metal_0003_data,0,290,113,1805
dataset7_CLINIC_metal_0003_data,0,291,116,1809
dataset7_CLINIC_metal_0003_data,0,292,112,1820
dataset7_CLINIC_metal_0003_data,0,293,114,1846
dataset7_CLINIC_metal_0003_data,0,294,113,1873
dataset7_CLINIC_metal_0003_data,0,295,110,1897
dataset7_CLINIC_metal_0003_data,0,296,103,1916
dataset7_CLINIC_metal_0003_data,0,297,84,1929
dataset7_CLINIC_metal_0003_data,0,298,75,1937
dataset7_CLINIC_metal_0003_data,0,299,72,1941
dataset7_CLINIC_metal_0003_data,0,300,72,1953
dataset7_CLINIC_metal_0003_data,0,301,82,1963
dataset7_CLINIC_metal_0003_data,0,302,103,1968
dataset7_CLINIC_metal_0003_data,0,303,117,1968
dataset7_CLINIC_metal_0003_data,0,304,129,1975
dataset7_CLINIC_metal_0003_data,0,305,129,1985
dataset7_CLINIC_metal_0003_data,0,306,129,2014
dataset7_CLINIC_metal_0003_data,0,307,114,2028
dataset7_CLINIC_metal_0003_data,0,308,85,2049
dataset7_CLINIC_metal_0003_data,0,309,82,2056
dataset7_CLINIC_metal_0003_data,0,310,75,2072
dataset7_CLINIC_metal_0003_data,0,311,74,2072
dataset7_CLINIC_metal_0003_data,0,312,81,2085
dataset7_CLINIC_metal_0003_data,0,313,92,2091
dataset7_CLINIC_metal_0003_data,0,314,135,2089
dataset7_CLINIC_metal_0003_data,0,315,155,2092
dataset7_CLINIC_metal_0003_data,0,316,153,2111
dataset7_CLINIC_metal_0003_data,0,317,118,2138
dataset7_CLINIC_metal_0003_data,0,318,95,2163
dataset7_CLINIC_metal_0003_data,0,319,81,2226
dataset7_CLINIC_metal_0003_data,0,320,76,2273
dataset7_CLINIC_metal_0003_data,0,321,76,2337
dataset7_CLINIC_metal_0003_data,0,322,86,2454
dataset7_CLINIC_metal_0003_data,0,323,133,2557
dataset7_CLINIC_metal_0003_data,0,324,182,2642
dataset7_CLINIC_metal_0003_data,0,325,191,2718
dataset7_CLINIC_metal_0003_data,0,326,171,2781
dataset7_CLINIC_metal_0003_data,0,327,147,2821
dataset7_CLINIC_metal_0003_data,0,328,164,2848
dataset7_CLINIC_metal_0003_data,0,329,202,2862
dataset7_CLINIC_metal_0003_data,0,330,246,2881
dataset7_CLINIC_metal_0003_data,0,331,276,2891
dataset7_CLINIC_metal_0003_data,0,332,262,2911
dataset7_CLINIC_metal_0003_data,0,333,230,2909
dataset7_CLINIC_metal_0003_data,0,334,217,2905
dataset7_CLINIC_metal_0003_data,0,335,198,2871
dataset7_CLINIC_metal_0003_data,0,336,227,2846
dataset7_CLINIC_metal_0003_data,0,337,290,2797
dataset7_CLINIC_metal_0003_data,0,338,317,2758
dataset7_CLINIC_metal_0003_data,0,339,256,2701
dataset7_CLINIC_metal_0003_data,0,340,173,2632
dataset7_CLINIC_metal_0003_data,0,341,153,2555
dataset7_CLINIC_metal_0003_data,0,342,104,2497
dataset7_CLINIC_metal_0003_data,0,343,66,2430
dataset7_CLINIC_metal_0003_data,0,344,56,2343
dataset7_CLINIC_metal_0003_data,0,345,58,2261
dataset7_CLINIC_metal_0003_data,0,346,72,2147
dataset7_CLINIC_metal_0003_data,0,347,63,2032
dataset7_CLINIC_metal_0003_data,0,348,37,1922
dataset7_CLINIC_metal_0003_data,0,349,8,1807
dataset7_CLINIC_metal_0003_data,1,84,0,116
dataset7_CLINIC_metal_0003_data,1,85,0,196
dataset7_CLINIC_metal_0003_data,1,86,0,274
dataset7_CLINIC_metal_0003_data,1,87,0,352
dataset7_CLINIC_metal_0003_data,1,88,0,421
dataset7_CLINIC_metal_0003_data,1,89,0,497
dataset7_CLINIC_metal_0003_data,1,90,0,571
dataset7_CLINIC_metal_0003_data,1,91,0,631
dataset7_CLINIC_metal_0003_data,1,92,0,704
dataset7_CLINIC_metal_0003_data,1,93,0,764
dataset7_CLINIC_metal_0003_data,1,94,0,819
dataset7_CLINIC_metal_0003_data,1,95,0,873
dataset7_CLINIC_metal_0003_data,1,96,0,916
dataset7_CLINIC_metal_0003_data,1,97,0,966
dataset7_CLINIC_metal_0003_data,1,98,6,1007
dataset7_CLINIC_metal_0003_data,1,99,15,1036
dataset7_CLINIC_metal_0003_data,1,100,17,1068
dataset7_CLINIC_metal_0003_data,1,101,25,1106
dataset7_CLINIC_metal_0003_data,1,102,32,1138
dataset7_CLINIC_metal_0003_data,1,103,38,1157
dataset7_CLINIC_metal_0003_data,1,104,38,1184
dataset7_CLINIC_metal_0003_data,1,105,42,1210
dataset7_CLINIC_metal_0003_data,1,106,44,1226
dataset7_CLINIC_metal_0003_data,1,107,47,1251
dataset7_CLINIC_metal_0003_data,1,108,47,1333
dataset7_CLINIC_metal_0003_data,1,109,46,1391
dataset7_CLINIC_metal_0003_data,1,110,48,1442
dataset7_CLINIC_metal_0003_data,1,111,46,1491
dataset7_CLINIC_metal_0003_data,1,112,43,1532
dataset7_CLINIC_metal_0003_data,1,113,46,1573
dataset7_CLINIC_metal_0003_data,1,114,44,1603
dataset7_CLINIC_metal_0003_data,1,115,42,1631
dataset7_CLINIC_metal_0003_data,1,116,45,1657
dataset7_CLINIC_metal_0003_data,1,117,44,1686
dataset7_CLINIC_metal_0003_data,1,118,45,1697
dataset7_CLINIC_metal_0003_data,1,119,43,1725
dataset7_CLINIC_metal_0003_data,1,120,46,1738
dataset7_CLINIC_metal_0003_data,1,121,46,1749
dataset7_CLINIC_metal_0003_data,1,122,74,1765
dataset7_CLINIC_metal_0003_data,1,123,118,1782
dataset7_CLINIC_metal_0003_data,1,124,145,1788
dataset7_CLINIC_metal_0003_data,1,125,154,1840
dataset7_CLINIC_metal_0003_data,1,126,162,1883
dataset7_CLINIC_metal_0003_data,1,127,145,1942
dataset7_CLINIC_metal_0003_data,1,128,130,1989
dataset7_CLINIC_metal_0003_data,1,129,130,2029
dataset7_CLINIC_metal_0003_data,1,130,134,2053
dataset7_CLINIC_metal_0003_data,1,131,142,2082
dataset7_CLINIC_metal_0003_data,1,132,141,2096
dataset7_CLINIC_metal_0003_data,1,133,126,2125
dataset7_CLINIC_metal_0003_data,1,134,95,2147
dataset7_CLINIC_metal_0003_data,1,135,77,2178
dataset7_CLINIC_metal_0003_data,1,136,66,2193
dataset7_CLINIC_metal_0003_data,1,137,75,2193
dataset7_CLINIC_metal_0003_data,1,138,91,2174
dataset7_CLINIC_metal_0003_data,1,139,107,2155
dataset7_CLINIC_metal_0003_data,1,140,102,2112
dataset7_CLINIC_metal_0003_data,1,141,76,2074
dataset7_CLINIC_metal_0003_data,1,142,75,2048
dataset7_CLINIC_metal_0003_data,1,143,73,2041
dataset7_CLINIC_metal_0003_data,1,144,68,2038
dataset7_CLINIC_metal_0003_data,1,145,63,2030
dataset7_CLINIC_metal_0003_data,1,146,79,2000
dataset7_CLINIC_metal_0003_data,1,147,92,1982
dataset7_CLINIC_metal_0003_data,1,148,105,1958
dataset7_CLINIC_metal_0003_data,1,149,103,1957
dataset7_CLINIC_metal_0003_data,1,150,78,1955
dataset7_CLINIC_metal_0003_data,1,151,75,1940
dataset7_CLINIC_metal_0003_data,1,152,72,1938
dataset7_CLINIC_metal_0003_data,1,153,66,1931
dataset7_CLINIC_metal_0003_data,1,154,66,1925
dataset7_CLINIC_metal_0003_data,1,155,78,1911
dataset7_CLINIC_metal_0003_data,1,156,91,1910
dataset7_CLINIC_metal_0003_data,1,157,103,1912
dataset7_CLINIC_metal_0003_data,1,158,106,1909
dataset7_CLINIC_metal_0003_data,1,159,81,1903
dataset7_CLINIC_metal_0003_data,1,160,79,1882
dataset7_CLINIC_metal_0003_data,1,161,73,1861
dataset7_CLINIC_metal_0003_data,1,162,66,1829
dataset7_CLINIC_metal_0003_data,1,163,63,1814
dataset7_CLINIC_metal_0003_data,1,164,69,1788
dataset7_CLINIC_metal_0003_data,1,165,83,1773
dataset7_CLINIC_metal_0003_data,1,166,97,1772
dataset7_CLINIC_metal_0003_data,1,167,98,1771
dataset7_CLINIC_metal_0003_data,1,168,79,1766
dataset7_CLINIC_metal_0003_data,1,169,60,1748
dataset7_CLINIC_metal_0003_data,1,170,67,1719
dataset7_CLINIC_metal_0003_data,1,171,69,1691
dataset7_CLINIC_metal_0003_data,1,172,61,1665
dataset7_CLINIC_metal_0003_data,1,173,59,1630
dataset7_CLINIC_metal_0003_data,1,174,54,1613
dataset7_CLINIC_metal_0003_data,1,175,64,1597
dataset7_CLINIC_metal_0003_data,1,176,77,1571
dataset7_CLINIC_metal_0003_data,1,177,86,1545
dataset7_CLINIC_metal_0003_data,1,178,86,1517
dataset7_CLINIC_metal_0003_data,1,179,60,1499
dataset7_CLINIC_metal_0003_data,1,180,54,1477
dataset7_CLINIC_metal_0003_data,1,181,55,1452
dataset7_CLINIC_metal_0003_data,1,182,59,1442
dataset7_CLINIC_metal_0003_data,1,183,60,1432
dataset7_CLINIC_metal_0003_data,1,184,56,1427
dataset7_CLINIC_metal_0003_data,1,185,49,1426
dataset7_CLINIC_metal_0003_data,1,186,51,1414
dataset7_CLINIC_metal_0003_data,1,187,44,1405
dataset7_CLINIC_metal_0003_data,1,188,55,1379
dataset7_CLINIC_metal_0003_data,1,189,69,1356
dataset7_CLINIC_metal_0003_data,1,190,73,1321
dataset7_CLINIC_metal_0003_data,1,191,59,1311
dataset7_CLINIC_metal_0003_data,1,192,47,1295
dataset7_CLINIC_metal_0003_data,1,193,49,1278
dataset7_CLINIC_metal_0003_data,1,194,41,1263
dataset7_CLINIC_metal_0003_data,1,195,51,1261
dataset7_CLINIC_metal_0003_data,1,196,59,1248
dataset7_CLINIC_metal_0003_data,1,197,56,1244
dataset7_CLINIC_metal_0003_data,1,198,50,1231
dataset7_CLINIC_metal_0003_data,1,199,46,1230
dataset7_CLINIC_metal_0003_data,1,200,43,1226
dataset7_CLINIC_metal_0003_data,1,201,45,1205
dataset7_CLINIC_metal_0003_data,1,202,46,1210
dataset7_CLINIC_metal_0003_data,1,203,54,1202
dataset7_CLINIC_metal_0003_data,1,204,62,1206
dataset7_CLINIC_metal_0003_data,1,205,65,1199
dataset7_CLINIC_metal_0003_data,1,206,44,1208
dataset7_CLINIC_metal_0003_data,1,207,42,1211
dataset7_CLINIC_metal_0003_data,1,208,40,1199
dataset7_CLINIC_metal_0003_data,1,209,43,1194
dataset7_CLINIC_metal_0003_data,1,210,45,1179
dataset7_CLINIC_metal_0003_data,1,211,58,1165
dataset7_CLINIC_metal_0003_data,1,212,57,1136
dataset7_CLINIC_metal_0003_data,1,213,51,1131
dataset7_CLINIC_metal_0003_data,1,214,44,1125
dataset7_CLINIC_metal_0003_data,1,215,42,1132
dataset7_CLINIC_metal_0003_data,1,216,40,1133
dataset7_CLINIC_metal_0003_data,1,217,42,1143
dataset7_CLINIC_metal_0003_data,1,218,44,1146
dataset7_CLINIC_metal_0003_data,1,219,54,1147
dataset7_CLINIC_metal_0003_data,1,220,61,1159
dataset7_CLINIC_metal_0003_data,1,221,54,1178
dataset7_CLINIC_metal_0003_data,1,222,47,1183
dataset7_CLINIC_metal_0003_data,1,223,39,1184
dataset7_CLINIC_metal_0003_data,1,224,37,1181
dataset7_CLINIC_metal_0003_data,1,225,43,1180
dataset7_CLINIC_metal_0003_data,1,226,46,1171
dataset7_CLINIC_metal_0003_data,1,227,63,1166
dataset7_CLINIC_metal_0003_data,1,228,61,1160
dataset7_CLINIC_metal_0003_data,1,229,54,1148
dataset7_CLINIC_metal_0003_data,1,230,45,1142
dataset7_CLINIC_metal_0003_data,1,231,44,1144
dataset7_CLINIC_metal_0003_data,1,232,42,1145
dataset7_CLINIC_metal_0003_data,1,233,42,1148
dataset7_CLINIC_metal_0003_data,1,234,46,1157
dataset7_CLINIC_metal_0003_data,1,235,54,1159
dataset7_CLINIC_metal_0003_data,1,236,64,1167
dataset7_CLINIC_metal_0003_data,1,237,58,1172
dataset7_CLINIC_metal_0003_data,1,238,45,1182
dataset7_CLINIC_metal_0003_data,1,239,41,1182
dataset7_CLINIC_metal_0003_data,1,240,41,1179
dataset7_CLINIC_metal_0003_data,1,241,43,1172
dataset7_CLINIC_metal_0003_data,1,242,46,1159
dataset7_CLINIC_metal_0003_data,1,243,54,1153
dataset7_CLINIC_metal_0003_data,1,244,61,1141
dataset7_CLINIC_metal_0003_data,1,245,56,1134
dataset7_CLINIC_metal_0003_data,1,246,47,1123
dataset7_CLINIC_metal_0003_data,1,247,43,1129
dataset7_CLINIC_metal_0003_data,1,248,42,1124
dataset7_CLINIC_metal_0003_data,1,249,43,1136
dataset7_CLINIC_metal_0003_data,1,250,48,1160
dataset7_CLINIC_metal_0003_data,1,251,55,1268
dataset7_CLINIC_metal_0003_data,1,252,63,1363
dataset7_CLINIC_metal_0003_data,1,253,58,1470
dataset7_CLINIC_metal_0003_data,1,254,42,1590
dataset7_CLINIC_metal_0003_data,1,255,46,1700
dataset7_CLINIC_metal_0003_data,1,256,43,1813
dataset7_CLINIC_metal_0003_data,1,257,46,1916
dataset7_CLINIC_metal_0003_data,1,258,48,2004
dataset7_CLINIC_metal_0003_data,1,259,49,2108
dataset7_CLINIC_metal_0003_data,1,260,57,2177
dataset7_CLINIC_metal_0003_data,1,261,55,2252
dataset7_CLINIC_metal_0003_data,1,262,51,2300
dataset7_CLINIC_metal_0003_data,1,263,42,2341
dataset7_CLINIC_metal_0003_data,1,264,41,2384
dataset7_CLINIC_metal_0003_data,1,265,45,2451
dataset7_CLINIC_metal_0003_data,1,266,67,2499
dataset7_CLINIC_metal_0003_data,1,267,88,2536
dataset7_CLINIC_metal_0003_data,1,268,108,2566
dataset7_CLINIC_metal_0003_data,1,269,108,2630
dataset7_CLINIC_metal_0003_data,1,270,98,2679
dataset7_CLINIC_metal_0003_data,1,271,94,2721
dataset7_CLINIC_metal_0003_data,1,272,94,2752
dataset7_CLINIC_metal_0003_data,1,273,98,2774
dataset7_CLINIC_metal_0003_data,1,274,94,2785
dataset7_CLINIC_metal_0003_data,1,275,126,2795
dataset7_CLINIC_metal_0003_data,1,276,174,2846
dataset7_CLINIC_metal_0003_data,1,277,197,2953
dataset7_CLINIC_metal_0003_data,1,278,212,3086
dataset7_CLINIC_metal_0003_data,1,279,199,3221
dataset7_CLINIC_metal_0003_data,1,280,178,3374
dataset7_CLINIC_metal_0003_data,1,281,163,3523
dataset7_CLINIC_metal_0003_data,1,282,154,3662
dataset7_CLINIC_metal_0003_data,1,283,192,3798
dataset7_CLINIC_metal_0003_data,1,284,259,3971
dataset7_CLINIC_metal_0003_data,1,285,265,4117
dataset7_CLINIC_metal_0003_data,1,286,238,4246
dataset7_CLINIC_metal_0003_data,1,287,244,4356
dataset7_CLINIC_metal_0003_data,1,288,312,4451
dataset7_CLINIC_metal_0003_data,1,289,463,4547
dataset7_CLINIC_metal_0003_data,1,290,493,4615
dataset7_CLINIC_metal_0003_data,1,291,412,4662
dataset7_CLINIC_metal_0003_data,1,292,374,4697
dataset7_CLINIC_metal_0003_data,1,293,326,4724
dataset7_CLINIC_metal_0003_data,1,294,293,4746
dataset7_CLINIC_metal_0003_data,1,295,231,4763
dataset7_CLINIC_metal_0003_data,1,296,200,4767
dataset7_CLINIC_metal_0003_data,1,297,192,4790
dataset7_CLINIC_metal_0003_data,1,298,206,4808
dataset7_CLINIC_metal_0003_data,1,299,266,4814
dataset7_CLINIC_metal_0003_data,1,300,336,4807
dataset7_CLINIC_metal_0003_data,1,301,358,4780
dataset7_CLINIC_metal_0003_data,1,302,371,4727
dataset7_CLINIC_metal_0003_data,1,303,287,4686
dataset7_CLINIC_metal_0003_data,1,304,213,4623
dataset7_CLINIC_metal_0003_data,1,305,168,4535
dataset7_CLINIC_metal_0003_data,1,306,140,4426
dataset7_CLINIC_metal_0003_data,1,307,135,4310
dataset7_CLINIC_metal_0003_data,1,308,147,4140
dataset7_CLINIC_metal_0003_data,1,309,119,3916
dataset7_CLINIC_metal_0003_data,1,310,81,3623
dataset7_CLINIC_metal_0003_data,1,311,46,3452
dataset7_CLINIC_metal_0003_data,1,312,49,3295
dataset7_CLINIC_metal_0003_data,1,313,55,3110
dataset7_CLINIC_metal_0003_data,1,314,64,2923
dataset7_CLINIC_metal_0003_data,1,315,61,2712
dataset7_CLINIC_metal_0003_data,1,316,46,2481
dataset7_CLINIC_metal_0003_data,1,317,42,2235
dataset7_CLINIC_metal_0003_data,1,318,41,2011
dataset7_CLINIC_metal_0003_data,1,319,43,1918
dataset7_CLINIC_metal_0003_data,1,320,45,1817
dataset7_CLINIC_metal_0003_data,1,321,59,1701
dataset7_CLINIC_metal_0003_data,1,322,56,1577
dataset7_CLINIC_metal_0003_data,1,323,54,1446
dataset7_CLINIC_metal_0003_data,1,324,47,1322
dataset7_CLINIC_metal_0003_data,1,325,43,1118
dataset7_CLINIC_metal_0003_data,1,326,33,1070
dataset7_CLINIC_metal_0003_data,1,327,15,1032
dataset7_CLINIC_metal_0003_data,1,328,0,1004
dataset7_CLINIC_metal_0003_data,1,329,0,969
dataset7_CLINIC_metal_0003_data,1,330,0,931
dataset7_CLINIC_metal_0003_data,1,331,0,886
dataset7_CLINIC_metal_0003_data,1,332,0,828
dataset7_CLINIC_metal_0003_data,1,333,0,771
dataset7_CLINIC_metal_0003_data,1,334,0,706
dataset7_CLINIC_metal_0003_data,1,335,0,648
dataset7_CLINIC_metal_0003_data,1,336,0,585
dataset7_CLINIC_metal_0003_data,1,337,0,514
dataset7_CLINIC_metal_0003_data,1,338,0,426
dataset7_CLINIC_metal_0003_data,1,339,0,332
dataset7_CLINIC_metal_0003_data,1,340,0,241
dataset7_CLINIC_metal_0003_data,1,341,0,153
dataset7_CLINIC_metal_0003_data,2,208,0,134
dataset7_CLINIC_metal_0003_data,2,209,0,218
dataset7_CLINIC_metal_0003_data,2,210,0,300
dataset7_CLINIC_metal_0003_data,2,211,0,382
dataset7_CLINIC_metal_0003_data,2,212,0,464
dataset7_CLINIC_metal_0003_data,2,213,0,537
dataset7_CLINIC_metal_0003_data,2,214,0,607
dataset7_CLINIC_metal_0003_data,2,215,0,681
dataset7_CLINIC_metal_0003_data,2,216,0,753
dataset7_CLINIC_metal_0003_data,2,217,0,827
dataset7_CLINIC_metal_0003_data,2,218,0,894
dataset7_CLINIC_metal_0003_data,2,219,0,955
dataset7_CLINIC_metal_0003_data,2,220,0,1009
dataset7_CLINIC_metal_0003_data,2,221,0,1069
dataset7_CLINIC_metal_0003_data,2,222,10,1125
dataset7_CLINIC_metal_0003_data,2,223,21,1177
dataset7_CLINIC_metal_0003_data,2,224,27,1228
dataset7_CLINIC_metal_0003_data,2,225,34,1272
dataset7_CLINIC_metal_0003_data,2,226,41,1308
dataset7_CLINIC_metal_0003_data,2,227,43,1345
dataset7_CLINIC_metal_0003_data,2,228,44,1376
dataset7_CLINIC_metal_0003_data,2,229,38,1413
dataset7_CLINIC_metal_0003_data,2,230,37,1449
dataset7_CLINIC_metal_0003_data,2,231,37,1469
dataset7_CLINIC_metal_0003_data,2,232,32,1494
dataset7_CLINIC_metal_0003_data,2,233,35,1503
dataset7_CLINIC_metal_0003_data,2,234,36,1519
dataset7_CLINIC_metal_0003_data,2,235,36,1521
dataset7_CLINIC_metal_0003_data,2,236,33,1521
dataset7_CLINIC_metal_0003_data,2,237,33,1521
dataset7_CLINIC_metal_0003_data,2,238,32,1519
dataset7_CLINIC_metal_0003_data,2,239,32,1510
dataset7_CLINIC_metal_0003_data,2,240,34,1513
dataset7_CLINIC_metal_0003_data,2,241,35,1510
dataset7_CLINIC_metal_0003_data,2,242,32,1507
dataset7_CLINIC_metal_0003_data,2,243,32,1508
dataset7_CLINIC_metal_0003_data,2,244,34,1503
dataset7_CLINIC_metal_0003_data,2,245,32,1506
dataset7_CLINIC_metal_0003_data,2,246,33,1527
dataset7_CLINIC_metal_0003_data,2,247,35,1547
dataset7_CLINIC_metal_0003_data,2,248,31,1550
dataset7_CLINIC_metal_0003_data,2,249,32,1566
dataset7_CLINIC_metal_0003_data,2,250,31,1574
dataset7_CLINIC_metal_0003_data,2,251,34,1576
dataset7_CLINIC_metal_0003_data,2,252,34,1575
dataset7_CLINIC_metal_0003_data,2,253,35,1563
dataset7_CLINIC_metal_0003_data,2,254,33,1552
dataset7_CLINIC_metal_0003_data,2,255,33,1540
dataset7_CLINIC_metal_0003_data,2,256,34,1526
dataset7_CLINIC_metal_0003_data,2,257,33,1500
dataset7_CLINIC_metal_0003_data,2,258,35,1477
dataset7_CLINIC_metal_0003_data,2,259,38,1446
dataset7_CLINIC_metal_0003_data,2,260,52,1416
dataset7_CLINIC_metal_0003_data,2,261,61,1376
dataset7_CLINIC_metal_0003_data,2,262,61,1341
dataset7_CLINIC_metal_0003_data,2,263,56,1296
dataset7_CLINIC_metal_0003_data,2,264,49,1247
dataset7_CLINIC_metal_0003_data,2,265,43,1195
dataset7_CLINIC_metal_0003_data,2,266,28,1149
dataset7_CLINIC_metal_0003_data,2,267,8,1094
dataset7_CLINIC_metal_0003_data,2,268,0,1036
dataset7_CLINIC_metal_0003_data,2,269,0,977
dataset7_CLINIC_metal_0003_data,2,270,0,921
dataset7_CLINIC_metal_0003_data,2,271,0,853
dataset7_CLINIC_metal_0003_data,2,272,0,799
dataset7_CLINIC_metal_0003_data,2,273,0,736
dataset7_CLINIC_metal_0003_data,2,274,0,686
dataset7_CLINIC_metal_0003_data,2,275,0,623
dataset7_CLINIC_metal_0003_data,2,276,0,551
dataset7_CLINIC_metal_0003_data,2,277,0,479
dataset7_CLINIC_metal_0003_data,2,278,0,388
dataset7_CLINIC_metal_0003_data,2,279,0,300
dataset7_CLINIC_metal_0003_data,2,280,0,212
dataset7_CLINIC_metal_0003_data,2,281,0,128
dataset7_CLINIC_metal_0003_data,3,193,0,112
dataset7_CLINIC_metal_0003_data,3,194,0,196
dataset7_CLINIC_metal_0003_data,3,195,0,285
dataset7_CLINIC_metal_0003_data,3,196,0,380
dataset7_CLINIC_metal_0003_data,3,197,0,537
dataset7_CLINIC_metal_0003_data,3,198,0,720
dataset7_CLINIC_metal_0003_data,3,199,0,870
dataset7_CLINIC_metal_0003_data,3,200,0,1004
dataset7_CLINIC_metal_0003_data,3,201,0,1143
dataset7_CLINIC_metal_0003_data,3,202,0,1257
dataset7_CLINIC_metal_0003_data,3,203,0,1364
dataset7_CLINIC_metal_0003_data,3,204,0,1448
dataset7_CLINIC_metal_0003_data,3,205,0,1521
dataset7_CLINIC_metal_0003_data,3,206,0,1607
dataset7_CLINIC_metal_0003_data,3,207,5,1657
dataset7_CLINIC_metal_0003_data,3,208,21,1722
dataset7_CLINIC_metal_0003_data,3,209,30,1761
dataset7_CLINIC_metal_0003_data,3,210,37,1788
dataset7_CLINIC_metal_0003_data,3,211,48,1818
dataset7_CLINIC_metal_0003_data,3,212,81,1960
dataset7_CLINIC_metal_0003_data,3,213,82,2277
dataset7_CLINIC_metal_0003_data,3,214,78,2514
dataset7_CLINIC_metal_0003_data,3,215,75,2675
dataset7_CLINIC_metal_0003_data,3,216,51,2796
dataset7_CLINIC_metal_0003_data,3,217,28,2904
dataset7_CLINIC_metal_0003_data,3,218,25,2993
dataset7_CLINIC_metal_0003_data,3,219,13,3075
dataset7_CLINIC_metal_0003_data,3,220,5,3113
dataset7_CLINIC_metal_0003_data,3,221,6,3162
dataset7_CLINIC_metal_0003_data,3,222,5,3185
dataset7_CLINIC_metal_0003_data,3,223,6,3196
dataset7_CLINIC_metal_0003_data,3,224,5,3191
dataset7_CLINIC_metal_0003_data,3,225,30,3161
dataset7_CLINIC_metal_0003_data,3,226,118,3114
dataset7_CLINIC_metal_0003_data,3,227,210,3079
dataset7_CLINIC_metal_0003_data,3,228,290,3022
dataset7_CLINIC_metal_0003_data,3,229,199,2942
dataset7_CLINIC_metal_0003_data,3,230,113,2823
dataset7_CLINIC_metal_0003_data,3,231,70,2658
dataset7_CLINIC_metal_0003_data,3,232,40,2609
dataset7_CLINIC_metal_0003_data,3,233,24,2559
dataset7_CLINIC_metal_0003_data,3,234,6,2489
dataset7_CLINIC_metal_0003_data,3,235,0,2417
dataset7_CLINIC_metal_0003_data,3,236,0,2322
dataset7_CLINIC_metal_0003_data,3,237,0,2219
dataset7_CLINIC_metal_0003_data,3,238,0,2102
dataset7_CLINIC_metal_0003_data,3,239,0,1945
dataset7_CLINIC_metal_0003_data,3,240,0,1784
dataset7_CLINIC_metal_0003_data,3,241,0,1593
dataset7_CLINIC_metal_0003_data,3,242,0,1383
dataset7_CLINIC_metal_0003_data,3,243,0,1055
dataset7_CLINIC_metal_0003_data,3,244,0,649
dataset7_CLINIC_metal_0003_data,3,245,0,431
dataset7_CLINIC_metal_0003_data,3,246,0,295
dataset7_CLINIC_metal_0003_data,3,247,0,198
dataset7_CLINIC_metal_0003_data,3,248,0,117
dataset7_CLINIC_metal_0003_data,4,142,0,100
dataset7_CLINIC_metal_0003_data,4,143,0,251
dataset7_CLINIC_metal_0003_data,4,144,0,611
dataset7_CLINIC_metal_0003_data,4,145,0,828
dataset7_CLINIC_metal_0003_data,4,146,0,1004
dataset7_CLINIC_metal_0003_data,4,147,0,1159
dataset7_CLINIC_metal_0003_data,4,148,0,1291
dataset7_CLINIC_metal_0003_data,4,149,0,1403
dataset7_CLINIC_metal_0003_data,4,150,0,1492
dataset7_CLINIC_metal_0003_data,4,151,0,1579
dataset7_CLINIC_metal_0003_data,4,152,0,1652
dataset7_CLINIC_metal_0003_data,4,153,0,1719
dataset7_CLINIC_metal_0003_data,4,154,0,1770
dataset7_CLINIC_metal_0003_data,4,155,0,1809
dataset7_CLINIC_metal_0003_data,4,156,3,1842
dataset7_CLINIC_metal_0003_data,4,157,19,1873
dataset7_CLINIC_metal_0003_data,4,158,109,1896
dataset7_CLINIC_metal_0003_data,4,159,204,1910
dataset7_CLINIC_metal_0003_data,4,160,208,1906
dataset7_CLINIC_metal_0003_data,4,161,141,1898
dataset7_CLINIC_metal_0003_data,4,162,40,1874
dataset7_CLINIC_metal_0003_data,4,163,19,1852
dataset7_CLINIC_metal_0003_data,4,164,4,1821
dataset7_CLINIC_metal_0003_data,4,165,0,1776
dataset7_CLINIC_metal_0003_data,4,166,0,1715
dataset7_CLINIC_metal_0003_data,4,167,0,1663
dataset7_CLINIC_metal_0003_data,4,168,0,1575
dataset7_CLINIC_metal_0003_data,4,169,0,1505
dataset7_CLINIC_metal_0003_data,4,170,0,1402
dataset7_CLINIC_metal_0003_data,4,171,0,1291
dataset7_CLINIC_metal_0003_data,4,172,0,1157
dataset7_CLINIC_metal_0003_data,4,173,0,1010
dataset7_CLINIC_metal_0003_data,4,174,0,850
dataset7_CLINIC_metal_0003_data,4,175,0,644
dataset7_CLINIC_metal_0003_data,4,176,0,348
dataset7_CLINIC_metal_0003_data,4,177,0,183
dataset7_CLINIC_metal_0003_data,4,178,0,104
dataset7_CLINIC_metal_0003_data,5,196,0,197
dataset7_CLINIC_metal_0003_data,5,197,0,346
dataset7_CLINIC_metal_0003_data,5,198,0,484
dataset7_CLINIC_metal_0003_data,5,199,0,613
dataset7_CLINIC_metal_0003_data,5,200,0,736
dataset7_CLINIC_metal_0003_data,5,201,0,838
dataset7_CLINIC_metal_0003_data,5,202,0,929
dataset7_CLINIC_metal_0003_data,5,203,0,1002
dataset7_CLINIC_metal_0003_data,5,204,0,1082
dataset7_CLINIC_metal_0003_data,5,205,0,1140
dataset7_CLINIC_metal_0003_data,5,206,0,1204
dataset7_CLINIC_metal_0003_data,5,207,0,1245
dataset7_CLINIC_metal_0003_data,5,208,0,1287
dataset7_CLINIC_metal_0003_data,5,209,0,1313
dataset7_CLINIC_metal_0003_data,5,210,14,1339
dataset7_CLINIC_metal_0003_data,5,211,57,1355
dataset7_CLINIC_metal_0003_data,5,212,73,1362
dataset7_CLINIC_metal_0003_data,5,213,45,1364
dataset7_CLINIC_metal_0003_data,5,214,5,1351
dataset7_CLINIC_metal_0003_data,5,215,0,1337
dataset7_CLINIC_metal_0003_data,5,216,0,1313
dataset7_CLINIC_metal_0003_data,5,217,0,1283
dataset7_CLINIC_metal_0003_data,5,218,0,1239
dataset7_CLINIC_metal_0003_data,5,219,0,1196
dataset7_CLINIC_metal_0003_data,5,220,0,1122
dataset7_CLINIC_metal_0003_data,5,221,0,1065
dataset7_CLINIC_metal_0003_data,5,222,0,979
dataset7_CLINIC_metal_0003_data,5,223,0,896
dataset7_CLINIC_metal_0003_data,5,224,0,787
dataset7_CLINIC_metal_0003_data,5,225,0,667
dataset7_CLINIC_metal_0003_data,5,226,0,526
dataset7_CLINIC_metal_0003_data,5,227,0,383
dataset7_CLINIC_metal_0003_data,5,228,0,148
dataset7_CLINIC_metal_0003_data,6,161,0,144
dataset7_CLINIC_metal_0003_data,6,162,0,232
dataset7_CLINIC_metal_0003_data,6,163,0,316
dataset7_CLINIC_metal_0003_data,6,164,0,400
dataset7_CLINIC_metal_0003_data,6,165,0,466
dataset7_CLINIC_metal_0003_data,6,166,0,528
dataset7_CLINIC_metal_0003_data,6,167,0,566
dataset7_CLINIC_metal_0003_data,6,168,0,629
dataset7_CLINIC_metal_0003_data,6,169,0,660
dataset7_CLINIC_metal_0003_data,6,170,0,710
dataset7_CLINIC_metal_0003_data,6,171,0,738
dataset7_CLINIC_metal_0003_data,6,172,0,761
dataset7_CLINIC_metal_0003_data,6,173,0,787
dataset7_CLINIC_metal_0003_data,6,174,0,824
dataset7_CLINIC_metal_0003_data,6,175,10,854
dataset7_CLINIC_metal_0003_data,6,176,11,878
dataset7_CLINIC_metal_0003_data,6,177,10,902
dataset7_CLINIC_metal_0003_data,6,178,3,921
dataset7_CLINIC_metal_0003_data,6,179,4,946
dataset7_CLINIC_metal_0003_data,6,180,3,955
dataset7_CLINIC_metal_0003_data,6,181,5,973
dataset7_CLINIC_metal_0003_data,6,182,6,979
dataset7_CLINIC_metal_0003_data,6,183,10,984
dataset7_CLINIC_metal_0003_data,6,184,5,976
dataset7_CLINIC_metal_0003_data,6,185,6,982
dataset7_CLINIC_metal_0003_data,6,186,10,978
dataset7_CLINIC_metal_0003_data,6,187,14,977
dataset7_CLINIC_metal_0003_data,6,188,14,974
dataset7_CLINIC_metal_0003_data,6,189,14,957
dataset7_CLINIC_metal_0003_data,6,190,16,949
dataset7_CLINIC_metal_0003_data,6,191,16,928
dataset7_CLINIC_metal_0003_data,6,192,15,921
dataset7_CLINIC_metal_0003_data,6,193,12,917
dataset7_CLINIC_metal_0003_data,6,194,11,909
dataset7_CLINIC_metal_0003_data,6,195,6,915
dataset7_CLINIC_metal_0003_data,6,196,6,922
dataset7_CLINIC_metal_0003_data,6,197,6,929
dataset7_CLINIC_metal_0003_data,6,198,4,939
dataset7_CLINIC_metal_0003_data,6,199,5,936
dataset7_CLINIC_metal_0003_data,6,200,5,934
dataset7_CLINIC_metal_0003_data,6,201,10,938
dataset7_CLINIC_metal_0003_data,6,202,19,940
dataset7_CLINIC_metal_0003_data,6,203,15,934
dataset7_CLINIC_metal_0003_data,6,204,14,929
dataset7_CLINIC_metal_0003_data,6,205,17,915
dataset7_CLINIC_metal_0003_data,6,206,16,898
dataset7_CLINIC_metal_0003_data,6,207,8,881
dataset7_CLINIC_metal_0003_data,6,208,6,863
dataset7_CLINIC_metal_0003_data,6,209,6,868
dataset7_CLINIC_metal_0003_data,6,210,4,862
dataset7_CLINIC_metal_0003_data,6,211,4,865
dataset7_CLINIC_metal_0003_data,6,212,5,863
dataset7_CLINIC_metal_0003_data,6,213,3,858
dataset7_CLINIC_metal_0003_data,6,214,5,855
dataset7_CLINIC_metal_0003_data,6,215,6,869
dataset7_CLINIC_metal_0003_data,6,216,11,896
dataset7_CLINIC_metal_0003_data,6,217,13,916
dataset7_CLINIC_metal_0003_data,6,218,17,933
dataset7_CLINIC_metal_0003_data,6,219,20,962
dataset7_CLINIC_metal_0003_data,6,220,25,976
dataset7_CLINIC_metal_0003_data,6,221,24,995
dataset7_CLINIC_metal_0003_data,6,222,25,993
dataset7_CLINIC_metal_0003_data,6,223,18,997
dataset7_CLINIC_metal_0003_data,6,224,22,995
dataset7_CLINIC_metal_0003_data,6,225,32,998
dataset7_CLINIC_metal_0003_data,6,226,37,990
dataset7_CLINIC_metal_0003_data,6,227,30,980
dataset7_CLINIC_metal_0003_data,6,228,23,953
dataset7_CLINIC_metal_0003_data,6,229,19,940
dataset7_CLINIC_metal_0003_data,6,230,16,923
dataset7_CLINIC_metal_0003_data,6,231,2,894
dataset7_CLINIC_metal_0003_data,6,232,0,863
dataset7_CLINIC_metal_0003_data,6,233,0,824
dataset7_CLINIC_metal_0003_data,6,234,0,795
dataset7_CLINIC_metal_0003_data,6,235,0,746
dataset7_CLINIC_metal_0003_data,6,236,0,696
dataset7_CLINIC_metal_0003_data,6,237,0,647
dataset7_CLINIC_metal_0003_data,6,238,0,588
dataset7_CLINIC_metal_0003_data,6,239,0,543
dataset7_CLINIC_metal_0003_data,6,240,0,480
dataset7_CLINIC_metal_0003_data,6,241,0,414
dataset7_CLINIC_metal_0003_data,6,242,0,328
dataset7_CLINIC_metal_0003_data,6,243,0,246
dataset7_CLINIC_metal_0003_data,6,244,0,164
dataset7_CLINIC_metal_0003_data,6,245,0,92
dataset7_CLINIC_metal_0003_data,7,133,0,103
dataset7_CLINIC_metal_0003_data,7,134,0,179
dataset7_CLINIC_metal_0003_data,7,135,0,255
dataset7_CLINIC_metal_0003_data,7,136,0,331
dataset7_CLINIC_metal_0003_data,7,137,0,391
dataset7_CLINIC_metal_0003_data,7,138,0,448
dataset7_CLINIC_metal_0003_data,7,139,0,490
dataset7_CLINIC_metal_0003_data,7,140,0,541
dataset7_CLINIC_metal_0003_data,7,141,0,577
dataset7_CLINIC_metal_0003_data,7,142,0,614
dataset7_CLINIC_metal_0003_data,7,143,0,644
dataset7_CLINIC_metal_0003_data,7,144,0,663
dataset7_CLINIC_metal_0003_data,7,145,0,677
dataset7_CLINIC_metal_0003_data,7,146,0,698
dataset7_CLINIC_metal_0003_data,7,147,3,720
dataset7_CLINIC_metal_0003_data,7,148,5,738
dataset7_CLINIC_metal_0003_data,7,149,6,757
dataset7_CLINIC_metal_0003_data,7,150,5,770
dataset7_CLINIC_metal_0003_data,7,151,3,789
dataset7_CLINIC_metal_0003_data,7,152,5,810
dataset7_CLINIC_metal_0003_data,7,153,5,821
dataset7_CLINIC_metal_0003_data,7,154,6,841
dataset7_CLINIC_metal_0003_data,7,155,7,859
dataset7_CLINIC_metal_0003_data,7,156,6,868
dataset7_CLINIC_metal_0003_data,7,157,5,872
dataset7_CLINIC_metal_0003_data,7,158,4,883
dataset7_CLINIC_metal_0003_data,7,159,6,890
dataset7_CLINIC_metal_0003_data,7,160,6,885
dataset7_CLINIC_metal_0003_data,7,161,8,898
dataset7_CLINIC_metal_0003_data,7,162,6,898
dataset7_CLINIC_metal_0003_data,7,163,6,890
dataset7_CLINIC_metal_0003_data,7,164,6,895
dataset7_CLINIC_metal_0003_data,7,165,7,897
dataset7_CLINIC_metal_0003_data,7,166,6,885
dataset7_CLINIC_metal_0003_data,7,167,6,893
dataset7_CLINIC_metal_0003_data,7,168,5,890
dataset7_CLINIC_metal_0003_data,7,169,3,887
dataset7_CLINIC_metal_0003_data,7,170,5,891
dataset7_CLINIC_metal_0003_data,7,171,7,892
dataset7_CLINIC_metal_0003_data,7,172,6,900
dataset7_CLINIC_metal_0003_data,7,173,5,903
dataset7_CLINIC_metal_0003_data,7,174,5,919
dataset7_CLINIC_metal_0003_data,7,175,6,924
dataset7_CLINIC_metal_0003_data,7,176,6,934
dataset7_CLINIC_metal_0003_data,7,177,7,947
dataset7_CLINIC_metal_0003_data,7,178,3,971
dataset7_CLINIC_metal_0003_data,7,179,5,980
dataset7_CLINIC_metal_0003_data,7,180,7,990
dataset7_CLINIC_metal_0003_data,7,181,7,1004
dataset7_CLINIC_metal_0003_data,7,182,5,1005
dataset7_CLINIC_metal_0003_data,7,183,7,1013
dataset7_CLINIC_metal_0003_data,7,184,7,1020
dataset7_CLINIC_metal_0003_data,7,185,6,1018
dataset7_CLINIC_metal_0003_data,7,186,6,1027
dataset7_CLINIC_metal_0003_data,7,187,7,1024
dataset7_CLINIC_metal_0003_data,7,188,7,1019
dataset7_CLINIC_metal_0003_data,7,189,7,1023
dataset7_CLINIC_metal_0003_data,7,190,6,1016
dataset7_CLINIC_metal_0003_data,7,191,6,1017
dataset7_CLINIC_metal_0003_data,7,192,6,1004
dataset7_CLINIC_metal_0003_data,7,193,5,994
dataset7_CLINIC_metal_0003_data,7,194,6,984
dataset7_CLINIC_metal_0003_data,7,195,5,986
dataset7_CLINIC_metal_0003_data,7,196,5,972
dataset7_CLINIC_metal_0003_data,7,197,6,964
dataset7_CLINIC_metal_0003_data,7,198,6,951
dataset7_CLINIC_metal_0003_data,7,199,5,942
dataset7_CLINIC_metal_0003_data,7,200,5,941
dataset7_CLINIC_metal_0003_data,7,201,6,926
dataset7_CLINIC_metal_0003_data,7,202,6,931
dataset7_CLINIC_metal_0003_data,7,203,6,928
dataset7_CLINIC_metal_0003_data,7,204,6,924
dataset7_CLINIC_metal_0003_data,7,205,4,925
dataset7_CLINIC_metal_0003_data,7,206,5,925
dataset7_CLINIC_metal_0003_data,7,207,6,924
dataset7_CLINIC_metal_0003_data,7,208,6,923
dataset7_CLINIC_metal_0003_data,7,209,5,928
dataset7_CLINIC_metal_0003_data,7,210,5,929
dataset7_CLINIC_metal_0003_data,7,211,6,932
dataset7_CLINIC_metal_0003_data,7,212,6,934
dataset7_CLINIC_metal_0003_data,7,213,4,943
dataset7_CLINIC_metal_0003_data,7,214,6,945
dataset7_CLINIC_metal_0003_data,7,215,6,943
dataset7_CLINIC_metal_0003_data,7,216,4,952
dataset7_CLINIC_metal_0003_data,7,217,6,953
dataset7_CLINIC_metal_0003_data,7,218,6,963
dataset7_CLINIC_metal_0003_data,7,219,6,970
dataset7_CLINIC_metal_0003_data,7,220,3,975
dataset7_CLINIC_metal_0003_data,7,221,7,978
dataset7_CLINIC_metal_0003_data,7,222,8,993
dataset7_CLINIC_metal_0003_data,7,223,6,993
dataset7_CLINIC_metal_0003_data,7,224,6,1004
dataset7_CLINIC_metal_0003_data,7,225,6,1002
dataset7_CLINIC_metal_0003_data,7,226,4,1021
dataset7_CLINIC_metal_0003_data,7,227,6,1028
dataset7_CLINIC_metal_0003_data,7,228,6,1044
dataset7_CLINIC_metal_0003_data,7,229,6,1059
dataset7_CLINIC_metal_0003_data,7,230,6,1082
dataset7_CLINIC_metal_0003_data,7,231,4,1092
dataset7_CLINIC_metal_0003_data,7,232,6,1104
dataset7_CLINIC_metal_0003_data,7,233,6,1116
dataset7_CLINIC_metal_0003_data,7,234,6,1119
dataset7_CLINIC_metal_0003_data,7,235,7,1125
dataset7_CLINIC_metal_0003_data,7,236,6,1132
dataset7_CLINIC_metal_0003_data,7,237,12,1150
dataset7_CLINIC_metal_0003_data,7,238,28,1165
dataset7_CLINIC_metal_0003_data,7,239,30,1169
dataset7_CLINIC_metal_0003_data,7,240,22,1162
dataset7_CLINIC_metal_0003_data,7,241,17,1162
dataset7_CLINIC_metal_0003_data,7,242,14,1156
dataset7_CLINIC_metal_0003_data,7,243,15,1144
dataset7_CLINIC_metal_0003_data,7,244,18,1121
dataset7_CLINIC_metal_0003_data,7,245,17,1108
dataset7_CLINIC_metal_0003_data,7,246,17,1074
dataset7_CLINIC_metal_0003_data,7,247,18,1054
dataset7_CLINIC_metal_0003_data,7,248,19,1017
dataset7_CLINIC_metal_0003_data,7,249,15,976
dataset7_CLINIC_metal_0003_data,7,250,4,933
dataset7_CLINIC_metal_0003_data,7,251,0,888
dataset7_CLINIC_metal_0003_data,7,252,0,837
dataset7_CLINIC_metal_0003_data,7,253,0,792
dataset7_CLINIC_metal_0003_data,7,254,0,750
dataset7_CLINIC_metal_0003_data,7,255,0,708
dataset7_CLINIC_metal_0003_data,7,256,0,659
dataset7_CLINIC_metal_0003_data,7,257,0,605
dataset7_CLINIC_metal_0003_data,7,258,0,550
dataset7_CLINIC_metal_0003_data,7,259,0,483
dataset7_CLINIC_metal_0003_data,7,260,0,410
dataset7_CLINIC_metal_0003_data,7,261,0,332
dataset7_CLINIC_metal_0003_data,7,262,0,256
dataset7_CLINIC_metal_0003_data,7,263,0,180
dataset7_CLINIC_metal_0003_data,7,264,0,104
dataset7_CLINIC_metal_0003_data,8,227,0,134
dataset7_CLINIC_metal_0003_data,8,228,0,218
dataset7_CLINIC_metal_0003_data,8,229,0,300
dataset7_CLINIC_metal_0003_data,8,230,0,382
dataset7_CLINIC_metal_0003_data,8,231,0,464
dataset7_CLINIC_metal_0003_data,8,232,0,551
dataset7_CLINIC_metal_0003_data,8,233,0,636
dataset7_CLINIC_metal_0003_data,8,234,0,710
dataset7_CLINIC_metal_0003_data,8,235,0,791
dataset7_CLINIC_metal_0003_data,8,236,0,856
dataset7_CLINIC_metal_0003_data,8,237,0,942
dataset7_CLINIC_metal_0003_data,8,238,0,1006
dataset7_CLINIC_metal_0003_data,8,239,0,1078
dataset7_CLINIC_metal_0003_data,8,240,0,1131
dataset7_CLINIC_metal_0003_data,8,241,10,1177
dataset7_CLINIC_metal_0003_data,8,242,12,1212
dataset7_CLINIC_metal_0003_data,8,243,12,1256
dataset7_CLINIC_metal_0003_data,8,244,38,1282
dataset7_CLINIC_metal_0003_data,8,245,54,1313
dataset7_CLINIC_metal_0003_data,8,246,56,1330
dataset7_CLINIC_metal_0003_data,8,247,53,1344
dataset7_CLINIC_metal_0003_data,8,248,61,1355
dataset7_CLINIC_metal_0003_data,8,249,66,1355
dataset7_CLINIC_metal_0003_data,8,250,68,1364
dataset7_CLINIC_metal_0003_data,8,251,61,1369
dataset7_CLINIC_metal_0003_data,8,252,44,1367
dataset7_CLINIC_metal_0003_data,8,253,33,1369
dataset7_CLINIC_metal_0003_data,8,254,25,1363
dataset7_CLINIC_metal_0003_data,8,255,14,1358
dataset7_CLINIC_metal_0003_data,8,256,17,1343
dataset7_CLINIC_metal_0003_data,8,257,21,1326
dataset7_CLINIC_metal_0003_data,8,258,11,1297
dataset7_CLINIC_metal_0003_data,8,259,0,1261
dataset7_CLINIC_metal_0003_data,8,260,0,1220
dataset7_CLINIC_metal_0003_data,8,261,0,1180
dataset7_CLINIC_metal_0003_data,8,262,0,1135
dataset7_CLINIC_metal_0003_data,8,263,0,1073
dataset7_CLINIC_metal_0003_data,8,264,0,1010
dataset7_CLINIC_metal_0003_data,8,265,0,940
dataset7_CLINIC_metal_0003_data,8,266,0,867
dataset7_CLINIC_metal_0003_data,8,267,0,794
dataset7_CLINIC_metal_0003_data,8,268,0,706
dataset7_CLINIC_metal_0003_data,8,269,0,613
dataset7_CLINIC_metal_0003_data,8,270,0,497
dataset7_CLINIC_metal_0003_data,8,271,0,373
dataset7_CLINIC_metal_0003_data,8,272,0,225
dataset7_CLINIC_metal_0004_data,0,224,0,200
dataset7_CLINIC_metal_0004_data,0,225,0,563
dataset7_CLINIC_metal_0004_data,0,226,0,851
dataset7_CLINIC_metal_0004_data,0,227,0,1043
dataset7_CLINIC_metal_0004_data,0,228,0,1213
dataset7_CLINIC_metal_0004_data,0,229,0,1362
dataset7_CLINIC_metal_0004_data,0,230,0,1492
dataset7_CLINIC_metal_0004_data,0,231,0,1590
dataset7_CLINIC_metal_0004_data,0,232,0,1685
dataset7_CLINIC_metal_0004_data,0,233,0,1760
dataset7_CLINIC_metal_0004_data,0,234,0,1826
dataset7_CLINIC_metal_0004_data,0,235,0,1902
dataset7_CLINIC_metal_0004_data,0,236,0,1946
dataset7_CLINIC_metal_0004_data,0,237,0,1989
dataset7_CLINIC_metal_0004_data,0,238,12,2026
dataset7_CLINIC_metal_0004_data,0,239,59,2036
dataset7_CLINIC_metal_0004_data,0,240,112,2041
dataset7_CLINIC_metal_0004_data,0,241,129,2038
dataset7_CLINIC_metal_0004_data,0,242,126,2034
dataset7_CLINIC_metal_0004_data,0,243,98,2031
dataset7_CLINIC_metal_0004_data,0,244,52,2007
dataset7_CLINIC_metal_0004_data,0,245,36,1981
dataset7_CLINIC_metal_0004_data,0,246,16,1943
dataset7_CLINIC_metal_0004_data,0,247,0,1890
dataset7_CLINIC_metal_0004_data,0,248,0,1830
dataset7_CLINIC_metal_0004_data,0,249,0,1760
dataset7_CLINIC_metal_0004_data,0,250,0,1676
dataset7_CLINIC_metal_0004_data,0,251,0,1573
dataset7_CLINIC_metal_0004_data,0,252,0,1453
dataset7_CLINIC_metal_0004_data,0,253,0,1315
dataset7_CLINIC_metal_0004_data,0,254,0,1160
dataset7_CLINIC_metal_0004_data,0,255,0,961
dataset7_CLINIC_metal_0004_data,0,256,0,732
dataset7_CLINIC_metal_0004_data,0,257,0,501
dataset7_CLINIC_metal_0004_data,0,258,0,286
dataset7_CLINIC_metal_0004_data,0,259,0,212
dataset7_CLINIC_metal_0004_data,0,260,0,132
dataset7_CLINIC_metal_0004_data,1,40,0,111
dataset7_CLINIC_metal_0004_data,1,41,0,185
dataset7_CLINIC_metal_0004_data,1,42,0,243
dataset7_CLINIC_metal_0004_data,1,43,0,317
dataset7_CLINIC_metal_0004_data,1,44,0,370
dataset7_CLINIC_metal_0004_data,1,45,0,420
dataset7_CLINIC_metal_0004_data,1,46,0,569
dataset7_CLINIC_metal_0004_data,1,47,0,699
dataset7_CLINIC_metal_0004_data,1,48,0,784
dataset7_CLINIC_metal_0004_data,1,49,0,884
dataset7_CLINIC_metal_0004_data,1,50,0,982
dataset7_CLINIC_metal_0004_data,1,51,0,1069
dataset7_CLINIC_metal_0004_data,1,52,0,1133
dataset7_CLINIC_metal_0004_data,1,53,0,1207
dataset7_CLINIC_metal_0004_data,1,54,9,1269
dataset7_CLINIC_metal_0004_data,1,55,14,1309
dataset7_CLINIC_metal_0004_data,1,56,15,1366
dataset7_CLINIC_metal_0004_data,1,57,19,1420
dataset7_CLINIC_metal_0004_data,1,58,20,1450
dataset7_CLINIC_metal_0004_data,1,59,19,1487
dataset7_CLINIC_metal_0004_data,1,60,27,1503
dataset7_CLINIC_metal_0004_data,1,61,32,1543
dataset7_CLINIC_metal_0004_data,1,62,35,1540
dataset7_CLINIC_metal_0004_data,1,63,37,1574
dataset7_CLINIC_metal_0004_data,1,64,36,1586
dataset7_CLINIC_metal_0004_data,1,65,35,1597
dataset7_CLINIC_metal_0004_data,1,66,33,1617
dataset7_CLINIC_metal_0004_data,1,67,37,1688
dataset7_CLINIC_metal_0004_data,1,68,37,1745
dataset7_CLINIC_metal_0004_data,1,69,37,1775
dataset7_CLINIC_metal_0004_data,1,70,36,1814
dataset7_CLINIC_metal_0004_data,1,71,32,1847
dataset7_CLINIC_metal_0004_data,1,72,38,1876
dataset7_CLINIC_metal_0004_data,1,73,37,1907
dataset7_CLINIC_metal_0004_data,1,74,37,1935
dataset7_CLINIC_metal_0004_data,1,75,34,1956
dataset7_CLINIC_metal_0004_data,1,76,33,1972
dataset7_CLINIC_metal_0004_data,1,77,33,1995
dataset7_CLINIC_metal_0004_data,1,78,35,2017
dataset7_CLINIC_metal_0004_data,1,79,34,2032
dataset7_CLINIC_metal_0004_data,1,80,34,2153
dataset7_CLINIC_metal_0004_data,1,81,39,2232
dataset7_CLINIC_metal_0004_data,1,82,43,2399
dataset7_CLINIC_metal_0004_data,1,83,47,2613
dataset7_CLINIC_metal_0004_data,1,84,52,2774
dataset7_CLINIC_metal_0004_data,1,85,52,2921
dataset7_CLINIC_metal_0004_data,1,86,53,3055
dataset7_CLINIC_metal_0004_data,1,87,49,3178
dataset7_CLINIC_metal_0004_data,1,88,52,3276
dataset7_CLINIC_metal_0004_data,1,89,51,3353
dataset7_CLINIC_metal_0004_data,1,90,52,3447
dataset7_CLINIC_metal_0004_data,1,91,51,3510
dataset7_CLINIC_metal_0004_data,1,92,52,3557
dataset7_CLINIC_metal_0004_data,1,93,52,3626
dataset7_CLINIC_metal_0004_data,1,94,58,3775
dataset7_CLINIC_metal_0004_data,1,95,70,3861
dataset7_CLINIC_metal_0004_data,1,96,77,3942
dataset7_CLINIC_metal_0004_data,1,97,96,3999
dataset7_CLINIC_metal_0004_data,1,98,96,4051
dataset7_CLINIC_metal_0004_data,1,99,96,4106
dataset7_CLINIC_metal_0004_data,1,100,107,4152
dataset7_CLINIC_metal_0004_data,1,101,107,4178
dataset7_CLINIC_metal_0004_data,1,102,112,4202
dataset7_CLINIC_metal_0004_data,1,103,110,4195
dataset7_CLINIC_metal_0004_data,1,104,106,4212
dataset7_CLINIC_metal_0004_data,1,105,107,4193
dataset7_CLINIC_metal_0004_data,1,106,108,4172
dataset7_CLINIC_metal_0004_data,1,107,114,4174
dataset7_CLINIC_metal_0004_data,1,108,122,4148
dataset7_CLINIC_metal_0004_data,1,109,174,4112
dataset7_CLINIC_metal_0004_data,1,110,321,4108
dataset7_CLINIC_metal_0004_data,1,111,464,4085
dataset7_CLINIC_metal_0004_data,1,112,439,4088
dataset7_CLINIC_metal_0004_data,1,113,452,4066
dataset7_CLINIC_metal_0004_data,1,114,401,4058
dataset7_CLINIC_metal_0004_data,1,115,345,4036
dataset7_CLINIC_metal_0004_data,1,116,308,3998
dataset7_CLINIC_metal_0004_data,1,117,222,3969
dataset7_CLINIC_metal_0004_data,1,118,208,3944
dataset7_CLINIC_metal_0004_data,1,119,207,3946
dataset7_CLINIC_metal_0004_data,1,120,238,3901
dataset7_CLINIC_metal_0004_data,1,121,230,3869
dataset7_CLINIC_metal_0004_data,1,122,212,3834
dataset7_CLINIC_metal_0004_data,1,123,180,3774
dataset7_CLINIC_metal_0004_data,1,124,137,3700
dataset7_CLINIC_metal_0004_data,1,125,113,3611
dataset7_CLINIC_metal_0004_data,1,126,82,3490
dataset7_CLINIC_metal_0004_data,1,127,60,3317
dataset7_CLINIC_metal_0004_data,1,128,41,3085
dataset7_CLINIC_metal_0004_data,1,129,45,2804
dataset7_CLINIC_metal_0004_data,1,130,51,2611
dataset7_CLINIC_metal_0004_data,1,131,58,2345
dataset7_CLINIC_metal_0004_data,1,132,61,2184
dataset7_CLINIC_metal_0004_data,1,133,52,2041
dataset7_CLINIC_metal_0004_data,1,134,43,1917
dataset7_CLINIC_metal_0004_data,1,135,43,1777
dataset7_CLINIC_metal_0004_data,1,136,49,1650
dataset7_CLINIC_metal_0004_data,1,137,49,1506
dataset7_CLINIC_metal_0004_data,1,138,44,1384
dataset7_CLINIC_metal_0004_data,1,139,38,1272
dataset7_CLINIC_metal_0004_data,1,140,28,1173
dataset7_CLINIC_metal_0004_data,1,141,14,1056
dataset7_CLINIC_metal_0004_data,1,142,0,872
dataset7_CLINIC_metal_0004_data,1,143,0,831
dataset7_CLINIC_metal_0004_data,1,144,0,783
dataset7_CLINIC_metal_0004_data,1,145,0,720
dataset7_CLINIC_metal_0004_data,1,146,0,685
dataset7_CLINIC_metal_0004_data,1,147,0,635
dataset7_CLINIC_metal_0004_data,1,148,0,581
dataset7_CLINIC_metal_0004_data,1,149,0,533
dataset7_CLINIC_metal_0004_data,1,150,0,473
dataset7_CLINIC_metal_0004_data,1,151,0,408
dataset7_CLINIC_metal_0004_data,1,152,0,346
dataset7_CLINIC_metal_0004_data,1,153,0,270
dataset7_CLINIC_metal_0004_data,1,154,0,210
dataset7_CLINIC_metal_0004_data,1,155,0,128
dataset7_CLINIC_metal_0004_data,2,217,0,141
dataset7_CLINIC_metal_0004_data,2,218,0,281
dataset7_CLINIC_metal_0004_data,2,219,0,433
dataset7_CLINIC_metal_0004_data,2,220,0,643
dataset7_CLINIC_metal_0004_data,2,221,0,844
dataset7_CLINIC_metal_0004_data,2,222,0,1031
dataset7_CLINIC_metal_0004_data,2,223,0,1174
dataset7_CLINIC_metal_0004_data,2,224,0,1296
dataset7_CLINIC_metal_0004_data,2,225,0,1406
dataset7_CLINIC_metal_0004_data,2,226,0,1492
dataset7_CLINIC_metal_0004_data,2,227,0,1571
dataset7_CLINIC_metal_0004_data,2,228,0,1625
dataset7_CLINIC_metal_0004_data,2,229,0,1688
dataset7_CLINIC_metal_0004_data,2,230,0,1733
dataset7_CLINIC_metal_0004_data,2,231,11,1762
dataset7_CLINIC_metal_0004_data,2,232,44,1798
dataset7_CLINIC_metal_0004_data,2,233,77,1806
dataset7_CLINIC_metal_0004_data,2,234,103,1811
dataset7_CLINIC_metal_0004_data,2,235,107,1812
dataset7_CLINIC_metal_0004_data,2,236,92,1810
dataset7_CLINIC_metal_0004_data,2,237,18,1803
dataset7_CLINIC_metal_0004_data,2,238,0,1783
dataset7_CLINIC_metal_0004_data,2,239,0,1766
dataset7_CLINIC_metal_0004_data,2,240,0,1725
dataset7_CLINIC_metal_0004_data,2,241,0,1671
dataset7_CLINIC_metal_0004_data,2,242,0,1601
dataset7_CLINIC_metal_0004_data,2,243,0,1555
dataset7_CLINIC_metal_0004_data,2,244,0,1479
dataset7_CLINIC_metal_0004_data,2,245,0,1384
dataset7_CLINIC_metal_0004_data,2,246,0,1285
dataset7_CLINIC_metal_0004_data,2,247,0,1155
dataset7_CLINIC_metal_0004_data,2,248,0,1008
dataset7_CLINIC_metal_0004_data,2,249,0,854
dataset7_CLINIC_metal_0004_data,2,250,0,661
dataset7_CLINIC_metal_0004_data,2,251,0,278
dataset7_CLINIC_metal_0005_data,0,142,0,114
dataset7_CLINIC_metal_0005_data,0,143,0,190
dataset7_CLINIC_metal_0005_data,0,144,0,413
dataset7_CLINIC_metal_0005_data,0,145,0,561
dataset7_CLINIC_metal_0005_data,0,146,0,684
dataset7_CLINIC_metal_0005_data,0,147,0,792
dataset7_CLINIC_metal_0005_data,0,148,0,887
dataset7_CLINIC_metal_0005_data,0,149,0,970
dataset7_CLINIC_metal_0005_data,0,150,0,1050
dataset7_CLINIC_metal_0005_data,0,151,0,1113
dataset7_CLINIC_metal_0005_data,0,152,0,1178
dataset7_CLINIC_metal_0005_data,0,153,0,1224
dataset7_CLINIC_metal_0005_data,0,154,0,1272
dataset7_CLINIC_metal_0005_data,0,155,0,1312
dataset7_CLINIC_metal_0005_data,0,156,10,1332
dataset7_CLINIC_metal_0005_data,0,157,25,1362
dataset7_CLINIC_metal_0005_data,0,158,55,1379
dataset7_CLINIC_metal_0005_data,0,159,89,1388
dataset7_CLINIC_metal_0005_data,0,160,117,1396
dataset7_CLINIC_metal_0005_data,0,161,150,1401
dataset7_CLINIC_metal_0005_data,0,162,126,1416
dataset7_CLINIC_metal_0005_data,0,163,95,1446
dataset7_CLINIC_metal_0005_data,0,164,72,1485
dataset7_CLINIC_metal_0005_data,0,165,59,1524
dataset7_CLINIC_metal_0005_data,0,166,51,1552
dataset7_CLINIC_metal_0005_data,0,167,47,1575
dataset7_CLINIC_metal_0005_data,0,168,45,1582
dataset7_CLINIC_metal_0005_data,0,169,44,1598
dataset7_CLINIC_metal_0005_data,0,170,40,1604
dataset7_CLINIC_metal_0005_data,0,171,36,1602
dataset7_CLINIC_metal_0005_data,0,172,41,1622
dataset7_CLINIC_metal_0005_data,0,173,46,1657
dataset7_CLINIC_metal_0005_data,0,174,62,1698
dataset7_CLINIC_metal_0005_data,0,175,109,1751
dataset7_CLINIC_metal_0005_data,0,176,179,1796
dataset7_CLINIC_metal_0005_data,0,177,183,1827
dataset7_CLINIC_metal_0005_data,0,178,118,1870
dataset7_CLINIC_metal_0005_data,0,179,67,1917
dataset7_CLINIC_metal_0005_data,0,180,55,2099
dataset7_CLINIC_metal_0005_data,0,181,53,2318
dataset7_CLINIC_metal_0005_data,0,182,52,2472
dataset7_CLINIC_metal_0005_data,0,183,55,2582
dataset7_CLINIC_metal_0005_data,0,184,67,2681
dataset7_CLINIC_metal_0005_data,0,185,61,2755
dataset7_CLINIC_metal_0005_data,0,186,73,2815
dataset7_CLINIC_metal_0005_data,0,187,130,2874
dataset7_CLINIC_metal_0005_data,0,188,202,2925
dataset7_CLINIC_metal_0005_data,0,189,207,2948
dataset7_CLINIC_metal_0005_data,0,190,143,2974
dataset7_CLINIC_metal_0005_data,0,191,75,3009
dataset7_CLINIC_metal_0005_data,0,192,72,3040
dataset7_CLINIC_metal_0005_data,0,193,99,3086
dataset7_CLINIC_metal_0005_data,0,194,130,3127
dataset7_CLINIC_metal_0005_data,0,195,164,3152
dataset7_CLINIC_metal_0005_data,0,196,195,3167
dataset7_CLINIC_metal_0005_data,0,197,220,3167
dataset7_CLINIC_metal_0005_data,0,198,272,3151
dataset7_CLINIC_metal_0005_data,0,199,331,3154
dataset7_CLINIC_metal_0005_data,0,200,345,3122
dataset7_CLINIC_metal_0005_data,0,201,359,3072
dataset7_CLINIC_metal_0005_data,0,202,364,3020
dataset7_CLINIC_metal_0005_data,0,203,293,2956
dataset7_CLINIC_metal_0005_data,0,204,246,2881
dataset7_CLINIC_metal_0005_data,0,205,163,2739
dataset7_CLINIC_metal_0005_data,0,206,95,2688
dataset7_CLINIC_metal_0005_data,0,207,50,2631
dataset7_CLINIC_metal_0005_data,0,208,17,2576
dataset7_CLINIC_metal_0005_data,0,209,0,2494
dataset7_CLINIC_metal_0005_data,0,210,0,2419
dataset7_CLINIC_metal_0005_data,0,211,0,2327
dataset7_CLINIC_metal_0005_data,0,212,0,2238
dataset7_CLINIC_metal_0005_data,0,213,0,2144
dataset7_CLINIC_metal_0005_data,0,214,0,2033
dataset7_CLINIC_metal_0005_data,0,215,0,1904
dataset7_CLINIC_metal_0005_data,0,216,0,1757
dataset7_CLINIC_metal_0005_data,0,217,0,1595
dataset7_CLINIC_metal_0005_data,0,218,0,1396
dataset7_CLINIC_metal_0005_data,0,219,0,1096
dataset7_CLINIC_metal_0005_data,0,220,0,852
dataset7_CLINIC_metal_0005_data,0,221,0,489
dataset7_CLINIC_metal_0005_data,0,222,0,219
dataset7_CLINIC_metal_0005_data,1,113,0,187
dataset7_CLINIC_metal_0005_data,1,114,0,349
dataset7_CLINIC_metal_0005_data,1,115,0,518
dataset7_CLINIC_metal_0005_data,1,116,0,935
dataset7_CLINIC_metal_0005_data,1,117,0,1235
dataset7_CLINIC_metal_0005_data,1,118,0,1609
dataset7_CLINIC_metal_0005_data,1,119,0,1984
dataset7_CLINIC_metal_0005_data,1,120,0,2302
dataset7_CLINIC_metal_0005_data,1,121,0,2700
dataset7_CLINIC_metal_0005_data,1,122,0,3077
dataset7_CLINIC_metal_0005_data,1,123,0,3294
dataset7_CLINIC_metal_0005_data,1,124,0,3484
dataset7_CLINIC_metal_0005_data,1,125,0,3632
dataset7_CLINIC_metal_0005_data,1,126,0,3768
dataset7_CLINIC_metal_0005_data,1,127,9,3885
dataset7_CLINIC_metal_0005_data,1,128,41,3981
dataset7_CLINIC_metal_0005_data,1,129,75,4061
dataset7_CLINIC_metal_0005_data,1,130,143,4127
dataset7_CLINIC_metal_0005_data,1,131,233,4174
dataset7_CLINIC_metal_0005_data,1,132,342,4214
dataset7_CLINIC_metal_0005_data,1,133,414,4249
dataset7_CLINIC_metal_0005_data,1,134,434,4256
dataset7_CLINIC_metal_0005_data,1,135,427,4250
dataset7_CLINIC_metal_0005_data,1,136,450,4241
dataset7_CLINIC_metal_0005_data,1,137,535,4214
dataset7_CLINIC_metal_0005_data,1,138,549,4165
dataset7_CLINIC_metal_0005_data,1,139,477,4106
dataset7_CLINIC_metal_0005_data,1,140,367,4034
dataset7_CLINIC_metal_0005_data,1,141,303,3946
dataset7_CLINIC_metal_0005_data,1,142,236,3833
dataset7_CLINIC_metal_0005_data,1,143,177,3717
dataset7_CLINIC_metal_0005_data,1,144,126,3578
dataset7_CLINIC_metal_0005_data,1,145,75,3422
dataset7_CLINIC_metal_0005_data,1,146,52,3246
dataset7_CLINIC_metal_0005_data,1,147,24,3058
dataset7_CLINIC_metal_0005_data,1,148,6,2847
dataset7_CLINIC_metal_0005_data,1,149,0,2615
dataset7_CLINIC_metal_0005_data,1,150,0,2424
dataset7_CLINIC_metal_0005_data,1,151,0,2229
dataset7_CLINIC_metal_0005_data,1,152,0,2023
dataset7_CLINIC_metal_0005_data,1,153,0,1820
dataset7_CLINIC_metal_0005_data,1,154,0,1541
dataset7_CLINIC_metal_0005_data,1,155,0,1282
dataset7_CLINIC_metal_0005_data,1,156,0,1116
dataset7_CLINIC_metal_0005_data,1,157,0,868
dataset7_CLINIC_metal_0005_data,1,158,0,722
dataset7_CLINIC_metal_0005_data,1,159,0,493
dataset7_CLINIC_metal_0005_data,1,160,0,373
dataset7_CLINIC_metal_0005_data,1,161,0,176
dataset7_CLINIC_metal_0005_data,1,162,0,100
dataset7_CLINIC_metal_0005_data,2,155,0,69
dataset7_CLINIC_metal_0005_data,2,156,0,129
dataset7_CLINIC_metal_0005_data,2,157,0,185
dataset7_CLINIC_metal_0005_data,2,158,0,243
dataset7_CLINIC_metal_0005_data,2,159,0,298
dataset7_CLINIC_metal_0005_data,2,160,0,343
dataset7_CLINIC_metal_0005_data,2,161,0,382
dataset7_CLINIC_metal_0005_data,2,162,0,422
dataset7_CLINIC_metal_0005_data,2,163,0,455
dataset7_CLINIC_metal_0005_data,2,164,0,480
dataset7_CLINIC_metal_0005_data,2,165,0,504
dataset7_CLINIC_metal_0005_data,2,166,0,534
dataset7_CLINIC_metal_0005_data,2,167,0,542
dataset7_CLINIC_metal_0005_data,2,168,0,550
dataset7_CLINIC_metal_0005_data,2,169,1,557
dataset7_CLINIC_metal_0005_data,2,170,4,560
dataset7_CLINIC_metal_0005_data,2,171,4,560
dataset7_CLINIC_metal_0005_data,2,172,4,560
dataset7_CLINIC_metal_0005_data,2,173,4,560
dataset7_CLINIC_metal_0005_data,2,174,3,559
dataset7_CLINIC_metal_0005_data,2,175,0,554
dataset7_CLINIC_metal_0005_data,2,176,0,546
dataset7_CLINIC_metal_0005_data,2,177,0,538
dataset7_CLINIC_metal_0005_data,2,178,0,524
dataset7_CLINIC_metal_0005_data,2,179,0,488
dataset7_CLINIC_metal_0005_data,2,180,0,469
dataset7_CLINIC_metal_0005_data,2,181,0,442
dataset7_CLINIC_metal_0005_data,2,182,0,402
dataset7_CLINIC_metal_0005_data,2,183,0,361
dataset7_CLINIC_metal_0005_data,2,184,0,326
dataset7_CLINIC_metal_0005_data,2,185,0,271
dataset7_CLINIC_metal_0005_data,2,186,0,211
dataset7_CLINIC_metal_0005_data,2,187,0,151
dataset7_CLINIC_metal_0005_data,2,188,0,85
dataset7_CLINIC_metal_0005_data,3,165,0,94
dataset7_CLINIC_metal_0005_data,3,166,0,164
dataset7_CLINIC_metal_0005_data,3,167,0,226
dataset7_CLINIC_metal_0005_data,3,168,0,287
dataset7_CLINIC_metal_0005_data,3,169,0,344
dataset7_CLINIC_metal_0005_data,3,170,0,380
dataset7_CLINIC_metal_0005_data,3,171,0,422
dataset7_CLINIC_metal_0005_data,3,172,0,462
dataset7_CLINIC_metal_0005_data,3,173,0,491
dataset7_CLINIC_metal_0005_data,3,174,0,507
dataset7_CLINIC_metal_0005_data,3,175,0,547
dataset7_CLINIC_metal_0005_data,3,176,0,557
dataset7_CLINIC_metal_0005_data,3,177,0,565
dataset7_CLINIC_metal_0005_data,3,178,0,573
dataset7_CLINIC_metal_0005_data,3,179,4,578
dataset7_CLINIC_metal_0005_data,3,180,5,579
dataset7_CLINIC_metal_0005_data,3,181,4,578
dataset7_CLINIC_metal_0005_data,3,182,5,579
dataset7_CLINIC_metal_0005_data,3,183,2,575
dataset7_CLINIC_metal_0005_data,3,184,0,567
dataset7_CLINIC_metal_0005_data,3,185,0,559
dataset7_CLINIC_metal_0005_data,3,186,0,551
dataset7_CLINIC_metal_0005_data,3,187,0,519
dataset7_CLINIC_metal_0005_data,3,188,0,496
dataset7_CLINIC_metal_0005_data,3,189,0,470
dataset7_CLINIC_metal_0005_data,3,190,0,437
dataset7_CLINIC_metal_0005_data,3,191,0,396
dataset7_CLINIC_metal_0005_data,3,192,0,356
dataset7_CLINIC_metal_0005_data,3,193,0,312
dataset7_CLINIC_metal_0005_data,3,194,0,258
dataset7_CLINIC_metal_0005_data,3,195,0,200
dataset7_CLINIC_metal_0005_data,3,196,0,142
dataset7_CLINIC_metal_0005_data,4,171,0,78
dataset7_CLINIC_metal_0005_data,4,172,0,142
dataset7_CLINIC_metal_0005_data,4,173,0,200
dataset7_CLINIC_metal_0005_data,4,174,0,263
dataset7_CLINIC_metal_0005_data,4,175,0,320
dataset7_CLINIC_metal_0005_data,4,176,0,372
dataset7_CLINIC_metal_0005_data,4,177,0,420
dataset7_CLINIC_metal_0005_data,4,178,0,462
dataset7_CLINIC_metal_0005_data,4,179,0,499
dataset7_CLINIC_metal_0005_data,4,180,0,535
dataset7_CLINIC_metal_0005_data,4,181,0,561
dataset7_CLINIC_metal_0005_data,4,182,0,590
dataset7_CLINIC_metal_0005_data,4,183,0,611
dataset7_CLINIC_metal_0005_data,4,184,0,626
dataset7_CLINIC_metal_0005_data,4,185,2,635
dataset7_CLINIC_metal_0005_data,4,186,4,641
dataset7_CLINIC_metal_0005_data,4,187,8,645
dataset7_CLINIC_metal_0005_data,4,188,8,644
dataset7_CLINIC_metal_0005_data,4,189,5,639
dataset7_CLINIC_metal_0005_data,4,190,4,630
dataset7_CLINIC_metal_0005_data,4,191,5,627
dataset7_CLINIC_metal_0005_data,4,192,5,616
dataset7_CLINIC_metal_0005_data,4,193,5,608
dataset7_CLINIC_metal_0005_data,4,194,0,596
dataset7_CLINIC_metal_0005_data,4,195,0,588
dataset7_CLINIC_metal_0005_data,4,196,0,580
dataset7_CLINIC_metal_0005_data,4,197,0,557
dataset7_CLINIC_metal_0005_data,4,198,0,528
dataset7_CLINIC_metal_0005_data,4,199,0,502
dataset7_CLINIC_metal_0005_data,4,200,0,473
dataset7_CLINIC_metal_0005_data,4,201,0,429
dataset7_CLINIC_metal_0005_data,4,202,0,389
dataset7_CLINIC_metal_0005_data,4,203,0,346
dataset7_CLINIC_metal_0005_data,4,204,0,289
dataset7_CLINIC_metal_0005_data,4,205,0,227
dataset7_CLINIC_metal_0005_data,4,206,0,165
dataset7_CLINIC_metal_0005_data,4,207,0,95
dataset7_CLINIC_metal_0007_data,0,248,0,184
dataset7_CLINIC_metal_0007_data,0,249,0,332
dataset7_CLINIC_metal_0007_data,0,250,0,447
dataset7_CLINIC_metal_0007_data,0,251,0,559
dataset7_CLINIC_metal_0007_data,0,252,0,680
dataset7_CLINIC_metal_0007_data,0,253,0,1056
dataset7_CLINIC_metal_0007_data,0,254,0,1407
dataset7_CLINIC_metal_0007_data,0,255,0,1657
dataset7_CLINIC_metal_0007_data,0,256,0,1901
dataset7_CLINIC_metal_0007_data,0,257,0,2135
dataset7_CLINIC_metal_0007_data,0,258,0,2571
dataset7_CLINIC_metal_0007_data,0,259,0,2937
dataset7_CLINIC_metal_0007_data,0,260,0,3261
dataset7_CLINIC_metal_0007_data,0,261,0,3689
dataset7_CLINIC_metal_0007_data,0,262,18,4172
dataset7_CLINIC_metal_0007_data,0,263,48,4586
dataset7_CLINIC_metal_0007_data,0,264,81,5105
dataset7_CLINIC_metal_0007_data,0,265,103,5671
dataset7_CLINIC_metal_0007_data,0,266,108,6158
dataset7_CLINIC_metal_0007_data,0,267,150,6767
dataset7_CLINIC_metal_0007_data,0,268,330,7227
dataset7_CLINIC_metal_0007_data,0,269,372,7569
dataset7_CLINIC_metal_0007_data,0,270,332,7871
dataset7_CLINIC_metal_0007_data,0,271,250,8143
dataset7_CLINIC_metal_0007_data,0,272,242,8349
dataset7_CLINIC_metal_0007_data,0,273,268,8528
dataset7_CLINIC_metal_0007_data,0,274,265,8657
dataset7_CLINIC_metal_0007_data,0,275,309,8757
dataset7_CLINIC_metal_0007_data,0,276,428,8846
dataset7_CLINIC_metal_0007_data,0,277,463,8858
dataset7_CLINIC_metal_0007_data,0,278,525,8846
dataset7_CLINIC_metal_0007_data,0,279,548,8816
dataset7_CLINIC_metal_0007_data,0,280,665,8758
dataset7_CLINIC_metal_0007_data,0,281,761,8660
dataset7_CLINIC_metal_0007_data,0,282,780,8517
dataset7_CLINIC_metal_0007_data,0,283,643,8364
dataset7_CLINIC_metal_0007_data,0,284,496,8105
dataset7_CLINIC_metal_0007_data,0,285,457,7730
dataset7_CLINIC_metal_0007_data,0,286,448,7439
dataset7_CLINIC_metal_0007_data,0,287,432,7266
dataset7_CLINIC_metal_0007_data,0,288,341,7072
dataset7_CLINIC_metal_0007_data,0,289,200,6852
dataset7_CLINIC_metal_0007_data,0,290,102,6593
dataset7_CLINIC_metal_0007_data,0,291,19,6302
dataset7_CLINIC_metal_0007_data,0,292,0,6007
dataset7_CLINIC_metal_0007_data,0,293,0,5707
dataset7_CLINIC_metal_0007_data,0,294,0,5357
dataset7_CLINIC_metal_0007_data,0,295,0,4950
dataset7_CLINIC_metal_0007_data,0,296,0,4510
dataset7_CLINIC_metal_0007_data,0,297,0,4005
dataset7_CLINIC_metal_0007_data,0,298,0,3318
dataset7_CLINIC_metal_0007_data,0,299,0,2699
dataset7_CLINIC_metal_0007_data,0,300,0,2095
dataset7_CLINIC_metal_0007_data,0,301,0,1747
dataset7_CLINIC_metal_0007_data,0,302,0,1297
dataset7_CLINIC_metal_0007_data,0,303,0,913
dataset7_CLINIC_metal_0007_data,0,304,0,550
dataset7_CLINIC_metal_0007_data,0,305,0,198
dataset7_CLINIC_metal_0007_data,1,122,0,136
dataset7_CLINIC_metal_0007_data,1,123,0,266
dataset7_CLINIC_metal_0007_data,1,124,0,369
dataset7_CLINIC_metal_0007_data,1,125,0,470
dataset7_CLINIC_metal_0007_data,1,126,0,577
dataset7_CLINIC_metal_0007_data,1,127,0,679
dataset7_CLINIC_metal_0007_data,1,128,0,762
dataset7_CLINIC_metal_0007_data,1,129,0,854
dataset7_CLINIC_metal_0007_data,1,130,0,944
dataset7_CLINIC_metal_0007_data,1,131,0,1004
dataset7_CLINIC_metal_0007_data,1,132,0,1083
dataset7_CLINIC_metal_0007_data,1,133,0,1149
dataset7_CLINIC_metal_0007_data,1,134,0,1209
dataset7_CLINIC_metal_0007_data,1,135,0,1276
dataset7_CLINIC_metal_0007_data,1,136,6,1332
dataset7_CLINIC_metal_0007_data,1,137,24,1380
dataset7_CLINIC_metal_0007_data,1,138,33,1432
dataset7_CLINIC_metal_0007_data,1,139,38,1476
dataset7_CLINIC_metal_0007_data,1,140,39,1506
dataset7_CLINIC_metal_0007_data,1,141,40,1545
dataset7_CLINIC_metal_0007_data,1,142,43,1580
dataset7_CLINIC_metal_0007_data,1,143,42,1607
dataset7_CLINIC_metal_0007_data,1,144,39,1633
dataset7_CLINIC_metal_0007_data,1,145,42,1659
dataset7_CLINIC_metal_0007_data,1,146,41,1667
dataset7_CLINIC_metal_0007_data,1,147,37,1678
dataset7_CLINIC_metal_0007_data,1,148,38,1696
dataset7_CLINIC_metal_0007_data,1,149,40,1753
dataset7_CLINIC_metal_0007_data,1,150,37,1815
dataset7_CLINIC_metal_0007_data,1,151,35,1867
dataset7_CLINIC_metal_0007_data,1,152,39,1913
dataset7_CLINIC_metal_0007_data,1,153,39,2013
dataset7_CLINIC_metal_0007_data,1,154,34,2115
dataset7_CLINIC_metal_0007_data,1,155,40,2222
dataset7_CLINIC_metal_0007_data,1,156,41,2313
dataset7_CLINIC_metal_0007_data,1,157,39,2409
dataset7_CLINIC_metal_0007_data,1,158,32,2520
dataset7_CLINIC_metal_0007_data,1,159,37,2606
dataset7_CLINIC_metal_0007_data,1,160,41,2665
dataset7_CLINIC_metal_0007_data,1,161,41,2739
dataset7_CLINIC_metal_0007_data,1,162,41,2797
dataset7_CLINIC_metal_0007_data,1,163,49,2842
dataset7_CLINIC_metal_0007_data,1,164,99,2889
dataset7_CLINIC_metal_0007_data,1,165,128,2928
dataset7_CLINIC_metal_0007_data,1,166,159,2959
dataset7_CLINIC_metal_0007_data,1,167,168,2982
dataset7_CLINIC_metal_0007_data,1,168,174,2999
dataset7_CLINIC_metal_0007_data,1,169,182,3006
dataset7_CLINIC_metal_0007_data,1,170,167,2995
dataset7_CLINIC_metal_0007_data,1,171,162,2979
dataset7_CLINIC_metal_0007_data,1,172,155,2939
dataset7_CLINIC_metal_0007_data,1,173,124,2917
dataset7_CLINIC_metal_0007_data,1,174,108,2859
dataset7_CLINIC_metal_0007_data,1,175,113,2845
dataset7_CLINIC_metal_0007_data,1,176,129,2830
dataset7_CLINIC_metal_0007_data,1,177,126,2802
dataset7_CLINIC_metal_0007_data,1,178,127,2790
dataset7_CLINIC_metal_0007_data,1,179,131,2781
dataset7_CLINIC_metal_0007_data,1,180,146,2750
dataset7_CLINIC_metal_0007_data,1,181,139,2728
dataset7_CLINIC_metal_0007_data,1,182,130,2711
dataset7_CLINIC_metal_0007_data,1,183,120,2729
dataset7_CLINIC_metal_0007_data,1,184,110,2801
dataset7_CLINIC_metal_0007_data,1,185,102,2892
dataset7_CLINIC_metal_0007_data,1,186,94,3014
dataset7_CLINIC_metal_0007_data,1,187,81,3132
dataset7_CLINIC_metal_0007_data,1,188,65,3279
dataset7_CLINIC_metal_0007_data,1,189,87,3569
dataset7_CLINIC_metal_0007_data,1,190,130,3768
dataset7_CLINIC_metal_0007_data,1,191,176,3923
dataset7_CLINIC_metal_0007_data,1,192,198,4265
dataset7_CLINIC_metal_0007_data,1,193,222,4577
dataset7_CLINIC_metal_0007_data,1,194,244,4816
dataset7_CLINIC_metal_0007_data,1,195,257,5047
dataset7_CLINIC_metal_0007_data,1,196,258,5298
dataset7_CLINIC_metal_0007_data,1,197,239,5517
dataset7_CLINIC_metal_0007_data,1,198,257,5732
dataset7_CLINIC_metal_0007_data,1,199,293,5950
dataset7_CLINIC_metal_0007_data,1,200,332,6223
dataset7_CLINIC_metal_0007_data,1,201,309,6436
dataset7_CLINIC_metal_0007_data,1,202,274,6603
dataset7_CLINIC_metal_0007_data,1,203,308,6752
dataset7_CLINIC_metal_0007_data,1,204,317,6853
dataset7_CLINIC_metal_0007_data,1,205,337,6958
dataset7_CLINIC_metal_0007_data,1,206,376,7038
dataset7_CLINIC_metal_0007_data,1,207,430,7113
dataset7_CLINIC_metal_0007_data,1,208,462,7169
dataset7_CLINIC_metal_0007_data,1,209,438,7198
dataset7_CLINIC_metal_0007_data,1,210,425,7215
dataset7_CLINIC_metal_0007_data,1,211,409,7197
dataset7_CLINIC_metal_0007_data,1,212,429,7171
dataset7_CLINIC_metal_0007_data,1,213,424,7126
dataset7_CLINIC_metal_0007_data,1,214,365,7034
dataset7_CLINIC_metal_0007_data,1,215,348,6953
dataset7_CLINIC_metal_0007_data,1,216,321,6831
dataset7_CLINIC_metal_0007_data,1,217,308,6666
dataset7_CLINIC_metal_0007_data,1,218,291,6497
dataset7_CLINIC_metal_0007_data,1,219,262,6284
dataset7_CLINIC_metal_0007_data,1,220,258,6061
dataset7_CLINIC_metal_0007_data,1,221,222,6108
dataset7_CLINIC_metal_0007_data,1,222,179,6102
dataset7_CLINIC_metal_0007_data,1,223,141,5957
dataset7_CLINIC_metal_0007_data,1,224,93,5812
dataset7_CLINIC_metal_0007_data,1,225,64,5635
dataset7_CLINIC_metal_0007_data,1,226,59,5445
dataset7_CLINIC_metal_0007_data,1,227,57,5272
dataset7_CLINIC_metal_0007_data,1,228,57,5141
dataset7_CLINIC_metal_0007_data,1,229,61,5039
dataset7_CLINIC_metal_0007_data,1,230,93,4929
dataset7_CLINIC_metal_0007_data,1,231,130,4814
dataset7_CLINIC_metal_0007_data,1,232,149,4689
dataset7_CLINIC_metal_0007_data,1,233,130,4543
dataset7_CLINIC_metal_0007_data,1,234,83,4396
dataset7_CLINIC_metal_0007_data,1,235,134,4238
dataset7_CLINIC_metal_0007_data,1,236,250,4076
dataset7_CLINIC_metal_0007_data,1,237,403,3892
dataset7_CLINIC_metal_0007_data,1,238,373,3664
dataset7_CLINIC_metal_0007_data,1,239,231,3471
dataset7_CLINIC_metal_0007_data,1,240,149,3265
dataset7_CLINIC_metal_0007_data,1,241,116,3194
dataset7_CLINIC_metal_0007_data,1,242,115,3109
dataset7_CLINIC_metal_0007_data,1,243,97,2995
dataset7_CLINIC_metal_0007_data,1,244,65,2903
dataset7_CLINIC_metal_0007_data,1,245,30,2805
dataset7_CLINIC_metal_0007_data,1,246,0,2663
dataset7_CLINIC_metal_0007_data,1,247,0,2529
dataset7_CLINIC_metal_0007_data,1,248,0,2382
dataset7_CLINIC_metal_0007_data,1,249,0,2194
dataset7_CLINIC_metal_0007_data,1,250,0,2010
dataset7_CLINIC_metal_0007_data,1,251,0,1789
dataset7_CLINIC_metal_0007_data,1,252,0,1512
dataset7_CLINIC_metal_0007_data,1,253,0,1122
dataset7_CLINIC_metal_0007_data,1,254,0,870
dataset7_CLINIC_metal_0007_data,1,255,0,753
dataset7_CLINIC_metal_0007_data,1,256,0,624
dataset7_CLINIC_metal_0007_data,1,257,0,499
dataset7_CLINIC_metal_0007_data,1,258,0,381
dataset7_CLINIC_metal_0007_data,1,259,0,224
dataset7_CLINIC_metal_0007_data,2,82,0,123
dataset7_CLINIC_metal_0007_data,2,83,0,250
dataset7_CLINIC_metal_0007_data,2,84,0,357
dataset7_CLINIC_metal_0007_data,2,85,0,464
dataset7_CLINIC_metal_0007_data,2,86,0,566
dataset7_CLINIC_metal_0007_data,2,87,0,662
dataset7_CLINIC_metal_0007_data,2,88,0,762
dataset7_CLINIC_metal_0007_data,2,89,0,856
dataset7_CLINIC_metal_0007_data,2,90,0,954
dataset7_CLINIC_metal_0007_data,2,91,0,1047
dataset7_CLINIC_metal_0007_data,2,92,0,1131
dataset7_CLINIC_metal_0007_data,2,93,0,1218
dataset7_CLINIC_metal_0007_data,2,94,0,1287
dataset7_CLINIC_metal_0007_data,2,95,0,1367
dataset7_CLINIC_metal_0007_data,2,96,3,1431
dataset7_CLINIC_metal_0007_data,2,97,15,1501
dataset7_CLINIC_metal_0007_data,2,98,24,1568
dataset7_CLINIC_metal_0007_data,2,99,38,1633
dataset7_CLINIC_metal_0007_data,2,100,56,1689
dataset7_CLINIC_metal_0007_data,2,101,76,1753
dataset7_CLINIC_metal_0007_data,2,102,79,1801
dataset7_CLINIC_metal_0007_data,2,103,78,1843
dataset7_CLINIC_metal_0007_data,2,104,85,1880
dataset7_CLINIC_metal_0007_data,2,105,82,1922
dataset7_CLINIC_metal_0007_data,2,106,82,1949
dataset7_CLINIC_metal_0007_data,2,107,82,1981
dataset7_CLINIC_metal_0007_data,2,108,75,2012
dataset7_CLINIC_metal_0007_data,2,109,76,2034
dataset7_CLINIC_metal_0007_data,2,110,75,2048
dataset7_CLINIC_metal_0007_data,2,111,66,2065
dataset7_CLINIC_metal_0007_data,2,112,70,2075
dataset7_CLINIC_metal_0007_data,2,113,65,2069
dataset7_CLINIC_metal_0007_data,2,114,60,2075
dataset7_CLINIC_metal_0007_data,2,115,64,2077
dataset7_CLINIC_metal_0007_data,2,116,63,2073
dataset7_CLINIC_metal_0007_data,2,117,61,2076
dataset7_CLINIC_metal_0007_data,2,118,63,2067
dataset7_CLINIC_metal_0007_data,2,119,61,2062
dataset7_CLINIC_metal_0007_data,2,120,61,2060
dataset7_CLINIC_metal_0007_data,2,121,60,2055
dataset7_CLINIC_metal_0007_data,2,122,62,2046
dataset7_CLINIC_metal_0007_data,2,123,62,2044
dataset7_CLINIC_metal_0007_data,2,124,59,2043
dataset7_CLINIC_metal_0007_data,2,125,63,2043
dataset7_CLINIC_metal_0007_data,2,126,63,2033
dataset7_CLINIC_metal_0007_data,2,127,62,2036
dataset7_CLINIC_metal_0007_data,2,128,63,2034
dataset7_CLINIC_metal_0007_data,2,129,59,2038
dataset7_CLINIC_metal_0007_data,2,130,64,2038
dataset7_CLINIC_metal_0007_data,2,131,62,2036
dataset7_CLINIC_metal_0007_data,2,132,62,2040
dataset7_CLINIC_metal_0007_data,2,133,68,2041
dataset7_CLINIC_metal_0007_data,2,134,62,2038
dataset7_CLINIC_metal_0007_data,2,135,64,2049
dataset7_CLINIC_metal_0007_data,2,136,67,2047
dataset7_CLINIC_metal_0007_data,2,137,66,2052
dataset7_CLINIC_metal_0007_data,2,138,65,2055
dataset7_CLINIC_metal_0007_data,2,139,64,2055
dataset7_CLINIC_metal_0007_data,2,140,65,2051
dataset7_CLINIC_metal_0007_data,2,141,70,2048
dataset7_CLINIC_metal_0007_data,2,142,67,2054
dataset7_CLINIC_metal_0007_data,2,143,65,2056
dataset7_CLINIC_metal_0007_data,2,144,68,2056
dataset7_CLINIC_metal_0007_data,2,145,70,2056
dataset7_CLINIC_metal_0007_data,2,146,68,2060
dataset7_CLINIC_metal_0007_data,2,147,67,2060
dataset7_CLINIC_metal_0007_data,2,148,72,2064
dataset7_CLINIC_metal_0007_data,2,149,72,2058
dataset7_CLINIC_metal_0007_data,2,150,72,2059
dataset7_CLINIC_metal_0007_data,2,151,65,2064
dataset7_CLINIC_metal_0007_data,2,152,69,2064
dataset7_CLINIC_metal_0007_data,2,153,70,2064
dataset7_CLINIC_metal_0007_data,2,154,71,2158
dataset7_CLINIC_metal_0007_data,2,155,70,2216
dataset7_CLINIC_metal_0007_data,2,156,72,2244
dataset7_CLINIC_metal_0007_data,2,157,74,2271
dataset7_CLINIC_metal_0007_data,2,158,74,2295
dataset7_CLINIC_metal_0007_data,2,159,69,2302
dataset7_CLINIC_metal_0007_data,2,160,71,2311
dataset7_CLINIC_metal_0007_data,2,161,69,2312
dataset7_CLINIC_metal_0007_data,2,162,68,2302
dataset7_CLINIC_metal_0007_data,2,163,66,2302
dataset7_CLINIC_metal_0007_data,2,164,71,2288
dataset7_CLINIC_metal_0007_data,2,165,68,2278
dataset7_CLINIC_metal_0007_data,2,166,66,2257
dataset7_CLINIC_metal_0007_data,2,167,67,2233
dataset7_CLINIC_metal_0007_data,2,168,81,2208
dataset7_CLINIC_metal_0007_data,2,169,96,2164
dataset7_CLINIC_metal_0007_data,2,170,108,2136
dataset7_CLINIC_metal_0007_data,2,171,111,2088
dataset7_CLINIC_metal_0007_data,2,172,120,2050
dataset7_CLINIC_metal_0007_data,2,173,109,1998
dataset7_CLINIC_metal_0007_data,2,174,97,1945
dataset7_CLINIC_metal_0007_data,2,175,78,1894
dataset7_CLINIC_metal_0007_data,2,176,73,1838
dataset7_CLINIC_metal_0007_data,2,177,66,1774
dataset7_CLINIC_metal_0007_data,2,178,68,1715
dataset7_CLINIC_metal_0007_data,2,179,63,1657
dataset7_CLINIC_metal_0007_data,2,180,33,1593
dataset7_CLINIC_metal_0007_data,2,181,22,1528
dataset7_CLINIC_metal_0007_data,2,182,2,1461
dataset7_CLINIC_metal_0007_data,2,183,0,1408
dataset7_CLINIC_metal_0007_data,2,184,0,1333
dataset7_CLINIC_metal_0007_data,2,185,0,1276
dataset7_CLINIC_metal_0007_data,2,186,0,1203
dataset7_CLINIC_metal_0007_data,2,187,0,1108
dataset7_CLINIC_metal_0007_data,2,188,0,1031
dataset7_CLINIC_metal_0007_data,2,189,0,936
dataset7_CLINIC_metal_0007_data,2,190,0,831
dataset7_CLINIC_metal_0007_data,2,191,0,727
dataset7_CLINIC_metal_0007_data,2,192,0,614
dataset7_CLINIC_metal_0007_data,2,193,0,486
dataset7_CLINIC_metal_0007_data,2,194,0,379
dataset7_CLINIC_metal_0007_data,2,195,0,247
dataset7_CLINIC_metal_0007_data,2,196,0,112
dataset7_CLINIC_metal_0007_data,3,190,0,172
dataset7_CLINIC_metal_0007_data,3,191,0,322
dataset7_CLINIC_metal_0007_data,3,192,0,458
dataset7_CLINIC_metal_0007_data,3,193,0,590
dataset7_CLINIC_metal_0007_data,3,194,0,718
dataset7_CLINIC_metal_0007_data,3,195,0,833
dataset7_CLINIC_metal_0007_data,3,196,0,935
dataset7_CLINIC_metal_0007_data,3,197,0,1035
dataset7_CLINIC_metal_0007_data,3,198,0,1124
dataset7_CLINIC_metal_0007_data,3,199,0,1193
dataset7_CLINIC_metal_0007_data,3,200,0,1259
dataset7_CLINIC_metal_0007_data,3,201,0,1308
dataset7_CLINIC_metal_0007_data,3,202,0,1351
dataset7_CLINIC_metal_0007_data,3,203,0,1389
dataset7_CLINIC_metal_0007_data,3,204,10,1411
dataset7_CLINIC_metal_0007_data,3,205,37,1443
dataset7_CLINIC_metal_0007_data,3,206,56,1451
dataset7_CLINIC_metal_0007_data,3,207,70,1456
dataset7_CLINIC_metal_0007_data,3,208,73,1458
dataset7_CLINIC_metal_0007_data,3,209,69,1472
dataset7_CLINIC_metal_0007_data,3,210,64,1466
dataset7_CLINIC_metal_0007_data,3,211,49,1472
dataset7_CLINIC_metal_0007_data,3,212,45,1456
dataset7_CLINIC_metal_0007_data,3,213,43,1456
dataset7_CLINIC_metal_0007_data,3,214,46,1451
dataset7_CLINIC_metal_0007_data,3,215,45,1434
dataset7_CLINIC_metal_0007_data,3,216,48,1429
dataset7_CLINIC_metal_0007_data,3,217,46,1413
dataset7_CLINIC_metal_0007_data,3,218,48,1396
dataset7_CLINIC_metal_0007_data,3,219,49,1380
dataset7_CLINIC_metal_0007_data,3,220,46,1367
dataset7_CLINIC_metal_0007_data,3,221,47,1356
dataset7_CLINIC_metal_0007_data,3,222,44,1359
dataset7_CLINIC_metal_0007_data,3,223,45,1360
dataset7_CLINIC_metal_0007_data,3,224,42,1356
dataset7_CLINIC_metal_0007_data,3,225,43,1356
dataset7_CLINIC_metal_0007_data,3,226,44,1362
dataset7_CLINIC_metal_0007_data,3,227,43,1350
dataset7_CLINIC_metal_0007_data,3,228,44,1362
dataset7_CLINIC_metal_0007_data,3,229,42,1347
dataset7_CLINIC_metal_0007_data,3,230,45,1360
dataset7_CLINIC_metal_0007_data,3,231,46,1359
dataset7_CLINIC_metal_0007_data,3,232,46,1364
dataset7_CLINIC_metal_0007_data,3,233,47,1361
dataset7_CLINIC_metal_0007_data,3,234,45,1366
dataset7_CLINIC_metal_0007_data,3,235,48,1360
dataset7_CLINIC_metal_0007_data,3,236,42,1364
dataset7_CLINIC_metal_0007_data,3,237,46,1361
dataset7_CLINIC_metal_0007_data,3,238,40,1362
dataset7_CLINIC_metal_0007_data,3,239,44,1366
dataset7_CLINIC_metal_0007_data,3,240,43,1366
dataset7_CLINIC_metal_0007_data,3,241,44,1370
dataset7_CLINIC_metal_0007_data,3,242,46,1366
dataset7_CLINIC_metal_0007_data,3,243,44,1369
dataset7_CLINIC_metal_0007_data,3,244,44,1369
dataset7_CLINIC_metal_0007_data,3,245,44,1370
dataset7_CLINIC_metal_0007_data,3,246,46,1373
dataset7_CLINIC_metal_0007_data,3,247,45,1370
dataset7_CLINIC_metal_0007_data,3,248,48,1359
dataset7_CLINIC_metal_0007_data,3,249,46,1362
dataset7_CLINIC_metal_0007_data,3,250,49,1362
dataset7_CLINIC_metal_0007_data,3,251,45,1361
dataset7_CLINIC_metal_0007_data,3,252,46,1361
dataset7_CLINIC_metal_0007_data,3,253,47,1360
dataset7_CLINIC_metal_0007_data,3,254,45,1365
dataset7_CLINIC_metal_0007_data,3,255,48,1356
dataset7_CLINIC_metal_0007_data,3,256,45,1367
dataset7_CLINIC_metal_0007_data,3,257,46,1360
dataset7_CLINIC_metal_0007_data,3,258,44,1363
dataset7_CLINIC_metal_0007_data,3,259,45,1358
dataset7_CLINIC_metal_0007_data,3,260,42,1369
dataset7_CLINIC_metal_0007_data,3,261,43,1364
dataset7_CLINIC_metal_0007_data,3,262,42,1375
dataset7_CLINIC_metal_0007_data,3,263,42,1367
dataset7_CLINIC_metal_0007_data,3,264,41,1372
dataset7_CLINIC_metal_0007_data,3,265,42,1365
dataset7_CLINIC_metal_0007_data,3,266,44,1371
dataset7_CLINIC_metal_0007_data,3,267,49,1376
dataset7_CLINIC_metal_0007_data,3,268,50,1383
dataset7_CLINIC_metal_0007_data,3,269,56,1394
dataset7_CLINIC_metal_0007_data,3,270,55,1387
dataset7_CLINIC_metal_0007_data,3,271,54,1399
dataset7_CLINIC_metal_0007_data,3,272,55,1392
dataset7_CLINIC_metal_0007_data,3,273,53,1400
dataset7_CLINIC_metal_0007_data,3,274,57,1398
dataset7_CLINIC_metal_0007_data,3,275,53,1400
dataset7_CLINIC_metal_0007_data,3,276,58,1400
dataset7_CLINIC_metal_0007_data,3,277,56,1389
dataset7_CLINIC_metal_0007_data,3,278,53,1391
dataset7_CLINIC_metal_0007_data,3,279,53,1376
dataset7_CLINIC_metal_0007_data,3,280,54,1371
dataset7_CLINIC_metal_0007_data,3,281,51,1361
dataset7_CLINIC_metal_0007_data,3,282,44,1340
dataset7_CLINIC_metal_0007_data,3,283,37,1327
dataset7_CLINIC_metal_0007_data,3,284,14,1294
dataset7_CLINIC_metal_0007_data,3,285,5,1269
dataset7_CLINIC_metal_0007_data,3,286,0,1226
dataset7_CLINIC_metal_0007_data,3,287,0,1195
dataset7_CLINIC_metal_0007_data,3,288,0,1146
dataset7_CLINIC_metal_0007_data,3,289,0,1090
dataset7_CLINIC_metal_0007_data,3,290,0,1042
dataset7_CLINIC_metal_0007_data,3,291,0,963
dataset7_CLINIC_metal_0007_data,3,292,0,878
dataset7_CLINIC_metal_0007_data,3,293,0,800
dataset7_CLINIC_metal_0007_data,3,294,0,708
dataset7_CLINIC_metal_0007_data,3,295,0,612
dataset7_CLINIC_metal_0007_data,3,296,0,504
dataset7_CLINIC_metal_0007_data,3,297,0,393
dataset7_CLINIC_metal_0007_data,3,298,0,274
dataset7_CLINIC_metal_0007_data,3,299,0,133
dataset7_CLINIC_metal_0008_data,0,190,0,211
dataset7_CLINIC_metal_0008_data,0,191,0,373
dataset7_CLINIC_metal_0008_data,0,192,0,479
dataset7_CLINIC_metal_0008_data,0,193,0,596
dataset7_CLINIC_metal_0008_data,0,194,0,702
dataset7_CLINIC_metal_0008_data,0,195,0,923
dataset7_CLINIC_metal_0008_data,0,196,0,1094
dataset7_CLINIC_metal_0008_data,0,197,0,1698
dataset7_CLINIC_metal_0008_data,0,198,0,2100
dataset7_CLINIC_metal_0008_data,0,199,0,2360
dataset7_CLINIC_metal_0008_data,0,200,0,2581
dataset7_CLINIC_metal_0008_data,0,201,0,2815
dataset7_CLINIC_metal_0008_data,0,202,0,2952
dataset7_CLINIC_metal_0008_data,0,203,0,3082
dataset7_CLINIC_metal_0008_data,0,204,19,3239
dataset7_CLINIC_metal_0008_data,0,205,32,3330
dataset7_CLINIC_metal_0008_data,0,206,38,3420
dataset7_CLINIC_metal_0008_data,0,207,46,3506
dataset7_CLINIC_metal_0008_data,0,208,63,3550
dataset7_CLINIC_metal_0008_data,0,209,150,3580
dataset7_CLINIC_metal_0008_data,0,210,114,3639
dataset7_CLINIC_metal_0008_data,0,211,160,3647
dataset7_CLINIC_metal_0008_data,0,212,243,3644
dataset7_CLINIC_metal_0008_data,0,213,208,3631
dataset7_CLINIC_metal_0008_data,0,214,126,3607
dataset7_CLINIC_metal_0008_data,0,215,85,3542
dataset7_CLINIC_metal_0008_data,0,216,63,3484
dataset7_CLINIC_metal_0008_data,0,217,34,3397
dataset7_CLINIC_metal_0008_data,0,218,18,3316
dataset7_CLINIC_metal_0008_data,0,219,0,3192
dataset7_CLINIC_metal_0008_data,0,220,0,3051
dataset7_CLINIC_metal_0008_data,0,221,0,2886
dataset7_CLINIC_metal_0008_data,0,222,0,2734
dataset7_CLINIC_metal_0008_data,0,223,0,2526
dataset7_CLINIC_metal_0008_data,0,224,0,2271
dataset7_CLINIC_metal_0008_data,0,225,0,1967
dataset7_CLINIC_metal_0008_data,0,226,0,1503
dataset7_CLINIC_metal_0008_data,0,227,0,1090
dataset7_CLINIC_metal_0008_data,0,228,0,748
dataset7_CLINIC_metal_0008_data,0,229,0,602
dataset7_CLINIC_metal_0008_data,0,230,0,468
dataset7_CLINIC_metal_0008_data,0,231,0,356
dataset7_CLINIC_metal_0008_data,0,232,0,200
dataset7_CLINIC_metal_0008_data,1,169,0,112
dataset7_CLINIC_metal_0008_data,1,170,0,406
dataset7_CLINIC_metal_0008_data,1,171,0,642
dataset7_CLINIC_metal_0008_data,1,172,0,959
dataset7_CLINIC_metal_0008_data,1,173,0,1564
dataset7_CLINIC_metal_0008_data,1,174,0,2152
dataset7_CLINIC_metal_0008_data,1,175,0,2697
dataset7_CLINIC_metal_0008_data,1,176,0,3302
dataset7_CLINIC_metal_0008_data,1,177,0,3765
dataset7_CLINIC_metal_0008_data,1,178,0,4085
dataset7_CLINIC_metal_0008_data,1,179,0,4378
dataset7_CLINIC_metal_0008_data,1,180,0,4620
dataset7_CLINIC_metal_0008_data,1,181,0,4811
dataset7_CLINIC_metal_0008_data,1,182,0,4991
dataset7_CLINIC_metal_0008_data,1,183,2,5172
dataset7_CLINIC_metal_0008_data,1,184,75,5304
dataset7_CLINIC_metal_0008_data,1,185,137,5415
dataset7_CLINIC_metal_0008_data,1,186,205,5502
dataset7_CLINIC_metal_0008_data,1,187,245,5562
dataset7_CLINIC_metal_0008_data,1,188,233,5622
dataset7_CLINIC_metal_0008_data,1,189,255,5633
dataset7_CLINIC_metal_0008_data,1,190,287,5654
dataset7_CLINIC_metal_0008_data,1,191,262,5657
dataset7_CLINIC_metal_0008_data,1,192,246,5646
dataset7_CLINIC_metal_0008_data,1,193,216,5621
dataset7_CLINIC_metal_0008_data,1,194,245,5569
dataset7_CLINIC_metal_0008_data,1,195,230,5483
dataset7_CLINIC_metal_0008_data,1,196,154,5411
dataset7_CLINIC_metal_0008_data,1,197,97,5289
dataset7_CLINIC_metal_0008_data,1,198,71,5125
dataset7_CLINIC_metal_0008_data,1,199,51,4982
dataset7_CLINIC_metal_0008_data,1,200,33,4794
dataset7_CLINIC_metal_0008_data,1,201,21,4558
dataset7_CLINIC_metal_0008_data,1,202,3,4300
dataset7_CLINIC_metal_0008_data,1,203,0,4003
dataset7_CLINIC_metal_0008_data,1,204,0,3623
dataset7_CLINIC_metal_0008_data,1,205,0,3096
dataset7_CLINIC_metal_0008_data,1,206,0,2511
dataset7_CLINIC_metal_0008_data,1,207,0,2036
dataset7_CLINIC_metal_0008_data,1,208,0,1630
dataset7_CLINIC_metal_0008_data,1,209,0,1256
dataset7_CLINIC_metal_0008_data,1,210,0,932
dataset7_CLINIC_metal_0008_data,1,211,0,706
dataset7_CLINIC_metal_0008_data,1,212,0,599
dataset7_CLINIC_metal_0008_data,1,213,0,487
dataset7_CLINIC_metal_0008_data,1,214,0,379
dataset7_CLINIC_metal_0008_data,1,215,0,253
dataset7_CLINIC_metal_0008_data,1,216,0,123
dataset7_CLINIC_metal_0008_data,2,193,0,233
dataset7_CLINIC_metal_0008_data,2,194,0,403
dataset7_CLINIC_metal_0008_data,2,195,0,509
dataset7_CLINIC_metal_0008_data,2,196,0,628
dataset7_CLINIC_metal_0008_data,2,197,0,731
dataset7_CLINIC_metal_0008_data,2,198,0,799
dataset7_CLINIC_metal_0008_data,2,199,0,895
dataset7_CLINIC_metal_0008_data,2,200,0,977
dataset7_CLINIC_metal_0008_data,2,201,0,1003
dataset7_CLINIC_metal_0008_data,2,202,0,1080
dataset7_CLINIC_metal_0008_data,2,203,0,1105
dataset7_CLINIC_metal_0008_data,2,204,0,1139
dataset7_CLINIC_metal_0008_data,2,205,0,1162
dataset7_CLINIC_metal_0008_data,2,206,0,1188
dataset7_CLINIC_metal_0008_data,2,207,23,1188
dataset7_CLINIC_metal_0008_data,2,208,0,1188
dataset7_CLINIC_metal_0008_data,2,209,0,1162
dataset7_CLINIC_metal_0008_data,2,210,0,1139
dataset7_CLINIC_metal_0008_data,2,211,0,1105
dataset7_CLINIC_metal_0008_data,2,212,0,1080
dataset7_CLINIC_metal_0008_data,2,213,0,1003
dataset7_CLINIC_metal_0008_data,2,214,0,977
dataset7_CLINIC_metal_0008_data,2,215,0,895
dataset7_CLINIC_metal_0008_data,2,216,0,799
dataset7_CLINIC_metal_0008_data,2,217,0,731
dataset7_CLINIC_metal_0008_data,2,218,0,628
dataset7_CLINIC_metal_0008_data,2,219,0,509
dataset7_CLINIC_metal_0008_data,2,220,0,403
dataset7_CLINIC_metal_0008_data,2,221,0,233
dataset7_CLINIC_metal_0008_data,3,188,0,353
dataset7_CLINIC_metal_0008_data,3,189,0,591
dataset7_CLINIC_metal_0008_data,3,190,0,956
dataset7_CLINIC_metal_0008_data,3,191,0,1387
dataset7_CLINIC_metal_0008_data,3,192,0,1854
dataset7_CLINIC_metal_0008_data,3,193,0,2171
dataset7_CLINIC_metal_0008_data,3,194,0,2399
dataset7_CLINIC_metal_0008_data,3,195,0,2616
dataset7_CLINIC_metal_0008_data,3,196,0,2789
dataset7_CLINIC_metal_0008_data,3,197,0,2936
dataset7_CLINIC_metal_0008_data,3,198,0,3083
dataset7_CLINIC_metal_0008_data,3,199,0,3204
dataset7_CLINIC_metal_0008_data,3,200,0,3276
dataset7_CLINIC_metal_0008_data,3,201,0,3378
dataset7_CLINIC_metal_0008_data,3,202,51,3427
dataset7_CLINIC_metal_0008_data,3,203,131,3493
dataset7_CLINIC_metal_0008_data,3,204,204,3531
dataset7_CLINIC_metal_0008_data,3,205,227,3555
dataset7_CLINIC_metal_0008_data,3,206,176,3548
dataset7_CLINIC_metal_0008_data,3,207,124,3525
dataset7_CLINIC_metal_0008_data,3,208,110,3466
dataset7_CLINIC_metal_0008_data,3,209,3,3421
dataset7_CLINIC_metal_0008_data,3,210,0,3361
dataset7_CLINIC_metal_0008_data,3,211,0,3268
dataset7_CLINIC_metal_0008_data,3,212,0,3171
dataset7_CLINIC_metal_0008_data,3,213,0,3068
dataset7_CLINIC_metal_0008_data,3,214,0,2900
dataset7_CLINIC_metal_0008_data,3,215,0,2756
dataset7_CLINIC_metal_0008_data,3,216,0,2572
dataset7_CLINIC_metal_0008_data,3,217,0,2337
dataset7_CLINIC_metal_0008_data,3,218,0,2093
dataset7_CLINIC_metal_0008_data,3,219,0,1788
dataset7_CLINIC_metal_0008_data,3,220,0,1286
dataset7_CLINIC_metal_0008_data,3,221,0,700
dataset7_CLINIC_metal_0008_data,3,222,0,467
dataset7_CLINIC_metal_0008_data,3,223,0,136
dataset7_CLINIC_metal_0008_data,4,196,0,310
dataset7_CLINIC_metal_0008_data,4,197,0,513
dataset7_CLINIC_metal_0008_data,4,198,0,636
dataset7_CLINIC_metal_0008_data,4,199,0,771
dataset7_CLINIC_metal_0008_data,4,200,0,887
dataset7_CLINIC_metal_0008_data,4,201,0,963
dataset7_CLINIC_metal_0008_data,4,202,0,1071
dataset7_CLINIC_metal_0008_data,4,203,0,1162
dataset7_CLINIC_metal_0008_data,4,204,0,1191
dataset7_CLINIC_metal_0008_data,4,205,0,1275
dataset7_CLINIC_metal_0008_data,4,206,0,1304
dataset7_CLINIC_metal_0008_data,4,207,0,1341
dataset7_CLINIC_metal_0008_data,4,208,0,1366
dataset7_CLINIC_metal_0008_data,4,209,0,1395
dataset7_CLINIC_metal_0008_data,4,210,37,1395
dataset7_CLINIC_metal_0008_data,4,211,0,1395
dataset7_CLINIC_metal_0008_data,4,212,0,1366
dataset7_CLINIC_metal_0008_data,4,213,0,1341
dataset7_CLINIC_metal_0008_data,4,214,0,1304
dataset7_CLINIC_metal_0008_data,4,215,0,1275
dataset7_CLINIC_metal_0008_data,4,216,0,1191
dataset7_CLINIC_metal_0008_data,4,217,0,1162
dataset7_CLINIC_metal_0008_data,4,218,0,1071
dataset7_CLINIC_metal_0008_data,4,219,0,963
dataset7_CLINIC_metal_0008_data,4,220,0,887
dataset7_CLINIC_metal_0008_data,4,221,0,771
dataset7_CLINIC_metal_0008_data,4,222,0,636
dataset7_CLINIC_metal_0008_data,4,223,0,513
dataset7_CLINIC_metal_0008_data,4,224,0,310
dataset7_CLINIC_metal_0012_data,0,98,0,113
dataset7_CLINIC_metal_0012_data,0,99,0,207
dataset7_CLINIC_metal_0012_data,0,100,0,316
dataset7_CLINIC_metal_0012_data,0,101,0,426
dataset7_CLINIC_metal_0012_data,0,102,0,910
dataset7_CLINIC_metal_0012_data,0,103,0,1803
dataset7_CLINIC_metal_0012_data,0,104,0,2577
dataset7_CLINIC_metal_0012_data,0,105,0,3383
dataset7_CLINIC_metal_0012_data,0,106,0,4157
dataset7_CLINIC_metal_0012_data,0,107,0,4907
dataset7_CLINIC_metal_0012_data,0,108,0,5675
dataset7_CLINIC_metal_0012_data,0,109,0,6266
dataset7_CLINIC_metal_0012_data,0,110,0,6790
dataset7_CLINIC_metal_0012_data,0,111,0,7278
dataset7_CLINIC_metal_0012_data,0,112,9,7798
dataset7_CLINIC_metal_0012_data,0,113,39,8266
dataset7_CLINIC_metal_0012_data,0,114,67,8687
dataset7_CLINIC_metal_0012_data,0,115,77,9057
dataset7_CLINIC_metal_0012_data,0,116,89,9354
dataset7_CLINIC_metal_0012_data,0,117,489,9588
dataset7_CLINIC_metal_0012_data,0,118,921,9766
dataset7_CLINIC_metal_0012_data,0,119,1250,9903
dataset7_CLINIC_metal_0012_data,0,120,1325,10012
dataset7_CLINIC_metal_0012_data,0,121,1115,10109
dataset7_CLINIC_metal_0012_data,0,122,961,10168
dataset7_CLINIC_metal_0012_data,0,123,1195,10189
dataset7_CLINIC_metal_0012_data,0,124,1217,10195
dataset7_CLINIC_metal_0012_data,0,125,1116,10169
dataset7_CLINIC_metal_0012_data,0,126,1017,10112
dataset7_CLINIC_metal_0012_data,0,127,869,10036
dataset7_CLINIC_metal_0012_data,0,128,693,9912
dataset7_CLINIC_metal_0012_data,0,129,653,9812
dataset7_CLINIC_metal_0012_data,0,130,648,9635
dataset7_CLINIC_metal_0012_data,0,131,675,9442
dataset7_CLINIC_metal_0012_data,0,132,669,9189
dataset7_CLINIC_metal_0012_data,0,133,630,8850
dataset7_CLINIC_metal_0012_data,0,134,574,8386
dataset7_CLINIC_metal_0012_data,0,135,510,7774
dataset7_CLINIC_metal_0012_data,0,136,451,6911
dataset7_CLINIC_metal_0012_data,0,137,380,6262
dataset7_CLINIC_metal_0012_data,0,138,371,5786
dataset7_CLINIC_metal_0012_data,0,139,379,5321
dataset7_CLINIC_metal_0012_data,0,140,363,4883
dataset7_CLINIC_metal_0012_data,0,141,330,4496
dataset7_CLINIC_metal_0012_data,0,142,294,4149
dataset7_CLINIC_metal_0012_data,0,143,252,3921
dataset7_CLINIC_metal_0012_data,0,144,199,3810
dataset7_CLINIC_metal_0012_data,0,145,167,3700
dataset7_CLINIC_metal_0012_data,0,146,164,3597
dataset7_CLINIC_metal_0012_data,0,147,163,3522
dataset7_CLINIC_metal_0012_data,0,148,159,3467
dataset7_CLINIC_metal_0012_data,0,149,151,3419
dataset7_CLINIC_metal_0012_data,0,150,152,3384
dataset7_CLINIC_metal_0012_data,0,151,144,3376
dataset7_CLINIC_metal_0012_data,0,152,139,3350
dataset7_CLINIC_metal_0012_data,0,153,136,3302
dataset7_CLINIC_metal_0012_data,0,154,137,3292
dataset7_CLINIC_metal_0012_data,0,155,134,3251
dataset7_CLINIC_metal_0012_data,0,156,134,3214
dataset7_CLINIC_metal_0012_data,0,157,135,3184
dataset7_CLINIC_metal_0012_data,0,158,129,3144
dataset7_CLINIC_metal_0012_data,0,159,137,3101
dataset7_CLINIC_metal_0012_data,0,160,132,3025
dataset7_CLINIC_metal_0012_data,0,161,129,3002
dataset7_CLINIC_metal_0012_data,0,162,128,2949
dataset7_CLINIC_metal_0012_data,0,163,130,2913
dataset7_CLINIC_metal_0012_data,0,164,125,2870
dataset7_CLINIC_metal_0012_data,0,165,121,2802
dataset7_CLINIC_metal_0012_data,0,166,112,2747
dataset7_CLINIC_metal_0012_data,0,167,104,2680
dataset7_CLINIC_metal_0012_data,0,168,91,2607
dataset7_CLINIC_metal_0012_data,0,169,76,2526
dataset7_CLINIC_metal_0012_data,0,170,61,2428
dataset7_CLINIC_metal_0012_data,0,171,38,2326
dataset7_CLINIC_metal_0012_data,0,172,22,2233
dataset7_CLINIC_metal_0012_data,0,173,5,2125
dataset7_CLINIC_metal_0012_data,0,174,0,2018
dataset7_CLINIC_metal_0012_data,0,175,0,1902
dataset7_CLINIC_metal_0012_data,0,176,0,1770
dataset7_CLINIC_metal_0012_data,0,177,0,1658
dataset7_CLINIC_metal_0012_data,0,178,0,1507
dataset7_CLINIC_metal_0012_data,0,179,0,1367
dataset7_CLINIC_metal_0012_data,0,180,0,1220
dataset7_CLINIC_metal_0012_data,0,181,0,1069
dataset7_CLINIC_metal_0012_data,0,182,0,909
dataset7_CLINIC_metal_0012_data,0,183,0,736
dataset7_CLINIC_metal_0012_data,0,184,0,556
dataset7_CLINIC_metal_0012_data,0,185,0,385
dataset7_CLINIC_metal_0012_data,0,186,0,194
dataset7_CLINIC_metal_0012_data,0,187,0,95
dataset7_CLINIC_metal_0012_data,1,241,0,258
dataset7_CLINIC_metal_0012_data,1,242,0,467
dataset7_CLINIC_metal_0012_data,1,243,0,844
dataset7_CLINIC_metal_0012_data,1,244,0,1202
dataset7_CLINIC_metal_0012_data,1,245,0,1615
dataset7_CLINIC_metal_0012_data,1,246,0,2148
dataset7_CLINIC_metal_0012_data,1,247,0,2962
dataset7_CLINIC_metal_0012_data,1,248,0,3643
dataset7_CLINIC_metal_0012_data,1,249,0,4206
dataset7_CLINIC_metal_0012_data,1,250,0,4671
dataset7_CLINIC_metal_0012_data,1,251,0,5106
dataset7_CLINIC_metal_0012_data,1,252,0,5473
dataset7_CLINIC_metal_0012_data,1,253,0,5784
dataset7_CLINIC_metal_0012_data,1,254,0,6087
dataset7_CLINIC_metal_0012_data,1,255,31,6326
dataset7_CLINIC_metal_0012_data,1,256,91,6535
dataset7_CLINIC_metal_0012_data,1,257,169,6688
dataset7_CLINIC_metal_0012_data,1,258,225,6815
dataset7_CLINIC_metal_0012_data,1,259,301,6940
dataset7_CLINIC_metal_0012_data,1,260,364,7027
dataset7_CLINIC_metal_0012_data,1,261,607,7088
dataset7_CLINIC_metal_0012_data,1,262,770,7113
dataset7_CLINIC_metal_0012_data,1,263,814,7122
dataset7_CLINIC_metal_0012_data,1,264,712,7135
dataset7_CLINIC_metal_0012_data,1,265,517,7128
dataset7_CLINIC_metal_0012_data,1,266,442,7076
dataset7_CLINIC_metal_0012_data,1,267,428,7010
dataset7_CLINIC_metal_0012_data,1,268,330,6925
dataset7_CLINIC_metal_0012_data,1,269,224,6827
dataset7_CLINIC_metal_0012_data,1,270,127,6700
dataset7_CLINIC_metal_0012_data,1,271,60,6537
dataset7_CLINIC_metal_0012_data,1,272,4,6323
dataset7_CLINIC_metal_0012_data,1,273,0,6100
dataset7_CLINIC_metal_0012_data,1,274,0,5839
dataset7_CLINIC_metal_0012_data,1,275,0,5522
dataset7_CLINIC_metal_0012_data,1,276,0,5124
dataset7_CLINIC_metal_0012_data,1,277,0,4651
dataset7_CLINIC_metal_0012_data,1,278,0,4004
dataset7_CLINIC_metal_0012_data,1,279,0,3224
dataset7_CLINIC_metal_0012_data,1,280,0,2599
dataset7_CLINIC_metal_0012_data,1,281,0,2154
dataset7_CLINIC_metal_0012_data,1,282,0,1615
dataset7_CLINIC_metal_0012_data,1,283,0,1182
dataset7_CLINIC_metal_0012_data,1,284,0,642
dataset7_CLINIC_metal_0012_data,1,285,0,352
dataset7_CLINIC_metal_0012_data,1,286,0,108
dataset7_CLINIC_metal_0012_data,2,150,0,102
dataset7_CLINIC_metal_0012_data,2,151,0,192
dataset7_CLINIC_metal_0012_data,2,152,0,286
dataset7_CLINIC_metal_0012_data,2,153,0,363
dataset7_CLINIC_metal_0012_data,2,154,0,436
dataset7_CLINIC_metal_0012_data,2,155,0,511
dataset7_CLINIC_metal_0012_data,2,156,0,576
dataset7_CLINIC_metal_0012_data,2,157,0,651
dataset7_CLINIC_metal_0012_data,2,158,0,706
dataset7_CLINIC_metal_0012_data,2,159,0,789
dataset7_CLINIC_metal_0012_data,2,160,0,925
dataset7_CLINIC_metal_0012_data,2,161,0,1038
dataset7_CLINIC_metal_0012_data,2,162,0,1128
dataset7_CLINIC_metal_0012_data,2,163,0,1207
dataset7_CLINIC_metal_0012_data,2,164,6,1269
dataset7_CLINIC_metal_0012_data,2,165,15,1335
dataset7_CLINIC_metal_0012_data,2,166,24,1395
dataset7_CLINIC_metal_0012_data,2,167,27,1449
dataset7_CLINIC_metal_0012_data,2,168,29,1503
dataset7_CLINIC_metal_0012_data,2,169,33,1612
dataset7_CLINIC_metal_0012_data,2,170,36,1702
dataset7_CLINIC_metal_0012_data,2,171,34,1789
dataset7_CLINIC_metal_0012_data,2,172,36,1850
dataset7_CLINIC_metal_0012_data,2,173,36,1923
dataset7_CLINIC_metal_0012_data,2,174,63,2000
dataset7_CLINIC_metal_0012_data,2,175,79,2063
dataset7_CLINIC_metal_0012_data,2,176,102,2122
dataset7_CLINIC_metal_0012_data,2,177,108,2156
dataset7_CLINIC_metal_0012_data,2,178,106,2190
dataset7_CLINIC_metal_0012_data,2,179,115,2213
dataset7_CLINIC_metal_0012_data,2,180,109,2234
dataset7_CLINIC_metal_0012_data,2,181,92,2249
dataset7_CLINIC_metal_0012_data,2,182,80,2247
dataset7_CLINIC_metal_0012_data,2,183,86,2255
dataset7_CLINIC_metal_0012_data,2,184,112,2253
dataset7_CLINIC_metal_0012_data,2,185,147,2248
dataset7_CLINIC_metal_0012_data,2,186,167,2237
dataset7_CLINIC_metal_0012_data,2,187,150,2229
dataset7_CLINIC_metal_0012_data,2,188,129,2211
dataset7_CLINIC_metal_0012_data,2,189,118,2190
dataset7_CLINIC_metal_0012_data,2,190,115,2161
dataset7_CLINIC_metal_0012_data,2,191,110,2136
dataset7_CLINIC_metal_0012_data,2,192,116,2090
dataset7_CLINIC_metal_0012_data,2,193,101,2043
dataset7_CLINIC_metal_0012_data,2,194,90,1996
dataset7_CLINIC_metal_0012_data,2,195,100,1954
dataset7_CLINIC_metal_0012_data,2,196,116,1910
dataset7_CLINIC_metal_0012_data,2,197,108,1862
dataset7_CLINIC_metal_0012_data,2,198,66,1843
dataset7_CLINIC_metal_0012_data,2,199,53,1894
dataset7_CLINIC_metal_0012_data,2,200,48,1991
dataset7_CLINIC_metal_0012_data,2,201,48,2127
dataset7_CLINIC_metal_0012_data,2,202,47,2237
dataset7_CLINIC_metal_0012_data,2,203,50,2322
dataset7_CLINIC_metal_0012_data,2,204,52,2387
dataset7_CLINIC_metal_0012_data,2,205,63,2430
dataset7_CLINIC_metal_0012_data,2,206,105,2467
dataset7_CLINIC_metal_0012_data,2,207,108,2501
dataset7_CLINIC_metal_0012_data,2,208,81,2523
dataset7_CLINIC_metal_0012_data,2,209,60,2536
dataset7_CLINIC_metal_0012_data,2,210,57,2550
dataset7_CLINIC_metal_0012_data,2,211,72,2557
dataset7_CLINIC_metal_0012_data,2,212,99,2554
dataset7_CLINIC_metal_0012_data,2,213,156,2539
dataset7_CLINIC_metal_0012_data,2,214,225,2517
dataset7_CLINIC_metal_0012_data,2,215,291,2482
dataset7_CLINIC_metal_0012_data,2,216,257,2438
dataset7_CLINIC_metal_0012_data,2,217,180,2382
dataset7_CLINIC_metal_0012_data,2,218,95,2327
dataset7_CLINIC_metal_0012_data,2,219,28,2272
dataset7_CLINIC_metal_0012_data,2,220,8,2203
dataset7_CLINIC_metal_0012_data,2,221,0,2138
dataset7_CLINIC_metal_0012_data,2,222,0,2080
dataset7_CLINIC_metal_0012_data,2,223,0,2006
dataset7_CLINIC_metal_0012_data,2,224,0,1922
dataset7_CLINIC_metal_0012_data,2,225,0,1814
dataset7_CLINIC_metal_0012_data,2,226,0,1691
dataset7_CLINIC_metal_0012_data,2,227,0,1566
dataset7_CLINIC_metal_0012_data,2,228,0,1417
dataset7_CLINIC_metal_0012_data,2,229,0,1256
dataset7_CLINIC_metal_0012_data,2,230,0,1086
dataset7_CLINIC_metal_0012_data,2,231,0,866
dataset7_CLINIC_metal_0012_data,2,232,0,561
dataset7_CLINIC_metal_0012_data,2,234,0,106
dataset7_CLINIC_metal_0012_data,3,199,0,144
dataset7_CLINIC_metal_0012_data,3,200,0,251
dataset7_CLINIC_metal_0012_data,3,201,0,350
dataset7_CLINIC_metal_0012_data,3,202,0,423
dataset7_CLINIC_metal_0012_data,3,204,0,562
dataset7_CLINIC_metal_0012_data,3,205,0,624
dataset7_CLINIC_metal_0012_data,3,206,0,691
dataset7_CLINIC_metal_0012_data,3,207,0,745
dataset7_CLINIC_metal_0012_data,3,208,0,791
dataset7_CLINIC_metal_0012_data,3,209,0,850
dataset7_CLINIC_metal_0012_data,3,210,0,896
dataset7_CLINIC_metal_0012_data,3,211,0,943
dataset7_CLINIC_metal_0012_data,3,212,0,982
dataset7_CLINIC_metal_0012_data,3,213,14,1011
dataset7_CLINIC_metal_0012_data,3,214,22,1043
dataset7_CLINIC_metal_0012_data,3,215,26,1066
dataset7_CLINIC_metal_0012_data,3,216,41,1091
dataset7_CLINIC_metal_0012_data,3,217,48,1106
dataset7_CLINIC_metal_0012_data,3,218,46,1113
dataset7_CLINIC_metal_0012_data,3,219,38,1114
dataset7_CLINIC_metal_0012_data,3,220,35,1112
dataset7_CLINIC_metal_0012_data,3,221,41,1114
dataset7_CLINIC_metal_0012_data,3,222,52,1114
dataset7_CLINIC_metal_0012_data,3,223,53,1112
dataset7_CLINIC_metal_0012_data,3,224,44,1104
dataset7_CLINIC_metal_0012_data,3,225,35,1086
dataset7_CLINIC_metal_0012_data,3,226,23,1063
dataset7_CLINIC_metal_0012_data,3,227,14,1034
dataset7_CLINIC_metal_0012_data,3,228,0,1002
dataset7_CLINIC_metal_0012_data,3,229,0,965
dataset7_CLINIC_metal_0012_data,3,230,0,919
dataset7_CLINIC_metal_0012_data,3,231,0,878
dataset7_CLINIC_metal_0012_data,3,232,0,823
dataset7_CLINIC_metal_0012_data,3,233,0,769
dataset7_CLINIC_metal_0012_data,3,234,0,701
dataset7_CLINIC_metal_0012_data,3,235,0,633
dataset7_CLINIC_metal_0012_data,3,236,0,561
dataset7_CLINIC_metal_0012_data,3,237,0,488
dataset7_CLINIC_metal_0012_data,3,238,0,416
dataset7_CLINIC_metal_0012_data,3,239,0,341
dataset7_CLINIC_metal_0012_data,3,240,0,242
dataset7_CLINIC_metal_0012_data,3,241,0,138
dataset7_CLINIC_metal_0012_data,4,0,4,792
dataset7_CLINIC_metal_0012_data,4,1,2,819
dataset7_CLINIC_metal_0012_data,4,2,2,841
dataset7_CLINIC_metal_0012_data,4,3,3,858
dataset7_CLINIC_metal_0012_data,4,4,4,873
dataset7_CLINIC_metal_0012_data,4,5,6,882
dataset7_CLINIC_metal_0012_data,4,6,5,893
dataset7_CLINIC_metal_0012_data,4,7,5,896
dataset7_CLINIC_metal_0012_data,4,8,4,884
dataset7_CLINIC_metal_0012_data,4,9,4,877
dataset7_CLINIC_metal_0012_data,4,10,5,866
dataset7_CLINIC_metal_0012_data,4,11,6,852
dataset7_CLINIC_metal_0012_data,4,12,5,833
dataset7_CLINIC_metal_0012_data,4,13,5,808
dataset7_CLINIC_metal_0012_data,4,14,3,787
dataset7_CLINIC_metal_0012_data,4,15,0,760
dataset7_CLINIC_metal_0012_data,4,16,0,734
dataset7_CLINIC_metal_0012_data,4,17,0,698
dataset7_CLINIC_metal_0012_data,4,18,0,663
dataset7_CLINIC_metal_0012_data,4,19,0,628
dataset7_CLINIC_metal_0012_data,4,20,0,588
dataset7_CLINIC_metal_0012_data,4,21,0,543
dataset7_CLINIC_metal_0012_data,4,22,0,485
dataset7_CLINIC_metal_0012_data,4,23,0,431
dataset7_CLINIC_metal_0012_data,4,24,0,371
dataset7_CLINIC_metal_0012_data,4,25,0,310
dataset7_CLINIC_metal_0012_data,4,26,0,250
dataset7_CLINIC_metal_0012_data,4,27,0,168
dataset7_CLINIC_metal_0012_data,4,28,0,85
dataset7_CLINIC_metal_0012_data,5,204,0,147
dataset7_CLINIC_metal_0012_data,5,205,0,253
dataset7_CLINIC_metal_0012_data,5,206,0,354
dataset7_CLINIC_metal_0012_data,5,207,0,433
dataset7_CLINIC_metal_0012_data,5,208,0,506
dataset7_CLINIC_metal_0012_data,5,209,0,584
dataset7_CLINIC_metal_0012_data,5,210,0,658
dataset7_CLINIC_metal_0012_data,5,211,0,728
dataset7_CLINIC_metal_0012_data,5,212,0,786
dataset7_CLINIC_metal_0012_data,5,213,0,830
dataset7_CLINIC_metal_0012_data,5,214,0,875
dataset7_CLINIC_metal_0012_data,5,215,0,915
dataset7_CLINIC_metal_0012_data,5,216,0,948
dataset7_CLINIC_metal_0012_data,5,217,0,969
dataset7_CLINIC_metal_0012_data,5,218,17,982
dataset7_CLINIC_metal_0012_data,5,219,27,993
dataset7_CLINIC_metal_0012_data,5,220,2,1005
dataset7_CLINIC_metal_0012_data,5,221,20,1011
dataset7_CLINIC_metal_0012_data,5,222,39,1006
dataset7_CLINIC_metal_0012_data,5,223,33,1002
dataset7_CLINIC_metal_0012_data,5,224,0,1002
dataset7_CLINIC_metal_0012_data,5,225,0,1000
dataset7_CLINIC_metal_0012_data,5,226,0,981
dataset7_CLINIC_metal_0012_data,5,227,0,949
dataset7_CLINIC_metal_0012_data,5,228,0,921
dataset7_CLINIC_metal_0012_data,5,229,0,882
dataset7_CLINIC_metal_0012_data,5,230,0,851
dataset7_CLINIC_metal_0012_data,5,231,0,777
dataset7_CLINIC_metal_0012_data,5,232,0,723
dataset7_CLINIC_metal_0012_data,5,233,0,648
dataset7_CLINIC_metal_0012_data,5,234,0,566
dataset7_CLINIC_metal_0012_data,5,235,0,482
dataset7_CLINIC_metal_0012_data,5,236,0,358
dataset7_CLINIC_metal_0012_data,5,237,0,224
dataset7_CLINIC_metal_0013_data,0,254,0,114
dataset7_CLINIC_metal_0013_data,0,255,0,200
dataset7_CLINIC_metal_0013_data,0,256,0,386
dataset7_CLINIC_metal_0013_data,0,257,0,522
dataset7_CLINIC_metal_0013_data,0,258,0,646
dataset7_CLINIC_metal_0013_data,0,259,0,748
dataset7_CLINIC_metal_0013_data,0,260,0,827
dataset7_CLINIC_metal_0013_data,0,261,0,909
dataset7_CLINIC_metal_0013_data,0,262,0,982
dataset7_CLINIC_metal_0013_data,0,263,0,1054
dataset7_CLINIC_metal_0013_data,0,264,0,1111
dataset7_CLINIC_metal_0013_data,0,265,0,1160
dataset7_CLINIC_metal_0013_data,0,266,0,1198
dataset7_CLINIC_metal_0013_data,0,267,0,1258
dataset7_CLINIC_metal_0013_data,0,268,14,1302
dataset7_CLINIC_metal_0013_data,0,269,29,1349
dataset7_CLINIC_metal_0013_data,0,270,104,1394
dataset7_CLINIC_metal_0013_data,0,271,205,1426
dataset7_CLINIC_metal_0013_data,0,272,258,1452
dataset7_CLINIC_metal_0013_data,0,273,268,1475
dataset7_CLINIC_metal_0013_data,0,274,267,1493
dataset7_CLINIC_metal_0013_data,0,275,269,1502
dataset7_CLINIC_metal_0013_data,0,276,277,1512
dataset7_CLINIC_metal_0013_data,0,277,279,1517
dataset7_CLINIC_metal_0013_data,0,278,283,1511
dataset7_CLINIC_metal_0013_data,0,279,274,1499
dataset7_CLINIC_metal_0013_data,0,280,252,1483
dataset7_CLINIC_metal_0013_data,0,281,230,1465
dataset7_CLINIC_metal_0013_data,0,282,203,1434
dataset7_CLINIC_metal_0013_data,0,283,137,1411
dataset7_CLINIC_metal_0013_data,0,284,63,1381
dataset7_CLINIC_metal_0013_data,0,285,35,1342
dataset7_CLINIC_metal_0013_data,0,286,6,1293
dataset7_CLINIC_metal_0013_data,0,287,0,1249
dataset7_CLINIC_metal_0013_data,0,288,0,1208
dataset7_CLINIC_metal_0013_data,0,289,0,1160
dataset7_CLINIC_metal_0013_data,0,290,0,1118
dataset7_CLINIC_metal_0013_data,0,291,0,1053
dataset7_CLINIC_metal_0013_data,0,292,0,993
dataset7_CLINIC_metal_0013_data,0,293,0,925
dataset7_CLINIC_metal_0013_data,0,294,0,841
dataset7_CLINIC_metal_0013_data,0,295,0,766
dataset7_CLINIC_metal_0013_data,0,296,0,677
dataset7_CLINIC_metal_0013_data,0,297,0,573
dataset7_CLINIC_metal_0013_data,0,298,0,411
dataset7_CLINIC_metal_0013_data,0,299,0,264
dataset7_CLINIC_metal_0013_data,0,300,0,140
dataset7_CLINIC_metal_0013_data,1,202,0,223
dataset7_CLINIC_metal_0013_data,1,203,0,374
dataset7_CLINIC_metal_0013_data,1,204,0,524
dataset7_CLINIC_metal_0013_data,1,205,0,687
dataset7_CLINIC_metal_0013_data,1,206,0,836
dataset7_CLINIC_metal_0013_data,1,207,0,999
dataset7_CLINIC_metal_0013_data,1,208,0,1178
dataset7_CLINIC_metal_0013_data,1,209,0,1361
dataset7_CLINIC_metal_0013_data,1,210,0,1527
dataset7_CLINIC_metal_0013_data,1,211,0,1697
dataset7_CLINIC_metal_0013_data,1,212,0,1873
dataset7_CLINIC_metal_0013_data,1,213,0,2037
dataset7_CLINIC_metal_0013_data,1,214,0,2204
dataset7_CLINIC_metal_0013_data,1,215,0,2383
dataset7_CLINIC_metal_0013_data,1,216,29,2550
dataset7_CLINIC_metal_0013_data,1,217,61,2722
dataset7_CLINIC_metal_0013_data,1,218,94,2872
dataset7_CLINIC_metal_0013_data,1,219,110,3033
dataset7_CLINIC_metal_0013_data,1,220,143,3165
dataset7_CLINIC_metal_0013_data,1,221,163,3315
dataset7_CLINIC_metal_0013_data,1,222,166,3450
dataset7_CLINIC_metal_0013_data,1,223,167,3583
dataset7_CLINIC_metal_0013_data,1,224,171,3700
dataset7_CLINIC_metal_0013_data,1,225,169,3811
dataset7_CLINIC_metal_0013_data,1,226,166,3932
dataset7_CLINIC_metal_0013_data,1,227,166,4021
dataset7_CLINIC_metal_0013_data,1,228,170,4115
dataset7_CLINIC_metal_0013_data,1,229,171,4195
dataset7_CLINIC_metal_0013_data,1,230,177,4266
dataset7_CLINIC_metal_0013_data,1,231,172,4346
dataset7_CLINIC_metal_0013_data,1,232,170,4402
dataset7_CLINIC_metal_0013_data,1,233,165,4447
dataset7_CLINIC_metal_0013_data,1,234,168,4467
dataset7_CLINIC_metal_0013_data,1,235,174,4478
dataset7_CLINIC_metal_0013_data,1,236,170,4464
dataset7_CLINIC_metal_0013_data,1,237,172,4454
dataset7_CLINIC_metal_0013_data,1,238,173,4444
dataset7_CLINIC_metal_0013_data,1,239,171,4427
dataset7_CLINIC_metal_0013_data,1,240,172,4395
dataset7_CLINIC_metal_0013_data,1,241,168,4329
dataset7_CLINIC_metal_0013_data,1,242,171,4254
dataset7_CLINIC_metal_0013_data,1,243,167,4163
dataset7_CLINIC_metal_0013_data,1,244,171,4061
dataset7_CLINIC_metal_0013_data,1,245,165,3960
dataset7_CLINIC_metal_0013_data,1,246,168,3846
dataset7_CLINIC_metal_0013_data,1,247,165,3730
dataset7_CLINIC_metal_0013_data,1,248,166,3613
dataset7_CLINIC_metal_0013_data,1,249,166,3494
dataset7_CLINIC_metal_0013_data,1,250,165,3363
dataset7_CLINIC_metal_0013_data,1,251,167,3227
dataset7_CLINIC_metal_0013_data,1,252,164,3095
dataset7_CLINIC_metal_0013_data,1,253,165,2953
dataset7_CLINIC_metal_0013_data,1,254,164,2811
dataset7_CLINIC_metal_0013_data,1,255,167,2671
dataset7_CLINIC_metal_0013_data,1,256,156,2527
dataset7_CLINIC_metal_0013_data,1,257,144,2388
dataset7_CLINIC_metal_0013_data,1,258,124,2239
dataset7_CLINIC_metal_0013_data,1,259,101,2094
dataset7_CLINIC_metal_0013_data,1,260,55,1955
dataset7_CLINIC_metal_0013_data,1,261,24,1811
dataset7_CLINIC_metal_0013_data,1,262,0,1677
dataset7_CLINIC_metal_0013_data,1,263,0,1534
dataset7_CLINIC_metal_0013_data,1,264,0,1397
dataset7_CLINIC_metal_0013_data,1,265,0,1266
dataset7_CLINIC_metal_0013_data,1,266,0,1136
dataset7_CLINIC_metal_0013_data,1,267,0,1015
dataset7_CLINIC_metal_0013_data,1,268,0,892
dataset7_CLINIC_metal_0013_data,1,269,0,777
dataset7_CLINIC_metal_0013_data,1,270,0,659
dataset7_CLINIC_metal_0013_data,1,271,0,554
dataset7_CLINIC_metal_0013_data,1,272,0,457
dataset7_CLINIC_metal_0013_data,1,273,0,359
dataset7_CLINIC_metal_0013_data,1,274,0,257
dataset7_CLINIC_metal_0013_data,1,275,0,143
dataset7_CLINIC_metal_0013_data,2,49,0,101
dataset7_CLINIC_metal_0013_data,2,50,0,254
dataset7_CLINIC_metal_0013_data,2,51,0,400
dataset7_CLINIC_metal_0013_data,2,52,0,528
dataset7_CLINIC_metal_0013_data,2,53,0,641
dataset7_CLINIC_metal_0013_data,2,54,0,791
dataset7_CLINIC_metal_0013_data,2,55,0,1070
dataset7_CLINIC_metal_0013_data,2,56,0,1296
dataset7_CLINIC_metal_0013_data,2,57,0,1508
dataset7_CLINIC_metal_0013_data,2,58,0,1690
dataset7_CLINIC_metal_0013_data,2,59,0,1856
dataset7_CLINIC_metal_0013_data,2,60,0,2012
dataset7_CLINIC_metal_0013_data,2,61,0,2158
dataset7_CLINIC_metal_0013_data,2,62,0,2306
dataset7_CLINIC_metal_0013_data,2,63,1,2428
dataset7_CLINIC_metal_0013_data,2,64,39,2560
dataset7_CLINIC_metal_0013_data,2,65,59,2886
dataset7_CLINIC_metal_0013_data,2,66,77,3154
dataset7_CLINIC_metal_0013_data,2,67,88,3370
dataset7_CLINIC_metal_0013_data,2,68,158,3554
dataset7_CLINIC_metal_0013_data,2,69,253,3708
dataset7_CLINIC_metal_0013_data,2,70,367,3843
dataset7_CLINIC_metal_0013_data,2,71,434,3953
dataset7_CLINIC_metal_0013_data,2,72,459,4078
dataset7_CLINIC_metal_0013_data,2,73,442,4184
dataset7_CLINIC_metal_0013_data,2,74,423,4275
dataset7_CLINIC_metal_0013_data,2,75,395,4346
dataset7_CLINIC_metal_0013_data,2,76,417,4397
dataset7_CLINIC_metal_0013_data,2,77,454,4437
dataset7_CLINIC_metal_0013_data,2,78,472,4469
dataset7_CLINIC_metal_0013_data,2,79,489,4480
dataset7_CLINIC_metal_0013_data,2,80,552,4469
dataset7_CLINIC_metal_0013_data,2,81,644,4450
dataset7_CLINIC_metal_0013_data,2,82,642,4418
dataset7_CLINIC_metal_0013_data,2,83,620,4365
dataset7_CLINIC_metal_0013_data,2,84,595,4295
dataset7_CLINIC_metal_0013_data,2,85,568,4228
dataset7_CLINIC_metal_0013_data,2,86,474,4132
dataset7_CLINIC_metal_0013_data,2,87,386,4024
dataset7_CLINIC_metal_0013_data,2,88,310,3885
dataset7_CLINIC_metal_0013_data,2,89,267,3749
dataset7_CLINIC_metal_0013_data,2,90,252,3599
dataset7_CLINIC_metal_0013_data,2,91,231,3428
dataset7_CLINIC_metal_0013_data,2,92,190,3163
dataset7_CLINIC_metal_0013_data,2,93,94,2959
dataset7_CLINIC_metal_0013_data,2,94,23,2742
dataset7_CLINIC_metal_0013_data,2,95,0,2587
dataset7_CLINIC_metal_0013_data,2,96,0,2450
dataset7_CLINIC_metal_0013_data,2,97,0,2290
dataset7_CLINIC_metal_0013_data,2,98,0,2137
dataset7_CLINIC_metal_0013_data,2,99,0,1947
dataset7_CLINIC_metal_0013_data,2,100,0,1734
dataset7_CLINIC_metal_0013_data,2,101,0,1475
dataset7_CLINIC_metal_0013_data,2,102,0,1329
dataset7_CLINIC_metal_0013_data,2,103,0,1204
dataset7_CLINIC_metal_0013_data,2,104,0,1060
dataset7_CLINIC_metal_0013_data,2,105,0,902
dataset7_CLINIC_metal_0013_data,2,106,0,725
dataset7_CLINIC_metal_0013_data,2,107,0,524
dataset7_CLINIC_metal_0013_data,2,108,0,302
dataset7_CLINIC_metal_0013_data,3,75,0,199
dataset7_CLINIC_metal_0013_data,3,76,0,334
dataset7_CLINIC_metal_0013_data,3,77,0,510
dataset7_CLINIC_metal_0013_data,3,78,0,674
dataset7_CLINIC_metal_0013_data,3,79,0,817
dataset7_CLINIC_metal_0013_data,3,80,0,946
dataset7_CLINIC_metal_0013_data,3,81,0,1062
dataset7_CLINIC_metal_0013_data,3,82,0,1179
dataset7_CLINIC_metal_0013_data,3,83,0,1298
dataset7_CLINIC_metal_0013_data,3,84,0,1414
dataset7_CLINIC_metal_0013_data,3,85,0,1517
dataset7_CLINIC_metal_0013_data,3,86,0,1611
dataset7_CLINIC_metal_0013_data,3,87,0,1712
dataset7_CLINIC_metal_0013_data,3,88,0,1810
dataset7_CLINIC_metal_0013_data,3,89,21,1916
dataset7_CLINIC_metal_0013_data,3,90,53,2005
dataset7_CLINIC_metal_0013_data,3,91,82,2086
dataset7_CLINIC_metal_0013_data,3,92,113,2157
dataset7_CLINIC_metal_0013_data,3,93,126,2238
dataset7_CLINIC_metal_0013_data,3,94,161,2319
dataset7_CLINIC_metal_0013_data,3,95,191,2514
dataset7_CLINIC_metal_0013_data,3,96,225,2690
dataset7_CLINIC_metal_0013_data,3,97,255,2836
dataset7_CLINIC_metal_0013_data,3,98,264,3048
dataset7_CLINIC_metal_0013_data,3,99,270,3276
dataset7_CLINIC_metal_0013_data,3,100,275,3443
dataset7_CLINIC_metal_0013_data,3,101,263,3569
dataset7_CLINIC_metal_0013_data,3,102,240,3695
dataset7_CLINIC_metal_0013_data,3,103,244,3791
dataset7_CLINIC_metal_0013_data,3,104,247,3879
dataset7_CLINIC_metal_0013_data,3,105,227,3941
dataset7_CLINIC_metal_0013_data,3,106,227,3995
dataset7_CLINIC_metal_0013_data,3,107,198,4017
dataset7_CLINIC_metal_0013_data,3,108,192,4053
dataset7_CLINIC_metal_0013_data,3,109,204,4054
dataset7_CLINIC_metal_0013_data,3,110,236,4058
dataset7_CLINIC_metal_0013_data,3,111,293,4047
dataset7_CLINIC_metal_0013_data,3,112,349,4038
dataset7_CLINIC_metal_0013_data,3,113,433,4049
dataset7_CLINIC_metal_0013_data,3,114,460,4057
dataset7_CLINIC_metal_0013_data,3,115,472,4061
dataset7_CLINIC_metal_0013_data,3,116,538,4083
dataset7_CLINIC_metal_0013_data,3,117,574,4098
dataset7_CLINIC_metal_0013_data,3,118,566,4163
dataset7_CLINIC_metal_0013_data,3,119,557,4219
dataset7_CLINIC_metal_0013_data,3,120,555,4299
dataset7_CLINIC_metal_0013_data,3,121,561,4369
dataset7_CLINIC_metal_0013_data,3,122,533,4433
dataset7_CLINIC_metal_0013_data,3,123,510,4488
dataset7_CLINIC_metal_0013_data,3,124,474,4529
dataset7_CLINIC_metal_0013_data,3,125,409,4583
dataset7_CLINIC_metal_0013_data,3,126,307,4616
dataset7_CLINIC_metal_0013_data,3,127,218,4638
dataset7_CLINIC_metal_0013_data,3,128,168,4640
dataset7_CLINIC_metal_0013_data,3,129,154,4648
dataset7_CLINIC_metal_0013_data,3,130,138,4655
dataset7_CLINIC_metal_0013_data,3,131,137,4651
dataset7_CLINIC_metal_0013_data,3,132,135,4640
dataset7_CLINIC_metal_0013_data,3,133,131,4627
dataset7_CLINIC_metal_0013_data,3,134,138,4600
dataset7_CLINIC_metal_0013_data,3,135,134,4567
dataset7_CLINIC_metal_0013_data,3,136,135,4534
dataset7_CLINIC_metal_0013_data,3,137,132,4481
dataset7_CLINIC_metal_0013_data,3,138,132,4427
dataset7_CLINIC_metal_0013_data,3,139,134,4350
dataset7_CLINIC_metal_0013_data,3,140,135,4252
dataset7_CLINIC_metal_0013_data,3,141,134,4067
dataset7_CLINIC_metal_0013_data,3,142,134,3825
dataset7_CLINIC_metal_0013_data,3,143,132,3674
dataset7_CLINIC_metal_0013_data,3,144,133,3505
dataset7_CLINIC_metal_0013_data,3,145,138,3475
dataset7_CLINIC_metal_0013_data,3,146,137,3478
dataset7_CLINIC_metal_0013_data,3,147,138,3479
dataset7_CLINIC_metal_0013_data,3,148,139,3470
dataset7_CLINIC_metal_0013_data,3,149,136,3459
dataset7_CLINIC_metal_0013_data,3,150,134,3461
dataset7_CLINIC_metal_0013_data,3,151,137,3455
dataset7_CLINIC_metal_0013_data,3,152,137,3460
dataset7_CLINIC_metal_0013_data,3,153,137,3456
dataset7_CLINIC_metal_0013_data,3,154,134,3454
dataset7_CLINIC_metal_0013_data,3,155,134,3457
dataset7_CLINIC_metal_0013_data,3,156,127,3450
dataset7_CLINIC_metal_0013_data,3,157,130,3439
dataset7_CLINIC_metal_0013_data,3,158,125,3430
dataset7_CLINIC_metal_0013_data,3,159,126,3417
dataset7_CLINIC_metal_0013_data,3,160,122,3402
dataset7_CLINIC_metal_0013_data,3,161,120,3381
dataset7_CLINIC_metal_0013_data,3,162,119,3362
dataset7_CLINIC_metal_0013_data,3,163,116,3316
dataset7_CLINIC_metal_0013_data,3,164,118,3286
dataset7_CLINIC_metal_0013_data,3,165,121,3237
dataset7_CLINIC_metal_0013_data,3,166,119,3183
dataset7_CLINIC_metal_0013_data,3,167,120,3116
dataset7_CLINIC_metal_0013_data,3,168,119,3042
dataset7_CLINIC_metal_0013_data,3,169,118,2957
dataset7_CLINIC_metal_0013_data,3,170,114,2864
dataset7_CLINIC_metal_0013_data,3,171,111,2773
dataset7_CLINIC_metal_0013_data,3,172,108,2675
dataset7_CLINIC_metal_0013_data,3,173,104,2571
dataset7_CLINIC_metal_0013_data,3,174,97,2455
dataset7_CLINIC_metal_0013_data,3,175,82,2343
dataset7_CLINIC_metal_0013_data,3,176,59,2225
dataset7_CLINIC_metal_0013_data,3,177,21,2110
dataset7_CLINIC_metal_0013_data,3,178,3,1988
dataset7_CLINIC_metal_0013_data,3,179,0,1863
dataset7_CLINIC_metal_0013_data,3,180,0,1730
dataset7_CLINIC_metal_0013_data,3,181,0,1607
dataset7_CLINIC_metal_0013_data,3,182,0,1469
dataset7_CLINIC_metal_0013_data,3,183,0,1342
dataset7_CLINIC_metal_0013_data,3,184,0,1203
dataset7_CLINIC_metal_0013_data,3,185,0,1064
dataset7_CLINIC_metal_0013_data,3,186,0,920
dataset7_CLINIC_metal_0013_data,3,187,0,783
dataset7_CLINIC_metal_0013_data,3,188,0,657
dataset7_CLINIC_metal_0013_data,3,189,0,522
dataset7_CLINIC_metal_0013_data,3,190,0,384
dataset7_CLINIC_metal_0013_data,3,191,0,238
dataset7_CLINIC_metal_0013_data,3,192,0,121
dataset7_CLINIC_metal_0013_data,4,275,0,201
dataset7_CLINIC_metal_0013_data,4,276,0,294
dataset7_CLINIC_metal_0013_data,4,277,0,376
dataset7_CLINIC_metal_0013_data,4,278,0,443
dataset7_CLINIC_metal_0013_data,4,279,0,499
dataset7_CLINIC_metal_0013_data,4,280,0,556
dataset7_CLINIC_metal_0013_data,4,281,0,616
dataset7_CLINIC_metal_0013_data,4,282,0,674
dataset7_CLINIC_metal_0013_data,4,283,0,716
dataset7_CLINIC_metal_0013_data,4,284,0,747
dataset7_CLINIC_metal_0013_data,4,285,0,778
dataset7_CLINIC_metal_0013_data,4,286,0,807
dataset7_CLINIC_metal_0013_data,4,287,0,823
dataset7_CLINIC_metal_0013_data,4,288,0,856
dataset7_CLINIC_metal_0013_data,4,289,42,898
dataset7_CLINIC_metal_0013_data,4,290,77,945
dataset7_CLINIC_metal_0013_data,4,291,88,981
dataset7_CLINIC_metal_0013_data,4,292,92,1020
dataset7_CLINIC_metal_0013_data,4,293,92,1052
dataset7_CLINIC_metal_0013_data,4,294,94,1095
dataset7_CLINIC_metal_0013_data,4,295,97,1120
dataset7_CLINIC_metal_0013_data,4,296,107,1154
dataset7_CLINIC_metal_0013_data,4,297,136,1175
dataset7_CLINIC_metal_0013_data,4,298,165,1197
dataset7_CLINIC_metal_0013_data,4,299,192,1204
dataset7_CLINIC_metal_0013_data,4,300,207,1215
dataset7_CLINIC_metal_0013_data,4,301,213,1220
dataset7_CLINIC_metal_0013_data,4,302,205,1219
dataset7_CLINIC_metal_0013_data,4,303,180,1208
dataset7_CLINIC_metal_0013_data,4,304,166,1193
dataset7_CLINIC_metal_0013_data,4,305,143,1168
dataset7_CLINIC_metal_0013_data,4,306,126,1147
dataset7_CLINIC_metal_0013_data,4,307,120,1129
dataset7_CLINIC_metal_0013_data,4,308,118,1130
dataset7_CLINIC_metal_0013_data,4,309,118,1137
dataset7_CLINIC_metal_0013_data,4,310,119,1158
dataset7_CLINIC_metal_0013_data,4,311,118,1169
dataset7_CLINIC_metal_0013_data,4,312,118,1174
dataset7_CLINIC_metal_0013_data,4,313,117,1189
dataset7_CLINIC_metal_0013_data,4,314,107,1220
dataset7_CLINIC_metal_0013_data,4,315,101,1243
dataset7_CLINIC_metal_0013_data,4,316,100,1261
dataset7_CLINIC_metal_0013_data,4,317,99,1272
dataset7_CLINIC_metal_0013_data,4,318,158,1287
dataset7_CLINIC_metal_0013_data,4,319,177,1300
dataset7_CLINIC_metal_0013_data,4,320,188,1311
dataset7_CLINIC_metal_0013_data,4,321,167,1323
dataset7_CLINIC_metal_0013_data,4,322,129,1332
dataset7_CLINIC_metal_0013_data,4,323,129,1335
dataset7_CLINIC_metal_0013_data,4,324,140,1334
dataset7_CLINIC_metal_0013_data,4,325,148,1334
dataset7_CLINIC_metal_0013_data,4,326,102,1336
dataset7_CLINIC_metal_0013_data,4,327,108,1324
dataset7_CLINIC_metal_0013_data,4,328,73,1317
dataset7_CLINIC_metal_0013_data,4,329,74,1297
dataset7_CLINIC_metal_0013_data,4,330,99,1286
dataset7_CLINIC_metal_0013_data,4,331,117,1279
dataset7_CLINIC_metal_0013_data,4,332,136,1270
dataset7_CLINIC_metal_0013_data,4,333,143,1268
dataset7_CLINIC_metal_0013_data,4,334,146,1279
dataset7_CLINIC_metal_0013_data,4,335,148,1287
dataset7_CLINIC_metal_0013_data,4,336,150,1303
dataset7_CLINIC_metal_0013_data,4,337,140,1328
dataset7_CLINIC_metal_0013_data,4,338,133,1358
dataset7_CLINIC_metal_0013_data,4,339,119,1374
dataset7_CLINIC_metal_0013_data,4,340,92,1390
dataset7_CLINIC_metal_0013_data,4,341,77,1401
dataset7_CLINIC_metal_0013_data,4,342,125,1421
dataset7_CLINIC_metal_0013_data,4,343,166,1426
dataset7_CLINIC_metal_0013_data,4,344,207,1433
dataset7_CLINIC_metal_0013_data,4,345,217,1433
dataset7_CLINIC_metal_0013_data,4,346,188,1429
dataset7_CLINIC_metal_0013_data,4,347,101,1407
dataset7_CLINIC_metal_0013_data,4,348,14,1390
dataset7_CLINIC_metal_0013_data,4,349,0,1364
dataset7_CLINIC_metal_0013_data,5,172,0,62
dataset7_CLINIC_metal_0013_data,5,173,0,495
dataset7_CLINIC_metal_0013_data,5,174,0,963
dataset7_CLINIC_metal_0013_data,5,175,0,1336
dataset7_CLINIC_metal_0013_data,5,176,0,1612
dataset7_CLINIC_metal_0013_data,5,177,0,1845
dataset7_CLINIC_metal_0013_data,5,178,0,2039
dataset7_CLINIC_metal_0013_data,5,179,0,2227
dataset7_CLINIC_metal_0013_data,5,180,0,2411
dataset7_CLINIC_metal_0013_data,5,181,0,2561
dataset7_CLINIC_metal_0013_data,5,182,0,2677
dataset7_CLINIC_metal_0013_data,5,183,0,2780
dataset7_CLINIC_metal_0013_data,5,184,0,2863
dataset7_CLINIC_metal_0013_data,5,185,0,2936
dataset7_CLINIC_metal_0013_data,5,186,0,2991
dataset7_CLINIC_metal_0013_data,5,187,62,3036
dataset7_CLINIC_metal_0013_data,5,188,273,3060
dataset7_CLINIC_metal_0013_data,5,189,342,3078
dataset7_CLINIC_metal_0013_data,5,190,376,3077
dataset7_CLINIC_metal_0013_data,5,191,304,3061
dataset7_CLINIC_metal_0013_data,5,192,122,3031
dataset7_CLINIC_metal_0013_data,5,193,8,2987
dataset7_CLINIC_metal_0013_data,5,194,0,2925
dataset7_CLINIC_metal_0013_data,5,195,0,2865
dataset7_CLINIC_metal_0013_data,5,196,0,2774
dataset7_CLINIC_metal_0013_data,5,197,0,2665
dataset7_CLINIC_metal_0013_data,5,198,0,2540
dataset7_CLINIC_metal_0013_data,5,199,0,2394
dataset7_CLINIC_metal_0013_data,5,200,0,2216
dataset7_CLINIC_metal_0013_data,5,201,0,2018
dataset7_CLINIC_metal_0013_data,5,202,0,1804
dataset7_CLINIC_metal_0013_data,5,203,0,1577
dataset7_CLINIC_metal_0013_data,5,204,0,1308
dataset7_CLINIC_metal_0013_data,5,205,0,998
dataset7_CLINIC_metal_0013_data,5,206,0,621
dataset7_CLINIC_metal_0013_data,5,207,0,212
dataset7_CLINIC_metal_0013_data,6,206,0,124
dataset7_CLINIC_metal_0013_data,6,207,0,258
dataset7_CLINIC_metal_0013_data,6,208,0,400
dataset7_CLINIC_metal_0013_data,6,209,0,531
dataset7_CLINIC_metal_0013_data,6,210,0,654
dataset7_CLINIC_metal_0013_data,6,211,0,777
dataset7_CLINIC_metal_0013_data,6,212,0,914
dataset7_CLINIC_metal_0013_data,6,213,0,1056
dataset7_CLINIC_metal_0013_data,6,214,0,1192
dataset7_CLINIC_metal_0013_data,6,215,0,1313
dataset7_CLINIC_metal_0013_data,6,216,0,1445
dataset7_CLINIC_metal_0013_data,6,217,0,1569
dataset7_CLINIC_metal_0013_data,6,218,0,1696
dataset7_CLINIC_metal_0013_data,6,219,0,1818
dataset7_CLINIC_metal_0013_data,6,220,4,1940
dataset7_CLINIC_metal_0013_data,6,221,36,2054
dataset7_CLINIC_metal_0013_data,6,222,55,2176
dataset7_CLINIC_metal_0013_data,6,223,67,2284
dataset7_CLINIC_metal_0013_data,6,224,84,2386
dataset7_CLINIC_metal_0013_data,6,225,102,2500
dataset7_CLINIC_metal_0013_data,6,226,108,2598
dataset7_CLINIC_metal_0013_data,6,227,115,2694
dataset7_CLINIC_metal_0013_data,6,228,114,2774
dataset7_CLINIC_metal_0013_data,6,229,111,2867
dataset7_CLINIC_metal_0013_data,6,230,116,2957
dataset7_CLINIC_metal_0013_data,6,231,114,3033
dataset7_CLINIC_metal_0013_data,6,232,116,3115
dataset7_CLINIC_metal_0013_data,6,233,116,3164
dataset7_CLINIC_metal_0013_data,6,234,115,3223
dataset7_CLINIC_metal_0013_data,6,235,118,3270
dataset7_CLINIC_metal_0013_data,6,236,120,3312
dataset7_CLINIC_metal_0013_data,6,237,124,3341
dataset7_CLINIC_metal_0013_data,6,238,118,3386
dataset7_CLINIC_metal_0013_data,6,239,126,3395
dataset7_CLINIC_metal_0013_data,6,240,121,3407
dataset7_CLINIC_metal_0013_data,6,241,125,3421
dataset7_CLINIC_metal_0013_data,6,242,125,3421
dataset7_CLINIC_metal_0013_data,6,243,124,3424
dataset7_CLINIC_metal_0013_data,6,244,130,3432
dataset7_CLINIC_metal_0013_data,6,245,136,3423
dataset7_CLINIC_metal_0013_data,6,246,130,3434
dataset7_CLINIC_metal_0013_data,6,247,133,3435
dataset7_CLINIC_metal_0013_data,6,248,134,3427
dataset7_CLINIC_metal_0013_data,6,249,133,3444
dataset7_CLINIC_metal_0013_data,6,250,132,3444
dataset7_CLINIC_metal_0013_data,6,251,131,3437
dataset7_CLINIC_metal_0013_data,6,252,134,3446
dataset7_CLINIC_metal_0013_data,6,253,130,3448
dataset7_CLINIC_metal_0013_data,6,254,129,3452
dataset7_CLINIC_metal_0013_data,6,255,130,3455
dataset7_CLINIC_metal_0013_data,6,256,127,3457
dataset7_CLINIC_metal_0013_data,6,257,130,3465
dataset7_CLINIC_metal_0013_data,6,258,128,3465
dataset7_CLINIC_metal_0013_data,6,259,127,3482
dataset7_CLINIC_metal_0013_data,6,260,130,3503
dataset7_CLINIC_metal_0013_data,6,261,124,3528
dataset7_CLINIC_metal_0013_data,6,262,131,3555
dataset7_CLINIC_metal_0013_data,6,263,128,3579
dataset7_CLINIC_metal_0013_data,6,264,128,3580
dataset7_CLINIC_metal_0013_data,6,265,129,3641
dataset7_CLINIC_metal_0013_data,6,266,123,3751
dataset7_CLINIC_metal_0013_data,6,267,130,3839
dataset7_CLINIC_metal_0013_data,6,268,126,3939
dataset7_CLINIC_metal_0013_data,6,269,127,4041
dataset7_CLINIC_metal_0013_data,6,270,130,4290
dataset7_CLINIC_metal_0013_data,6,271,125,4509
dataset7_CLINIC_metal_0013_data,6,272,133,4705
dataset7_CLINIC_metal_0013_data,6,273,155,4888
dataset7_CLINIC_metal_0013_data,6,274,184,5029
dataset7_CLINIC_metal_0013_data,6,275,196,5123
dataset7_CLINIC_metal_0013_data,6,276,198,5212
dataset7_CLINIC_metal_0013_data,6,277,187,5279
dataset7_CLINIC_metal_0013_data,6,278,183,5340
dataset7_CLINIC_metal_0013_data,6,279,209,5382
dataset7_CLINIC_metal_0013_data,6,280,243,5435
dataset7_CLINIC_metal_0013_data,6,281,345,5439
dataset7_CLINIC_metal_0013_data,6,282,513,5457
dataset7_CLINIC_metal_0013_data,6,283,581,5467
dataset7_CLINIC_metal_0013_data,6,284,765,5500
dataset7_CLINIC_metal_0013_data,6,285,975,5519
dataset7_CLINIC_metal_0013_data,6,286,1192,5546
dataset7_CLINIC_metal_0013_data,6,287,1421,5567
dataset7_CLINIC_metal_0013_data,6,288,1448,5566
dataset7_CLINIC_metal_0013_data,6,289,1382,5546
dataset7_CLINIC_metal_0013_data,6,290,1301,5500
dataset7_CLINIC_metal_0013_data,6,291,1168,5452
dataset7_CLINIC_metal_0013_data,6,292,817,5404
dataset7_CLINIC_metal_0013_data,6,293,517,5339
dataset7_CLINIC_metal_0013_data,6,294,392,5258
dataset7_CLINIC_metal_0013_data,6,295,246,5151
dataset7_CLINIC_metal_0013_data,6,296,101,5043
dataset7_CLINIC_metal_0013_data,6,297,46,4910
dataset7_CLINIC_metal_0013_data,6,298,21,4735
dataset7_CLINIC_metal_0013_data,6,299,0,4538
dataset7_CLINIC_metal_0013_data,6,300,0,4337
dataset7_CLINIC_metal_0013_data,6,302,0,3827
dataset7_CLINIC_metal_0013_data,6,303,0,3489
dataset7_CLINIC_metal_0013_data,6,304,0,3125
dataset7_CLINIC_metal_0013_data,6,305,0,2689
dataset7_CLINIC_metal_0013_data,6,306,0,2323
dataset7_CLINIC_metal_0013_data,6,307,0,1939
dataset7_CLINIC_metal_0013_data,6,308,0,1507
dataset7_CLINIC_metal_0013_data,6,309,0,1032
dataset7_CLINIC_metal_0013_data,6,310,0,716
dataset7_CLINIC_metal_0013_data,6,311,0,361
dataset7_CLINIC_metal_0013_data,6,312,0,200
dataset7_CLINIC_metal_0013_data,7,171,0,180
dataset7_CLINIC_metal_0013_data,7,172,0,717
dataset7_CLINIC_metal_0013_data,7,173,0,1020
dataset7_CLINIC_metal_0013_data,7,174,0,1247
dataset7_CLINIC_metal_0013_data,7,175,0,1427
dataset7_CLINIC_metal_0013_data,7,176,0,1575
dataset7_CLINIC_metal_0013_data,7,177,0,1736
dataset7_CLINIC_metal_0013_data,7,178,0,1892
dataset7_CLINIC_metal_0013_data,7,179,0,2016
dataset7_CLINIC_metal_0013_data,7,180,0,2103
dataset7_CLINIC_metal_0013_data,7,181,0,2187
dataset7_CLINIC_metal_0013_data,7,182,0,2261
dataset7_CLINIC_metal_0013_data,7,183,0,2313
dataset7_CLINIC_metal_0013_data,7,184,0,2356
dataset7_CLINIC_metal_0013_data,7,185,0,2390
dataset7_CLINIC_metal_0013_data,7,186,180,2412
dataset7_CLINIC_metal_0013_data,7,187,195,2421
dataset7_CLINIC_metal_0013_data,7,188,115,2411
dataset7_CLINIC_metal_0013_data,7,189,82,2394
dataset7_CLINIC_metal_0013_data,7,190,89,2361
dataset7_CLINIC_metal_0013_data,7,191,36,2325
dataset7_CLINIC_metal_0013_data,7,192,0,2267
dataset7_CLINIC_metal_0013_data,7,193,0,2207
dataset7_CLINIC_metal_0013_data,7,194,0,2129
dataset7_CLINIC_metal_0013_data,7,195,0,2035
dataset7_CLINIC_metal_0013_data,7,196,0,1907
dataset7_CLINIC_metal_0013_data,7,197,0,1794
dataset7_CLINIC_metal_0013_data,7,198,0,1658
dataset7_CLINIC_metal_0013_data,7,199,0,1484
dataset7_CLINIC_metal_0013_data,7,200,0,1274
dataset7_CLINIC_metal_0013_data,7,201,0,1041
dataset7_CLINIC_metal_0013_data,7,202,0,737
dataset7_CLINIC_metal_0013_data,7,203,0,574
dataset7_CLINIC_metal_0013_data,7,204,0,420
dataset7_CLINIC_metal_0013_data,7,205,0,251
dataset7_CLINIC_metal_0013_data,8,153,0,154
dataset7_CLINIC_metal_0013_data,8,154,0,286
dataset7_CLINIC_metal_0013_data,8,155,0,466
dataset7_CLINIC_metal_0013_data,8,156,0,936
dataset7_CLINIC_metal_0013_data,8,157,0,1237
dataset7_CLINIC_metal_0013_data,8,158,0,1509
dataset7_CLINIC_metal_0013_data,8,159,0,1991
dataset7_CLINIC_metal_0013_data,8,160,0,2373
dataset7_CLINIC_metal_0013_data,8,161,0,2716
dataset7_CLINIC_metal_0013_data,8,162,0,3070
dataset7_CLINIC_metal_0013_data,8,163,0,3361
dataset7_CLINIC_metal_0013_data,8,164,0,3597
dataset7_CLINIC_metal_0013_data,8,165,0,3801
dataset7_CLINIC_metal_0013_data,8,166,0,3990
dataset7_CLINIC_metal_0013_data,8,167,9,4164
dataset7_CLINIC_metal_0013_data,8,168,50,4293
dataset7_CLINIC_metal_0013_data,8,169,83,4416
dataset7_CLINIC_metal_0013_data,8,170,175,4511
dataset7_CLINIC_metal_0013_data,8,171,288,4617
dataset7_CLINIC_metal_0013_data,8,172,409,4798
dataset7_CLINIC_metal_0013_data,8,173,584,4925
dataset7_CLINIC_metal_0013_data,8,174,807,5019
dataset7_CLINIC_metal_0013_data,8,175,1085,5108
dataset7_CLINIC_metal_0013_data,8,176,1339,5178
dataset7_CLINIC_metal_0013_data,8,177,1393,5263
dataset7_CLINIC_metal_0013_data,8,178,1355,5326
dataset7_CLINIC_metal_0013_data,8,179,1287,5373
dataset7_CLINIC_metal_0013_data,8,180,1140,5397
dataset7_CLINIC_metal_0013_data,8,181,754,5422
dataset7_CLINIC_metal_0013_data,8,182,471,5425
dataset7_CLINIC_metal_0013_data,8,183,359,5420
dataset7_CLINIC_metal_0013_data,8,184,253,5403
dataset7_CLINIC_metal_0013_data,8,185,142,5381
dataset7_CLINIC_metal_0013_data,8,186,638,5326
dataset7_CLINIC_metal_0013_data,8,187,610,5252
dataset7_CLINIC_metal_0013_data,8,188,562,5162
dataset7_CLINIC_metal_0013_data,8,189,453,5078
dataset7_CLINIC_metal_0013_data,8,190,196,4952
dataset7_CLINIC_metal_0013_data,8,191,45,4809
dataset7_CLINIC_metal_0013_data,8,192,0,4642
dataset7_CLINIC_metal_0013_data,8,194,0,4295
dataset7_CLINIC_metal_0013_data,8,195,0,4068
dataset7_CLINIC_metal_0013_data,8,196,0,3821
dataset7_CLINIC_metal_0013_data,8,197,0,3593
dataset7_CLINIC_metal_0013_data,8,198,0,3315
dataset7_CLINIC_metal_0013_data,8,199,0,2968
dataset7_CLINIC_metal_0013_data,8,200,0,2525
dataset7_CLINIC_metal_0013_data,8,201,0,2066
dataset7_CLINIC_metal_0013_data,8,202,0,1627
dataset7_CLINIC_metal_0013_data,8,203,0,1296
dataset7_CLINIC_metal_0013_data,8,204,0,858
dataset7_CLINIC_metal_0013_data,8,205,0,446
dataset7_CLINIC_metal_0013_data,9,304,0,204
dataset7_CLINIC_metal_0013_data,9,305,0,344
dataset7_CLINIC_metal_0013_data,9,306,0,597
dataset7_CLINIC_metal_0013_data,9,307,0,1060
dataset7_CLINIC_metal_0013_data,9,308,0,1475
dataset7_CLINIC_metal_0013_data,9,309,0,1883
dataset7_CLINIC_metal_0013_data,9,310,0,2282
dataset7_CLINIC_metal_0013_data,9,311,0,2663
dataset7_CLINIC_metal_0013_data,9,312,0,2940
dataset7_CLINIC_metal_0013_data,9,313,0,3205
dataset7_CLINIC_metal_0013_data,9,314,0,3440
dataset7_CLINIC_metal_0013_data,9,315,0,3646
dataset7_CLINIC_metal_0013_data,9,316,0,3822
dataset7_CLINIC_metal_0013_data,9,317,0,3998
dataset7_CLINIC_metal_0013_data,9,318,22,4146
dataset7_CLINIC_metal_0013_data,9,319,49,4274
dataset7_CLINIC_metal_0013_data,9,320,79,4396
dataset7_CLINIC_metal_0013_data,9,321,251,4499
dataset7_CLINIC_metal_0013_data,9,322,396,4582
dataset7_CLINIC_metal_0013_data,9,323,456,4650
dataset7_CLINIC_metal_0013_data,9,324,588,4725
dataset7_CLINIC_metal_0013_data,9,325,1044,4759
dataset7_CLINIC_metal_0013_data,9,326,1239,4794
dataset7_CLINIC_metal_0013_data,9,327,1326,4817
dataset7_CLINIC_metal_0013_data,9,328,1387,4836
dataset7_CLINIC_metal_0013_data,9,329,1325,4831
dataset7_CLINIC_metal_0013_data,9,330,1069,4821
dataset7_CLINIC_metal_0013_data,9,331,831,4802
dataset7_CLINIC_metal_0013_data,9,332,693,4766
dataset7_CLINIC_metal_0013_data,9,333,509,4716
dataset7_CLINIC_metal_0013_data,9,334,350,4655
dataset7_CLINIC_metal_0013_data,9,335,256,4581
dataset7_CLINIC_metal_0013_data,9,336,135,4485
dataset7_CLINIC_metal_0013_data,9,337,66,4365
dataset7_CLINIC_metal_0013_data,9,338,33,4234
dataset7_CLINIC_metal_0013_data,9,339,0,4096
dataset7_CLINIC_metal_0013_data,9,340,0,3922
dataset7_CLINIC_metal_0013_data,9,341,0,3727
dataset7_CLINIC_metal_0013_data,9,342,0,3501
dataset7_CLINIC_metal_0013_data,9,343,0,3247
dataset7_CLINIC_metal_0013_data,9,344,0,2947
dataset7_CLINIC_metal_0013_data,9,345,0,2567
dataset7_CLINIC_metal_0013_data,9,346,0,2182
dataset7_CLINIC_metal_0013_data,9,347,0,1743
dataset7_CLINIC_metal_0013_data,9,348,0,1431
dataset7_CLINIC_metal_0013_data,9,349,0,1135
dataset7_CLINIC_metal_0013_data,10,172,0,130
dataset7_CLINIC_metal_0013_data,10,173,0,274
dataset7_CLINIC_metal_0013_data,10,174,0,403
dataset7_CLINIC_metal_0013_data,10,175,0,511
dataset7_CLINIC_metal_0013_data,10,176,0,600
dataset7_CLINIC_metal_0013_data,10,177,0,689
dataset7_CLINIC_metal_0013_data,10,178,0,783
dataset7_CLINIC_metal_0013_data,10,179,0,861
dataset7_CLINIC_metal_0013_data,10,180,0,915
dataset7_CLINIC_metal_0013_data,10,181,0,959
dataset7_CLINIC_metal_0013_data,10,182,0,1011
dataset7_CLINIC_metal_0013_data,10,183,0,1041
dataset7_CLINIC_metal_0013_data,10,184,0,1066
dataset7_CLINIC_metal_0013_data,10,185,0,1080
dataset7_CLINIC_metal_0013_data,10,186,4,1097
dataset7_CLINIC_metal_0013_data,10,187,22,1097
dataset7_CLINIC_metal_0013_data,10,188,7,1094
dataset7_CLINIC_metal_0013_data,10,189,0,1084
dataset7_CLINIC_metal_0013_data,10,190,0,1056
dataset7_CLINIC_metal_0013_data,10,191,0,1030
dataset7_CLINIC_metal_0013_data,10,192,0,995
dataset7_CLINIC_metal_0013_data,10,193,0,955
dataset7_CLINIC_metal_0013_data,10,194,0,900
dataset7_CLINIC_metal_0013_data,10,195,0,849
dataset7_CLINIC_metal_0013_data,10,196,0,777
dataset7_CLINIC_metal_0013_data,10,197,0,682
dataset7_CLINIC_metal_0013_data,10,198,0,597
dataset7_CLINIC_metal_0013_data,10,199,0,509
dataset7_CLINIC_metal_0013_data,10,200,0,407
dataset7_CLINIC_metal_0013_data,10,201,0,293
dataset7_CLINIC_metal_0013_data,10,202,0,170
dataset7_CLINIC_metal_0013_data,11,172,0,154
dataset7_CLINIC_metal_0013_data,11,173,0,305
dataset7_CLINIC_metal_0013_data,11,174,0,435
dataset7_CLINIC_metal_0013_data,11,175,0,545
dataset7_CLINIC_metal_0013_data,11,176,0,637
dataset7_CLINIC_metal_0013_data,11,177,0,729
dataset7_CLINIC_metal_0013_data,11,178,0,826
dataset7_CLINIC_metal_0013_data,11,179,0,905
dataset7_CLINIC_metal_0013_data,11,180,0,961
dataset7_CLINIC_metal_0013_data,11,181,0,1006
dataset7_CLINIC_metal_0013_data,11,182,0,1061
dataset7_CLINIC_metal_0013_data,11,183,0,1088
dataset7_CLINIC_metal_0013_data,11,184,0,1115
dataset7_CLINIC_metal_0013_data,11,185,0,1136
dataset7_CLINIC_metal_0013_data,11,186,8,1156
dataset7_CLINIC_metal_0013_data,11,187,26,1156
dataset7_CLINIC_metal_0013_data,11,188,18,1156
dataset7_CLINIC_metal_0013_data,11,189,0,1146
dataset7_CLINIC_metal_0013_data,11,190,0,1115
dataset7_CLINIC_metal_0013_data,11,191,0,1088
dataset7_CLINIC_metal_0013_data,11,192,0,1061
dataset7_CLINIC_metal_0013_data,11,193,0,1018
dataset7_CLINIC_metal_0013_data,11,194,0,963
dataset7_CLINIC_metal_0013_data,11,195,0,917
dataset7_CLINIC_metal_0013_data,11,196,0,844
dataset7_CLINIC_metal_0013_data,11,197,0,747
dataset7_CLINIC_metal_0013_data,11,198,0,654
dataset7_CLINIC_metal_0013_data,11,199,0,565
dataset7_CLINIC_metal_0013_data,11,200,0,459
dataset7_CLINIC_metal_0013_data,11,201,0,340
dataset7_CLINIC_metal_0013_data,11,202,0,202
dataset7_CLINIC_metal_0013_data,12,132,0,234
dataset7_CLINIC_metal_0013_data,12,133,0,575
dataset7_CLINIC_metal_0013_data,12,134,0,916
dataset7_CLINIC_metal_0013_data,12,135,0,1332
dataset7_CLINIC_metal_0013_data,12,136,0,1701
dataset7_CLINIC_metal_0013_data,12,137,0,2086
dataset7_CLINIC_metal_0013_data,12,138,0,2462
dataset7_CLINIC_metal_0013_data,12,139,0,2823
dataset7_CLINIC_metal_0013_data,12,140,0,3124
dataset7_CLINIC_metal_0013_data,12,141,0,3373
dataset7_CLINIC_metal_0013_data,12,142,0,3613
dataset7_CLINIC_metal_0013_data,12,143,0,3819
dataset7_CLINIC_metal_0013_data,12,144,0,4000
dataset7_CLINIC_metal_0013_data,12,145,0,4169
dataset7_CLINIC_metal_0013_data,12,146,21,4330
dataset7_CLINIC_metal_0013_data,12,147,85,4442
dataset7_CLINIC_metal_0013_data,12,148,153,4554
dataset7_CLINIC_metal_0013_data,12,149,255,4616
dataset7_CLINIC_metal_0013_data,12,150,404,4665
dataset7_CLINIC_metal_0013_data,12,151,536,4725
dataset7_CLINIC_metal_0013_data,12,152,930,4786
dataset7_CLINIC_metal_0013_data,12,153,1292,4819
dataset7_CLINIC_metal_0013_data,12,154,1371,4838
dataset7_CLINIC_metal_0013_data,12,155,1409,4846
dataset7_CLINIC_metal_0013_data,12,156,1429,4855
dataset7_CLINIC_metal_0013_data,12,157,1280,4854
dataset7_CLINIC_metal_0013_data,12,158,1011,4822
dataset7_CLINIC_metal_0013_data,12,159,757,4778
dataset7_CLINIC_metal_0013_data,12,160,576,4734
dataset7_CLINIC_metal_0013_data,12,161,296,4676
dataset7_CLINIC_metal_0013_data,12,162,177,4599
dataset7_CLINIC_metal_0013_data,12,163,91,4515
dataset7_CLINIC_metal_0013_data,12,164,50,4414
dataset7_CLINIC_metal_0013_data,12,165,13,4273
dataset7_CLINIC_metal_0013_data,12,166,0,4137
dataset7_CLINIC_metal_0013_data,12,167,0,3963
dataset7_CLINIC_metal_0013_data,12,168,0,3761
dataset7_CLINIC_metal_0013_data,12,169,0,3538
dataset7_CLINIC_metal_0013_data,12,170,0,3296
dataset7_CLINIC_metal_0013_data,12,171,0,2994
dataset7_CLINIC_metal_0013_data,12,172,0,2639
dataset7_CLINIC_metal_0013_data,12,173,0,2234
dataset7_CLINIC_metal_0013_data,12,174,0,1726
dataset7_CLINIC_metal_0013_data,12,175,0,1200
dataset7_CLINIC_metal_0013_data,12,176,0,826
dataset7_CLINIC_metal_0013_data,12,177,0,522
dataset7_CLINIC_metal_0013_data,12,178,0,311
dataset7_CLINIC_metal_0013_data,12,179,0,169
dataset7_CLINIC_metal_0014_data,0,62,0,99
dataset7_CLINIC_metal_0014_data,0,63,0,181
dataset7_CLINIC_metal_0014_data,0,64,0,336
dataset7_CLINIC_metal_0014_data,0,65,0,510
dataset7_CLINIC_metal_0014_data,0,66,0,632
dataset7_CLINIC_metal_0014_data,0,67,0,737
dataset7_CLINIC_metal_0014_data,0,68,0,838
dataset7_CLINIC_metal_0014_data,0,69,0,926
dataset7_CLINIC_metal_0014_data,0,70,0,995
dataset7_CLINIC_metal_0014_data,0,71,0,1065
dataset7_CLINIC_metal_0014_data,0,72,0,1126
dataset7_CLINIC_metal_0014_data,0,73,0,1169
dataset7_CLINIC_metal_0014_data,0,74,0,1226
dataset7_CLINIC_metal_0014_data,0,75,0,1248
dataset7_CLINIC_metal_0014_data,0,76,5,1273
dataset7_CLINIC_metal_0014_data,0,77,15,1295
dataset7_CLINIC_metal_0014_data,0,78,21,1310
dataset7_CLINIC_metal_0014_data,0,79,49,1320
dataset7_CLINIC_metal_0014_data,0,80,63,1436
dataset7_CLINIC_metal_0014_data,0,81,69,1511
dataset7_CLINIC_metal_0014_data,0,82,74,1575
dataset7_CLINIC_metal_0014_data,0,83,74,1644
dataset7_CLINIC_metal_0014_data,0,84,70,1708
dataset7_CLINIC_metal_0014_data,0,85,61,1786
dataset7_CLINIC_metal_0014_data,0,86,51,1844
dataset7_CLINIC_metal_0014_data,0,87,45,1892
dataset7_CLINIC_metal_0014_data,0,88,42,1947
dataset7_CLINIC_metal_0014_data,0,89,42,1987
dataset7_CLINIC_metal_0014_data,0,90,48,2019
dataset7_CLINIC_metal_0014_data,0,91,60,2056
dataset7_CLINIC_metal_0014_data,0,92,60,2076
dataset7_CLINIC_metal_0014_data,0,93,57,2093
dataset7_CLINIC_metal_0014_data,0,94,65,2099
dataset7_CLINIC_metal_0014_data,0,95,74,2112
dataset7_CLINIC_metal_0014_data,0,96,87,2122
dataset7_CLINIC_metal_0014_data,0,97,95,2124
dataset7_CLINIC_metal_0014_data,0,98,94,2120
dataset7_CLINIC_metal_0014_data,0,99,89,2118
dataset7_CLINIC_metal_0014_data,0,100,84,2111
dataset7_CLINIC_metal_0014_data,0,101,75,2104
dataset7_CLINIC_metal_0014_data,0,102,68,2094
dataset7_CLINIC_metal_0014_data,0,103,67,2073
dataset7_CLINIC_metal_0014_data,0,104,66,2053
dataset7_CLINIC_metal_0014_data,0,105,67,2016
dataset7_CLINIC_metal_0014_data,0,106,65,1985
dataset7_CLINIC_metal_0014_data,0,107,66,1933
dataset7_CLINIC_metal_0014_data,0,108,63,1887
dataset7_CLINIC_metal_0014_data,0,109,64,1851
dataset7_CLINIC_metal_0014_data,0,110,76,1818
dataset7_CLINIC_metal_0014_data,0,111,76,1789
dataset7_CLINIC_metal_0014_data,0,112,83,1791
dataset7_CLINIC_metal_0014_data,0,113,80,1787
dataset7_CLINIC_metal_0014_data,0,114,69,1791
dataset7_CLINIC_metal_0014_data,0,115,59,1794
dataset7_CLINIC_metal_0014_data,0,116,50,1793
dataset7_CLINIC_metal_0014_data,0,117,53,1783
dataset7_CLINIC_metal_0014_data,0,118,64,1778
dataset7_CLINIC_metal_0014_data,0,119,73,1767
dataset7_CLINIC_metal_0014_data,0,120,71,1745
dataset7_CLINIC_metal_0014_data,0,121,69,1741
dataset7_CLINIC_metal_0014_data,0,122,70,1726
dataset7_CLINIC_metal_0014_data,0,123,66,1702
dataset7_CLINIC_metal_0014_data,0,124,75,1680
dataset7_CLINIC_metal_0014_data,0,125,79,1658
dataset7_CLINIC_metal_0014_data,0,126,83,1625
dataset7_CLINIC_metal_0014_data,0,127,76,1600
dataset7_CLINIC_metal_0014_data,0,128,66,1573
dataset7_CLINIC_metal_0014_data,0,129,55,1552
dataset7_CLINIC_metal_0014_data,0,130,48,1533
dataset7_CLINIC_metal_0014_data,0,131,44,1521
dataset7_CLINIC_metal_0014_data,0,132,44,1522
dataset7_CLINIC_metal_0014_data,0,133,45,1552
dataset7_CLINIC_metal_0014_data,0,134,46,1594
dataset7_CLINIC_metal_0014_data,0,135,43,1645
dataset7_CLINIC_metal_0014_data,0,136,42,1786
dataset7_CLINIC_metal_0014_data,0,137,58,1911
dataset7_CLINIC_metal_0014_data,0,138,73,2034
dataset7_CLINIC_metal_0014_data,0,139,82,2135
dataset7_CLINIC_metal_0014_data,0,140,86,2225
dataset7_CLINIC_metal_0014_data,0,141,113,2294
dataset7_CLINIC_metal_0014_data,0,142,135,2376
dataset7_CLINIC_metal_0014_data,0,143,137,2446
dataset7_CLINIC_metal_0014_data,0,144,122,2504
dataset7_CLINIC_metal_0014_data,0,145,105,2581
dataset7_CLINIC_metal_0014_data,0,146,91,2620
dataset7_CLINIC_metal_0014_data,0,147,91,2669
dataset7_CLINIC_metal_0014_data,0,148,90,2717
dataset7_CLINIC_metal_0014_data,0,149,90,2750
dataset7_CLINIC_metal_0014_data,0,150,102,2795
dataset7_CLINIC_metal_0014_data,0,151,114,2821
dataset7_CLINIC_metal_0014_data,0,152,117,2850
dataset7_CLINIC_metal_0014_data,0,153,123,2880
dataset7_CLINIC_metal_0014_data,0,154,124,2921
dataset7_CLINIC_metal_0014_data,0,155,118,3004
dataset7_CLINIC_metal_0014_data,0,156,122,3069
dataset7_CLINIC_metal_0014_data,0,157,166,3119
dataset7_CLINIC_metal_0014_data,0,158,176,3166
dataset7_CLINIC_metal_0014_data,0,159,180,3211
dataset7_CLINIC_metal_0014_data,0,160,163,3265
dataset7_CLINIC_metal_0014_data,0,161,137,3305
dataset7_CLINIC_metal_0014_data,0,162,131,3346
dataset7_CLINIC_metal_0014_data,0,163,137,3346
dataset7_CLINIC_metal_0014_data,0,164,137,3354
dataset7_CLINIC_metal_0014_data,0,165,136,3369
dataset7_CLINIC_metal_0014_data,0,166,130,3361
dataset7_CLINIC_metal_0014_data,0,167,128,3361
dataset7_CLINIC_metal_0014_data,0,168,153,3359
dataset7_CLINIC_metal_0014_data,0,169,175,3336
dataset7_CLINIC_metal_0014_data,0,170,185,3313
dataset7_CLINIC_metal_0014_data,0,171,166,3268
dataset7_CLINIC_metal_0014_data,0,172,150,3233
dataset7_CLINIC_metal_0014_data,0,173,139,3202
dataset7_CLINIC_metal_0014_data,0,174,138,3185
dataset7_CLINIC_metal_0014_data,0,175,146,3185
dataset7_CLINIC_metal_0014_data,0,176,150,3175
dataset7_CLINIC_metal_0014_data,0,177,148,3166
dataset7_CLINIC_metal_0014_data,0,178,142,3152
dataset7_CLINIC_metal_0014_data,0,179,145,3131
dataset7_CLINIC_metal_0014_data,0,180,144,3112
dataset7_CLINIC_metal_0014_data,0,181,167,3095
dataset7_CLINIC_metal_0014_data,0,182,191,3079
dataset7_CLINIC_metal_0014_data,0,183,206,3074
dataset7_CLINIC_metal_0014_data,0,184,210,3082
dataset7_CLINIC_metal_0014_data,0,185,204,3085
dataset7_CLINIC_metal_0014_data,0,186,190,3121
dataset7_CLINIC_metal_0014_data,0,187,186,3164
dataset7_CLINIC_metal_0014_data,0,188,180,3197
dataset7_CLINIC_metal_0014_data,0,189,170,3252
dataset7_CLINIC_metal_0014_data,0,190,148,3281
dataset7_CLINIC_metal_0014_data,0,191,153,3310
dataset7_CLINIC_metal_0014_data,0,192,250,3345
dataset7_CLINIC_metal_0014_data,0,193,276,3367
dataset7_CLINIC_metal_0014_data,0,194,260,3400
dataset7_CLINIC_metal_0014_data,0,195,200,3430
dataset7_CLINIC_metal_0014_data,0,196,147,3451
dataset7_CLINIC_metal_0014_data,0,197,178,3439
dataset7_CLINIC_metal_0014_data,0,198,252,3441
dataset7_CLINIC_metal_0014_data,0,199,289,3428
dataset7_CLINIC_metal_0014_data,0,200,262,3411
dataset7_CLINIC_metal_0014_data,0,201,177,3406
dataset7_CLINIC_metal_0014_data,0,202,143,3378
dataset7_CLINIC_metal_0014_data,0,203,131,3330
dataset7_CLINIC_metal_0014_data,0,204,143,3282
dataset7_CLINIC_metal_0014_data,0,205,147,3224
dataset7_CLINIC_metal_0014_data,0,206,142,3141
dataset7_CLINIC_metal_0014_data,0,207,141,3076
dataset7_CLINIC_metal_0014_data,0,208,134,3003
dataset7_CLINIC_metal_0014_data,0,209,113,2916
dataset7_CLINIC_metal_0014_data,0,210,91,2883
dataset7_CLINIC_metal_0014_data,0,211,68,2862
dataset7_CLINIC_metal_0014_data,0,212,73,2858
dataset7_CLINIC_metal_0014_data,0,213,88,2855
dataset7_CLINIC_metal_0014_data,0,214,120,2819
dataset7_CLINIC_metal_0014_data,0,215,144,2798
dataset7_CLINIC_metal_0014_data,0,216,112,2757
dataset7_CLINIC_metal_0014_data,0,217,83,2700
dataset7_CLINIC_metal_0014_data,0,218,55,2649
dataset7_CLINIC_metal_0014_data,0,219,41,2568
dataset7_CLINIC_metal_0014_data,0,220,33,2477
dataset7_CLINIC_metal_0014_data,0,221,20,2366
dataset7_CLINIC_metal_0014_data,0,222,8,2239
dataset7_CLINIC_metal_0014_data,0,223,0,2100
dataset7_CLINIC_metal_0014_data,0,224,0,1911
dataset7_CLINIC_metal_0014_data,0,225,0,1649
dataset7_CLINIC_metal_0014_data,0,226,0,1483
dataset7_CLINIC_metal_0014_data,0,227,0,1289
dataset7_CLINIC_metal_0014_data,0,228,0,1186
dataset7_CLINIC_metal_0014_data,0,229,0,1063
dataset7_CLINIC_metal_0014_data,0,230,0,925
dataset7_CLINIC_metal_0014_data,0,231,0,737
dataset7_CLINIC_metal_0014_data,0,232,0,538
dataset7_CLINIC_metal_0014_data,0,233,0,355
dataset7_CLINIC_metal_0014_data,0,234,0,273
dataset7_CLINIC_metal_0014_data,0,235,0,190
dataset7_CLINIC_metal_0014_data,0,236,0,106
dataset7_CLINIC_metal_0015_data,0,62,0,128
dataset7_CLINIC_metal_0015_data,0,63,0,227
dataset7_CLINIC_metal_0015_data,0,64,0,321
dataset7_CLINIC_metal_0015_data,0,65,0,412
dataset7_CLINIC_metal_0015_data,0,66,0,513
dataset7_CLINIC_metal_0015_data,0,67,0,611
dataset7_CLINIC_metal_0015_data,0,68,0,702
dataset7_CLINIC_metal_0015_data,0,69,0,794
dataset7_CLINIC_metal_0015_data,0,70,0,883
dataset7_CLINIC_metal_0015_data,0,71,0,971
dataset7_CLINIC_metal_0015_data,0,72,0,1068
dataset7_CLINIC_metal_0015_data,0,73,0,1150
dataset7_CLINIC_metal_0015_data,0,74,0,1226
dataset7_CLINIC_metal_0015_data,0,75,0,1452
dataset7_CLINIC_metal_0015_data,0,76,5,1631
dataset7_CLINIC_metal_0015_data,0,77,18,1806
dataset7_CLINIC_metal_0015_data,0,78,31,1976
dataset7_CLINIC_metal_0015_data,0,79,46,2127
dataset7_CLINIC_metal_0015_data,0,80,49,2414
dataset7_CLINIC_metal_0015_data,0,81,51,2614
dataset7_CLINIC_metal_0015_data,0,82,54,2795
dataset7_CLINIC_metal_0015_data,0,83,54,2960
dataset7_CLINIC_metal_0015_data,0,84,54,3119
dataset7_CLINIC_metal_0015_data,0,85,52,3257
dataset7_CLINIC_metal_0015_data,0,86,56,3354
dataset7_CLINIC_metal_0015_data,0,87,54,3449
dataset7_CLINIC_metal_0015_data,0,88,53,3524
dataset7_CLINIC_metal_0015_data,0,89,61,3586
dataset7_CLINIC_metal_0015_data,0,90,78,3637
dataset7_CLINIC_metal_0015_data,0,91,95,3655
dataset7_CLINIC_metal_0015_data,0,92,102,3671
dataset7_CLINIC_metal_0015_data,0,93,109,3683
dataset7_CLINIC_metal_0015_data,0,94,123,3674
dataset7_CLINIC_metal_0015_data,0,95,166,3666
dataset7_CLINIC_metal_0015_data,0,96,187,3635
dataset7_CLINIC_metal_0015_data,0,97,210,3607
dataset7_CLINIC_metal_0015_data,0,98,203,3563
dataset7_CLINIC_metal_0015_data,0,99,185,3502
dataset7_CLINIC_metal_0015_data,0,100,172,3439
dataset7_CLINIC_metal_0015_data,0,101,155,3376
dataset7_CLINIC_metal_0015_data,0,102,154,3287
dataset7_CLINIC_metal_0015_data,0,103,166,3192
dataset7_CLINIC_metal_0015_data,0,104,164,3090
dataset7_CLINIC_metal_0015_data,0,105,182,2981
dataset7_CLINIC_metal_0015_data,0,106,189,2877
dataset7_CLINIC_metal_0015_data,0,107,187,2769
dataset7_CLINIC_metal_0015_data,0,108,168,2672
dataset7_CLINIC_metal_0015_data,0,109,142,2567
dataset7_CLINIC_metal_0015_data,0,110,119,2469
dataset7_CLINIC_metal_0015_data,0,111,100,2394
dataset7_CLINIC_metal_0015_data,0,112,86,2310
dataset7_CLINIC_metal_0015_data,0,113,83,2223
dataset7_CLINIC_metal_0015_data,0,114,80,2143
dataset7_CLINIC_metal_0015_data,0,115,79,2067
dataset7_CLINIC_metal_0015_data,0,116,82,1989
dataset7_CLINIC_metal_0015_data,0,117,77,1903
dataset7_CLINIC_metal_0015_data,0,118,71,1823
dataset7_CLINIC_metal_0015_data,0,119,77,1747
dataset7_CLINIC_metal_0015_data,0,120,78,1679
dataset7_CLINIC_metal_0015_data,0,121,79,1647
dataset7_CLINIC_metal_0015_data,0,122,71,1637
dataset7_CLINIC_metal_0015_data,0,123,56,1645
dataset7_CLINIC_metal_0015_data,0,124,48,1645
dataset7_CLINIC_metal_0015_data,0,125,47,1650
dataset7_CLINIC_metal_0015_data,0,126,54,1657
dataset7_CLINIC_metal_0015_data,0,127,58,1661
dataset7_CLINIC_metal_0015_data,0,128,84,1664
dataset7_CLINIC_metal_0015_data,0,129,96,1677
dataset7_CLINIC_metal_0015_data,0,130,95,1689
dataset7_CLINIC_metal_0015_data,0,131,80,1694
dataset7_CLINIC_metal_0015_data,0,132,83,1692
dataset7_CLINIC_metal_0015_data,0,133,87,1687
dataset7_CLINIC_metal_0015_data,0,134,87,1675
dataset7_CLINIC_metal_0015_data,0,135,72,1676
dataset7_CLINIC_metal_0015_data,0,136,53,1679
dataset7_CLINIC_metal_0015_data,0,137,50,1670
dataset7_CLINIC_metal_0015_data,0,138,47,1652
dataset7_CLINIC_metal_0015_data,0,139,52,1653
dataset7_CLINIC_metal_0015_data,0,140,57,1652
dataset7_CLINIC_metal_0015_data,0,141,78,1655
dataset7_CLINIC_metal_0015_data,0,142,93,1664
dataset7_CLINIC_metal_0015_data,0,143,96,1674
dataset7_CLINIC_metal_0015_data,0,144,85,1680
dataset7_CLINIC_metal_0015_data,0,145,80,1680
dataset7_CLINIC_metal_0015_data,0,146,87,1676
dataset7_CLINIC_metal_0015_data,0,147,85,1669
dataset7_CLINIC_metal_0015_data,0,148,79,1670
dataset7_CLINIC_metal_0015_data,0,149,58,1676
dataset7_CLINIC_metal_0015_data,0,150,52,1680
dataset7_CLINIC_metal_0015_data,0,151,47,1683
dataset7_CLINIC_metal_0015_data,0,152,48,1687
dataset7_CLINIC_metal_0015_data,0,153,56,1679
dataset7_CLINIC_metal_0015_data,0,154,79,1673
dataset7_CLINIC_metal_0015_data,0,155,89,1664
dataset7_CLINIC_metal_0015_data,0,156,90,1660
dataset7_CLINIC_metal_0015_data,0,157,85,1672
dataset7_CLINIC_metal_0015_data,0,158,85,1677
dataset7_CLINIC_metal_0015_data,0,159,85,1692
dataset7_CLINIC_metal_0015_data,0,160,89,1706
dataset7_CLINIC_metal_0015_data,0,161,79,1727
dataset7_CLINIC_metal_0015_data,0,162,56,1806
dataset7_CLINIC_metal_0015_data,0,163,47,1908
dataset7_CLINIC_metal_0015_data,0,164,46,2040
dataset7_CLINIC_metal_0015_data,0,165,51,2206
dataset7_CLINIC_metal_0015_data,0,166,57,2312
dataset7_CLINIC_metal_0015_data,0,167,84,2405
dataset7_CLINIC_metal_0015_data,0,168,86,2494
dataset7_CLINIC_metal_0015_data,0,169,90,2564
dataset7_CLINIC_metal_0015_data,0,170,93,2654
dataset7_CLINIC_metal_0015_data,0,171,94,2731
dataset7_CLINIC_metal_0015_data,0,172,91,2803
dataset7_CLINIC_metal_0015_data,0,173,90,2906
dataset7_CLINIC_metal_0015_data,0,174,93,3023
dataset7_CLINIC_metal_0015_data,0,175,119,3113
dataset7_CLINIC_metal_0015_data,0,176,168,3186
dataset7_CLINIC_metal_0015_data,0,177,239,3248
dataset7_CLINIC_metal_0015_data,0,178,307,3302
dataset7_CLINIC_metal_0015_data,0,179,326,3324
dataset7_CLINIC_metal_0015_data,0,180,254,3333
dataset7_CLINIC_metal_0015_data,0,181,194,3341
dataset7_CLINIC_metal_0015_data,0,182,155,3341
dataset7_CLINIC_metal_0015_data,0,183,122,3345
dataset7_CLINIC_metal_0015_data,0,184,102,3341
dataset7_CLINIC_metal_0015_data,0,185,96,3329
dataset7_CLINIC_metal_0015_data,0,186,109,3288
dataset7_CLINIC_metal_0015_data,0,187,242,3256
dataset7_CLINIC_metal_0015_data,0,188,375,3205
dataset7_CLINIC_metal_0015_data,0,189,389,3141
dataset7_CLINIC_metal_0015_data,0,190,310,3057
dataset7_CLINIC_metal_0015_data,0,191,140,2961
dataset7_CLINIC_metal_0015_data,0,192,111,2857
dataset7_CLINIC_metal_0015_data,0,193,97,2742
dataset7_CLINIC_metal_0015_data,0,194,81,2626
dataset7_CLINIC_metal_0015_data,0,195,51,2497
dataset7_CLINIC_metal_0015_data,0,196,20,2374
dataset7_CLINIC_metal_0015_data,0,197,0,2248
dataset7_CLINIC_metal_0015_data,0,198,0,2132
dataset7_CLINIC_metal_0015_data,0,199,0,2015
dataset7_CLINIC_metal_0015_data,0,200,0,1881
dataset7_CLINIC_metal_0015_data,0,201,0,1729
dataset7_CLINIC_metal_0015_data,0,202,0,1573
dataset7_CLINIC_metal_0015_data,0,203,0,1413
dataset7_CLINIC_metal_0015_data,0,204,0,1203
dataset7_CLINIC_metal_0015_data,0,205,0,889
dataset7_CLINIC_metal_0015_data,0,206,0,641
dataset7_CLINIC_metal_0015_data,0,207,0,529
dataset7_CLINIC_metal_0015_data,0,208,0,418
dataset7_CLINIC_metal_0015_data,0,209,0,304
dataset7_CLINIC_metal_0015_data,0,210,0,187
dataset7_CLINIC_metal_0015_data,1,94,0,97
dataset7_CLINIC_metal_0015_data,1,95,0,185
dataset7_CLINIC_metal_0015_data,1,96,0,270
dataset7_CLINIC_metal_0015_data,1,97,0,355
dataset7_CLINIC_metal_0015_data,1,98,0,443
dataset7_CLINIC_metal_0015_data,1,99,0,528
dataset7_CLINIC_metal_0015_data,1,100,0,599
dataset7_CLINIC_metal_0015_data,1,101,0,654
dataset7_CLINIC_metal_0015_data,1,102,0,717
dataset7_CLINIC_metal_0015_data,1,103,0,784
dataset7_CLINIC_metal_0015_data,1,104,0,837
dataset7_CLINIC_metal_0015_data,1,105,0,883
dataset7_CLINIC_metal_0015_data,1,106,0,1035
dataset7_CLINIC_metal_0015_data,1,107,0,1139
dataset7_CLINIC_metal_0015_data,1,108,1,1231
dataset7_CLINIC_metal_0015_data,1,109,10,1320
dataset7_CLINIC_metal_0015_data,1,110,17,1406
dataset7_CLINIC_metal_0015_data,1,111,20,1480
dataset7_CLINIC_metal_0015_data,1,112,24,1574
dataset7_CLINIC_metal_0015_data,1,113,28,1668
dataset7_CLINIC_metal_0015_data,1,114,30,1973
dataset7_CLINIC_metal_0015_data,1,115,33,2179
dataset7_CLINIC_metal_0015_data,1,116,34,2386
dataset7_CLINIC_metal_0015_data,1,117,34,2577
dataset7_CLINIC_metal_0015_data,1,118,33,2763
dataset7_CLINIC_metal_0015_data,1,119,33,2921
dataset7_CLINIC_metal_0015_data,1,120,38,3108
dataset7_CLINIC_metal_0015_data,1,121,51,3281
dataset7_CLINIC_metal_0015_data,1,122,54,3440
dataset7_CLINIC_metal_0015_data,1,123,62,3618
dataset7_CLINIC_metal_0015_data,1,124,64,3774
dataset7_CLINIC_metal_0015_data,1,125,66,3933
dataset7_CLINIC_metal_0015_data,1,126,82,4058
dataset7_CLINIC_metal_0015_data,1,127,125,4175
dataset7_CLINIC_metal_0015_data,1,128,171,4265
dataset7_CLINIC_metal_0015_data,1,129,213,4369
dataset7_CLINIC_metal_0015_data,1,130,244,4465
dataset7_CLINIC_metal_0015_data,1,131,255,4536
dataset7_CLINIC_metal_0015_data,1,132,259,4623
dataset7_CLINIC_metal_0015_data,1,133,317,4696
dataset7_CLINIC_metal_0015_data,1,134,411,4759
dataset7_CLINIC_metal_0015_data,1,135,461,4808
dataset7_CLINIC_metal_0015_data,1,136,440,4835
dataset7_CLINIC_metal_0015_data,1,137,382,4851
dataset7_CLINIC_metal_0015_data,1,138,297,4863
dataset7_CLINIC_metal_0015_data,1,139,263,4871
dataset7_CLINIC_metal_0015_data,1,140,254,4853
dataset7_CLINIC_metal_0015_data,1,141,247,4831
dataset7_CLINIC_metal_0015_data,1,142,241,4780
dataset7_CLINIC_metal_0015_data,1,143,279,4734
dataset7_CLINIC_metal_0015_data,1,144,283,4668
dataset7_CLINIC_metal_0015_data,1,145,253,4604
dataset7_CLINIC_metal_0015_data,1,146,243,4523
dataset7_CLINIC_metal_0015_data,1,147,267,4417
dataset7_CLINIC_metal_0015_data,1,148,298,4320
dataset7_CLINIC_metal_0015_data,1,149,320,4208
dataset7_CLINIC_metal_0015_data,1,150,307,4121
dataset7_CLINIC_metal_0015_data,1,151,270,4027
dataset7_CLINIC_metal_0015_data,1,152,218,3940
dataset7_CLINIC_metal_0015_data,1,153,185,3897
dataset7_CLINIC_metal_0015_data,1,154,161,3850
dataset7_CLINIC_metal_0015_data,1,155,152,3819
dataset7_CLINIC_metal_0015_data,1,156,153,3791
dataset7_CLINIC_metal_0015_data,1,157,163,3753
dataset7_CLINIC_metal_0015_data,1,158,165,3712
dataset7_CLINIC_metal_0015_data,1,159,146,3696
dataset7_CLINIC_metal_0015_data,1,160,136,3685
dataset7_CLINIC_metal_0015_data,1,161,127,3668
dataset7_CLINIC_metal_0015_data,1,162,122,3655
dataset7_CLINIC_metal_0015_data,1,163,140,3655
dataset7_CLINIC_metal_0015_data,1,164,147,3687
dataset7_CLINIC_metal_0015_data,1,165,160,3712
dataset7_CLINIC_metal_0015_data,1,166,190,3766
dataset7_CLINIC_metal_0015_data,1,167,210,3813
dataset7_CLINIC_metal_0015_data,1,168,211,3877
dataset7_CLINIC_metal_0015_data,1,169,202,3947
dataset7_CLINIC_metal_0015_data,1,170,174,4010
dataset7_CLINIC_metal_0015_data,1,171,156,4072
dataset7_CLINIC_metal_0015_data,1,172,150,4144
dataset7_CLINIC_metal_0015_data,1,173,167,4216
dataset7_CLINIC_metal_0015_data,1,174,184,4274
dataset7_CLINIC_metal_0015_data,1,175,190,4345
dataset7_CLINIC_metal_0015_data,1,176,191,4365
dataset7_CLINIC_metal_0015_data,1,177,172,4360
dataset7_CLINIC_metal_0015_data,1,178,173,4338
dataset7_CLINIC_metal_0015_data,1,179,202,4315
dataset7_CLINIC_metal_0015_data,1,180,199,4268
dataset7_CLINIC_metal_0015_data,1,181,187,4230
dataset7_CLINIC_metal_0015_data,1,182,208,4198
dataset7_CLINIC_metal_0015_data,1,183,226,4154
dataset7_CLINIC_metal_0015_data,1,184,246,4107
dataset7_CLINIC_metal_0015_data,1,185,254,4057
dataset7_CLINIC_metal_0015_data,1,186,250,4003
dataset7_CLINIC_metal_0015_data,1,187,257,3935
dataset7_CLINIC_metal_0015_data,1,188,251,3917
dataset7_CLINIC_metal_0015_data,1,189,247,3906
dataset7_CLINIC_metal_0015_data,1,190,284,3906
dataset7_CLINIC_metal_0015_data,1,191,323,3907
dataset7_CLINIC_metal_0015_data,1,192,331,3904
dataset7_CLINIC_metal_0015_data,1,193,310,3905
dataset7_CLINIC_metal_0015_data,1,194,316,3894
dataset7_CLINIC_metal_0015_data,1,195,345,3886
dataset7_CLINIC_metal_0015_data,1,196,378,3878
dataset7_CLINIC_metal_0015_data,1,197,428,3856
dataset7_CLINIC_metal_0015_data,1,198,443,3841
dataset7_CLINIC_metal_0015_data,1,199,416,3807
dataset7_CLINIC_metal_0015_data,1,200,359,3767
dataset7_CLINIC_metal_0015_data,1,201,310,3728
dataset7_CLINIC_metal_0015_data,1,202,272,3688
dataset7_CLINIC_metal_0015_data,1,203,246,3655
dataset7_CLINIC_metal_0015_data,1,204,241,3621
dataset7_CLINIC_metal_0015_data,1,205,228,3592
dataset7_CLINIC_metal_0015_data,1,206,220,3574
dataset7_CLINIC_metal_0015_data,1,207,211,3555
dataset7_CLINIC_metal_0015_data,1,208,210,3553
dataset7_CLINIC_metal_0015_data,1,209,213,3550
dataset7_CLINIC_metal_0015_data,1,210,234,3543
dataset7_CLINIC_metal_0015_data,1,211,283,3522
dataset7_CLINIC_metal_0015_data,1,212,350,3536
dataset7_CLINIC_metal_0015_data,1,213,405,3540
dataset7_CLINIC_metal_0015_data,1,214,436,3533
dataset7_CLINIC_metal_0015_data,1,215,383,3539
dataset7_CLINIC_metal_0015_data,1,216,332,3550
dataset7_CLINIC_metal_0015_data,1,217,290,3543
dataset7_CLINIC_metal_0015_data,1,218,253,3537
dataset7_CLINIC_metal_0015_data,1,219,208,3507
dataset7_CLINIC_metal_0015_data,1,220,166,3497
dataset7_CLINIC_metal_0015_data,1,221,132,3459
dataset7_CLINIC_metal_0015_data,1,222,115,3416
dataset7_CLINIC_metal_0015_data,1,223,103,3371
dataset7_CLINIC_metal_0015_data,1,224,96,3308
dataset7_CLINIC_metal_0015_data,1,225,81,3226
dataset7_CLINIC_metal_0015_data,1,226,68,3152
dataset7_CLINIC_metal_0015_data,1,227,70,3060
dataset7_CLINIC_metal_0015_data,1,228,80,2950
dataset7_CLINIC_metal_0015_data,1,229,97,2820
dataset7_CLINIC_metal_0015_data,1,230,116,2682
dataset7_CLINIC_metal_0015_data,1,231,134,2505
dataset7_CLINIC_metal_0015_data,1,232,160,2328
dataset7_CLINIC_metal_0015_data,1,233,168,2062
dataset7_CLINIC_metal_0015_data,1,234,146,1982
dataset7_CLINIC_metal_0015_data,1,235,126,1866
dataset7_CLINIC_metal_0015_data,1,236,100,1820
dataset7_CLINIC_metal_0015_data,1,237,96,1768
dataset7_CLINIC_metal_0015_data,1,238,91,1717
dataset7_CLINIC_metal_0015_data,1,239,82,1656
dataset7_CLINIC_metal_0015_data,1,240,71,1588
dataset7_CLINIC_metal_0015_data,1,241,63,1505
dataset7_CLINIC_metal_0015_data,1,242,48,1426
dataset7_CLINIC_metal_0015_data,1,243,26,1338
dataset7_CLINIC_metal_0015_data,1,244,0,1265
dataset7_CLINIC_metal_0015_data,1,245,0,1185
dataset7_CLINIC_metal_0015_data,1,246,0,1117
dataset7_CLINIC_metal_0015_data,1,247,0,1067
dataset7_CLINIC_metal_0015_data,1,248,0,1003
dataset7_CLINIC_metal_0015_data,1,249,0,929
dataset7_CLINIC_metal_0015_data,1,250,0,866
dataset7_CLINIC_metal_0016_data,0,182,0,78
dataset7_CLINIC_metal_0016_data,0,183,0,158
dataset7_CLINIC_metal_0016_data,0,184,0,359
dataset7_CLINIC_metal_0016_data,0,185,0,500
dataset7_CLINIC_metal_0016_data,0,186,0,611
dataset7_CLINIC_metal_0016_data,0,187,0,709
dataset7_CLINIC_metal_0016_data,0,188,0,812
dataset7_CLINIC_metal_0016_data,0,189,0,895
dataset7_CLINIC_metal_0016_data,0,190,0,971
dataset7_CLINIC_metal_0016_data,0,191,0,1028
dataset7_CLINIC_metal_0016_data,0,192,0,1097
dataset7_CLINIC_metal_0016_data,0,193,0,1151
dataset7_CLINIC_metal_0016_data,0,194,0,1202
dataset7_CLINIC_metal_0016_data,0,195,0,1239
dataset7_CLINIC_metal_0016_data,0,196,2,1274
dataset7_CLINIC_metal_0016_data,0,197,14,1310
dataset7_CLINIC_metal_0016_data,0,198,40,1341
dataset7_CLINIC_metal_0016_data,0,199,58,1394
dataset7_CLINIC_metal_0016_data,0,200,70,1448
dataset7_CLINIC_metal_0016_data,0,201,82,1488
dataset7_CLINIC_metal_0016_data,0,202,81,1523
dataset7_CLINIC_metal_0016_data,0,203,73,1553
dataset7_CLINIC_metal_0016_data,0,204,62,1582
dataset7_CLINIC_metal_0016_data,0,205,54,1600
dataset7_CLINIC_metal_0016_data,0,206,56,1623
dataset7_CLINIC_metal_0016_data,0,207,57,1636
dataset7_CLINIC_metal_0016_data,0,208,62,1701
dataset7_CLINIC_metal_0016_data,0,209,60,1740
dataset7_CLINIC_metal_0016_data,0,210,51,1778
dataset7_CLINIC_metal_0016_data,0,211,45,1788
dataset7_CLINIC_metal_0016_data,0,212,61,1821
dataset7_CLINIC_metal_0016_data,0,213,89,1830
dataset7_CLINIC_metal_0016_data,0,214,97,1837
dataset7_CLINIC_metal_0016_data,0,215,82,1836
dataset7_CLINIC_metal_0016_data,0,216,65,1846
dataset7_CLINIC_metal_0016_data,0,217,62,1839
dataset7_CLINIC_metal_0016_data,0,218,65,1838
dataset7_CLINIC_metal_0016_data,0,219,63,1827
dataset7_CLINIC_metal_0016_data,0,220,60,1810
dataset7_CLINIC_metal_0016_data,0,221,52,1802
dataset7_CLINIC_metal_0016_data,0,222,66,1783
dataset7_CLINIC_metal_0016_data,0,223,93,1773
dataset7_CLINIC_metal_0016_data,0,224,91,1758
dataset7_CLINIC_metal_0016_data,0,225,71,1748
dataset7_CLINIC_metal_0016_data,0,226,60,1738
dataset7_CLINIC_metal_0016_data,0,227,62,1722
dataset7_CLINIC_metal_0016_data,0,228,67,1698
dataset7_CLINIC_metal_0016_data,0,229,64,1685
dataset7_CLINIC_metal_0016_data,0,230,60,1661
dataset7_CLINIC_metal_0016_data,0,231,44,1645
dataset7_CLINIC_metal_0016_data,0,232,33,1628
dataset7_CLINIC_metal_0016_data,0,233,31,1618
dataset7_CLINIC_metal_0016_data,0,234,33,1598
dataset7_CLINIC_metal_0016_data,0,235,29,1582
dataset7_CLINIC_metal_0016_data,0,236,34,1569
dataset7_CLINIC_metal_0016_data,0,237,49,1556
dataset7_CLINIC_metal_0016_data,0,238,65,1548
dataset7_CLINIC_metal_0016_data,0,239,71,1558
dataset7_CLINIC_metal_0016_data,0,240,68,1596
dataset7_CLINIC_metal_0016_data,0,241,48,1645
dataset7_CLINIC_metal_0016_data,0,242,35,1690
dataset7_CLINIC_metal_0016_data,0,243,29,1736
dataset7_CLINIC_metal_0016_data,0,244,30,1786
dataset7_CLINIC_metal_0016_data,0,245,38,1855
dataset7_CLINIC_metal_0016_data,0,246,54,1916
dataset7_CLINIC_metal_0016_data,0,247,71,1963
dataset7_CLINIC_metal_0016_data,0,248,77,2007
dataset7_CLINIC_metal_0016_data,0,249,79,2134
dataset7_CLINIC_metal_0016_data,0,250,71,2229
dataset7_CLINIC_metal_0016_data,0,251,56,2452
dataset7_CLINIC_metal_0016_data,0,252,65,2564
dataset7_CLINIC_metal_0016_data,0,253,93,2670
dataset7_CLINIC_metal_0016_data,0,254,124,2731
dataset7_CLINIC_metal_0016_data,0,255,135,2831
dataset7_CLINIC_metal_0016_data,0,256,124,2927
dataset7_CLINIC_metal_0016_data,0,257,89,2996
dataset7_CLINIC_metal_0016_data,0,258,80,3058
dataset7_CLINIC_metal_0016_data,0,259,78,3106
dataset7_CLINIC_metal_0016_data,0,260,103,3169
dataset7_CLINIC_metal_0016_data,0,261,128,3196
dataset7_CLINIC_metal_0016_data,0,262,136,3228
dataset7_CLINIC_metal_0016_data,0,263,138,3243
dataset7_CLINIC_metal_0016_data,0,264,138,3239
dataset7_CLINIC_metal_0016_data,0,265,154,3243
dataset7_CLINIC_metal_0016_data,0,266,138,3232
dataset7_CLINIC_metal_0016_data,0,267,141,3206
dataset7_CLINIC_metal_0016_data,0,268,152,3164
dataset7_CLINIC_metal_0016_data,0,269,185,3119
dataset7_CLINIC_metal_0016_data,0,270,204,3042
dataset7_CLINIC_metal_0016_data,0,271,194,2969
dataset7_CLINIC_metal_0016_data,0,272,179,2895
dataset7_CLINIC_metal_0016_data,0,273,142,2832
dataset7_CLINIC_metal_0016_data,0,274,114,2750
dataset7_CLINIC_metal_0016_data,0,275,79,2673
dataset7_CLINIC_metal_0016_data,0,276,43,2580
dataset7_CLINIC_metal_0016_data,0,277,8,2475
dataset7_CLINIC_metal_0016_data,0,278,0,2361
dataset7_CLINIC_metal_0016_data,0,279,0,2217
dataset7_CLINIC_metal_0016_data,0,280,0,2042
dataset7_CLINIC_metal_0016_data,0,281,0,1910
dataset7_CLINIC_metal_0016_data,0,282,0,1797
dataset7_CLINIC_metal_0016_data,0,283,0,1655
dataset7_CLINIC_metal_0016_data,0,284,0,1520
dataset7_CLINIC_metal_0016_data,0,285,0,1369
dataset7_CLINIC_metal_0016_data,0,286,0,1199
dataset7_CLINIC_metal_0016_data,0,287,0,967
dataset7_CLINIC_metal_0016_data,0,288,0,813
dataset7_CLINIC_metal_0016_data,0,289,0,636
dataset7_CLINIC_metal_0016_data,0,290,0,378
dataset7_CLINIC_metal_0016_data,0,291,0,108
dataset7_CLINIC_metal_0016_data,1,129,0,100
dataset7_CLINIC_metal_0016_data,1,130,0,189
dataset7_CLINIC_metal_0016_data,1,131,0,276
dataset7_CLINIC_metal_0016_data,1,132,0,347
dataset7_CLINIC_metal_0016_data,1,133,0,427
dataset7_CLINIC_metal_0016_data,1,134,0,504
dataset7_CLINIC_metal_0016_data,1,135,0,585
dataset7_CLINIC_metal_0016_data,1,136,0,644
dataset7_CLINIC_metal_0016_data,1,137,0,719
dataset7_CLINIC_metal_0016_data,1,138,0,791
dataset7_CLINIC_metal_0016_data,1,139,0,859
dataset7_CLINIC_metal_0016_data,1,140,0,923
dataset7_CLINIC_metal_0016_data,1,141,0,981
dataset7_CLINIC_metal_0016_data,1,142,0,1041
dataset7_CLINIC_metal_0016_data,1,143,6,1104
dataset7_CLINIC_metal_0016_data,1,144,15,1159
dataset7_CLINIC_metal_0016_data,1,145,21,1222
dataset7_CLINIC_metal_0016_data,1,146,23,1280
dataset7_CLINIC_metal_0016_data,1,147,26,1326
dataset7_CLINIC_metal_0016_data,1,148,24,1368
dataset7_CLINIC_metal_0016_data,1,149,23,1415
dataset7_CLINIC_metal_0016_data,1,150,23,1451
dataset7_CLINIC_metal_0016_data,1,151,24,1492
dataset7_CLINIC_metal_0016_data,1,152,23,1517
dataset7_CLINIC_metal_0016_data,1,153,23,1558
dataset7_CLINIC_metal_0016_data,1,154,23,1587
dataset7_CLINIC_metal_0016_data,1,155,24,1613
dataset7_CLINIC_metal_0016_data,1,156,22,1631
dataset7_CLINIC_metal_0016_data,1,157,21,1644
dataset7_CLINIC_metal_0016_data,1,158,24,1666
dataset7_CLINIC_metal_0016_data,1,159,24,1677
dataset7_CLINIC_metal_0016_data,1,160,22,1679
dataset7_CLINIC_metal_0016_data,1,161,23,1682
dataset7_CLINIC_metal_0016_data,1,162,23,1686
dataset7_CLINIC_metal_0016_data,1,163,23,1693
dataset7_CLINIC_metal_0016_data,1,164,22,1690
dataset7_CLINIC_metal_0016_data,1,165,22,1686
dataset7_CLINIC_metal_0016_data,1,166,21,1688
dataset7_CLINIC_metal_0016_data,1,167,24,1687
dataset7_CLINIC_metal_0016_data,1,168,26,1683
dataset7_CLINIC_metal_0016_data,1,169,25,1676
dataset7_CLINIC_metal_0016_data,1,170,26,1708
dataset7_CLINIC_metal_0016_data,1,171,28,1735
dataset7_CLINIC_metal_0016_data,1,172,27,1743
dataset7_CLINIC_metal_0016_data,1,173,26,1736
dataset7_CLINIC_metal_0016_data,1,174,27,1738
dataset7_CLINIC_metal_0016_data,1,175,27,1723
dataset7_CLINIC_metal_0016_data,1,176,26,1708
dataset7_CLINIC_metal_0016_data,1,177,27,1677
dataset7_CLINIC_metal_0016_data,1,178,25,1649
dataset7_CLINIC_metal_0016_data,1,179,27,1623
dataset7_CLINIC_metal_0016_data,1,180,25,1589
dataset7_CLINIC_metal_0016_data,1,181,25,1553
dataset7_CLINIC_metal_0016_data,1,182,25,1499
dataset7_CLINIC_metal_0016_data,1,183,24,1452
dataset7_CLINIC_metal_0016_data,1,184,40,1406
dataset7_CLINIC_metal_0016_data,1,185,36,1345
dataset7_CLINIC_metal_0016_data,1,186,29,1285
dataset7_CLINIC_metal_0016_data,1,187,21,1227
dataset7_CLINIC_metal_0016_data,1,188,18,1167
dataset7_CLINIC_metal_0016_data,1,189,10,1108
dataset7_CLINIC_metal_0016_data,1,190,0,1038
dataset7_CLINIC_metal_0016_data,1,191,0,971
dataset7_CLINIC_metal_0016_data,1,192,0,906
dataset7_CLINIC_metal_0016_data,1,193,0,831
dataset7_CLINIC_metal_0016_data,1,194,0,758
dataset7_CLINIC_metal_0016_data,1,195,0,685
dataset7_CLINIC_metal_0016_data,1,196,0,618
dataset7_CLINIC_metal_0016_data,1,197,0,560
dataset7_CLINIC_metal_0016_data,1,198,0,496
dataset7_CLINIC_metal_0016_data,1,199,0,434
dataset7_CLINIC_metal_0016_data,1,200,0,359
dataset7_CLINIC_metal_0016_data,1,201,0,302
dataset7_CLINIC_metal_0016_data,1,202,0,217
dataset7_CLINIC_metal_0016_data,1,203,0,120
dataset7_CLINIC_metal_0016_data,2,51,0,69
dataset7_CLINIC_metal_0016_data,2,52,0,145
dataset7_CLINIC_metal_0016_data,2,53,0,213
dataset7_CLINIC_metal_0016_data,2,54,0,273
dataset7_CLINIC_metal_0016_data,2,55,0,333
dataset7_CLINIC_metal_0016_data,2,56,0,399
dataset7_CLINIC_metal_0016_data,2,57,0,456
dataset7_CLINIC_metal_0016_data,2,58,0,510
dataset7_CLINIC_metal_0016_data,2,59,0,545
dataset7_CLINIC_metal_0016_data,2,60,0,593
dataset7_CLINIC_metal_0016_data,2,61,0,634
dataset7_CLINIC_metal_0016_data,2,62,0,675
dataset7_CLINIC_metal_0016_data,2,63,0,706
dataset7_CLINIC_metal_0016_data,2,64,0,730
dataset7_CLINIC_metal_0016_data,2,65,1,756
dataset7_CLINIC_metal_0016_data,2,66,7,776
dataset7_CLINIC_metal_0016_data,2,67,11,802
dataset7_CLINIC_metal_0016_data,2,68,12,822
dataset7_CLINIC_metal_0016_data,2,69,13,866
dataset7_CLINIC_metal_0016_data,2,70,14,914
dataset7_CLINIC_metal_0016_data,2,71,15,974
dataset7_CLINIC_metal_0016_data,2,72,14,1017
dataset7_CLINIC_metal_0016_data,2,73,13,1061
dataset7_CLINIC_metal_0016_data,2,74,13,1166
dataset7_CLINIC_metal_0016_data,2,75,14,1268
dataset7_CLINIC_metal_0016_data,2,76,13,1370
dataset7_CLINIC_metal_0016_data,2,77,14,1439
dataset7_CLINIC_metal_0016_data,2,78,13,1532
dataset7_CLINIC_metal_0016_data,2,79,13,1607
dataset7_CLINIC_metal_0016_data,2,80,15,1691
dataset7_CLINIC_metal_0016_data,2,81,16,1824
dataset7_CLINIC_metal_0016_data,2,82,12,1955
dataset7_CLINIC_metal_0016_data,2,83,17,2050
dataset7_CLINIC_metal_0016_data,2,84,23,2150
dataset7_CLINIC_metal_0016_data,2,85,24,2233
dataset7_CLINIC_metal_0016_data,2,86,28,2312
dataset7_CLINIC_metal_0016_data,2,87,29,2372
dataset7_CLINIC_metal_0016_data,2,88,43,2445
dataset7_CLINIC_metal_0016_data,2,89,61,2490
dataset7_CLINIC_metal_0016_data,2,90,85,2551
dataset7_CLINIC_metal_0016_data,2,91,102,2605
dataset7_CLINIC_metal_0016_data,2,92,123,2655
dataset7_CLINIC_metal_0016_data,2,93,138,2700
dataset7_CLINIC_metal_0016_data,2,94,160,2737
dataset7_CLINIC_metal_0016_data,2,95,169,2764
dataset7_CLINIC_metal_0016_data,2,96,162,2782
dataset7_CLINIC_metal_0016_data,2,97,149,2791
dataset7_CLINIC_metal_0016_data,2,98,133,2790
dataset7_CLINIC_metal_0016_data,2,99,134,2779
dataset7_CLINIC_metal_0016_data,2,100,147,2777
dataset7_CLINIC_metal_0016_data,2,101,139,2751
dataset7_CLINIC_metal_0016_data,2,102,133,2735
dataset7_CLINIC_metal_0016_data,2,103,111,2701
dataset7_CLINIC_metal_0016_data,2,104,109,2662
dataset7_CLINIC_metal_0016_data,2,105,106,2621
dataset7_CLINIC_metal_0016_data,2,106,114,2563
dataset7_CLINIC_metal_0016_data,2,107,118,2495
dataset7_CLINIC_metal_0016_data,2,108,124,2436
dataset7_CLINIC_metal_0016_data,2,109,99,2379
dataset7_CLINIC_metal_0016_data,2,110,96,2320
dataset7_CLINIC_metal_0016_data,2,111,96,2246
dataset7_CLINIC_metal_0016_data,2,112,89,2151
dataset7_CLINIC_metal_0016_data,2,113,101,2110
dataset7_CLINIC_metal_0016_data,2,114,106,2073
dataset7_CLINIC_metal_0016_data,2,115,103,2046
dataset7_CLINIC_metal_0016_data,2,116,86,2005
dataset7_CLINIC_metal_0016_data,2,117,65,1990
dataset7_CLINIC_metal_0016_data,2,118,53,1953
dataset7_CLINIC_metal_0016_data,2,119,48,1959
dataset7_CLINIC_metal_0016_data,2,120,53,1956
dataset7_CLINIC_metal_0016_data,2,121,62,1940
dataset7_CLINIC_metal_0016_data,2,122,71,1915
dataset7_CLINIC_metal_0016_data,2,123,70,1890
dataset7_CLINIC_metal_0016_data,2,124,65,1888
dataset7_CLINIC_metal_0016_data,2,125,59,1891
dataset7_CLINIC_metal_0016_data,2,126,49,1888
dataset7_CLINIC_metal_0016_data,2,127,43,1881
dataset7_CLINIC_metal_0016_data,2,128,50,1874
dataset7_CLINIC_metal_0016_data,2,129,61,1850
dataset7_CLINIC_metal_0016_data,2,130,69,1810
dataset7_CLINIC_metal_0016_data,2,131,70,1755
dataset7_CLINIC_metal_0016_data,2,132,67,1747
dataset7_CLINIC_metal_0016_data,2,133,60,1731
dataset7_CLINIC_metal_0016_data,2,134,50,1714
dataset7_CLINIC_metal_0016_data,2,135,45,1683
dataset7_CLINIC_metal_0016_data,2,136,48,1773
dataset7_CLINIC_metal_0016_data,2,137,60,1848
dataset7_CLINIC_metal_0016_data,2,138,70,1927
dataset7_CLINIC_metal_0016_data,2,139,70,1977
dataset7_CLINIC_metal_0016_data,2,140,65,2036
dataset7_CLINIC_metal_0016_data,2,141,57,2056
dataset7_CLINIC_metal_0016_data,2,142,48,2074
dataset7_CLINIC_metal_0016_data,2,143,42,2059
dataset7_CLINIC_metal_0016_data,2,144,37,2072
dataset7_CLINIC_metal_0016_data,2,145,42,2054
dataset7_CLINIC_metal_0016_data,2,146,49,2048
dataset7_CLINIC_metal_0016_data,2,147,48,2029
dataset7_CLINIC_metal_0016_data,2,148,54,2009
dataset7_CLINIC_metal_0016_data,2,149,55,2006
dataset7_CLINIC_metal_0016_data,2,150,58,2000
dataset7_CLINIC_metal_0016_data,2,151,59,1990
dataset7_CLINIC_metal_0016_data,2,152,54,1991
dataset7_CLINIC_metal_0016_data,2,153,53,1968
dataset7_CLINIC_metal_0016_data,2,154,53,1956
dataset7_CLINIC_metal_0016_data,2,155,54,1939
dataset7_CLINIC_metal_0016_data,2,156,62,1923
dataset7_CLINIC_metal_0016_data,2,157,64,1902
dataset7_CLINIC_metal_0016_data,2,158,70,1883
dataset7_CLINIC_metal_0016_data,2,159,76,1861
dataset7_CLINIC_metal_0016_data,2,160,79,1833
dataset7_CLINIC_metal_0016_data,2,161,81,1810
dataset7_CLINIC_metal_0016_data,2,162,82,1783
dataset7_CLINIC_metal_0016_data,2,163,85,1755
dataset7_CLINIC_metal_0016_data,2,164,88,1730
dataset7_CLINIC_metal_0016_data,2,165,89,1714
dataset7_CLINIC_metal_0016_data,2,166,79,1718
dataset7_CLINIC_metal_0016_data,2,167,81,1723
dataset7_CLINIC_metal_0016_data,2,168,77,1705
dataset7_CLINIC_metal_0016_data,2,169,79,1708
dataset7_CLINIC_metal_0016_data,2,170,80,1693
dataset7_CLINIC_metal_0016_data,2,171,78,1687
dataset7_CLINIC_metal_0016_data,2,172,74,1666
dataset7_CLINIC_metal_0016_data,2,173,71,1662
dataset7_CLINIC_metal_0016_data,2,174,64,1645
dataset7_CLINIC_metal_0016_data,2,175,65,1634
dataset7_CLINIC_metal_0016_data,2,176,57,1604
dataset7_CLINIC_metal_0016_data,2,177,55,1576
dataset7_CLINIC_metal_0016_data,2,178,55,1547
dataset7_CLINIC_metal_0016_data,2,179,58,1516
dataset7_CLINIC_metal_0016_data,2,180,65,1495
dataset7_CLINIC_metal_0016_data,2,181,70,1462
dataset7_CLINIC_metal_0016_data,2,182,70,1443
dataset7_CLINIC_metal_0016_data,2,183,72,1428
dataset7_CLINIC_metal_0016_data,2,184,73,1413
dataset7_CLINIC_metal_0016_data,2,185,69,1462
dataset7_CLINIC_metal_0016_data,2,186,68,1477
dataset7_CLINIC_metal_0016_data,2,187,67,1504
dataset7_CLINIC_metal_0016_data,2,188,57,1497
dataset7_CLINIC_metal_0016_data,2,189,61,1512
dataset7_CLINIC_metal_0016_data,2,190,58,1515
dataset7_CLINIC_metal_0016_data,2,191,53,1525
dataset7_CLINIC_metal_0016_data,2,192,51,1529
dataset7_CLINIC_metal_0016_data,2,193,53,1531
dataset7_CLINIC_metal_0016_data,2,194,52,1541
dataset7_CLINIC_metal_0016_data,2,195,50,1540
dataset7_CLINIC_metal_0016_data,2,196,40,1544
dataset7_CLINIC_metal_0016_data,2,197,37,1534
dataset7_CLINIC_metal_0016_data,2,198,34,1526
dataset7_CLINIC_metal_0016_data,2,199,37,1510
dataset7_CLINIC_metal_0016_data,2,200,43,1482
dataset7_CLINIC_metal_0016_data,2,201,55,1457
dataset7_CLINIC_metal_0016_data,2,202,59,1433
dataset7_CLINIC_metal_0016_data,2,203,61,1410
dataset7_CLINIC_metal_0016_data,2,204,69,1377
dataset7_CLINIC_metal_0016_data,2,205,70,1355
dataset7_CLINIC_metal_0016_data,2,206,66,1315
dataset7_CLINIC_metal_0016_data,2,207,67,1285
dataset7_CLINIC_metal_0016_data,2,208,64,1250
dataset7_CLINIC_metal_0016_data,2,209,63,1211
dataset7_CLINIC_metal_0016_data,2,210,58,1174
dataset7_CLINIC_metal_0016_data,2,211,54,1136
dataset7_CLINIC_metal_0016_data,2,212,49,1105
dataset7_CLINIC_metal_0016_data,2,213,39,1073
dataset7_CLINIC_metal_0016_data,2,214,26,1042
dataset7_CLINIC_metal_0016_data,2,215,9,1010
dataset7_CLINIC_metal_0016_data,2,216,0,968
dataset7_CLINIC_metal_0016_data,2,217,0,935
dataset7_CLINIC_metal_0016_data,2,218,0,891
dataset7_CLINIC_metal_0016_data,2,219,0,841
dataset7_CLINIC_metal_0016_data,2,220,0,787
dataset7_CLINIC_metal_0016_data,2,221,0,718
dataset7_CLINIC_metal_0016_data,2,222,0,662
dataset7_CLINIC_metal_0016_data,2,223,0,591
dataset7_CLINIC_metal_0016_data,2,224,0,522
dataset7_CLINIC_metal_0016_data,2,225,0,446
dataset7_CLINIC_metal_0016_data,2,226,0,373
dataset7_CLINIC_metal_0016_data,2,227,0,294
dataset7_CLINIC_metal_0016_data,2,228,0,204
dataset7_CLINIC_metal_0016_data,2,229,0,111
dataset7_CLINIC_metal_0016_data,3,161,0,130
dataset7_CLINIC_metal_0016_data,3,162,0,230
dataset7_CLINIC_metal_0016_data,3,163,0,318
dataset7_CLINIC_metal_0016_data,3,164,0,394
dataset7_CLINIC_metal_0016_data,3,165,0,574
dataset7_CLINIC_metal_0016_data,3,166,0,761
dataset7_CLINIC_metal_0016_data,3,167,0,940
dataset7_CLINIC_metal_0016_data,3,168,0,1123
dataset7_CLINIC_metal_0016_data,3,169,0,1326
dataset7_CLINIC_metal_0016_data,3,170,0,1521
dataset7_CLINIC_metal_0016_data,3,171,0,1661
dataset7_CLINIC_metal_0016_data,3,172,0,1783
dataset7_CLINIC_metal_0016_data,3,173,0,1893
dataset7_CLINIC_metal_0016_data,3,174,0,1983
dataset7_CLINIC_metal_0016_data,3,175,14,2076
dataset7_CLINIC_metal_0016_data,3,176,29,2133
dataset7_CLINIC_metal_0016_data,3,177,42,2201
dataset7_CLINIC_metal_0016_data,3,178,45,2243
dataset7_CLINIC_metal_0016_data,3,179,48,2287
dataset7_CLINIC_metal_0016_data,3,180,58,2313
dataset7_CLINIC_metal_0016_data,3,181,74,2341
dataset7_CLINIC_metal_0016_data,3,182,96,2360
dataset7_CLINIC_metal_0016_data,3,183,118,2368
dataset7_CLINIC_metal_0016_data,3,184,122,2376
dataset7_CLINIC_metal_0016_data,3,185,130,2372
dataset7_CLINIC_metal_0016_data,3,186,117,2355
dataset7_CLINIC_metal_0016_data,3,187,100,2333
dataset7_CLINIC_metal_0016_data,3,188,95,2303
dataset7_CLINIC_metal_0016_data,3,189,85,2251
dataset7_CLINIC_metal_0016_data,3,190,80,2218
dataset7_CLINIC_metal_0016_data,3,191,85,2156
dataset7_CLINIC_metal_0016_data,3,192,87,2106
dataset7_CLINIC_metal_0016_data,3,193,71,2028
dataset7_CLINIC_metal_0016_data,3,194,56,1970
dataset7_CLINIC_metal_0016_data,3,195,43,1922
dataset7_CLINIC_metal_0016_data,3,196,36,1886
dataset7_CLINIC_metal_0016_data,3,197,32,1884
dataset7_CLINIC_metal_0016_data,3,198,32,1858
dataset7_CLINIC_metal_0016_data,3,199,36,1848
dataset7_CLINIC_metal_0016_data,3,200,41,1842
dataset7_CLINIC_metal_0016_data,3,201,45,1868
dataset7_CLINIC_metal_0016_data,3,202,58,1895
dataset7_CLINIC_metal_0016_data,3,203,60,1911
dataset7_CLINIC_metal_0016_data,3,204,60,1908
dataset7_CLINIC_metal_0016_data,3,205,59,1908
dataset7_CLINIC_metal_0016_data,3,206,63,1890
dataset7_CLINIC_metal_0016_data,3,207,72,1969
dataset7_CLINIC_metal_0016_data,3,208,91,2058
dataset7_CLINIC_metal_0016_data,3,209,103,2147
dataset7_CLINIC_metal_0016_data,3,210,110,2205
dataset7_CLINIC_metal_0016_data,3,211,106,2312
dataset7_CLINIC_metal_0016_data,3,212,92,2404
dataset7_CLINIC_metal_0016_data,3,213,72,2502
dataset7_CLINIC_metal_0016_data,3,214,49,2588
dataset7_CLINIC_metal_0016_data,3,215,39,2664
dataset7_CLINIC_metal_0016_data,3,216,34,2753
dataset7_CLINIC_metal_0016_data,3,217,42,2882
dataset7_CLINIC_metal_0016_data,3,218,53,2990
dataset7_CLINIC_metal_0016_data,3,219,58,3073
dataset7_CLINIC_metal_0016_data,3,220,110,3132
dataset7_CLINIC_metal_0016_data,3,221,206,3192
dataset7_CLINIC_metal_0016_data,3,222,167,3238
dataset7_CLINIC_metal_0016_data,3,223,110,3293
dataset7_CLINIC_metal_0016_data,3,224,94,3317
dataset7_CLINIC_metal_0016_data,3,225,86,3344
dataset7_CLINIC_metal_0016_data,3,226,93,3359
dataset7_CLINIC_metal_0016_data,3,227,89,3365
dataset7_CLINIC_metal_0016_data,3,228,91,3357
dataset7_CLINIC_metal_0016_data,3,229,99,3326
dataset7_CLINIC_metal_0016_data,3,230,117,3296
dataset7_CLINIC_metal_0016_data,3,231,151,3236
dataset7_CLINIC_metal_0016_data,3,232,155,3159
dataset7_CLINIC_metal_0016_data,3,233,148,3050
dataset7_CLINIC_metal_0016_data,3,234,98,2943
dataset7_CLINIC_metal_0016_data,3,235,81,2774
dataset7_CLINIC_metal_0016_data,3,236,71,2567
dataset7_CLINIC_metal_0016_data,3,237,56,2260
dataset7_CLINIC_metal_0016_data,3,238,40,2076
dataset7_CLINIC_metal_0016_data,3,239,35,1998
dataset7_CLINIC_metal_0016_data,3,240,40,1900
dataset7_CLINIC_metal_0016_data,3,241,39,1800
dataset7_CLINIC_metal_0016_data,3,242,25,1699
dataset7_CLINIC_metal_0016_data,3,243,12,1603
dataset7_CLINIC_metal_0016_data,3,244,0,1487
dataset7_CLINIC_metal_0016_data,3,245,0,1381
dataset7_CLINIC_metal_0016_data,3,246,0,1257
dataset7_CLINIC_metal_0016_data,3,247,0,1121
dataset7_CLINIC_metal_0016_data,3,248,0,993
dataset7_CLINIC_metal_0016_data,3,249,0,844
dataset7_CLINIC_metal_0016_data,3,250,0,758
dataset7_CLINIC_metal_0016_data,3,251,0,671
dataset7_CLINIC_metal_0016_data,3,252,0,570
dataset7_CLINIC_metal_0016_data,3,253,0,466
dataset7_CLINIC_metal_0016_data,3,254,0,381
dataset7_CLINIC_metal_0016_data,3,255,0,305
dataset7_CLINIC_metal_0016_data,3,256,0,219
dataset7_CLINIC_metal_0016_data,3,257,0,122
dataset7_CLINIC_metal_0017_data,0,167,0,170
dataset7_CLINIC_metal_0017_data,0,168,0,298
dataset7_CLINIC_metal_0017_data,0,169,0,442
dataset7_CLINIC_metal_0017_data,0,170,0,584
dataset7_CLINIC_metal_0017_data,0,171,0,831
dataset7_CLINIC_metal_0017_data,0,172,0,1928
dataset7_CLINIC_metal_0017_data,0,173,0,2867
dataset7_CLINIC_metal_0017_data,0,174,0,3608
dataset7_CLINIC_metal_0017_data,0,175,0,4271
dataset7_CLINIC_metal_0017_data,0,176,0,4924
dataset7_CLINIC_metal_0017_data,0,177,0,5656
dataset7_CLINIC_metal_0017_data,0,178,0,6254
dataset7_CLINIC_metal_0017_data,0,179,0,6787
dataset7_CLINIC_metal_0017_data,0,180,0,7326
dataset7_CLINIC_metal_0017_data,0,181,13,7859
dataset7_CLINIC_metal_0017_data,0,182,45,8280
dataset7_CLINIC_metal_0017_data,0,183,91,8801
dataset7_CLINIC_metal_0017_data,0,184,130,9290
dataset7_CLINIC_metal_0017_data,0,185,153,9827
dataset7_CLINIC_metal_0017_data,0,186,455,10411
dataset7_CLINIC_metal_0017_data,0,187,742,10934
dataset7_CLINIC_metal_0017_data,0,188,945,11440
dataset7_CLINIC_metal_0017_data,0,189,1004,11807
dataset7_CLINIC_metal_0017_data,0,190,942,12086
dataset7_CLINIC_metal_0017_data,0,191,924,12373
dataset7_CLINIC_metal_0017_data,0,192,849,12598
dataset7_CLINIC_metal_0017_data,0,193,793,12764
dataset7_CLINIC_metal_0017_data,0,194,732,12921
dataset7_CLINIC_metal_0017_data,0,195,719,13028
dataset7_CLINIC_metal_0017_data,0,196,661,13087
dataset7_CLINIC_metal_0017_data,0,197,661,13092
dataset7_CLINIC_metal_0017_data,0,198,665,13034
dataset7_CLINIC_metal_0017_data,0,199,719,12891
dataset7_CLINIC_metal_0017_data,0,200,795,12664
dataset7_CLINIC_metal_0017_data,0,201,856,12373
dataset7_CLINIC_metal_0017_data,0,202,891,11975
dataset7_CLINIC_metal_0017_data,0,203,872,11497
dataset7_CLINIC_metal_0017_data,0,204,825,10664
dataset7_CLINIC_metal_0017_data,0,205,739,9883
dataset7_CLINIC_metal_0017_data,0,206,646,9213
dataset7_CLINIC_metal_0017_data,0,207,568,8622
dataset7_CLINIC_metal_0017_data,0,208,499,8100
dataset7_CLINIC_metal_0017_data,0,209,451,7632
dataset7_CLINIC_metal_0017_data,0,210,434,7130
dataset7_CLINIC_metal_0017_data,0,211,380,6694
dataset7_CLINIC_metal_0017_data,0,212,386,5875
dataset7_CLINIC_metal_0017_data,0,213,324,5460
dataset7_CLINIC_metal_0017_data,0,214,216,5057
dataset7_CLINIC_metal_0017_data,0,215,128,4663
dataset7_CLINIC_metal_0017_data,0,216,96,4274
dataset7_CLINIC_metal_0017_data,0,217,70,3889
dataset7_CLINIC_metal_0017_data,0,218,51,3485
dataset7_CLINIC_metal_0017_data,0,219,29,3142
dataset7_CLINIC_metal_0017_data,0,220,7,2846
dataset7_CLINIC_metal_0017_data,0,221,0,2545
dataset7_CLINIC_metal_0017_data,0,222,0,2293
dataset7_CLINIC_metal_0017_data,0,223,0,2156
dataset7_CLINIC_metal_0017_data,0,224,0,2013
dataset7_CLINIC_metal_0017_data,0,225,0,1852
dataset7_CLINIC_metal_0017_data,0,226,0,2149
dataset7_CLINIC_metal_0017_data,0,227,0,1903
dataset7_CLINIC_metal_0017_data,0,228,0,1556
dataset7_CLINIC_metal_0017_data,0,229,0,1164
dataset7_CLINIC_metal_0017_data,0,230,0,866
dataset7_CLINIC_metal_0017_data,0,231,0,712
dataset7_CLINIC_metal_0017_data,0,232,0,569
dataset7_CLINIC_metal_0017_data,0,233,0,425
dataset7_CLINIC_metal_0017_data,0,234,0,295
dataset7_CLINIC_metal_0017_data,0,235,0,169
dataset7_CLINIC_metal_0017_data,1,183,0,154
dataset7_CLINIC_metal_0017_data,1,184,0,292
dataset7_CLINIC_metal_0017_data,1,185,0,419
dataset7_CLINIC_metal_0017_data,1,186,0,531
dataset7_CLINIC_metal_0017_data,1,187,0,683
dataset7_CLINIC_metal_0017_data,1,188,0,807
dataset7_CLINIC_metal_0017_data,1,189,0,926
dataset7_CLINIC_metal_0017_data,1,190,0,1021
dataset7_CLINIC_metal_0017_data,1,191,0,1123
dataset7_CLINIC_metal_0017_data,1,192,0,1207
dataset7_CLINIC_metal_0017_data,1,193,0,1313
dataset7_CLINIC_metal_0017_data,1,194,0,1406
dataset7_CLINIC_metal_0017_data,1,195,0,1524
dataset7_CLINIC_metal_0017_data,1,196,0,1612
dataset7_CLINIC_metal_0017_data,1,197,11,1694
dataset7_CLINIC_metal_0017_data,1,198,50,1782
dataset7_CLINIC_metal_0017_data,1,199,67,1855
dataset7_CLINIC_metal_0017_data,1,200,78,1919
dataset7_CLINIC_metal_0017_data,1,201,99,1976
dataset7_CLINIC_metal_0017_data,1,202,145,2227
dataset7_CLINIC_metal_0017_data,1,203,159,2367
dataset7_CLINIC_metal_0017_data,1,204,137,2476
dataset7_CLINIC_metal_0017_data,1,205,113,2591
dataset7_CLINIC_metal_0017_data,1,206,92,2699
dataset7_CLINIC_metal_0017_data,1,207,104,2807
dataset7_CLINIC_metal_0017_data,1,208,145,2888
dataset7_CLINIC_metal_0017_data,1,209,188,2978
dataset7_CLINIC_metal_0017_data,1,210,197,3047
dataset7_CLINIC_metal_0017_data,1,211,162,3132
dataset7_CLINIC_metal_0017_data,1,212,138,3187
dataset7_CLINIC_metal_0017_data,1,213,116,3235
dataset7_CLINIC_metal_0017_data,1,214,92,3307
dataset7_CLINIC_metal_0017_data,1,215,84,3363
dataset7_CLINIC_metal_0017_data,1,216,122,3406
dataset7_CLINIC_metal_0017_data,1,217,161,3444
dataset7_CLINIC_metal_0017_data,1,218,206,3461
dataset7_CLINIC_metal_0017_data,1,219,258,3483
dataset7_CLINIC_metal_0017_data,1,220,264,3485
dataset7_CLINIC_metal_0017_data,1,221,245,3467
dataset7_CLINIC_metal_0017_data,1,222,239,3459
dataset7_CLINIC_metal_0017_data,1,223,220,3466
dataset7_CLINIC_metal_0017_data,1,224,163,3499
dataset7_CLINIC_metal_0017_data,1,225,122,3531
dataset7_CLINIC_metal_0017_data,1,226,101,3577
dataset7_CLINIC_metal_0017_data,1,227,92,3598
dataset7_CLINIC_metal_0017_data,1,228,126,3609
dataset7_CLINIC_metal_0017_data,1,229,149,3589
dataset7_CLINIC_metal_0017_data,1,230,144,4080
dataset7_CLINIC_metal_0017_data,1,231,106,4904
dataset7_CLINIC_metal_0017_data,1,232,92,5505
dataset7_CLINIC_metal_0017_data,1,233,88,5925
dataset7_CLINIC_metal_0017_data,1,234,99,6253
dataset7_CLINIC_metal_0017_data,1,235,118,6613
dataset7_CLINIC_metal_0017_data,1,236,149,6981
dataset7_CLINIC_metal_0017_data,1,237,200,7316
dataset7_CLINIC_metal_0017_data,1,238,234,7651
dataset7_CLINIC_metal_0017_data,1,239,232,8095
dataset7_CLINIC_metal_0017_data,1,240,204,8537
dataset7_CLINIC_metal_0017_data,1,241,157,8927
dataset7_CLINIC_metal_0017_data,1,242,151,9307
dataset7_CLINIC_metal_0017_data,1,243,171,9696
dataset7_CLINIC_metal_0017_data,1,244,305,10042
dataset7_CLINIC_metal_0017_data,1,245,511,10349
dataset7_CLINIC_metal_0017_data,1,246,741,10625
dataset7_CLINIC_metal_0017_data,1,247,784,10871
dataset7_CLINIC_metal_0017_data,1,248,978,11107
dataset7_CLINIC_metal_0017_data,1,249,1046,11294
dataset7_CLINIC_metal_0017_data,1,250,1076,11436
dataset7_CLINIC_metal_0017_data,1,251,1162,11535
dataset7_CLINIC_metal_0017_data,1,252,1264,11626
dataset7_CLINIC_metal_0017_data,1,253,1287,11669
dataset7_CLINIC_metal_0017_data,1,254,1351,11706
dataset7_CLINIC_metal_0017_data,1,255,1293,11690
dataset7_CLINIC_metal_0017_data,1,256,1069,11668
dataset7_CLINIC_metal_0017_data,1,257,841,11657
dataset7_CLINIC_metal_0017_data,1,258,732,11572
dataset7_CLINIC_metal_0017_data,1,259,653,11473
dataset7_CLINIC_metal_0017_data,1,260,493,11319
dataset7_CLINIC_metal_0017_data,1,261,299,11176
dataset7_CLINIC_metal_0017_data,1,262,217,10958
dataset7_CLINIC_metal_0017_data,1,263,179,10682
dataset7_CLINIC_metal_0017_data,1,264,126,10429
dataset7_CLINIC_metal_0017_data,1,265,82,10062
dataset7_CLINIC_metal_0017_data,1,266,48,9657
dataset7_CLINIC_metal_0017_data,1,267,21,9161
dataset7_CLINIC_metal_0017_data,1,268,0,8589
dataset7_CLINIC_metal_0017_data,1,269,0,7857
dataset7_CLINIC_metal_0017_data,1,270,0,6915
dataset7_CLINIC_metal_0017_data,1,271,0,5406
dataset7_CLINIC_metal_0017_data,1,272,0,4398
dataset7_CLINIC_metal_0017_data,1,273,0,3429
dataset7_CLINIC_metal_0017_data,1,274,0,2848
dataset7_CLINIC_metal_0017_data,1,275,0,2303
dataset7_CLINIC_metal_0017_data,1,276,0,1838
dataset7_CLINIC_metal_0017_data,1,277,0,1450
dataset7_CLINIC_metal_0017_data,1,278,0,1001
dataset7_CLINIC_metal_0017_data,1,279,0,739
dataset7_CLINIC_metal_0017_data,1,280,0,425
dataset7_CLINIC_metal_0017_data,1,281,0,188
dataset7_CLINIC_metal_0017_data,2,289,0,179
dataset7_CLINIC_metal_0017_data,2,290,0,294
dataset7_CLINIC_metal_0017_data,2,291,0,394
dataset7_CLINIC_metal_0017_data,2,292,0,488
dataset7_CLINIC_metal_0017_data,2,293,0,565
dataset7_CLINIC_metal_0017_data,2,294,0,654
dataset7_CLINIC_metal_0017_data,2,295,0,692
dataset7_CLINIC_metal_0017_data,2,296,0,764
dataset7_CLINIC_metal_0017_data,2,297,0,811
dataset7_CLINIC_metal_0017_data,2,298,0,857
dataset7_CLINIC_metal_0017_data,2,299,0,874
dataset7_CLINIC_metal_0017_data,2,300,0,899
dataset7_CLINIC_metal_0017_data,2,301,0,937
dataset7_CLINIC_metal_0017_data,2,302,0,945
dataset7_CLINIC_metal_0017_data,2,303,13,953
dataset7_CLINIC_metal_0017_data,2,304,8,945
dataset7_CLINIC_metal_0017_data,2,305,0,937
dataset7_CLINIC_metal_0017_data,2,306,0,911
dataset7_CLINIC_metal_0017_data,2,307,0,874
dataset7_CLINIC_metal_0017_data,2,308,0,857
dataset7_CLINIC_metal_0017_data,2,309,0,818
dataset7_CLINIC_metal_0017_data,2,310,0,771
dataset7_CLINIC_metal_0017_data,2,311,0,711
dataset7_CLINIC_metal_0017_data,2,312,0,657
dataset7_CLINIC_metal_0017_data,2,313,0,592
dataset7_CLINIC_metal_0017_data,2,314,0,511
dataset7_CLINIC_metal_0017_data,2,315,0,429
dataset7_CLINIC_metal_0017_data,2,316,0,339
dataset7_CLINIC_metal_0017_data,2,317,0,250
dataset7_CLINIC_metal_0017_data,2,318,0,145
dataset7_CLINIC_metal_0018_data,0,214,0,101
dataset7_CLINIC_metal_0018_data,0,215,0,228
dataset7_CLINIC_metal_0018_data,0,216,0,566
dataset7_CLINIC_metal_0018_data,0,217,0,1034
dataset7_CLINIC_metal_0018_data,0,218,0,1588
dataset7_CLINIC_metal_0018_data,0,219,0,1937
dataset7_CLINIC_metal_0018_data,0,220,0,2205
dataset7_CLINIC_metal_0018_data,0,221,0,2443
dataset7_CLINIC_metal_0018_data,0,222,0,2636
dataset7_CLINIC_metal_0018_data,0,223,0,2808
dataset7_CLINIC_metal_0018_data,0,224,0,2964
dataset7_CLINIC_metal_0018_data,0,225,0,3076
dataset7_CLINIC_metal_0018_data,0,226,0,3201
dataset7_CLINIC_metal_0018_data,0,227,0,3278
dataset7_CLINIC_metal_0018_data,0,228,1,3353
dataset7_CLINIC_metal_0018_data,0,229,26,3413
dataset7_CLINIC_metal_0018_data,0,230,76,3465
dataset7_CLINIC_metal_0018_data,0,231,107,3498
dataset7_CLINIC_metal_0018_data,0,232,97,3516
dataset7_CLINIC_metal_0018_data,0,233,122,3501
dataset7_CLINIC_metal_0018_data,0,234,143,3479
dataset7_CLINIC_metal_0018_data,0,235,81,3434
dataset7_CLINIC_metal_0018_data,0,236,46,3389
dataset7_CLINIC_metal_0018_data,0,237,32,3303
dataset7_CLINIC_metal_0018_data,0,238,6,3238
dataset7_CLINIC_metal_0018_data,0,239,0,3139
dataset7_CLINIC_metal_0018_data,0,240,0,3000
dataset7_CLINIC_metal_0018_data,0,241,0,2866
dataset7_CLINIC_metal_0018_data,0,242,0,2711
dataset7_CLINIC_metal_0018_data,0,243,0,2512
dataset7_CLINIC_metal_0018_data,0,244,0,2309
dataset7_CLINIC_metal_0018_data,0,245,0,2021
dataset7_CLINIC_metal_0018_data,0,246,0,1627
dataset7_CLINIC_metal_0018_data,0,247,0,1261
dataset7_CLINIC_metal_0018_data,0,248,0,906
dataset7_CLINIC_metal_0018_data,0,249,0,594
dataset7_CLINIC_metal_0018_data,0,250,0,395
dataset7_CLINIC_metal_0018_data,0,251,0,267
dataset7_CLINIC_metal_0018_data,0,252,0,136
dataset7_CLINIC_metal_0018_data,1,215,0,251
dataset7_CLINIC_metal_0018_data,1,216,0,425
dataset7_CLINIC_metal_0018_data,1,217,0,537
dataset7_CLINIC_metal_0018_data,1,218,0,654
dataset7_CLINIC_metal_0018_data,1,219,0,759
dataset7_CLINIC_metal_0018_data,1,220,0,834
dataset7_CLINIC_metal_0018_data,1,221,0,932
dataset7_CLINIC_metal_0018_data,1,222,0,1014
dataset7_CLINIC_metal_0018_data,1,223,0,1043
dataset7_CLINIC_metal_0018_data,1,224,0,1118
dataset7_CLINIC_metal_0018_data,1,225,0,1145
dataset7_CLINIC_metal_0018_data,1,226,0,1182
dataset7_CLINIC_metal_0018_data,1,227,0,1199
dataset7_CLINIC_metal_0018_data,1,228,0,1228
dataset7_CLINIC_metal_0018_data,1,229,28,1228
dataset7_CLINIC_metal_0018_data,1,230,0,1228
dataset7_CLINIC_metal_0018_data,1,231,0,1199
dataset7_CLINIC_metal_0018_data,1,232,0,1182
dataset7_CLINIC_metal_0018_data,1,233,0,1145
dataset7_CLINIC_metal_0018_data,1,234,0,1118
dataset7_CLINIC_metal_0018_data,1,235,0,1043
dataset7_CLINIC_metal_0018_data,1,236,0,1014
dataset7_CLINIC_metal_0018_data,1,237,0,932
dataset7_CLINIC_metal_0018_data,1,238,0,834
dataset7_CLINIC_metal_0018_data,1,239,0,759
dataset7_CLINIC_metal_0018_data,1,240,0,654
dataset7_CLINIC_metal_0018_data,1,241,0,537
dataset7_CLINIC_metal_0018_data,1,242,0,425
dataset7_CLINIC_metal_0018_data,2,69,0,136
dataset7_CLINIC_metal_0018_data,2,70,0,266
dataset7_CLINIC_metal_0018_data,2,71,0,352
dataset7_CLINIC_metal_0018_data,2,72,0,448
dataset7_CLINIC_metal_0018_data,2,73,0,700
dataset7_CLINIC_metal_0018_data,2,74,0,919
dataset7_CLINIC_metal_0018_data,2,75,0,1087
dataset7_CLINIC_metal_0018_data,2,76,0,1274
dataset7_CLINIC_metal_0018_data,2,77,0,1445
dataset7_CLINIC_metal_0018_data,2,78,0,1564
dataset7_CLINIC_metal_0018_data,2,79,0,1709
dataset7_CLINIC_metal_0018_data,2,80,0,1835
dataset7_CLINIC_metal_0018_data,2,81,0,1935
dataset7_CLINIC_metal_0018_data,2,82,0,2038
dataset7_CLINIC_metal_0018_data,2,83,6,2131
dataset7_CLINIC_metal_0018_data,2,84,14,2233
dataset7_CLINIC_metal_0018_data,2,85,22,2354
dataset7_CLINIC_metal_0018_data,2,86,25,2458
dataset7_CLINIC_metal_0018_data,2,87,42,2599
dataset7_CLINIC_metal_0018_data,2,88,50,2712
dataset7_CLINIC_metal_0018_data,2,89,55,2830
dataset7_CLINIC_metal_0018_data,2,90,57,2926
dataset7_CLINIC_metal_0018_data,2,91,64,3040
dataset7_CLINIC_metal_0018_data,2,92,61,3120
dataset7_CLINIC_metal_0018_data,2,93,61,3215
dataset7_CLINIC_metal_0018_data,2,94,62,3301
dataset7_CLINIC_metal_0018_data,2,95,60,3382
dataset7_CLINIC_metal_0018_data,2,96,57,3449
dataset7_CLINIC_metal_0018_data,2,97,59,3684
dataset7_CLINIC_metal_0018_data,2,98,71,3900
dataset7_CLINIC_metal_0018_data,2,99,78,4040
dataset7_CLINIC_metal_0018_data,2,100,96,4356
dataset7_CLINIC_metal_0018_data,2,101,108,4723
dataset7_CLINIC_metal_0018_data,2,102,116,5065
dataset7_CLINIC_metal_0018_data,2,103,113,5359
dataset7_CLINIC_metal_0018_data,2,104,116,5648
dataset7_CLINIC_metal_0018_data,2,105,119,5870
dataset7_CLINIC_metal_0018_data,2,106,117,6090
dataset7_CLINIC_metal_0018_data,2,107,114,6289
dataset7_CLINIC_metal_0018_data,2,108,121,6471
dataset7_CLINIC_metal_0018_data,2,109,118,6647
dataset7_CLINIC_metal_0018_data,2,110,116,6782
dataset7_CLINIC_metal_0018_data,2,111,135,6925
dataset7_CLINIC_metal_0018_data,2,112,145,7018
dataset7_CLINIC_metal_0018_data,2,113,151,7113
dataset7_CLINIC_metal_0018_data,2,114,186,7183
dataset7_CLINIC_metal_0018_data,2,115,292,7259
dataset7_CLINIC_metal_0018_data,2,116,544,7307
dataset7_CLINIC_metal_0018_data,2,117,743,7331
dataset7_CLINIC_metal_0018_data,2,118,738,7354
dataset7_CLINIC_metal_0018_data,2,119,666,7352
dataset7_CLINIC_metal_0018_data,2,120,547,7324
dataset7_CLINIC_metal_0018_data,2,121,463,7281
dataset7_CLINIC_metal_0018_data,2,122,439,7239
dataset7_CLINIC_metal_0018_data,2,123,428,7175
dataset7_CLINIC_metal_0018_data,2,124,404,7089
dataset7_CLINIC_metal_0018_data,2,125,368,7002
dataset7_CLINIC_metal_0018_data,2,126,347,6879
dataset7_CLINIC_metal_0018_data,2,127,300,6740
dataset7_CLINIC_metal_0018_data,2,128,293,6595
dataset7_CLINIC_metal_0018_data,2,129,294,6439
dataset7_CLINIC_metal_0018_data,2,130,318,6241
dataset7_CLINIC_metal_0018_data,2,131,314,6030
dataset7_CLINIC_metal_0018_data,2,132,329,5785
dataset7_CLINIC_metal_0018_data,2,133,297,5487
dataset7_CLINIC_metal_0018_data,2,134,266,5076
dataset7_CLINIC_metal_0018_data,2,135,229,4584
dataset7_CLINIC_metal_0018_data,2,136,198,4246
dataset7_CLINIC_metal_0018_data,2,137,166,4014
dataset7_CLINIC_metal_0018_data,2,138,127,3800
dataset7_CLINIC_metal_0018_data,2,139,84,3597
dataset7_CLINIC_metal_0018_data,2,140,56,3387
dataset7_CLINIC_metal_0018_data,2,141,37,3198
dataset7_CLINIC_metal_0018_data,2,142,0,3005
dataset7_CLINIC_metal_0018_data,2,143,0,2804
dataset7_CLINIC_metal_0018_data,2,144,0,2626
dataset7_CLINIC_metal_0018_data,2,145,0,2409
dataset7_CLINIC_metal_0018_data,2,146,0,2201
dataset7_CLINIC_metal_0018_data,2,147,0,1991
dataset7_CLINIC_metal_0018_data,2,148,0,1781
dataset7_CLINIC_metal_0018_data,2,149,0,1570
dataset7_CLINIC_metal_0018_data,2,150,0,1354
dataset7_CLINIC_metal_0018_data,2,151,0,1158
dataset7_CLINIC_metal_0018_data,2,152,0,925
dataset7_CLINIC_metal_0018_data,2,153,0,668
dataset7_CLINIC_metal_0018_data,2,154,0,408
dataset7_CLINIC_metal_0018_data,2,155,0,242
dataset7_CLINIC_metal_0018_data,3,214,0,262
dataset7_CLINIC_metal_0018_data,3,215,0,443
dataset7_CLINIC_metal_0018_data,3,216,0,556
dataset7_CLINIC_metal_0018_data,3,217,0,678
dataset7_CLINIC_metal_0018_data,3,218,0,785
dataset7_CLINIC_metal_0018_data,3,219,0,859
dataset7_CLINIC_metal_0018_data,3,220,0,959
dataset7_CLINIC_metal_0018_data,3,221,0,1044
dataset7_CLINIC_metal_0018_data,3,222,0,1073
dataset7_CLINIC_metal_0018_data,3,223,0,1150
dataset7_CLINIC_metal_0018_data,3,224,0,1176
dataset7_CLINIC_metal_0018_data,3,225,0,1213
dataset7_CLINIC_metal_0018_data,3,226,0,1233
dataset7_CLINIC_metal_0018_data,3,227,0,1262
dataset7_CLINIC_metal_0018_data,3,228,29,1262
dataset7_CLINIC_metal_0018_data,3,229,0,1262
dataset7_CLINIC_metal_0018_data,3,230,0,1233
dataset7_CLINIC_metal_0018_data,3,231,0,1213
dataset7_CLINIC_metal_0018_data,3,232,0,1176
dataset7_CLINIC_metal_0018_data,3,233,0,1150
dataset7_CLINIC_metal_0018_data,3,234,0,1073
dataset7_CLINIC_metal_0018_data,3,235,0,1044
dataset7_CLINIC_metal_0018_data,3,236,0,959
dataset7_CLINIC_metal_0018_data,3,237,0,859
dataset7_CLINIC_metal_0018_data,3,238,0,785
dataset7_CLINIC_metal_0018_data,3,239,0,678
dataset7_CLINIC_metal_0018_data,3,240,0,556
dataset7_CLINIC_metal_0018_data,3,241,0,443
dataset7_CLINIC_metal_0018_data,3,242,0,262
dataset7_CLINIC_metal_0018_data,4,213,0,249
dataset7_CLINIC_metal_0018_data,4,214,0,428
dataset7_CLINIC_metal_0018_data,4,215,0,536
dataset7_CLINIC_metal_0018_data,4,216,0,661
dataset7_CLINIC_metal_0018_data,4,217,0,766
dataset7_CLINIC_metal_0018_data,4,218,0,833
dataset7_CLINIC_metal_0018_data,4,219,0,932
dataset7_CLINIC_metal_0018_data,4,220,0,1017
dataset7_CLINIC_metal_0018_data,4,221,0,1043
dataset7_CLINIC_metal_0018_data,4,222,0,1123
dataset7_CLINIC_metal_0018_data,4,223,0,1147
dataset7_CLINIC_metal_0018_data,4,224,0,1181
dataset7_CLINIC_metal_0018_data,4,225,0,1208
dataset7_CLINIC_metal_0018_data,4,226,0,1234
dataset7_CLINIC_metal_0018_data,4,227,27,1234
dataset7_CLINIC_metal_0018_data,4,228,0,1234
dataset7_CLINIC_metal_0018_data,4,229,0,1208
dataset7_CLINIC_metal_0018_data,4,230,0,1181
dataset7_CLINIC_metal_0018_data,4,231,0,1147
dataset7_CLINIC_metal_0018_data,4,232,0,1123
dataset7_CLINIC_metal_0018_data,4,233,0,1043
dataset7_CLINIC_metal_0018_data,4,234,0,1017
dataset7_CLINIC_metal_0018_data,4,235,0,932
dataset7_CLINIC_metal_0018_data,4,236,0,833
dataset7_CLINIC_metal_0018_data,4,237,0,766
dataset7_CLINIC_metal_0018_data,4,238,0,661
dataset7_CLINIC_metal_0018_data,4,239,0,536
dataset7_CLINIC_metal_0018_data,4,240,0,428
dataset7_CLINIC_metal_0018_data,4,241,0,249
dataset7_CLINIC_metal_0018_data,5,209,0,336
dataset7_CLINIC_metal_0018_data,5,210,0,665
dataset7_CLINIC_metal_0018_data,5,211,0,1044
dataset7_CLINIC_metal_0018_data,5,212,0,1460
dataset7_CLINIC_metal_0018_data,5,213,0,1754
dataset7_CLINIC_metal_0018_data,5,214,0,1982
dataset7_CLINIC_metal_0018_data,5,215,0,2163
dataset7_CLINIC_metal_0018_data,5,216,0,2340
dataset7_CLINIC_metal_0018_data,5,217,0,2486
dataset7_CLINIC_metal_0018_data,5,218,0,2607
dataset7_CLINIC_metal_0018_data,5,219,0,2739
dataset7_CLINIC_metal_0018_data,5,220,0,2798
dataset7_CLINIC_metal_0018_data,5,221,0,2884
dataset7_CLINIC_metal_0018_data,5,222,0,2940
dataset7_CLINIC_metal_0018_data,5,223,49,2997
dataset7_CLINIC_metal_0018_data,5,224,136,3028
dataset7_CLINIC_metal_0018_data,5,225,139,3043
dataset7_CLINIC_metal_0018_data,5,226,72,3026
dataset7_CLINIC_metal_0018_data,5,227,68,3004
dataset7_CLINIC_metal_0018_data,5,228,91,2953
dataset7_CLINIC_metal_0018_data,5,229,6,2908
dataset7_CLINIC_metal_0018_data,5,230,0,2860
dataset7_CLINIC_metal_0018_data,5,231,0,2786
dataset7_CLINIC_metal_0018_data,5,232,0,2700
dataset7_CLINIC_metal_0018_data,5,233,0,2628
dataset7_CLINIC_metal_0018_data,5,234,0,2486
dataset7_CLINIC_metal_0018_data,5,235,0,2368
dataset7_CLINIC_metal_0018_data,5,236,0,2232
dataset7_CLINIC_metal_0018_data,5,237,0,2030
dataset7_CLINIC_metal_0018_data,5,238,0,1837
dataset7_CLINIC_metal_0018_data,5,239,0,1620
dataset7_CLINIC_metal_0018_data,5,240,0,1280
dataset7_CLINIC_metal_0018_data,5,241,0,777
dataset7_CLINIC_metal_0018_data,5,242,0,562
dataset7_CLINIC_metal_0018_data,5,243,0,169
dataset7_CLINIC_metal_0019_data,0,174,0,306
dataset7_CLINIC_metal_0019_data,0,175,0,519
dataset7_CLINIC_metal_0019_data,0,176,0,725
dataset7_CLINIC_metal_0019_data,0,177,0,893
dataset7_CLINIC_metal_0019_data,0,178,0,1062
dataset7_CLINIC_metal_0019_data,0,179,0,1227
dataset7_CLINIC_metal_0019_data,0,180,0,1380
dataset7_CLINIC_metal_0019_data,0,181,0,1531
dataset7_CLINIC_metal_0019_data,0,182,0,1685
dataset7_CLINIC_metal_0019_data,0,183,0,1825
dataset7_CLINIC_metal_0019_data,0,184,0,2219
dataset7_CLINIC_metal_0019_data,0,185,0,2515
dataset7_CLINIC_metal_0019_data,0,186,0,2823
dataset7_CLINIC_metal_0019_data,0,187,0,3124
dataset7_CLINIC_metal_0019_data,0,188,36,3413
dataset7_CLINIC_metal_0019_data,0,189,69,3689
dataset7_CLINIC_metal_0019_data,0,190,97,3965
dataset7_CLINIC_metal_0019_data,0,191,122,4244
dataset7_CLINIC_metal_0019_data,0,192,147,4521
dataset7_CLINIC_metal_0019_data,0,193,168,4823
dataset7_CLINIC_metal_0019_data,0,194,174,5100
dataset7_CLINIC_metal_0019_data,0,195,184,5380
dataset7_CLINIC_metal_0019_data,0,196,190,5653
dataset7_CLINIC_metal_0019_data,0,197,200,5940
dataset7_CLINIC_metal_0019_data,0,198,219,6210
dataset7_CLINIC_metal_0019_data,0,199,276,6478
dataset7_CLINIC_metal_0019_data,0,200,308,6720
dataset7_CLINIC_metal_0019_data,0,201,366,6986
dataset7_CLINIC_metal_0019_data,0,202,383,7276
dataset7_CLINIC_metal_0019_data,0,203,412,7569
dataset7_CLINIC_metal_0019_data,0,204,438,7785
dataset7_CLINIC_metal_0019_data,0,205,450,8043
dataset7_CLINIC_metal_0019_data,0,206,466,8255
dataset7_CLINIC_metal_0019_data,0,207,458,8470
dataset7_CLINIC_metal_0019_data,0,208,472,8671
dataset7_CLINIC_metal_0019_data,0,209,455,8867
dataset7_CLINIC_metal_0019_data,0,210,471,9049
dataset7_CLINIC_metal_0019_data,0,211,461,9201
dataset7_CLINIC_metal_0019_data,0,212,469,9317
dataset7_CLINIC_metal_0019_data,0,213,468,9434
dataset7_CLINIC_metal_0019_data,0,214,466,9529
dataset7_CLINIC_metal_0019_data,0,215,494,9806
dataset7_CLINIC_metal_0019_data,0,216,485,10048
dataset7_CLINIC_metal_0019_data,0,217,500,10250
dataset7_CLINIC_metal_0019_data,0,218,510,10593
dataset7_CLINIC_metal_0019_data,0,219,529,10732
dataset7_CLINIC_metal_0019_data,0,220,539,10851
dataset7_CLINIC_metal_0019_data,0,221,539,10883
dataset7_CLINIC_metal_0019_data,0,222,548,11166
dataset7_CLINIC_metal_0019_data,0,223,553,11505
dataset7_CLINIC_metal_0019_data,0,224,565,11616
dataset7_CLINIC_metal_0019_data,0,225,571,11665
dataset7_CLINIC_metal_0019_data,0,226,573,11652
dataset7_CLINIC_metal_0019_data,0,227,568,11657
dataset7_CLINIC_metal_0019_data,0,228,563,11606
dataset7_CLINIC_metal_0019_data,0,229,577,11516
dataset7_CLINIC_metal_0019_data,0,230,613,11392
dataset7_CLINIC_metal_0019_data,0,231,634,11280
dataset7_CLINIC_metal_0019_data,0,232,674,11145
dataset7_CLINIC_metal_0019_data,0,233,730,10973
dataset7_CLINIC_metal_0019_data,0,234,813,10781
dataset7_CLINIC_metal_0019_data,0,235,864,10586
dataset7_CLINIC_metal_0019_data,0,236,877,10390
dataset7_CLINIC_metal_0019_data,0,237,915,10208
dataset7_CLINIC_metal_0019_data,0,238,956,9974
dataset7_CLINIC_metal_0019_data,0,239,978,9765
dataset7_CLINIC_metal_0019_data,0,240,989,9512
dataset7_CLINIC_metal_0019_data,0,241,1033,9255
dataset7_CLINIC_metal_0019_data,0,242,1062,9011
dataset7_CLINIC_metal_0019_data,0,243,1060,8746
dataset7_CLINIC_metal_0019_data,0,244,1042,8486
dataset7_CLINIC_metal_0019_data,0,245,993,8225
dataset7_CLINIC_metal_0019_data,0,246,929,7959
dataset7_CLINIC_metal_0019_data,0,247,897,7713
dataset7_CLINIC_metal_0019_data,0,248,849,7456
dataset7_CLINIC_metal_0019_data,0,249,813,7217
dataset7_CLINIC_metal_0019_data,0,250,765,6956
dataset7_CLINIC_metal_0019_data,0,251,650,6766
dataset7_CLINIC_metal_0019_data,0,252,535,6640
dataset7_CLINIC_metal_0019_data,0,253,449,6542
dataset7_CLINIC_metal_0019_data,0,254,400,6451
dataset7_CLINIC_metal_0019_data,0,255,365,6348
dataset7_CLINIC_metal_0019_data,0,256,342,6320
dataset7_CLINIC_metal_0019_data,0,257,273,6305
dataset7_CLINIC_metal_0019_data,0,258,201,6307
dataset7_CLINIC_metal_0019_data,0,259,168,6377
dataset7_CLINIC_metal_0019_data,0,260,171,6598
dataset7_CLINIC_metal_0019_data,0,261,171,6840
dataset7_CLINIC_metal_0019_data,0,262,211,6954
dataset7_CLINIC_metal_0019_data,0,263,239,7022
dataset7_CLINIC_metal_0019_data,0,264,263,7080
dataset7_CLINIC_metal_0019_data,0,265,293,7113
dataset7_CLINIC_metal_0019_data,0,266,330,7150
dataset7_CLINIC_metal_0019_data,0,267,370,7156
dataset7_CLINIC_metal_0019_data,0,268,437,7224
dataset7_CLINIC_metal_0019_data,0,269,498,7466
dataset7_CLINIC_metal_0019_data,0,270,547,7869
dataset7_CLINIC_metal_0019_data,0,271,565,8218
dataset7_CLINIC_metal_0019_data,0,272,581,8575
dataset7_CLINIC_metal_0019_data,0,273,601,8974
dataset7_CLINIC_metal_0019_data,0,274,624,9398
dataset7_CLINIC_metal_0019_data,0,275,667,9797
dataset7_CLINIC_metal_0019_data,0,276,729,10153
dataset7_CLINIC_metal_0019_data,0,277,640,10482
dataset7_CLINIC_metal_0019_data,0,278,476,10838
dataset7_CLINIC_metal_0019_data,0,279,313,11139
dataset7_CLINIC_metal_0019_data,0,280,291,11458
dataset7_CLINIC_metal_0019_data,0,281,299,11717
dataset7_CLINIC_metal_0019_data,0,282,275,11952
dataset7_CLINIC_metal_0019_data,0,283,258,12114
dataset7_CLINIC_metal_0019_data,0,284,260,12220
dataset7_CLINIC_metal_0019_data,0,285,305,12262
dataset7_CLINIC_metal_0019_data,0,286,342,12244
dataset7_CLINIC_metal_0019_data,0,287,401,12162
dataset7_CLINIC_metal_0019_data,0,288,425,12019
dataset7_CLINIC_metal_0019_data,0,289,452,11791
dataset7_CLINIC_metal_0019_data,0,290,457,11384
dataset7_CLINIC_metal_0019_data,0,291,454,10965
dataset7_CLINIC_metal_0019_data,0,292,464,10589
dataset7_CLINIC_metal_0019_data,0,293,464,10405
dataset7_CLINIC_metal_0019_data,0,294,453,10340
dataset7_CLINIC_metal_0019_data,0,295,512,10249
dataset7_CLINIC_metal_0019_data,0,296,573,10138
dataset7_CLINIC_metal_0019_data,0,297,604,10011
dataset7_CLINIC_metal_0019_data,0,298,664,9882
dataset7_CLINIC_metal_0019_data,0,299,770,9754
dataset7_CLINIC_metal_0019_data,0,300,844,9645
dataset7_CLINIC_metal_0019_data,0,301,912,9479
dataset7_CLINIC_metal_0019_data,0,302,947,9272
dataset7_CLINIC_metal_0019_data,0,303,978,9053
dataset7_CLINIC_metal_0019_data,0,304,1003,8787
dataset7_CLINIC_metal_0019_data,0,305,971,8517
dataset7_CLINIC_metal_0019_data,0,306,946,8221
dataset7_CLINIC_metal_0019_data,0,307,903,7938
dataset7_CLINIC_metal_0019_data,0,308,828,7622
dataset7_CLINIC_metal_0019_data,0,309,735,7331
dataset7_CLINIC_metal_0019_data,0,310,657,7003
dataset7_CLINIC_metal_0019_data,0,311,550,6701
dataset7_CLINIC_metal_0019_data,0,312,437,6524
dataset7_CLINIC_metal_0019_data,0,313,315,6496
dataset7_CLINIC_metal_0019_data,0,314,212,6523
dataset7_CLINIC_metal_0019_data,0,315,169,6949
dataset7_CLINIC_metal_0019_data,0,316,149,7210
dataset7_CLINIC_metal_0019_data,0,317,148,7522
dataset7_CLINIC_metal_0019_data,0,318,146,7832
dataset7_CLINIC_metal_0019_data,0,319,142,8162
dataset7_CLINIC_metal_0019_data,0,320,146,8471
dataset7_CLINIC_metal_0019_data,0,321,147,8781
dataset7_CLINIC_metal_0019_data,0,322,144,9039
dataset7_CLINIC_metal_0019_data,0,323,141,9254
dataset7_CLINIC_metal_0019_data,0,324,143,9451
dataset7_CLINIC_metal_0019_data,0,325,144,9610
dataset7_CLINIC_metal_0019_data,0,326,150,9782
dataset7_CLINIC_metal_0019_data,0,327,221,10017
dataset7_CLINIC_metal_0019_data,0,328,292,10276
dataset7_CLINIC_metal_0019_data,0,329,405,10525
dataset7_CLINIC_metal_0019_data,0,330,554,10749
dataset7_CLINIC_metal_0019_data,0,331,699,10936
dataset7_CLINIC_metal_0019_data,0,332,806,11069
dataset7_CLINIC_metal_0019_data,0,333,911,11173
dataset7_CLINIC_metal_0019_data,0,334,1017,11221
dataset7_CLINIC_metal_0019_data,0,335,1109,11221
dataset7_CLINIC_metal_0019_data,0,336,1129,11182
dataset7_CLINIC_metal_0019_data,0,337,1119,11101
dataset7_CLINIC_metal_0019_data,0,338,1109,10984
dataset7_CLINIC_metal_0019_data,0,339,1108,10821
dataset7_CLINIC_metal_0019_data,0,340,1074,10617
dataset7_CLINIC_metal_0019_data,0,341,1001,10389
dataset7_CLINIC_metal_0019_data,0,342,907,10106
dataset7_CLINIC_metal_0019_data,0,343,829,9795
dataset7_CLINIC_metal_0019_data,0,344,709,9451
dataset7_CLINIC_metal_0019_data,0,345,579,9045
dataset7_CLINIC_metal_0019_data,0,346,505,8613
dataset7_CLINIC_metal_0019_data,0,347,446,8081
dataset7_CLINIC_metal_0019_data,0,348,300,7519
dataset7_CLINIC_metal_0019_data,0,349,144,6973
dataset7_CLINIC_metal_0020_data,0,133,0,174
dataset7_CLINIC_metal_0020_data,0,134,0,326
dataset7_CLINIC_metal_0020_data,0,135,0,455
dataset7_CLINIC_metal_0020_data,0,136,0,592
dataset7_CLINIC_metal_0020_data,0,137,0,718
dataset7_CLINIC_metal_0020_data,0,138,0,873
dataset7_CLINIC_metal_0020_data,0,139,0,998
dataset7_CLINIC_metal_0020_data,0,140,0,1128
dataset7_CLINIC_metal_0020_data,0,141,0,1389
dataset7_CLINIC_metal_0020_data,0,142,0,1675
dataset7_CLINIC_metal_0020_data,0,143,0,1959
dataset7_CLINIC_metal_0020_data,0,144,0,2255
dataset7_CLINIC_metal_0020_data,0,145,0,2540
dataset7_CLINIC_metal_0020_data,0,146,0,2818
dataset7_CLINIC_metal_0020_data,0,147,13,3085
dataset7_CLINIC_metal_0020_data,0,148,42,3355
dataset7_CLINIC_metal_0020_data,0,149,64,3598
dataset7_CLINIC_metal_0020_data,0,150,89,3878
dataset7_CLINIC_metal_0020_data,0,151,116,4146
dataset7_CLINIC_metal_0020_data,0,152,137,4407
dataset7_CLINIC_metal_0020_data,0,153,149,4669
dataset7_CLINIC_metal_0020_data,0,154,160,4906
dataset7_CLINIC_metal_0020_data,0,155,170,5164
dataset7_CLINIC_metal_0020_data,0,156,200,5405
dataset7_CLINIC_metal_0020_data,0,157,240,5630
dataset7_CLINIC_metal_0020_data,0,158,275,5866
dataset7_CLINIC_metal_0020_data,0,159,308,6088
dataset7_CLINIC_metal_0020_data,0,160,331,6285
dataset7_CLINIC_metal_0020_data,0,161,351,6487
dataset7_CLINIC_metal_0020_data,0,162,358,6669
dataset7_CLINIC_metal_0020_data,0,163,381,6858
dataset7_CLINIC_metal_0020_data,0,164,382,7016
dataset7_CLINIC_metal_0020_data,0,165,384,7152
dataset7_CLINIC_metal_0020_data,0,166,387,7299
dataset7_CLINIC_metal_0020_data,0,167,390,7438
dataset7_CLINIC_metal_0020_data,0,168,387,7713
dataset7_CLINIC_metal_0020_data,0,169,400,7959
dataset7_CLINIC_metal_0020_data,0,170,392,8187
dataset7_CLINIC_metal_0020_data,0,171,391,8444
dataset7_CLINIC_metal_0020_data,0,172,407,8606
dataset7_CLINIC_metal_0020_data,0,173,416,8755
dataset7_CLINIC_metal_0020_data,0,174,423,8981
dataset7_CLINIC_metal_0020_data,0,175,437,9232
dataset7_CLINIC_metal_0020_data,0,176,450,9399
dataset7_CLINIC_metal_0020_data,0,177,450,9474
dataset7_CLINIC_metal_0020_data,0,178,461,9469
dataset7_CLINIC_metal_0020_data,0,179,461,9506
dataset7_CLINIC_metal_0020_data,0,180,468,9445
dataset7_CLINIC_metal_0020_data,0,181,469,9377
dataset7_CLINIC_metal_0020_data,0,182,485,9304
dataset7_CLINIC_metal_0020_data,0,183,504,9183
dataset7_CLINIC_metal_0020_data,0,184,520,9017
dataset7_CLINIC_metal_0020_data,0,185,538,8903
dataset7_CLINIC_metal_0020_data,0,186,578,8732
dataset7_CLINIC_metal_0020_data,0,187,641,8539
dataset7_CLINIC_metal_0020_data,0,188,705,8377
dataset7_CLINIC_metal_0020_data,0,189,721,8227
dataset7_CLINIC_metal_0020_data,0,190,761,8060
dataset7_CLINIC_metal_0020_data,0,191,798,7857
dataset7_CLINIC_metal_0020_data,0,192,788,7657
dataset7_CLINIC_metal_0020_data,0,193,785,7444
dataset7_CLINIC_metal_0020_data,0,194,792,7244
dataset7_CLINIC_metal_0020_data,0,195,789,7029
dataset7_CLINIC_metal_0020_data,0,196,773,6798
dataset7_CLINIC_metal_0020_data,0,197,748,6577
dataset7_CLINIC_metal_0020_data,0,198,718,6364
dataset7_CLINIC_metal_0020_data,0,199,695,6136
dataset7_CLINIC_metal_0020_data,0,200,666,5905
dataset7_CLINIC_metal_0020_data,0,201,653,5695
dataset7_CLINIC_metal_0020_data,0,202,607,5447
dataset7_CLINIC_metal_0020_data,0,203,545,5214
dataset7_CLINIC_metal_0020_data,0,204,418,5000
dataset7_CLINIC_metal_0020_data,0,205,340,4811
dataset7_CLINIC_metal_0020_data,0,206,299,4710
dataset7_CLINIC_metal_0020_data,0,207,267,4606
dataset7_CLINIC_metal_0020_data,0,208,252,4511
dataset7_CLINIC_metal_0020_data,0,209,205,4432
dataset7_CLINIC_metal_0020_data,0,210,146,4416
dataset7_CLINIC_metal_0020_data,0,211,124,4389
dataset7_CLINIC_metal_0020_data,0,212,126,4417
dataset7_CLINIC_metal_0020_data,0,213,118,4534
dataset7_CLINIC_metal_0020_data,0,214,123,4703
dataset7_CLINIC_metal_0020_data,0,215,133,4826
dataset7_CLINIC_metal_0020_data,0,216,162,4879
dataset7_CLINIC_metal_0020_data,0,217,179,4945
dataset7_CLINIC_metal_0020_data,0,218,200,4969
dataset7_CLINIC_metal_0020_data,0,219,237,5010
dataset7_CLINIC_metal_0020_data,0,220,267,5063
dataset7_CLINIC_metal_0020_data,0,221,318,5110
dataset7_CLINIC_metal_0020_data,0,222,364,5133
dataset7_CLINIC_metal_0020_data,0,223,397,5141
dataset7_CLINIC_metal_0020_data,0,224,414,5181
dataset7_CLINIC_metal_0020_data,0,225,435,5438
dataset7_CLINIC_metal_0020_data,0,226,457,5821
dataset7_CLINIC_metal_0020_data,0,227,461,6137
dataset7_CLINIC_metal_0020_data,0,228,462,6432
dataset7_CLINIC_metal_0020_data,0,229,491,6732
dataset7_CLINIC_metal_0020_data,0,230,446,6995
dataset7_CLINIC_metal_0020_data,0,231,324,7234
dataset7_CLINIC_metal_0020_data,0,232,223,7482
dataset7_CLINIC_metal_0020_data,0,233,215,7711
dataset7_CLINIC_metal_0020_data,0,234,217,7953
dataset7_CLINIC_metal_0020_data,0,235,197,8159
dataset7_CLINIC_metal_0020_data,0,236,174,8333
dataset7_CLINIC_metal_0020_data,0,237,140,8455
dataset7_CLINIC_metal_0020_data,0,238,116,8557
dataset7_CLINIC_metal_0020_data,0,239,142,8593
dataset7_CLINIC_metal_0020_data,0,240,192,8594
dataset7_CLINIC_metal_0020_data,0,241,251,8525
dataset7_CLINIC_metal_0020_data,0,242,290,8392
dataset7_CLINIC_metal_0020_data,0,243,315,8109
dataset7_CLINIC_metal_0020_data,0,244,344,7854
dataset7_CLINIC_metal_0020_data,0,245,356,7688
dataset7_CLINIC_metal_0020_data,0,246,353,7636
dataset7_CLINIC_metal_0020_data,0,247,354,7609
dataset7_CLINIC_metal_0020_data,0,248,356,7590
dataset7_CLINIC_metal_0020_data,0,249,416,7532
dataset7_CLINIC_metal_0020_data,0,250,452,7480
dataset7_CLINIC_metal_0020_data,0,251,465,7415
dataset7_CLINIC_metal_0020_data,0,252,516,7386
dataset7_CLINIC_metal_0020_data,0,253,596,7326
dataset7_CLINIC_metal_0020_data,0,254,668,7268
dataset7_CLINIC_metal_0020_data,0,255,688,7141
dataset7_CLINIC_metal_0020_data,0,256,712,7005
dataset7_CLINIC_metal_0020_data,0,257,734,6854
dataset7_CLINIC_metal_0020_data,0,258,738,6674
dataset7_CLINIC_metal_0020_data,0,259,722,6458
dataset7_CLINIC_metal_0020_data,0,260,693,6227
dataset7_CLINIC_metal_0020_data,0,261,653,5979
dataset7_CLINIC_metal_0020_data,0,262,597,5745
dataset7_CLINIC_metal_0020_data,0,263,518,5483
dataset7_CLINIC_metal_0020_data,0,264,446,5223
dataset7_CLINIC_metal_0020_data,0,265,382,4973
dataset7_CLINIC_metal_0020_data,0,266,319,4732
dataset7_CLINIC_metal_0020_data,0,267,233,4501
dataset7_CLINIC_metal_0020_data,0,268,151,4444
dataset7_CLINIC_metal_0020_data,0,269,120,4411
dataset7_CLINIC_metal_0020_data,0,270,107,4601
dataset7_CLINIC_metal_0020_data,0,271,106,4810
dataset7_CLINIC_metal_0020_data,0,272,106,5092
dataset7_CLINIC_metal_0020_data,0,273,109,5350
dataset7_CLINIC_metal_0020_data,0,274,110,5609
dataset7_CLINIC_metal_0020_data,0,275,108,5871
dataset7_CLINIC_metal_0020_data,0,276,104,6128
dataset7_CLINIC_metal_0020_data,0,277,107,6320
dataset7_CLINIC_metal_0020_data,0,278,109,6515
dataset7_CLINIC_metal_0020_data,0,279,111,6720
dataset7_CLINIC_metal_0020_data,0,280,111,6918
dataset7_CLINIC_metal_0020_data,0,281,110,7168
dataset7_CLINIC_metal_0020_data,0,282,115,7365
dataset7_CLINIC_metal_0020_data,0,283,179,7604
dataset7_CLINIC_metal_0020_data,0,284,244,7782
dataset7_CLINIC_metal_0020_data,0,285,416,7957
dataset7_CLINIC_metal_0020_data,0,286,547,8078
dataset7_CLINIC_metal_0020_data,0,287,665,8174
dataset7_CLINIC_metal_0020_data,0,288,777,8224
dataset7_CLINIC_metal_0020_data,0,289,898,8277
dataset7_CLINIC_metal_0020_data,0,290,927,8276
dataset7_CLINIC_metal_0020_data,0,291,911,8243
dataset7_CLINIC_metal_0020_data,0,292,895,8183
dataset7_CLINIC_metal_0020_data,0,293,863,8100
dataset7_CLINIC_metal_0020_data,0,294,816,7985
dataset7_CLINIC_metal_0020_data,0,295,761,7853
dataset7_CLINIC_metal_0020_data,0,296,687,7665
dataset7_CLINIC_metal_0020_data,0,297,628,7458
dataset7_CLINIC_metal_0020_data,0,298,573,7232
dataset7_CLINIC_metal_0020_data,0,299,444,6956
dataset7_CLINIC_metal_0020_data,0,300,377,6670
dataset7_CLINIC_metal_0020_data,0,301,332,6341
dataset7_CLINIC_metal_0020_data,0,302,233,5975
dataset7_CLINIC_metal_0020_data,0,303,100,5554
dataset7_CLINIC_metal_0020_data,0,304,55,5095
dataset7_CLINIC_metal_0020_data,0,305,53,4618
dataset7_CLINIC_metal_0020_data,0,306,54,4188
dataset7_CLINIC_metal_0020_data,0,307,53,3764
dataset7_CLINIC_metal_0020_data,0,308,54,3438
dataset7_CLINIC_metal_0020_data,0,309,53,3127
dataset7_CLINIC_metal_0020_data,0,310,44,2810
dataset7_CLINIC_metal_0020_data,0,311,10,2535
dataset7_CLINIC_metal_0020_data,0,312,0,2262
dataset7_CLINIC_metal_0020_data,0,313,0,1989
dataset7_CLINIC_metal_0020_data,0,314,0,1712
dataset7_CLINIC_metal_0020_data,0,315,0,1456
dataset7_CLINIC_metal_0020_data,0,316,0,1235
dataset7_CLINIC_metal_0020_data,0,317,0,1021
dataset7_CLINIC_metal_0020_data,0,318,0,922
dataset7_CLINIC_metal_0020_data,0,319,0,837
dataset7_CLINIC_metal_0020_data,0,320,0,768
dataset7_CLINIC_metal_0020_data,0,321,0,663
dataset7_CLINIC_metal_0020_data,0,322,0,547
dataset7_CLINIC_metal_0020_data,0,323,0,439
dataset7_CLINIC_metal_0020_data,0,324,0,304
dataset7_CLINIC_metal_0020_data,0,325,0,156
dataset7_CLINIC_metal_0022_data,0,147,0,102
dataset7_CLINIC_metal_0022_data,0,148,0,198
dataset7_CLINIC_metal_0022_data,0,149,0,303
dataset7_CLINIC_metal_0022_data,0,150,0,402
dataset7_CLINIC_metal_0022_data,0,151,0,487
dataset7_CLINIC_metal_0022_data,0,152,0,565
dataset7_CLINIC_metal_0022_data,0,153,0,644
dataset7_CLINIC_metal_0022_data,0,154,0,730
dataset7_CLINIC_metal_0022_data,0,155,0,867
dataset7_CLINIC_metal_0022_data,0,156,0,1027
dataset7_CLINIC_metal_0022_data,0,157,0,1292
dataset7_CLINIC_metal_0022_data,0,158,0,1629
dataset7_CLINIC_metal_0022_data,0,159,0,2023
dataset7_CLINIC_metal_0022_data,0,160,0,2439
dataset7_CLINIC_metal_0022_data,0,161,6,2885
dataset7_CLINIC_metal_0022_data,0,162,30,3345
dataset7_CLINIC_metal_0022_data,0,163,47,3809
dataset7_CLINIC_metal_0022_data,0,164,62,4275
dataset7_CLINIC_metal_0022_data,0,165,85,4740
dataset7_CLINIC_metal_0022_data,0,166,94,5222
dataset7_CLINIC_metal_0022_data,0,167,109,5731
dataset7_CLINIC_metal_0022_data,0,168,115,6348
dataset7_CLINIC_metal_0022_data,0,169,167,6949
dataset7_CLINIC_metal_0022_data,0,170,258,7515
dataset7_CLINIC_metal_0022_data,0,171,374,8102
dataset7_CLINIC_metal_0022_data,0,172,480,8672
dataset7_CLINIC_metal_0022_data,0,173,596,9094
dataset7_CLINIC_metal_0022_data,0,174,670,9464
dataset7_CLINIC_metal_0022_data,0,175,675,9755
dataset7_CLINIC_metal_0022_data,0,176,587,9962
dataset7_CLINIC_metal_0022_data,0,177,591,10195
dataset7_CLINIC_metal_0022_data,0,178,598,10363
dataset7_CLINIC_metal_0022_data,0,179,614,10543
dataset7_CLINIC_metal_0022_data,0,180,567,10675
dataset7_CLINIC_metal_0022_data,0,181,534,10797
dataset7_CLINIC_metal_0022_data,0,182,547,10901
dataset7_CLINIC_metal_0022_data,0,183,588,10972
dataset7_CLINIC_metal_0022_data,0,184,589,11019
dataset7_CLINIC_metal_0022_data,0,185,601,11037
dataset7_CLINIC_metal_0022_data,0,186,613,11023
dataset7_CLINIC_metal_0022_data,0,187,629,10983
dataset7_CLINIC_metal_0022_data,0,188,597,10867
dataset7_CLINIC_metal_0022_data,0,189,581,10696
dataset7_CLINIC_metal_0022_data,0,190,571,10414
dataset7_CLINIC_metal_0022_data,0,191,533,10018
dataset7_CLINIC_metal_0022_data,0,192,487,9608
dataset7_CLINIC_metal_0022_data,0,193,457,9190
dataset7_CLINIC_metal_0022_data,0,194,446,8790
dataset7_CLINIC_metal_0022_data,0,195,392,8344
dataset7_CLINIC_metal_0022_data,0,196,337,7885
dataset7_CLINIC_metal_0022_data,0,197,266,7424
dataset7_CLINIC_metal_0022_data,0,198,202,6933
dataset7_CLINIC_metal_0022_data,0,199,142,6497
dataset7_CLINIC_metal_0022_data,0,200,139,6055
dataset7_CLINIC_metal_0022_data,0,201,146,5623
dataset7_CLINIC_metal_0022_data,0,202,134,5194
dataset7_CLINIC_metal_0022_data,0,203,126,4774
dataset7_CLINIC_metal_0022_data,0,204,110,4352
dataset7_CLINIC_metal_0022_data,0,205,89,3947
dataset7_CLINIC_metal_0022_data,0,206,62,3593
dataset7_CLINIC_metal_0022_data,0,207,35,3283
dataset7_CLINIC_metal_0022_data,0,208,0,2981
dataset7_CLINIC_metal_0022_data,0,209,0,2736
dataset7_CLINIC_metal_0022_data,0,210,0,2410
dataset7_CLINIC_metal_0022_data,0,211,0,2030
dataset7_CLINIC_metal_0022_data,0,212,0,1735
dataset7_CLINIC_metal_0022_data,0,213,0,1436
dataset7_CLINIC_metal_0022_data,0,214,0,1188
dataset7_CLINIC_metal_0022_data,0,215,0,1028
dataset7_CLINIC_metal_0022_data,0,216,0,883
dataset7_CLINIC_metal_0022_data,0,217,0,744
dataset7_CLINIC_metal_0022_data,0,218,0,607
dataset7_CLINIC_metal_0022_data,0,219,0,475
dataset7_CLINIC_metal_0022_data,0,220,0,345
dataset7_CLINIC_metal_0022_data,0,221,0,204
dataset7_CLINIC_metal_0025_data,0,185,0,108
dataset7_CLINIC_metal_0025_data,0,186,0,198
dataset7_CLINIC_metal_0025_data,0,187,0,268
dataset7_CLINIC_metal_0025_data,0,188,0,346
dataset7_CLINIC_metal_0025_data,0,189,0,421
dataset7_CLINIC_metal_0025_data,0,190,0,492
dataset7_CLINIC_metal_0025_data,0,191,0,560
dataset7_CLINIC_metal_0025_data,0,192,0,619
dataset7_CLINIC_metal_0025_data,0,193,0,682
dataset7_CLINIC_metal_0025_data,0,194,0,749
dataset7_CLINIC_metal_0025_data,0,195,0,802
dataset7_CLINIC_metal_0025_data,0,196,0,864
dataset7_CLINIC_metal_0025_data,0,197,0,1024
dataset7_CLINIC_metal_0025_data,0,198,0,1127
dataset7_CLINIC_metal_0025_data,0,199,4,1304
dataset7_CLINIC_metal_0025_data,0,200,14,1489
dataset7_CLINIC_metal_0025_data,0,201,21,1677
dataset7_CLINIC_metal_0025_data,0,202,29,1857
dataset7_CLINIC_metal_0025_data,0,203,32,2041
dataset7_CLINIC_metal_0025_data,0,204,32,2231
dataset7_CLINIC_metal_0025_data,0,205,32,2411
dataset7_CLINIC_metal_0025_data,0,206,33,2588
dataset7_CLINIC_metal_0025_data,0,207,29,2755
dataset7_CLINIC_metal_0025_data,0,208,27,2896
dataset7_CLINIC_metal_0025_data,0,209,28,3019
dataset7_CLINIC_metal_0025_data,0,210,31,3120
dataset7_CLINIC_metal_0025_data,0,211,42,3201
dataset7_CLINIC_metal_0025_data,0,212,56,3278
dataset7_CLINIC_metal_0025_data,0,213,79,3325
dataset7_CLINIC_metal_0025_data,0,214,116,3368
dataset7_CLINIC_metal_0025_data,0,215,145,3396
dataset7_CLINIC_metal_0025_data,0,216,170,3423
dataset7_CLINIC_metal_0025_data,0,217,193,3437
dataset7_CLINIC_metal_0025_data,0,218,209,3437
dataset7_CLINIC_metal_0025_data,0,219,216,3433
dataset7_CLINIC_metal_0025_data,0,220,227,3411
dataset7_CLINIC_metal_0025_data,0,221,246,3387
dataset7_CLINIC_metal_0025_data,0,222,256,3372
dataset7_CLINIC_metal_0025_data,0,223,237,3507
dataset7_CLINIC_metal_0025_data,0,224,219,3575
dataset7_CLINIC_metal_0025_data,0,225,188,3614
dataset7_CLINIC_metal_0025_data,0,226,169,3667
dataset7_CLINIC_metal_0025_data,0,227,162,3704
dataset7_CLINIC_metal_0025_data,0,228,148,3759
dataset7_CLINIC_metal_0025_data,0,229,129,3909
dataset7_CLINIC_metal_0025_data,0,230,114,4121
dataset7_CLINIC_metal_0025_data,0,231,104,4152
dataset7_CLINIC_metal_0025_data,0,232,96,4140
dataset7_CLINIC_metal_0025_data,0,233,94,4089
dataset7_CLINIC_metal_0025_data,0,234,88,4032
dataset7_CLINIC_metal_0025_data,0,235,90,3957
dataset7_CLINIC_metal_0025_data,0,236,93,3895
dataset7_CLINIC_metal_0025_data,0,237,109,3831
dataset7_CLINIC_metal_0025_data,0,238,125,3753
dataset7_CLINIC_metal_0025_data,0,239,137,3656
dataset7_CLINIC_metal_0025_data,0,240,135,3608
dataset7_CLINIC_metal_0025_data,0,241,152,3586
dataset7_CLINIC_metal_0025_data,0,242,172,3574
dataset7_CLINIC_metal_0025_data,0,243,276,3555
dataset7_CLINIC_metal_0025_data,0,244,425,3545
dataset7_CLINIC_metal_0025_data,0,245,434,3533
dataset7_CLINIC_metal_0025_data,0,246,368,3538
dataset7_CLINIC_metal_0025_data,0,247,213,3531
dataset7_CLINIC_metal_0025_data,0,248,189,3518
dataset7_CLINIC_metal_0025_data,0,249,183,3509
dataset7_CLINIC_metal_0025_data,0,250,166,3489
dataset7_CLINIC_metal_0025_data,0,251,155,3473
dataset7_CLINIC_metal_0025_data,0,252,166,3436
dataset7_CLINIC_metal_0025_data,0,253,169,3396
dataset7_CLINIC_metal_0025_data,0,254,169,3367
dataset7_CLINIC_metal_0025_data,0,255,169,3312
dataset7_CLINIC_metal_0025_data,0,256,161,3345
dataset7_CLINIC_metal_0025_data,0,257,147,3328
dataset7_CLINIC_metal_0025_data,0,258,147,3280
dataset7_CLINIC_metal_0025_data,0,259,151,3229
dataset7_CLINIC_metal_0025_data,0,260,163,3136
dataset7_CLINIC_metal_0025_data,0,261,160,2938
dataset7_CLINIC_metal_0025_data,0,262,144,2903
dataset7_CLINIC_metal_0025_data,0,263,127,2871
dataset7_CLINIC_metal_0025_data,0,264,114,2843
dataset7_CLINIC_metal_0025_data,0,265,100,2819
dataset7_CLINIC_metal_0025_data,0,266,77,2784
dataset7_CLINIC_metal_0025_data,0,267,72,2748
dataset7_CLINIC_metal_0025_data,0,268,91,2704
dataset7_CLINIC_metal_0025_data,0,269,111,2682
dataset7_CLINIC_metal_0025_data,0,270,141,2666
dataset7_CLINIC_metal_0025_data,0,271,187,2621
dataset7_CLINIC_metal_0025_data,0,272,221,2574
dataset7_CLINIC_metal_0025_data,0,273,225,2512
dataset7_CLINIC_metal_0025_data,0,274,207,2442
dataset7_CLINIC_metal_0025_data,0,275,152,2372
dataset7_CLINIC_metal_0025_data,0,276,112,2282
dataset7_CLINIC_metal_0025_data,0,277,91,2205
dataset7_CLINIC_metal_0025_data,0,278,83,2125
dataset7_CLINIC_metal_0025_data,0,279,73,2034
dataset7_CLINIC_metal_0025_data,0,280,61,1936
dataset7_CLINIC_metal_0025_data,0,281,55,1832
dataset7_CLINIC_metal_0025_data,0,282,48,1716
dataset7_CLINIC_metal_0025_data,0,283,40,1612
dataset7_CLINIC_metal_0025_data,0,284,29,1500
dataset7_CLINIC_metal_0025_data,0,285,17,1378
dataset7_CLINIC_metal_0025_data,0,286,0,1258
dataset7_CLINIC_metal_0025_data,0,287,0,1154
dataset7_CLINIC_metal_0025_data,0,288,0,1057
dataset7_CLINIC_metal_0025_data,0,289,0,955
dataset7_CLINIC_metal_0025_data,0,290,0,885
dataset7_CLINIC_metal_0025_data,0,291,0,812
dataset7_CLINIC_metal_0025_data,0,292,0,737
dataset7_CLINIC_metal_0025_data,0,293,0,662
dataset7_CLINIC_metal_0025_data,0,294,0,590
dataset7_CLINIC_metal_0025_data,0,295,0,507
dataset7_CLINIC_metal_0025_data,0,296,0,428
dataset7_CLINIC_metal_0025_data,0,297,0,346
dataset7_CLINIC_metal_0025_data,0,298,0,263
dataset7_CLINIC_metal_0025_data,0,299,0,158
dataset7_CLINIC_metal_0025_data,1,52,0,148
dataset7_CLINIC_metal_0025_data,1,53,0,250
dataset7_CLINIC_metal_0025_data,1,54,0,326
dataset7_CLINIC_metal_0025_data,1,55,0,410
dataset7_CLINIC_metal_0025_data,1,56,0,484
dataset7_CLINIC_metal_0025_data,1,57,0,564
dataset7_CLINIC_metal_0025_data,1,58,0,631
dataset7_CLINIC_metal_0025_data,1,59,0,744
dataset7_CLINIC_metal_0025_data,1,60,0,848
dataset7_CLINIC_metal_0025_data,1,61,0,940
dataset7_CLINIC_metal_0025_data,1,62,0,1029
dataset7_CLINIC_metal_0025_data,1,63,0,1110
dataset7_CLINIC_metal_0025_data,1,64,0,1199
dataset7_CLINIC_metal_0025_data,1,65,0,1274
dataset7_CLINIC_metal_0025_data,1,66,14,1344
dataset7_CLINIC_metal_0025_data,1,67,24,1414
dataset7_CLINIC_metal_0025_data,1,68,31,1483
dataset7_CLINIC_metal_0025_data,1,69,32,1540
dataset7_CLINIC_metal_0025_data,1,70,38,1600
dataset7_CLINIC_metal_0025_data,1,71,36,1653
dataset7_CLINIC_metal_0025_data,1,72,37,1705
dataset7_CLINIC_metal_0025_data,1,73,41,1857
dataset7_CLINIC_metal_0025_data,1,74,49,1964
dataset7_CLINIC_metal_0025_data,1,75,59,2053
dataset7_CLINIC_metal_0025_data,1,76,61,2129
dataset7_CLINIC_metal_0025_data,1,77,67,2195
dataset7_CLINIC_metal_0025_data,1,78,75,2250
dataset7_CLINIC_metal_0025_data,1,79,87,2292
dataset7_CLINIC_metal_0025_data,1,80,91,2336
dataset7_CLINIC_metal_0025_data,1,81,90,2356
dataset7_CLINIC_metal_0025_data,1,82,96,2387
dataset7_CLINIC_metal_0025_data,1,83,92,2407
dataset7_CLINIC_metal_0025_data,1,84,102,2420
dataset7_CLINIC_metal_0025_data,1,85,104,2413
dataset7_CLINIC_metal_0025_data,1,86,101,2409
dataset7_CLINIC_metal_0025_data,1,87,100,2396
dataset7_CLINIC_metal_0025_data,1,88,124,2367
dataset7_CLINIC_metal_0025_data,1,89,141,2359
dataset7_CLINIC_metal_0025_data,1,90,154,2323
dataset7_CLINIC_metal_0025_data,1,91,168,2297
dataset7_CLINIC_metal_0025_data,1,92,162,2306
dataset7_CLINIC_metal_0025_data,1,93,145,2318
dataset7_CLINIC_metal_0025_data,1,94,142,2313
dataset7_CLINIC_metal_0025_data,1,95,135,2322
dataset7_CLINIC_metal_0025_data,1,96,128,2344
dataset7_CLINIC_metal_0025_data,1,97,124,2359
dataset7_CLINIC_metal_0025_data,1,98,124,2366
dataset7_CLINIC_metal_0025_data,1,99,122,2378
dataset7_CLINIC_metal_0025_data,1,100,119,2385
dataset7_CLINIC_metal_0025_data,1,101,116,2386
dataset7_CLINIC_metal_0025_data,1,102,117,2400
dataset7_CLINIC_metal_0025_data,1,103,118,2432
dataset7_CLINIC_metal_0025_data,1,104,125,2466
dataset7_CLINIC_metal_0025_data,1,105,128,2510
dataset7_CLINIC_metal_0025_data,1,106,143,2543
dataset7_CLINIC_metal_0025_data,1,107,166,2568
dataset7_CLINIC_metal_0025_data,1,108,170,2597
dataset7_CLINIC_metal_0025_data,1,109,171,2624
dataset7_CLINIC_metal_0025_data,1,110,175,2648
dataset7_CLINIC_metal_0025_data,1,111,164,2810
dataset7_CLINIC_metal_0025_data,1,112,157,2944
dataset7_CLINIC_metal_0025_data,1,113,151,3092
dataset7_CLINIC_metal_0025_data,1,114,149,3238
dataset7_CLINIC_metal_0025_data,1,115,148,3390
dataset7_CLINIC_metal_0025_data,1,116,143,3543
dataset7_CLINIC_metal_0025_data,1,117,144,3710
dataset7_CLINIC_metal_0025_data,1,118,144,3843
dataset7_CLINIC_metal_0025_data,1,119,143,4005
dataset7_CLINIC_metal_0025_data,1,120,141,4156
dataset7_CLINIC_metal_0025_data,1,121,126,4307
dataset7_CLINIC_metal_0025_data,1,122,133,4446
dataset7_CLINIC_metal_0025_data,1,123,151,4568
dataset7_CLINIC_metal_0025_data,1,124,154,4667
dataset7_CLINIC_metal_0025_data,1,125,165,4745
dataset7_CLINIC_metal_0025_data,1,126,187,4802
dataset7_CLINIC_metal_0025_data,1,127,217,4852
dataset7_CLINIC_metal_0025_data,1,128,233,4892
dataset7_CLINIC_metal_0025_data,1,129,230,4902
dataset7_CLINIC_metal_0025_data,1,130,219,4909
dataset7_CLINIC_metal_0025_data,1,131,212,4923
dataset7_CLINIC_metal_0025_data,1,132,207,4938
dataset7_CLINIC_metal_0025_data,1,133,199,4943
dataset7_CLINIC_metal_0025_data,1,134,188,4930
dataset7_CLINIC_metal_0025_data,1,135,172,4911
dataset7_CLINIC_metal_0025_data,1,136,173,4887
dataset7_CLINIC_metal_0025_data,1,137,177,4843
dataset7_CLINIC_metal_0025_data,1,138,181,4813
dataset7_CLINIC_metal_0025_data,1,139,193,4773
dataset7_CLINIC_metal_0025_data,1,140,218,4737
dataset7_CLINIC_metal_0025_data,1,141,238,4720
dataset7_CLINIC_metal_0025_data,1,142,215,4714
dataset7_CLINIC_metal_0025_data,1,143,185,4726
dataset7_CLINIC_metal_0025_data,1,144,188,4757
dataset7_CLINIC_metal_0025_data,1,145,256,4812
dataset7_CLINIC_metal_0025_data,1,146,353,4845
dataset7_CLINIC_metal_0025_data,1,147,394,4883
dataset7_CLINIC_metal_0025_data,1,148,258,4934
dataset7_CLINIC_metal_0025_data,1,149,165,4980
dataset7_CLINIC_metal_0025_data,1,150,124,5006
dataset7_CLINIC_metal_0025_data,1,151,104,5026
dataset7_CLINIC_metal_0025_data,1,152,88,5024
dataset7_CLINIC_metal_0025_data,1,153,117,5062
dataset7_CLINIC_metal_0025_data,1,154,222,5081
dataset7_CLINIC_metal_0025_data,1,155,354,5087
dataset7_CLINIC_metal_0025_data,1,156,424,5103
dataset7_CLINIC_metal_0025_data,1,157,367,5085
dataset7_CLINIC_metal_0025_data,1,158,350,5038
dataset7_CLINIC_metal_0025_data,1,159,260,5006
dataset7_CLINIC_metal_0025_data,1,160,200,4951
dataset7_CLINIC_metal_0025_data,1,161,166,4884
dataset7_CLINIC_metal_0025_data,1,162,142,4804
dataset7_CLINIC_metal_0025_data,1,163,110,4686
dataset7_CLINIC_metal_0025_data,1,164,98,4586
dataset7_CLINIC_metal_0025_data,1,165,89,4477
dataset7_CLINIC_metal_0025_data,1,166,84,4361
dataset7_CLINIC_metal_0025_data,1,167,97,4270
dataset7_CLINIC_metal_0025_data,1,168,110,4177
dataset7_CLINIC_metal_0025_data,1,169,111,4102
dataset7_CLINIC_metal_0025_data,1,170,122,3989
dataset7_CLINIC_metal_0025_data,1,171,124,3631
dataset7_CLINIC_metal_0025_data,1,172,130,3649
dataset7_CLINIC_metal_0025_data,1,173,140,3729
dataset7_CLINIC_metal_0025_data,1,174,156,3784
dataset7_CLINIC_metal_0025_data,1,175,174,3842
dataset7_CLINIC_metal_0025_data,1,176,203,3898
dataset7_CLINIC_metal_0025_data,1,177,244,3945
dataset7_CLINIC_metal_0025_data,1,178,272,3985
dataset7_CLINIC_metal_0025_data,1,179,292,4014
dataset7_CLINIC_metal_0025_data,1,180,294,4037
dataset7_CLINIC_metal_0025_data,1,181,280,4047
dataset7_CLINIC_metal_0025_data,1,182,249,4063
dataset7_CLINIC_metal_0025_data,1,183,191,4074
dataset7_CLINIC_metal_0025_data,1,184,145,4066
dataset7_CLINIC_metal_0025_data,1,185,114,4049
dataset7_CLINIC_metal_0025_data,1,186,107,4029
dataset7_CLINIC_metal_0025_data,1,187,110,3990
dataset7_CLINIC_metal_0025_data,1,188,112,3928
dataset7_CLINIC_metal_0025_data,1,189,115,3840
dataset7_CLINIC_metal_0025_data,1,190,126,3764
dataset7_CLINIC_metal_0025_data,1,191,142,3650
dataset7_CLINIC_metal_0025_data,1,192,165,3525
dataset7_CLINIC_metal_0025_data,1,193,185,3393
dataset7_CLINIC_metal_0025_data,1,194,198,3219
dataset7_CLINIC_metal_0025_data,1,195,156,2965
dataset7_CLINIC_metal_0025_data,1,196,135,2741
dataset7_CLINIC_metal_0025_data,1,197,126,2509
dataset7_CLINIC_metal_0025_data,1,198,96,2262
dataset7_CLINIC_metal_0025_data,1,199,54,2156
dataset7_CLINIC_metal_0025_data,1,200,17,2077
dataset7_CLINIC_metal_0025_data,1,201,0,2015
dataset7_CLINIC_metal_0025_data,1,202,0,1925
dataset7_CLINIC_metal_0025_data,1,203,0,1856
dataset7_CLINIC_metal_0025_data,1,204,0,1767
dataset7_CLINIC_metal_0025_data,1,205,0,1661
dataset7_CLINIC_metal_0025_data,1,206,0,1556
dataset7_CLINIC_metal_0025_data,1,207,0,1435
dataset7_CLINIC_metal_0025_data,1,208,0,1306
dataset7_CLINIC_metal_0025_data,1,209,0,1154
dataset7_CLINIC_metal_0025_data,1,210,0,1001
dataset7_CLINIC_metal_0025_data,1,211,0,837
dataset7_CLINIC_metal_0025_data,1,212,0,636
dataset7_CLINIC_metal_0025_data,1,213,0,431
dataset7_CLINIC_metal_0025_data,1,214,0,161
dataset7_CLINIC_metal_0025_data,2,94,0,116
dataset7_CLINIC_metal_0025_data,2,95,0,209
dataset7_CLINIC_metal_0025_data,2,96,0,291
dataset7_CLINIC_metal_0025_data,2,97,0,369
dataset7_CLINIC_metal_0025_data,2,98,0,443
dataset7_CLINIC_metal_0025_data,2,99,0,520
dataset7_CLINIC_metal_0025_data,2,100,0,598
dataset7_CLINIC_metal_0025_data,2,101,0,657
dataset7_CLINIC_metal_0025_data,2,102,0,738
dataset7_CLINIC_metal_0025_data,2,103,0,807
dataset7_CLINIC_metal_0025_data,2,104,0,870
dataset7_CLINIC_metal_0025_data,2,105,0,933
dataset7_CLINIC_metal_0025_data,2,106,0,985
dataset7_CLINIC_metal_0025_data,2,107,0,1050
dataset7_CLINIC_metal_0025_data,2,108,6,1104
dataset7_CLINIC_metal_0025_data,2,109,21,1151
dataset7_CLINIC_metal_0025_data,2,110,27,1204
dataset7_CLINIC_metal_0025_data,2,111,31,1247
dataset7_CLINIC_metal_0025_data,2,112,34,1285
dataset7_CLINIC_metal_0025_data,2,113,36,1320
dataset7_CLINIC_metal_0025_data,2,114,36,1356
dataset7_CLINIC_metal_0025_data,2,115,33,1390
dataset7_CLINIC_metal_0025_data,2,116,36,1423
dataset7_CLINIC_metal_0025_data,2,117,35,1464
dataset7_CLINIC_metal_0025_data,2,118,34,1487
dataset7_CLINIC_metal_0025_data,2,119,33,1509
dataset7_CLINIC_metal_0025_data,2,120,34,1530
dataset7_CLINIC_metal_0025_data,2,121,33,1541
dataset7_CLINIC_metal_0025_data,2,122,31,1544
dataset7_CLINIC_metal_0025_data,2,123,32,1529
dataset7_CLINIC_metal_0025_data,2,124,33,1521
dataset7_CLINIC_metal_0025_data,2,125,31,1516
dataset7_CLINIC_metal_0025_data,2,126,34,1497
dataset7_CLINIC_metal_0025_data,2,127,34,1462
dataset7_CLINIC_metal_0025_data,2,128,34,1438
dataset7_CLINIC_metal_0025_data,2,129,34,1406
dataset7_CLINIC_metal_0025_data,2,130,41,1367
dataset7_CLINIC_metal_0025_data,2,131,51,1332
dataset7_CLINIC_metal_0025_data,2,132,52,1290
dataset7_CLINIC_metal_0025_data,2,133,46,1245
dataset7_CLINIC_metal_0025_data,2,134,41,1200
dataset7_CLINIC_metal_0025_data,2,135,33,1159
dataset7_CLINIC_metal_0025_data,2,136,20,1109
dataset7_CLINIC_metal_0025_data,2,137,0,1059
dataset7_CLINIC_metal_0025_data,2,138,0,1010
dataset7_CLINIC_metal_0025_data,2,139,0,947
dataset7_CLINIC_metal_0025_data,2,140,0,888
dataset7_CLINIC_metal_0025_data,2,141,0,827
dataset7_CLINIC_metal_0025_data,2,142,0,756
dataset7_CLINIC_metal_0025_data,2,143,0,695
dataset7_CLINIC_metal_0025_data,2,144,0,643
dataset7_CLINIC_metal_0025_data,2,145,0,579
dataset7_CLINIC_metal_0025_data,2,146,0,503
dataset7_CLINIC_metal_0025_data,2,147,0,435
dataset7_CLINIC_metal_0025_data,2,148,0,354
dataset7_CLINIC_metal_0025_data,2,149,0,274
dataset7_CLINIC_metal_0025_data,2,150,0,167
dataset7_CLINIC_metal_0026_data,0,159,0,74
dataset7_CLINIC_metal_0026_data,0,160,0,129
dataset7_CLINIC_metal_0026_data,0,161,0,187
dataset7_CLINIC_metal_0026_data,0,162,0,237
dataset7_CLINIC_metal_0026_data,0,163,0,284
dataset7_CLINIC_metal_0026_data,0,164,0,326
dataset7_CLINIC_metal_0026_data,0,165,0,364
dataset7_CLINIC_metal_0026_data,0,166,0,401
dataset7_CLINIC_metal_0026_data,0,167,0,441
dataset7_CLINIC_metal_0026_data,0,168,0,478
dataset7_CLINIC_metal_0026_data,0,169,0,511
dataset7_CLINIC_metal_0026_data,0,170,0,585
dataset7_CLINIC_metal_0026_data,0,171,0,649
dataset7_CLINIC_metal_0026_data,0,172,0,713
dataset7_CLINIC_metal_0026_data,0,173,5,853
dataset7_CLINIC_metal_0026_data,0,174,12,966
dataset7_CLINIC_metal_0026_data,0,175,14,1086
dataset7_CLINIC_metal_0026_data,0,176,17,1203
dataset7_CLINIC_metal_0026_data,0,177,19,1314
dataset7_CLINIC_metal_0026_data,0,178,19,1429
dataset7_CLINIC_metal_0026_data,0,179,20,1549
dataset7_CLINIC_metal_0026_data,0,180,19,1668
dataset7_CLINIC_metal_0026_data,0,181,19,1767
dataset7_CLINIC_metal_0026_data,0,182,20,1847
dataset7_CLINIC_metal_0026_data,0,183,21,1924
dataset7_CLINIC_metal_0026_data,0,184,22,1981
dataset7_CLINIC_metal_0026_data,0,185,33,2031
dataset7_CLINIC_metal_0026_data,0,186,45,2069
dataset7_CLINIC_metal_0026_data,0,187,69,2153
dataset7_CLINIC_metal_0026_data,0,188,87,2228
dataset7_CLINIC_metal_0026_data,0,189,100,2305
dataset7_CLINIC_metal_0026_data,0,190,112,2365
dataset7_CLINIC_metal_0026_data,0,191,120,2429
dataset7_CLINIC_metal_0026_data,0,192,133,2496
dataset7_CLINIC_metal_0026_data,0,193,143,2540
dataset7_CLINIC_metal_0026_data,0,194,155,2586
dataset7_CLINIC_metal_0026_data,0,195,168,2638
dataset7_CLINIC_metal_0026_data,0,196,172,2717
dataset7_CLINIC_metal_0026_data,0,197,160,2795
dataset7_CLINIC_metal_0026_data,0,198,149,2881
dataset7_CLINIC_metal_0026_data,0,199,133,2933
dataset7_CLINIC_metal_0026_data,0,200,114,2970
dataset7_CLINIC_metal_0026_data,0,201,104,2974
dataset7_CLINIC_metal_0026_data,0,202,101,2975
dataset7_CLINIC_metal_0026_data,0,203,101,2948
dataset7_CLINIC_metal_0026_data,0,204,102,2910
dataset7_CLINIC_metal_0026_data,0,205,100,2866
dataset7_CLINIC_metal_0026_data,0,206,104,2808
dataset7_CLINIC_metal_0026_data,0,207,106,2733
dataset7_CLINIC_metal_0026_data,0,208,123,2648
dataset7_CLINIC_metal_0026_data,0,209,140,2576
dataset7_CLINIC_metal_0026_data,0,210,161,2501
dataset7_CLINIC_metal_0026_data,0,211,181,2421
dataset7_CLINIC_metal_0026_data,0,212,180,2346
dataset7_CLINIC_metal_0026_data,0,213,167,2269
dataset7_CLINIC_metal_0026_data,0,214,176,2200
dataset7_CLINIC_metal_0026_data,0,215,190,2157
dataset7_CLINIC_metal_0026_data,0,216,174,2129
dataset7_CLINIC_metal_0026_data,0,217,146,2096
dataset7_CLINIC_metal_0026_data,0,218,130,2066
dataset7_CLINIC_metal_0026_data,0,219,124,2037
dataset7_CLINIC_metal_0026_data,0,220,122,2009
dataset7_CLINIC_metal_0026_data,0,221,137,1978
dataset7_CLINIC_metal_0026_data,0,222,138,1951
dataset7_CLINIC_metal_0026_data,0,223,119,1909
dataset7_CLINIC_metal_0026_data,0,224,105,1868
dataset7_CLINIC_metal_0026_data,0,225,103,1817
dataset7_CLINIC_metal_0026_data,0,226,95,1758
dataset7_CLINIC_metal_0026_data,0,227,92,1681
dataset7_CLINIC_metal_0026_data,0,228,83,1627
dataset7_CLINIC_metal_0026_data,0,229,82,1591
dataset7_CLINIC_metal_0026_data,0,230,91,1589
dataset7_CLINIC_metal_0026_data,0,231,98,1593
dataset7_CLINIC_metal_0026_data,0,232,101,1592
dataset7_CLINIC_metal_0026_data,0,233,97,1589
dataset7_CLINIC_metal_0026_data,0,234,79,1589
dataset7_CLINIC_metal_0026_data,0,235,70,1589
dataset7_CLINIC_metal_0026_data,0,236,59,1582
dataset7_CLINIC_metal_0026_data,0,237,46,1577
dataset7_CLINIC_metal_0026_data,0,238,36,1576
dataset7_CLINIC_metal_0026_data,0,239,39,1578
dataset7_CLINIC_metal_0026_data,0,240,50,1582
dataset7_CLINIC_metal_0026_data,0,241,64,1571
dataset7_CLINIC_metal_0026_data,0,242,70,1558
dataset7_CLINIC_metal_0026_data,0,243,88,1545
dataset7_CLINIC_metal_0026_data,0,244,97,1520
dataset7_CLINIC_metal_0026_data,0,245,126,1495
dataset7_CLINIC_metal_0026_data,0,246,135,1465
dataset7_CLINIC_metal_0026_data,0,247,126,1433
dataset7_CLINIC_metal_0026_data,0,248,108,1398
dataset7_CLINIC_metal_0026_data,0,249,84,1362
dataset7_CLINIC_metal_0026_data,0,250,70,1316
dataset7_CLINIC_metal_0026_data,0,251,57,1265
dataset7_CLINIC_metal_0026_data,0,252,48,1218
dataset7_CLINIC_metal_0026_data,0,253,41,1172
dataset7_CLINIC_metal_0026_data,0,254,35,1117
dataset7_CLINIC_metal_0026_data,0,255,31,1057
dataset7_CLINIC_metal_0026_data,0,256,27,997
dataset7_CLINIC_metal_0026_data,0,257,19,930
dataset7_CLINIC_metal_0026_data,0,258,10,875
dataset7_CLINIC_metal_0026_data,0,259,4,815
dataset7_CLINIC_metal_0026_data,0,260,0,749
dataset7_CLINIC_metal_0026_data,0,261,0,679
dataset7_CLINIC_metal_0026_data,0,262,0,609
dataset7_CLINIC_metal_0026_data,0,263,0,543
dataset7_CLINIC_metal_0026_data,0,264,0,494
dataset7_CLINIC_metal_0026_data,0,265,0,443
dataset7_CLINIC_metal_0026_data,0,266,0,400
dataset7_CLINIC_metal_0026_data,0,267,0,356
dataset7_CLINIC_metal_0026_data,0,268,0,312
dataset7_CLINIC_metal_0026_data,0,269,0,263
dataset7_CLINIC_metal_0026_data,0,270,0,214
dataset7_CLINIC_metal_0026_data,0,271,0,172
dataset7_CLINIC_metal_0026_data,0,272,0,120
dataset7_CLINIC_metal_0026_data,0,273,0,68
dataset7_CLINIC_metal_0026_data,1,25,0,78
dataset7_CLINIC_metal_0026_data,1,26,0,132
dataset7_CLINIC_metal_0026_data,1,27,0,186
dataset7_CLINIC_metal_0026_data,1,28,0,232
dataset7_CLINIC_metal_0026_data,1,29,0,281
dataset7_CLINIC_metal_0026_data,1,30,0,330
dataset7_CLINIC_metal_0026_data,1,31,0,380
dataset7_CLINIC_metal_0026_data,1,32,0,419
dataset7_CLINIC_metal_0026_data,1,33,0,497
dataset7_CLINIC_metal_0026_data,1,34,0,550
dataset7_CLINIC_metal_0026_data,1,35,0,611
dataset7_CLINIC_metal_0026_data,1,36,0,656
dataset7_CLINIC_metal_0026_data,1,37,0,715
dataset7_CLINIC_metal_0026_data,1,38,0,758
dataset7_CLINIC_metal_0026_data,1,39,6,806
dataset7_CLINIC_metal_0026_data,1,40,12,849
dataset7_CLINIC_metal_0026_data,1,41,16,887
dataset7_CLINIC_metal_0026_data,1,42,19,926
dataset7_CLINIC_metal_0026_data,1,43,24,955
dataset7_CLINIC_metal_0026_data,1,44,20,993
dataset7_CLINIC_metal_0026_data,1,45,23,1023
dataset7_CLINIC_metal_0026_data,1,46,24,1054
dataset7_CLINIC_metal_0026_data,1,47,28,1136
dataset7_CLINIC_metal_0026_data,1,48,33,1214
dataset7_CLINIC_metal_0026_data,1,49,35,1267
dataset7_CLINIC_metal_0026_data,1,50,36,1325
dataset7_CLINIC_metal_0026_data,1,51,48,1357
dataset7_CLINIC_metal_0026_data,1,52,55,1397
dataset7_CLINIC_metal_0026_data,1,53,53,1428
dataset7_CLINIC_metal_0026_data,1,54,59,1453
dataset7_CLINIC_metal_0026_data,1,55,60,1466
dataset7_CLINIC_metal_0026_data,1,56,59,1485
dataset7_CLINIC_metal_0026_data,1,57,61,1496
dataset7_CLINIC_metal_0026_data,1,58,62,1498
dataset7_CLINIC_metal_0026_data,1,59,61,1492
dataset7_CLINIC_metal_0026_data,1,60,61,1477
dataset7_CLINIC_metal_0026_data,1,61,57,1477
dataset7_CLINIC_metal_0026_data,1,62,79,1457
dataset7_CLINIC_metal_0026_data,1,63,86,1443
dataset7_CLINIC_metal_0026_data,1,64,97,1436
dataset7_CLINIC_metal_0026_data,1,65,105,1439
dataset7_CLINIC_metal_0026_data,1,66,97,1432
dataset7_CLINIC_metal_0026_data,1,67,96,1431
dataset7_CLINIC_metal_0026_data,1,68,92,1438
dataset7_CLINIC_metal_0026_data,1,69,88,1442
dataset7_CLINIC_metal_0026_data,1,70,80,1448
dataset7_CLINIC_metal_0026_data,1,71,76,1459
dataset7_CLINIC_metal_0026_data,1,72,78,1471
dataset7_CLINIC_metal_0026_data,1,73,73,1478
dataset7_CLINIC_metal_0026_data,1,74,70,1482
dataset7_CLINIC_metal_0026_data,1,75,64,1495
dataset7_CLINIC_metal_0026_data,1,76,71,1499
dataset7_CLINIC_metal_0026_data,1,77,70,1528
dataset7_CLINIC_metal_0026_data,1,78,74,1549
dataset7_CLINIC_metal_0026_data,1,79,91,1573
dataset7_CLINIC_metal_0026_data,1,80,95,1592
dataset7_CLINIC_metal_0026_data,1,81,103,1610
dataset7_CLINIC_metal_0026_data,1,82,109,1624
dataset7_CLINIC_metal_0026_data,1,83,108,1632
dataset7_CLINIC_metal_0026_data,1,84,107,1642
dataset7_CLINIC_metal_0026_data,1,85,102,1675
dataset7_CLINIC_metal_0026_data,1,86,100,1779
dataset7_CLINIC_metal_0026_data,1,87,100,1873
dataset7_CLINIC_metal_0026_data,1,88,95,1973
dataset7_CLINIC_metal_0026_data,1,89,94,2055
dataset7_CLINIC_metal_0026_data,1,90,94,2158
dataset7_CLINIC_metal_0026_data,1,91,86,2246
dataset7_CLINIC_metal_0026_data,1,92,90,2349
dataset7_CLINIC_metal_0026_data,1,93,84,2436
dataset7_CLINIC_metal_0026_data,1,94,87,2542
dataset7_CLINIC_metal_0026_data,1,95,81,2637
dataset7_CLINIC_metal_0026_data,1,96,86,2729
dataset7_CLINIC_metal_0026_data,1,97,92,2794
dataset7_CLINIC_metal_0026_data,1,98,95,2864
dataset7_CLINIC_metal_0026_data,1,99,97,2915
dataset7_CLINIC_metal_0026_data,1,100,115,2959
dataset7_CLINIC_metal_0026_data,1,101,130,2988
dataset7_CLINIC_metal_0026_data,1,102,145,3009
dataset7_CLINIC_metal_0026_data,1,103,143,3020
dataset7_CLINIC_metal_0026_data,1,104,143,3029
dataset7_CLINIC_metal_0026_data,1,105,138,3042
dataset7_CLINIC_metal_0026_data,1,106,134,3051
dataset7_CLINIC_metal_0026_data,1,107,128,3070
dataset7_CLINIC_metal_0026_data,1,108,123,3060
dataset7_CLINIC_metal_0026_data,1,109,117,3058
dataset7_CLINIC_metal_0026_data,1,110,110,3049
dataset7_CLINIC_metal_0026_data,1,111,107,3038
dataset7_CLINIC_metal_0026_data,1,112,120,3024
dataset7_CLINIC_metal_0026_data,1,113,135,2990
dataset7_CLINIC_metal_0026_data,1,114,151,2962
dataset7_CLINIC_metal_0026_data,1,115,151,2942
dataset7_CLINIC_metal_0026_data,1,116,136,2932
dataset7_CLINIC_metal_0026_data,1,117,121,2941
dataset7_CLINIC_metal_0026_data,1,118,135,2973
dataset7_CLINIC_metal_0026_data,1,119,177,3004
dataset7_CLINIC_metal_0026_data,1,120,235,3025
dataset7_CLINIC_metal_0026_data,1,121,264,3065
dataset7_CLINIC_metal_0026_data,1,122,208,3084
dataset7_CLINIC_metal_0026_data,1,123,128,3117
dataset7_CLINIC_metal_0026_data,1,124,85,3140
dataset7_CLINIC_metal_0026_data,1,125,69,3148
dataset7_CLINIC_metal_0026_data,1,126,60,3143
dataset7_CLINIC_metal_0026_data,1,127,62,3161
dataset7_CLINIC_metal_0026_data,1,128,118,3181
dataset7_CLINIC_metal_0026_data,1,129,233,3181
dataset7_CLINIC_metal_0026_data,1,130,315,3183
dataset7_CLINIC_metal_0026_data,1,131,337,3181
dataset7_CLINIC_metal_0026_data,1,132,247,3180
dataset7_CLINIC_metal_0026_data,1,133,179,3126
dataset7_CLINIC_metal_0026_data,1,134,137,3096
dataset7_CLINIC_metal_0026_data,1,135,111,3068
dataset7_CLINIC_metal_0026_data,1,136,92,3042
dataset7_CLINIC_metal_0026_data,1,137,78,2976
dataset7_CLINIC_metal_0026_data,1,138,65,2923
dataset7_CLINIC_metal_0026_data,1,139,58,2829
dataset7_CLINIC_metal_0026_data,1,140,57,2774
dataset7_CLINIC_metal_0026_data,1,141,54,2708
dataset7_CLINIC_metal_0026_data,1,142,60,2644
dataset7_CLINIC_metal_0026_data,1,143,73,2586
dataset7_CLINIC_metal_0026_data,1,144,79,2534
dataset7_CLINIC_metal_0026_data,1,145,81,2500
dataset7_CLINIC_metal_0026_data,1,146,80,2362
dataset7_CLINIC_metal_0026_data,1,147,91,2360
dataset7_CLINIC_metal_0026_data,1,148,106,2400
dataset7_CLINIC_metal_0026_data,1,149,112,2433
dataset7_CLINIC_metal_0026_data,1,150,133,2456
dataset7_CLINIC_metal_0026_data,1,151,159,2484
dataset7_CLINIC_metal_0026_data,1,152,181,2505
dataset7_CLINIC_metal_0026_data,1,153,202,2524
dataset7_CLINIC_metal_0026_data,1,154,203,2540
dataset7_CLINIC_metal_0026_data,1,155,179,2544
dataset7_CLINIC_metal_0026_data,1,156,159,2551
dataset7_CLINIC_metal_0026_data,1,157,127,2554
dataset7_CLINIC_metal_0026_data,1,158,93,2550
dataset7_CLINIC_metal_0026_data,1,159,76,2545
dataset7_CLINIC_metal_0026_data,1,160,68,2530
dataset7_CLINIC_metal_0026_data,1,161,68,2509
dataset7_CLINIC_metal_0026_data,1,162,73,2474
dataset7_CLINIC_metal_0026_data,1,163,72,2422
dataset7_CLINIC_metal_0026_data,1,164,75,2362
dataset7_CLINIC_metal_0026_data,1,165,84,2297
dataset7_CLINIC_metal_0026_data,1,166,93,2211
dataset7_CLINIC_metal_0026_data,1,167,117,2127
dataset7_CLINIC_metal_0026_data,1,168,125,2019
dataset7_CLINIC_metal_0026_data,1,169,113,1860
dataset7_CLINIC_metal_0026_data,1,170,94,1687
dataset7_CLINIC_metal_0026_data,1,171,90,1558
dataset7_CLINIC_metal_0026_data,1,172,70,1410
dataset7_CLINIC_metal_0026_data,1,173,42,1352
dataset7_CLINIC_metal_0026_data,1,174,17,1303
dataset7_CLINIC_metal_0026_data,1,175,0,1270
dataset7_CLINIC_metal_0026_data,1,176,0,1226
dataset7_CLINIC_metal_0026_data,1,177,0,1187
dataset7_CLINIC_metal_0026_data,1,178,0,1127
dataset7_CLINIC_metal_0026_data,1,179,0,1075
dataset7_CLINIC_metal_0026_data,1,180,0,1003
dataset7_CLINIC_metal_0026_data,1,181,0,931
dataset7_CLINIC_metal_0026_data,1,182,0,846
dataset7_CLINIC_metal_0026_data,1,183,0,756
dataset7_CLINIC_metal_0026_data,1,184,0,667
dataset7_CLINIC_metal_0026_data,1,185,0,568
dataset7_CLINIC_metal_0026_data,1,186,0,442
dataset7_CLINIC_metal_0026_data,1,187,0,298
dataset7_CLINIC_metal_0026_data,1,188,0,173
dataset7_CLINIC_metal_0026_data,2,68,0,85
dataset7_CLINIC_metal_0026_data,2,69,0,141
dataset7_CLINIC_metal_0026_data,2,70,0,197
dataset7_CLINIC_metal_0026_data,2,71,0,243
dataset7_CLINIC_metal_0026_data,2,72,0,292
dataset7_CLINIC_metal_0026_data,2,73,0,338
dataset7_CLINIC_metal_0026_data,2,74,0,382
dataset7_CLINIC_metal_0026_data,2,75,0,426
dataset7_CLINIC_metal_0026_data,2,76,0,466
dataset7_CLINIC_metal_0026_data,2,77,0,509
dataset7_CLINIC_metal_0026_data,2,78,0,538
dataset7_CLINIC_metal_0026_data,2,79,0,583
dataset7_CLINIC_metal_0026_data,2,80,0,609
dataset7_CLINIC_metal_0026_data,2,81,0,656
dataset7_CLINIC_metal_0026_data,2,82,8,684
dataset7_CLINIC_metal_0026_data,2,83,14,719
dataset7_CLINIC_metal_0026_data,2,84,16,745
dataset7_CLINIC_metal_0026_data,2,85,22,777
dataset7_CLINIC_metal_0026_data,2,86,18,797
dataset7_CLINIC_metal_0026_data,2,87,26,825
dataset7_CLINIC_metal_0026_data,2,88,19,843
dataset7_CLINIC_metal_0026_data,2,89,23,866
dataset7_CLINIC_metal_0026_data,2,90,21,886
dataset7_CLINIC_metal_0026_data,2,91,24,909
dataset7_CLINIC_metal_0026_data,2,92,19,917
dataset7_CLINIC_metal_0026_data,2,93,21,929
dataset7_CLINIC_metal_0026_data,2,94,21,937
dataset7_CLINIC_metal_0026_data,2,95,19,953
dataset7_CLINIC_metal_0026_data,2,96,20,952
dataset7_CLINIC_metal_0026_data,2,97,20,952
dataset7_CLINIC_metal_0026_data,2,98,20,945
dataset7_CLINIC_metal_0026_data,2,99,20,941
dataset7_CLINIC_metal_0026_data,2,100,21,933
dataset7_CLINIC_metal_0026_data,2,101,23,922
dataset7_CLINIC_metal_0026_data,2,102,22,903
dataset7_CLINIC_metal_0026_data,2,103,23,889
dataset7_CLINIC_metal_0026_data,2,104,26,865
dataset7_CLINIC_metal_0026_data,2,105,28,838
dataset7_CLINIC_metal_0026_data,2,106,31,820
dataset7_CLINIC_metal_0026_data,2,107,29,787
dataset7_CLINIC_metal_0026_data,2,108,25,765
dataset7_CLINIC_metal_0026_data,2,109,22,731
dataset7_CLINIC_metal_0026_data,2,110,14,702
dataset7_CLINIC_metal_0026_data,2,111,6,665
dataset7_CLINIC_metal_0026_data,2,112,0,637
dataset7_CLINIC_metal_0026_data,2,113,0,596
dataset7_CLINIC_metal_0026_data,2,114,0,562
dataset7_CLINIC_metal_0026_data,2,115,0,526
dataset7_CLINIC_metal_0026_data,2,116,0,486
dataset7_CLINIC_metal_0026_data,2,117,0,450
dataset7_CLINIC_metal_0026_data,2,118,0,411
dataset7_CLINIC_metal_0026_data,2,119,0,377
dataset7_CLINIC_metal_0026_data,2,120,0,331
dataset7_CLINIC_metal_0026_data,2,121,0,286
dataset7_CLINIC_metal_0026_data,2,122,0,233
dataset7_CLINIC_metal_0026_data,2,123,0,186
dataset7_CLINIC_metal_0026_data,2,124,0,132
dataset7_CLINIC_metal_0026_data,2,125,0,78
dataset7_CLINIC_metal_0026_data,3,177,0,58
dataset7_CLINIC_metal_0026_data,3,178,0,108
dataset7_CLINIC_metal_0026_data,3,179,0,158
dataset7_CLINIC_metal_0026_data,3,180,0,193
dataset7_CLINIC_metal_0026_data,3,181,0,238
dataset7_CLINIC_metal_0026_data,3,182,0,271
dataset7_CLINIC_metal_0026_data,3,183,0,307
dataset7_CLINIC_metal_0026_data,3,184,0,332
dataset7_CLINIC_metal_0026_data,3,185,0,360
dataset7_CLINIC_metal_0026_data,3,186,0,379
dataset7_CLINIC_metal_0026_data,3,187,0,396
dataset7_CLINIC_metal_0026_data,3,188,0,407
dataset7_CLINIC_metal_0026_data,3,189,0,420
dataset7_CLINIC_metal_0026_data,3,190,0,424
dataset7_CLINIC_metal_0026_data,3,191,2,434
dataset7_CLINIC_metal_0026_data,3,192,3,440
dataset7_CLINIC_metal_0026_data,3,193,3,440
dataset7_CLINIC_metal_0026_data,3,194,3,440
dataset7_CLINIC_metal_0026_data,3,195,3,440
dataset7_CLINIC_metal_0026_data,3,196,0,424
dataset7_CLINIC_metal_0026_data,3,197,0,424
dataset7_CLINIC_metal_0026_data,3,198,0,410
dataset7_CLINIC_metal_0026_data,3,199,0,402
dataset7_CLINIC_metal_0026_data,3,201,0,369
dataset7_CLINIC_metal_0026_data,3,202,0,339
dataset7_CLINIC_metal_0026_data,3,204,0,279
dataset7_CLINIC_metal_0026_data,3,205,0,250
dataset7_CLINIC_metal_0026_data,3,206,0,203
dataset7_CLINIC_metal_0026_data,3,207,0,168
dataset7_CLINIC_metal_0026_data,3,208,0,116
dataset7_CLINIC_metal_0026_data,3,209,0,64
dataset7_CLINIC_metal_0026_data,4,187,0,68
dataset7_CLINIC_metal_0026_data,4,188,0,120
dataset7_CLINIC_metal_0026_data,4,189,0,172
dataset7_CLINIC_metal_0026_data,4,190,0,208
dataset7_CLINIC_metal_0026_data,4,191,0,256
dataset7_CLINIC_metal_0026_data,4,192,0,284
dataset7_CLINIC_metal_0026_data,4,193,0,324
dataset7_CLINIC_metal_0026_data,4,194,0,344
dataset7_CLINIC_metal_0026_data,4,195,0,376
dataset7_CLINIC_metal_0026_data,4,196,0,392
dataset7_CLINIC_metal_0026_data,4,197,0,408
dataset7_CLINIC_metal_0026_data,4,198,0,421
dataset7_CLINIC_metal_0026_data,4,199,0,436
dataset7_CLINIC_metal_0026_data,4,200,0,441
dataset7_CLINIC_metal_0026_data,4,201,4,455
dataset7_CLINIC_metal_0026_data,4,202,4,458
dataset7_CLINIC_metal_0026_data,4,203,2,450
dataset7_CLINIC_metal_0026_data,4,204,3,456
dataset7_CLINIC_metal_0026_data,4,205,0,442
dataset7_CLINIC_metal_0026_data,4,206,0,438
dataset7_CLINIC_metal_0026_data,4,207,0,420
dataset7_CLINIC_metal_0026_data,4,208,0,410
dataset7_CLINIC_metal_0026_data,4,209,0,389
dataset7_CLINIC_metal_0026_data,4,210,0,371
dataset7_CLINIC_metal_0026_data,4,211,0,339
dataset7_CLINIC_metal_0026_data,4,212,0,318
dataset7_CLINIC_metal_0026_data,4,213,0,279
dataset7_CLINIC_metal_0026_data,4,214,0,250
dataset7_CLINIC_metal_0026_data,4,215,0,203
dataset7_CLINIC_metal_0026_data,4,216,0,168
dataset7_CLINIC_metal_0026_data,4,217,0,116
dataset7_CLINIC_metal_0026_data,4,218,0,64
dataset7_CLINIC_metal_0026_data,5,195,0,100
dataset7_CLINIC_metal_0026_data,5,196,0,153
dataset7_CLINIC_metal_0026_data,5,197,0,195
dataset7_CLINIC_metal_0026_data,5,198,0,238
dataset7_CLINIC_metal_0026_data,5,199,0,277
dataset7_CLINIC_metal_0026_data,5,200,0,316
dataset7_CLINIC_metal_0026_data,5,201,0,347
dataset7_CLINIC_metal_0026_data,5,202,0,381
dataset7_CLINIC_metal_0026_data,5,203,0,403
dataset7_CLINIC_metal_0026_data,5,204,0,423
dataset7_CLINIC_metal_0026_data,5,205,0,438
dataset7_CLINIC_metal_0026_data,5,206,0,455
dataset7_CLINIC_metal_0026_data,5,207,0,464
dataset7_CLINIC_metal_0026_data,5,208,1,475
dataset7_CLINIC_metal_0026_data,5,209,5,478
dataset7_CLINIC_metal_0026_data,5,210,6,485
dataset7_CLINIC_metal_0026_data,5,211,2,473
dataset7_CLINIC_metal_0026_data,5,212,4,479
dataset7_CLINIC_metal_0026_data,5,213,5,476
dataset7_CLINIC_metal_0026_data,5,214,2,463
dataset7_CLINIC_metal_0026_data,5,215,1,456
dataset7_CLINIC_metal_0026_data,5,216,0,442
dataset7_CLINIC_metal_0026_data,5,217,0,432
dataset7_CLINIC_metal_0026_data,5,218,0,413
dataset7_CLINIC_metal_0026_data,5,219,0,400
dataset7_CLINIC_metal_0026_data,5,220,0,377
dataset7_CLINIC_metal_0026_data,5,221,0,357
dataset7_CLINIC_metal_0026_data,5,222,0,321
dataset7_CLINIC_metal_0026_data,5,223,0,295
dataset7_CLINIC_metal_0026_data,5,224,0,254
dataset7_CLINIC_metal_0026_data,5,225,0,223
dataset7_CLINIC_metal_0026_data,5,226,0,179
dataset7_CLINIC_metal_0026_data,5,227,0,145
dataset7_CLINIC_metal_0026_data,5,228,0,97
dataset7_CLINIC_metal_0027_data,0,70,0,97
dataset7_CLINIC_metal_0027_data,0,71,0,153
dataset7_CLINIC_metal_0027_data,0,72,0,219
dataset7_CLINIC_metal_0027_data,0,73,0,278
dataset7_CLINIC_metal_0027_data,0,74,0,324
dataset7_CLINIC_metal_0027_data,0,75,0,369
dataset7_CLINIC_metal_0027_data,0,76,0,415
dataset7_CLINIC_metal_0027_data,0,77,0,448
dataset7_CLINIC_metal_0027_data,0,78,0,484
dataset7_CLINIC_metal_0027_data,0,79,0,513
dataset7_CLINIC_metal_0027_data,0,80,0,549
dataset7_CLINIC_metal_0027_data,0,81,0,578
dataset7_CLINIC_metal_0027_data,0,82,0,599
dataset7_CLINIC_metal_0027_data,0,83,0,615
dataset7_CLINIC_metal_0027_data,0,84,7,626
dataset7_CLINIC_metal_0027_data,0,85,10,642
dataset7_CLINIC_metal_0027_data,0,86,13,656
dataset7_CLINIC_metal_0027_data,0,87,12,668
dataset7_CLINIC_metal_0027_data,0,88,9,676
dataset7_CLINIC_metal_0027_data,0,89,9,686
dataset7_CLINIC_metal_0027_data,0,90,11,697
dataset7_CLINIC_metal_0027_data,0,91,12,708
dataset7_CLINIC_metal_0027_data,0,92,12,713
dataset7_CLINIC_metal_0027_data,0,93,15,722
dataset7_CLINIC_metal_0027_data,0,94,19,731
dataset7_CLINIC_metal_0027_data,0,95,19,735
dataset7_CLINIC_metal_0027_data,0,96,19,743
dataset7_CLINIC_metal_0027_data,0,97,20,743
dataset7_CLINIC_metal_0027_data,0,98,17,741
dataset7_CLINIC_metal_0027_data,0,99,15,742
dataset7_CLINIC_metal_0027_data,0,100,11,740
dataset7_CLINIC_metal_0027_data,0,101,9,734
dataset7_CLINIC_metal_0027_data,0,102,8,730
dataset7_CLINIC_metal_0027_data,0,103,3,721
dataset7_CLINIC_metal_0027_data,0,104,8,719
dataset7_CLINIC_metal_0027_data,0,105,11,714
dataset7_CLINIC_metal_0027_data,0,106,11,705
dataset7_CLINIC_metal_0027_data,0,107,9,697
dataset7_CLINIC_metal_0027_data,0,108,11,684
dataset7_CLINIC_metal_0027_data,0,109,11,672
dataset7_CLINIC_metal_0027_data,0,110,9,659
dataset7_CLINIC_metal_0027_data,0,111,3,653
dataset7_CLINIC_metal_0027_data,0,112,0,644
dataset7_CLINIC_metal_0027_data,0,113,0,629
dataset7_CLINIC_metal_0027_data,0,114,0,606
dataset7_CLINIC_metal_0027_data,0,115,0,576
dataset7_CLINIC_metal_0027_data,0,116,0,547
dataset7_CLINIC_metal_0027_data,0,117,0,509
dataset7_CLINIC_metal_0027_data,0,118,0,468
dataset7_CLINIC_metal_0027_data,0,119,0,424
dataset7_CLINIC_metal_0027_data,0,120,0,375
dataset7_CLINIC_metal_0027_data,0,121,0,322
dataset7_CLINIC_metal_0027_data,0,122,0,269
dataset7_CLINIC_metal_0027_data,0,123,0,206
dataset7_CLINIC_metal_0027_data,0,124,0,141
dataset7_CLINIC_metal_0027_data,0,125,0,77
dataset7_CLINIC_metal_0027_data,1,49,0,80
dataset7_CLINIC_metal_0027_data,1,50,0,132
dataset7_CLINIC_metal_0027_data,1,51,0,192
dataset7_CLINIC_metal_0027_data,1,52,0,248
dataset7_CLINIC_metal_0027_data,1,53,0,287
dataset7_CLINIC_metal_0027_data,1,54,0,333
dataset7_CLINIC_metal_0027_data,1,55,0,372
dataset7_CLINIC_metal_0027_data,1,56,0,399
dataset7_CLINIC_metal_0027_data,1,57,0,430
dataset7_CLINIC_metal_0027_data,1,58,0,459
dataset7_CLINIC_metal_0027_data,1,59,0,479
dataset7_CLINIC_metal_0027_data,1,60,0,497
dataset7_CLINIC_metal_0027_data,1,61,0,511
dataset7_CLINIC_metal_0027_data,1,62,0,533
dataset7_CLINIC_metal_0027_data,1,63,4,556
dataset7_CLINIC_metal_0027_data,1,64,5,575
dataset7_CLINIC_metal_0027_data,1,65,5,584
dataset7_CLINIC_metal_0027_data,1,66,5,591
dataset7_CLINIC_metal_0027_data,1,67,8,593
dataset7_CLINIC_metal_0027_data,1,68,10,596
dataset7_CLINIC_metal_0027_data,1,69,12,600
dataset7_CLINIC_metal_0027_data,1,70,9,596
dataset7_CLINIC_metal_0027_data,1,71,10,597
dataset7_CLINIC_metal_0027_data,1,72,13,600
dataset7_CLINIC_metal_0027_data,1,73,12,598
dataset7_CLINIC_metal_0027_data,1,74,9,592
dataset7_CLINIC_metal_0027_data,1,75,7,588
dataset7_CLINIC_metal_0027_data,1,76,6,581
dataset7_CLINIC_metal_0027_data,1,77,6,573
dataset7_CLINIC_metal_0027_data,1,78,5,563
dataset7_CLINIC_metal_0027_data,1,79,6,548
dataset7_CLINIC_metal_0027_data,1,80,6,542
dataset7_CLINIC_metal_0027_data,1,81,6,534
dataset7_CLINIC_metal_0027_data,1,82,0,524
dataset7_CLINIC_metal_0027_data,1,83,0,521
dataset7_CLINIC_metal_0027_data,1,84,0,519
dataset7_CLINIC_metal_0027_data,1,85,0,502
dataset7_CLINIC_metal_0027_data,1,86,0,486
dataset7_CLINIC_metal_0027_data,1,87,0,456
dataset7_CLINIC_metal_0027_data,1,88,0,422
dataset7_CLINIC_metal_0027_data,1,89,0,398
dataset7_CLINIC_metal_0027_data,1,90,0,360
dataset7_CLINIC_metal_0027_data,1,91,0,310
dataset7_CLINIC_metal_0027_data,1,92,0,272
dataset7_CLINIC_metal_0027_data,1,93,0,214
dataset7_CLINIC_metal_0027_data,1,94,0,150
dataset7_CLINIC_metal_0027_data,1,95,0,94
dataset7_CLINIC_metal_0027_data,2,253,0,92
dataset7_CLINIC_metal_0027_data,2,254,0,152
dataset7_CLINIC_metal_0027_data,2,255,0,217
dataset7_CLINIC_metal_0027_data,2,256,0,288
dataset7_CLINIC_metal_0027_data,2,257,0,355
dataset7_CLINIC_metal_0027_data,2,258,0,419
dataset7_CLINIC_metal_0027_data,2,259,0,475
dataset7_CLINIC_metal_0027_data,2,260,0,529
dataset7_CLINIC_metal_0027_data,2,261,0,576
dataset7_CLINIC_metal_0027_data,2,262,0,611
dataset7_CLINIC_metal_0027_data,2,263,0,648
dataset7_CLINIC_metal_0027_data,2,264,0,688
dataset7_CLINIC_metal_0027_data,2,265,0,713
dataset7_CLINIC_metal_0027_data,2,266,0,733
dataset7_CLINIC_metal_0027_data,2,267,6,747
dataset7_CLINIC_metal_0027_data,2,268,18,760
dataset7_CLINIC_metal_0027_data,2,269,23,769
dataset7_CLINIC_metal_0027_data,2,270,24,776
dataset7_CLINIC_metal_0027_data,2,271,11,775
dataset7_CLINIC_metal_0027_data,2,272,8,774
dataset7_CLINIC_metal_0027_data,2,273,24,776
dataset7_CLINIC_metal_0027_data,2,274,23,775
dataset7_CLINIC_metal_0027_data,2,275,22,777
dataset7_CLINIC_metal_0027_data,2,276,11,773
dataset7_CLINIC_metal_0027_data,2,277,0,761
dataset7_CLINIC_metal_0027_data,2,278,0,747
dataset7_CLINIC_metal_0027_data,2,279,0,721
dataset7_CLINIC_metal_0027_data,2,280,0,689
dataset7_CLINIC_metal_0027_data,2,281,0,656
dataset7_CLINIC_metal_0027_data,2,282,0,614
dataset7_CLINIC_metal_0027_data,2,283,0,571
dataset7_CLINIC_metal_0027_data,2,284,0,519
dataset7_CLINIC_metal_0027_data,2,285,0,458
dataset7_CLINIC_metal_0027_data,2,286,0,394
dataset7_CLINIC_metal_0027_data,2,287,0,326
dataset7_CLINIC_metal_0027_data,2,288,0,242
dataset7_CLINIC_metal_0027_data,2,289,0,173
dataset7_CLINIC_metal_0027_data,2,290,0,112
dataset7_CLINIC_metal_0027_data,3,212,0,192
dataset7_CLINIC_metal_0027_data,3,213,0,319
dataset7_CLINIC_metal_0027_data,3,214,0,486
dataset7_CLINIC_metal_0027_data,3,215,0,641
dataset7_CLINIC_metal_0027_data,3,216,0,787
dataset7_CLINIC_metal_0027_data,3,217,0,1015
dataset7_CLINIC_metal_0027_data,3,218,0,1195
dataset7_CLINIC_metal_0027_data,3,219,0,1413
dataset7_CLINIC_metal_0027_data,3,220,0,1604
dataset7_CLINIC_metal_0027_data,3,221,0,1775
dataset7_CLINIC_metal_0027_data,3,222,0,1908
dataset7_CLINIC_metal_0027_data,3,223,0,2031
dataset7_CLINIC_metal_0027_data,3,224,0,2134
dataset7_CLINIC_metal_0027_data,3,225,0,2222
dataset7_CLINIC_metal_0027_data,3,226,14,2312
dataset7_CLINIC_metal_0027_data,3,227,42,2388
dataset7_CLINIC_metal_0027_data,3,228,72,2455
dataset7_CLINIC_metal_0027_data,3,229,85,2502
dataset7_CLINIC_metal_0027_data,3,230,93,2543
dataset7_CLINIC_metal_0027_data,3,231,90,2574
dataset7_CLINIC_metal_0027_data,3,232,101,2598
dataset7_CLINIC_metal_0027_data,3,233,119,2620
dataset7_CLINIC_metal_0027_data,3,234,164,2627
dataset7_CLINIC_metal_0027_data,3,235,188,2625
dataset7_CLINIC_metal_0027_data,3,236,205,2661
dataset7_CLINIC_metal_0027_data,3,237,185,2679
dataset7_CLINIC_metal_0027_data,3,238,152,2686
dataset7_CLINIC_metal_0027_data,3,239,124,2695
dataset7_CLINIC_metal_0027_data,3,240,113,2683
dataset7_CLINIC_metal_0027_data,3,241,119,2665
dataset7_CLINIC_metal_0027_data,3,242,127,2632
dataset7_CLINIC_metal_0027_data,3,243,146,2591
dataset7_CLINIC_metal_0027_data,3,244,144,2538
dataset7_CLINIC_metal_0027_data,3,245,106,2488
dataset7_CLINIC_metal_0027_data,3,246,94,2429
dataset7_CLINIC_metal_0027_data,3,247,81,2350
dataset7_CLINIC_metal_0027_data,3,248,73,2277
dataset7_CLINIC_metal_0027_data,3,249,64,2188
dataset7_CLINIC_metal_0027_data,3,250,63,2098
dataset7_CLINIC_metal_0027_data,3,251,79,2020
dataset7_CLINIC_metal_0027_data,3,252,90,1942
dataset7_CLINIC_metal_0027_data,3,253,95,1852
dataset7_CLINIC_metal_0027_data,3,254,100,1798
dataset7_CLINIC_metal_0027_data,3,255,82,1734
dataset7_CLINIC_metal_0027_data,3,256,84,1669
dataset7_CLINIC_metal_0027_data,3,257,94,1609
dataset7_CLINIC_metal_0027_data,3,258,99,1555
dataset7_CLINIC_metal_0027_data,3,259,90,1507
dataset7_CLINIC_metal_0027_data,3,260,85,1469
dataset7_CLINIC_metal_0027_data,3,261,78,1427
dataset7_CLINIC_metal_0027_data,3,262,72,1406
dataset7_CLINIC_metal_0027_data,3,263,64,1392
dataset7_CLINIC_metal_0027_data,3,264,62,1394
dataset7_CLINIC_metal_0027_data,3,265,59,1397
dataset7_CLINIC_metal_0027_data,3,266,50,1396
dataset7_CLINIC_metal_0027_data,3,267,72,1415
dataset7_CLINIC_metal_0027_data,3,268,53,1443
dataset7_CLINIC_metal_0027_data,3,269,46,1465
dataset7_CLINIC_metal_0027_data,3,270,51,1484
dataset7_CLINIC_metal_0027_data,3,271,59,1494
dataset7_CLINIC_metal_0027_data,3,272,53,1499
dataset7_CLINIC_metal_0027_data,3,273,40,1502
dataset7_CLINIC_metal_0027_data,3,274,32,1496
dataset7_CLINIC_metal_0027_data,3,275,30,1480
dataset7_CLINIC_metal_0027_data,3,276,37,1476
dataset7_CLINIC_metal_0027_data,3,277,45,1469
dataset7_CLINIC_metal_0027_data,3,278,56,1463
dataset7_CLINIC_metal_0027_data,3,279,69,1450
dataset7_CLINIC_metal_0027_data,3,280,71,1444
dataset7_CLINIC_metal_0027_data,3,281,70,1438
dataset7_CLINIC_metal_0027_data,3,282,64,1422
dataset7_CLINIC_metal_0027_data,3,283,61,1401
dataset7_CLINIC_metal_0027_data,3,284,55,1378
dataset7_CLINIC_metal_0027_data,3,285,60,1346
dataset7_CLINIC_metal_0027_data,3,286,66,1320
dataset7_CLINIC_metal_0027_data,3,287,80,1287
dataset7_CLINIC_metal_0027_data,3,288,80,1256
dataset7_CLINIC_metal_0027_data,3,289,74,1218
dataset7_CLINIC_metal_0027_data,3,290,68,1181
dataset7_CLINIC_metal_0027_data,3,291,68,1143
dataset7_CLINIC_metal_0027_data,3,292,62,1105
dataset7_CLINIC_metal_0027_data,3,293,56,1064
dataset7_CLINIC_metal_0027_data,3,294,58,1022
dataset7_CLINIC_metal_0027_data,3,295,51,978
dataset7_CLINIC_metal_0027_data,3,296,42,932
dataset7_CLINIC_metal_0027_data,3,297,32,884
dataset7_CLINIC_metal_0027_data,3,298,22,833
dataset7_CLINIC_metal_0027_data,3,299,6,787
dataset7_CLINIC_metal_0027_data,3,300,0,741
dataset7_CLINIC_metal_0027_data,3,301,0,701
dataset7_CLINIC_metal_0027_data,3,302,0,668
dataset7_CLINIC_metal_0027_data,3,303,0,628
dataset7_CLINIC_metal_0027_data,3,304,0,588
dataset7_CLINIC_metal_0027_data,3,305,0,550
dataset7_CLINIC_metal_0027_data,3,306,0,506
dataset7_CLINIC_metal_0027_data,3,307,0,451
dataset7_CLINIC_metal_0027_data,3,308,0,400
dataset7_CLINIC_metal_0027_data,3,309,0,347
dataset7_CLINIC_metal_0027_data,3,310,0,284
dataset7_CLINIC_metal_0027_data,3,311,0,218
dataset7_CLINIC_metal_0027_data,3,312,0,149
dataset7_CLINIC_metal_0027_data,3,313,0,90
dataset7_CLINIC_metal_0027_data,4,104,0,80
dataset7_CLINIC_metal_0027_data,4,105,0,132
dataset7_CLINIC_metal_0027_data,4,106,0,192
dataset7_CLINIC_metal_0027_data,4,107,0,248
dataset7_CLINIC_metal_0027_data,4,108,0,296
dataset7_CLINIC_metal_0027_data,4,109,0,341
dataset7_CLINIC_metal_0027_data,4,110,0,481
dataset7_CLINIC_metal_0027_data,4,111,0,578
dataset7_CLINIC_metal_0027_data,4,112,0,674
dataset7_CLINIC_metal_0027_data,4,113,0,916
dataset7_CLINIC_metal_0027_data,4,114,0,1070
dataset7_CLINIC_metal_0027_data,4,115,0,1248
dataset7_CLINIC_metal_0027_data,4,116,0,1384
dataset7_CLINIC_metal_0027_data,4,117,0,1495
dataset7_CLINIC_metal_0027_data,4,118,4,1683
dataset7_CLINIC_metal_0027_data,4,119,10,1824
dataset7_CLINIC_metal_0027_data,4,120,13,1955
dataset7_CLINIC_metal_0027_data,4,121,13,2059
dataset7_CLINIC_metal_0027_data,4,122,17,2519
dataset7_CLINIC_metal_0027_data,4,123,15,2757
dataset7_CLINIC_metal_0027_data,4,124,23,2926
dataset7_CLINIC_metal_0027_data,4,125,28,3074
dataset7_CLINIC_metal_0027_data,4,126,27,3183
dataset7_CLINIC_metal_0027_data,4,127,39,3287
dataset7_CLINIC_metal_0027_data,4,128,60,3421
dataset7_CLINIC_metal_0027_data,4,129,55,3532
dataset7_CLINIC_metal_0027_data,4,130,61,3635
dataset7_CLINIC_metal_0027_data,4,131,69,3744
dataset7_CLINIC_metal_0027_data,4,132,77,3841
dataset7_CLINIC_metal_0027_data,4,133,79,3911
dataset7_CLINIC_metal_0027_data,4,134,89,3985
dataset7_CLINIC_metal_0027_data,4,135,82,4043
dataset7_CLINIC_metal_0027_data,4,136,170,4088
dataset7_CLINIC_metal_0027_data,4,137,318,4134
dataset7_CLINIC_metal_0027_data,4,138,349,4169
dataset7_CLINIC_metal_0027_data,4,139,343,4190
dataset7_CLINIC_metal_0027_data,4,140,370,4219
dataset7_CLINIC_metal_0027_data,4,141,325,4213
dataset7_CLINIC_metal_0027_data,4,142,299,4207
dataset7_CLINIC_metal_0027_data,4,143,265,4198
dataset7_CLINIC_metal_0027_data,4,144,250,4172
dataset7_CLINIC_metal_0027_data,4,145,251,4148
dataset7_CLINIC_metal_0027_data,4,146,229,4106
dataset7_CLINIC_metal_0027_data,4,147,218,4058
dataset7_CLINIC_metal_0027_data,4,148,188,4001
dataset7_CLINIC_metal_0027_data,4,149,159,3947
dataset7_CLINIC_metal_0027_data,4,150,164,3872
dataset7_CLINIC_metal_0027_data,4,151,169,3803
dataset7_CLINIC_metal_0027_data,4,152,158,3726
dataset7_CLINIC_metal_0027_data,4,153,159,3599
dataset7_CLINIC_metal_0027_data,4,154,155,3444
dataset7_CLINIC_metal_0027_data,4,155,163,3189
dataset7_CLINIC_metal_0027_data,4,156,147,3019
dataset7_CLINIC_metal_0027_data,4,157,123,2802
dataset7_CLINIC_metal_0027_data,4,158,110,2641
dataset7_CLINIC_metal_0027_data,4,159,111,2523
dataset7_CLINIC_metal_0027_data,4,160,111,2533
dataset7_CLINIC_metal_0027_data,4,161,105,2509
dataset7_CLINIC_metal_0027_data,4,162,89,2502
dataset7_CLINIC_metal_0027_data,4,163,60,2506
dataset7_CLINIC_metal_0027_data,4,164,43,2529
dataset7_CLINIC_metal_0027_data,4,165,46,2556
dataset7_CLINIC_metal_0027_data,4,166,39,2563
dataset7_CLINIC_metal_0027_data,4,167,40,2573
dataset7_CLINIC_metal_0027_data,4,168,39,2561
dataset7_CLINIC_metal_0027_data,4,169,37,2540
dataset7_CLINIC_metal_0027_data,4,170,39,2504
dataset7_CLINIC_metal_0027_data,4,171,49,2457
dataset7_CLINIC_metal_0027_data,4,172,56,2400
dataset7_CLINIC_metal_0027_data,4,173,57,2337
dataset7_CLINIC_metal_0027_data,4,174,55,2429
dataset7_CLINIC_metal_0027_data,4,175,68,2447
dataset7_CLINIC_metal_0027_data,4,176,79,2467
dataset7_CLINIC_metal_0027_data,4,177,89,2509
dataset7_CLINIC_metal_0027_data,4,178,88,2472
dataset7_CLINIC_metal_0027_data,4,179,83,2533
dataset7_CLINIC_metal_0027_data,4,180,80,2585
dataset7_CLINIC_metal_0027_data,4,181,81,2616
dataset7_CLINIC_metal_0027_data,4,182,79,2631
dataset7_CLINIC_metal_0027_data,4,183,84,2634
dataset7_CLINIC_metal_0027_data,4,184,89,2621
dataset7_CLINIC_metal_0027_data,4,185,94,2602
dataset7_CLINIC_metal_0027_data,4,186,94,2570
dataset7_CLINIC_metal_0027_data,4,187,83,2524
dataset7_CLINIC_metal_0027_data,4,188,78,2480
dataset7_CLINIC_metal_0027_data,4,189,92,2431
dataset7_CLINIC_metal_0027_data,4,190,114,2389
dataset7_CLINIC_metal_0027_data,4,191,131,2346
dataset7_CLINIC_metal_0027_data,4,192,131,2310
dataset7_CLINIC_metal_0027_data,4,193,113,2288
dataset7_CLINIC_metal_0027_data,4,194,112,2271
dataset7_CLINIC_metal_0027_data,4,195,123,2268
dataset7_CLINIC_metal_0027_data,4,196,136,2411
dataset7_CLINIC_metal_0027_data,4,197,150,2498
dataset7_CLINIC_metal_0027_data,4,198,145,2588
dataset7_CLINIC_metal_0027_data,4,199,118,2679
dataset7_CLINIC_metal_0027_data,4,200,101,2734
dataset7_CLINIC_metal_0027_data,4,201,86,2796
dataset7_CLINIC_metal_0027_data,4,202,79,2829
dataset7_CLINIC_metal_0027_data,4,203,70,2844
dataset7_CLINIC_metal_0027_data,4,204,68,2850
dataset7_CLINIC_metal_0027_data,4,205,76,2874
dataset7_CLINIC_metal_0027_data,4,206,105,2875
dataset7_CLINIC_metal_0027_data,4,207,148,2863
dataset7_CLINIC_metal_0027_data,4,208,166,2857
dataset7_CLINIC_metal_0027_data,4,209,176,2838
dataset7_CLINIC_metal_0027_data,4,210,204,2831
dataset7_CLINIC_metal_0027_data,4,211,215,2825
dataset7_CLINIC_metal_0027_data,4,212,230,2821
dataset7_CLINIC_metal_0027_data,4,213,250,2808
dataset7_CLINIC_metal_0027_data,4,214,254,2789
dataset7_CLINIC_metal_0027_data,4,215,235,2776
dataset7_CLINIC_metal_0027_data,4,216,195,2737
dataset7_CLINIC_metal_0027_data,4,217,164,2708
dataset7_CLINIC_metal_0027_data,4,218,135,2669
dataset7_CLINIC_metal_0027_data,4,219,120,2604
dataset7_CLINIC_metal_0027_data,4,220,102,2551
dataset7_CLINIC_metal_0027_data,4,221,84,2485
dataset7_CLINIC_metal_0027_data,4,222,75,2411
dataset7_CLINIC_metal_0027_data,4,223,85,2344
dataset7_CLINIC_metal_0027_data,4,224,89,2367
dataset7_CLINIC_metal_0027_data,4,225,67,2483
dataset7_CLINIC_metal_0027_data,4,226,49,2743
dataset7_CLINIC_metal_0027_data,4,227,33,2816
dataset7_CLINIC_metal_0027_data,4,228,30,2806
dataset7_CLINIC_metal_0027_data,4,229,28,2809
dataset7_CLINIC_metal_0027_data,4,230,29,2789
dataset7_CLINIC_metal_0027_data,4,231,37,2738
dataset7_CLINIC_metal_0027_data,4,232,40,2716
dataset7_CLINIC_metal_0027_data,4,233,58,2693
dataset7_CLINIC_metal_0027_data,4,234,71,2641
dataset7_CLINIC_metal_0027_data,4,235,83,2599
dataset7_CLINIC_metal_0027_data,4,236,72,2476
dataset7_CLINIC_metal_0027_data,4,237,66,2481
dataset7_CLINIC_metal_0027_data,4,238,77,2485
dataset7_CLINIC_metal_0027_data,4,239,135,2482
dataset7_CLINIC_metal_0027_data,4,240,277,2474
dataset7_CLINIC_metal_0027_data,4,241,295,2453
dataset7_CLINIC_metal_0027_data,4,242,148,2444
dataset7_CLINIC_metal_0027_data,4,243,92,2432
dataset7_CLINIC_metal_0027_data,4,244,85,2429
dataset7_CLINIC_metal_0027_data,4,245,79,2416
dataset7_CLINIC_metal_0027_data,4,246,65,2391
dataset7_CLINIC_metal_0027_data,4,247,46,2408
dataset7_CLINIC_metal_0027_data,4,248,30,2403
dataset7_CLINIC_metal_0027_data,4,249,30,2526
dataset7_CLINIC_metal_0027_data,4,250,30,2630
dataset7_CLINIC_metal_0027_data,4,251,31,2670
dataset7_CLINIC_metal_0027_data,4,252,30,2678
dataset7_CLINIC_metal_0027_data,4,253,31,2656
dataset7_CLINIC_metal_0027_data,4,254,31,2650
dataset7_CLINIC_metal_0027_data,4,255,34,2652
dataset7_CLINIC_metal_0027_data,4,256,31,2671
dataset7_CLINIC_metal_0027_data,4,257,48,2673
dataset7_CLINIC_metal_0027_data,4,258,70,2664
dataset7_CLINIC_metal_0027_data,4,259,90,2646
dataset7_CLINIC_metal_0027_data,4,260,99,2609
dataset7_CLINIC_metal_0027_data,4,261,103,2574
dataset7_CLINIC_metal_0027_data,4,262,112,2526
dataset7_CLINIC_metal_0027_data,4,263,161,2510
dataset7_CLINIC_metal_0027_data,4,264,192,2494
dataset7_CLINIC_metal_0027_data,4,265,242,2479
dataset7_CLINIC_metal_0027_data,4,266,229,2457
dataset7_CLINIC_metal_0027_data,4,267,163,2437
dataset7_CLINIC_metal_0027_data,4,268,119,2411
dataset7_CLINIC_metal_0027_data,4,269,130,2390
dataset7_CLINIC_metal_0027_data,4,270,177,2350
dataset7_CLINIC_metal_0027_data,4,271,192,2356
dataset7_CLINIC_metal_0027_data,4,272,169,2336
dataset7_CLINIC_metal_0027_data,4,273,121,2322
dataset7_CLINIC_metal_0027_data,4,274,96,2308
dataset7_CLINIC_metal_0027_data,4,275,78,2277
dataset7_CLINIC_metal_0027_data,4,276,62,2227
dataset7_CLINIC_metal_0027_data,4,277,61,2183
dataset7_CLINIC_metal_0027_data,4,278,65,2120
dataset7_CLINIC_metal_0027_data,4,279,68,2032
dataset7_CLINIC_metal_0027_data,4,280,92,1946
dataset7_CLINIC_metal_0027_data,4,281,92,1846
dataset7_CLINIC_metal_0027_data,4,282,69,1738
dataset7_CLINIC_metal_0027_data,4,283,58,1624
dataset7_CLINIC_metal_0027_data,4,284,71,1562
dataset7_CLINIC_metal_0027_data,4,285,97,1496
dataset7_CLINIC_metal_0027_data,4,286,117,1439
dataset7_CLINIC_metal_0027_data,4,287,121,1378
dataset7_CLINIC_metal_0027_data,4,288,100,1319
dataset7_CLINIC_metal_0027_data,4,289,58,1295
dataset7_CLINIC_metal_0027_data,4,290,52,1266
dataset7_CLINIC_metal_0027_data,4,291,41,1223
dataset7_CLINIC_metal_0027_data,4,292,25,1184
dataset7_CLINIC_metal_0027_data,4,293,7,1140
dataset7_CLINIC_metal_0027_data,4,294,0,1079
dataset7_CLINIC_metal_0027_data,4,295,0,1030
dataset7_CLINIC_metal_0027_data,4,296,0,972
dataset7_CLINIC_metal_0027_data,4,297,0,910
dataset7_CLINIC_metal_0027_data,4,298,0,855
dataset7_CLINIC_metal_0027_data,4,299,0,787
dataset7_CLINIC_metal_0027_data,4,300,0,714
dataset7_CLINIC_metal_0027_data,4,301,0,629
dataset7_CLINIC_metal_0027_data,4,302,0,543
dataset7_CLINIC_metal_0027_data,4,303,0,390
dataset7_CLINIC_metal_0027_data,4,304,0,330
dataset7_CLINIC_metal_0027_data,4,305,0,255
dataset7_CLINIC_metal_0027_data,4,306,0,183
dataset7_CLINIC_metal_0027_data,4,307,0,95
dataset7_CLINIC_metal_0027_data,5,248,0,101
dataset7_CLINIC_metal_0027_data,5,249,0,195
dataset7_CLINIC_metal_0027_data,5,250,0,270
dataset7_CLINIC_metal_0027_data,5,251,0,346
dataset7_CLINIC_metal_0027_data,5,252,0,403
dataset7_CLINIC_metal_0027_data,5,253,0,454
dataset7_CLINIC_metal_0027_data,5,254,0,506
dataset7_CLINIC_metal_0027_data,5,255,0,543
dataset7_CLINIC_metal_0027_data,5,256,0,576
dataset7_CLINIC_metal_0027_data,5,257,0,613
dataset7_CLINIC_metal_0027_data,5,258,0,641
dataset7_CLINIC_metal_0027_data,5,259,0,659
dataset7_CLINIC_metal_0027_data,5,260,0,669
dataset7_CLINIC_metal_0027_data,5,261,0,669
dataset7_CLINIC_metal_0027_data,5,262,8,671
dataset7_CLINIC_metal_0027_data,5,263,20,677
dataset7_CLINIC_metal_0027_data,5,264,0,669
dataset7_CLINIC_metal_0027_data,5,265,0,669
dataset7_CLINIC_metal_0027_data,5,266,0,669
dataset7_CLINIC_metal_0027_data,5,267,0,651
dataset7_CLINIC_metal_0027_data,5,268,0,633
dataset7_CLINIC_metal_0027_data,5,269,0,596
dataset7_CLINIC_metal_0027_data,5,270,0,559
dataset7_CLINIC_metal_0027_data,5,271,0,531
dataset7_CLINIC_metal_0027_data,5,272,0,486
dataset7_CLINIC_metal_0027_data,5,273,0,427
dataset7_CLINIC_metal_0027_data,5,274,0,382
dataset7_CLINIC_metal_0027_data,5,275,0,313
dataset7_CLINIC_metal_0027_data,5,276,0,231
dataset7_CLINIC_metal_0027_data,5,277,0,159
dataset7_CLINIC_metal_0028_data,0,191,0,123
dataset7_CLINIC_metal_0028_data,0,192,0,253
dataset7_CLINIC_metal_0028_data,0,193,0,373
dataset7_CLINIC_metal_0028_data,0,194,0,507
dataset7_CLINIC_metal_0028_data,0,195,0,882
dataset7_CLINIC_metal_0028_data,0,196,0,1307
dataset7_CLINIC_metal_0028_data,0,197,0,1650
dataset7_CLINIC_metal_0028_data,0,198,0,1992
dataset7_CLINIC_metal_0028_data,0,199,0,2328
dataset7_CLINIC_metal_0028_data,0,200,0,2638
dataset7_CLINIC_metal_0028_data,0,201,0,3041
dataset7_CLINIC_metal_0028_data,0,202,0,3341
dataset7_CLINIC_metal_0028_data,0,203,0,3585
dataset7_CLINIC_metal_0028_data,0,204,0,3810
dataset7_CLINIC_metal_0028_data,0,205,3,4004
dataset7_CLINIC_metal_0028_data,0,206,24,4174
dataset7_CLINIC_metal_0028_data,0,207,44,4323
dataset7_CLINIC_metal_0028_data,0,208,58,4450
dataset7_CLINIC_metal_0028_data,0,209,101,4552
dataset7_CLINIC_metal_0028_data,0,210,142,4652
dataset7_CLINIC_metal_0028_data,0,211,184,4750
dataset7_CLINIC_metal_0028_data,0,212,203,4800
dataset7_CLINIC_metal_0028_data,0,213,209,4841
dataset7_CLINIC_metal_0028_data,0,214,220,4868
dataset7_CLINIC_metal_0028_data,0,215,249,4937
dataset7_CLINIC_metal_0028_data,0,216,306,4978
dataset7_CLINIC_metal_0028_data,0,217,352,5025
dataset7_CLINIC_metal_0028_data,0,218,405,5041
dataset7_CLINIC_metal_0028_data,0,219,381,5053
dataset7_CLINIC_metal_0028_data,0,220,269,5050
dataset7_CLINIC_metal_0028_data,0,221,218,5027
dataset7_CLINIC_metal_0028_data,0,222,213,4981
dataset7_CLINIC_metal_0028_data,0,223,227,4941
dataset7_CLINIC_metal_0028_data,0,224,272,4869
dataset7_CLINIC_metal_0028_data,0,225,293,4758
dataset7_CLINIC_metal_0028_data,0,226,235,4672
dataset7_CLINIC_metal_0028_data,0,227,174,4549
dataset7_CLINIC_metal_0028_data,0,228,156,4415
dataset7_CLINIC_metal_0028_data,0,229,140,4386
dataset7_CLINIC_metal_0028_data,0,230,145,4312
dataset7_CLINIC_metal_0028_data,0,231,163,4201
dataset7_CLINIC_metal_0028_data,0,232,173,4121
dataset7_CLINIC_metal_0028_data,0,233,184,3998
dataset7_CLINIC_metal_0028_data,0,234,185,3944
dataset7_CLINIC_metal_0028_data,0,235,172,4049
dataset7_CLINIC_metal_0028_data,0,236,155,4277
dataset7_CLINIC_metal_0028_data,0,237,164,4419
dataset7_CLINIC_metal_0028_data,0,238,175,4519
dataset7_CLINIC_metal_0028_data,0,239,169,4567
dataset7_CLINIC_metal_0028_data,0,240,154,4611
dataset7_CLINIC_metal_0028_data,0,241,152,4690
dataset7_CLINIC_metal_0028_data,0,242,139,4800
dataset7_CLINIC_metal_0028_data,0,243,143,4902
dataset7_CLINIC_metal_0028_data,0,244,153,4983
dataset7_CLINIC_metal_0028_data,0,245,185,5041
dataset7_CLINIC_metal_0028_data,0,246,195,5077
dataset7_CLINIC_metal_0028_data,0,247,200,5143
dataset7_CLINIC_metal_0028_data,0,248,192,5190
dataset7_CLINIC_metal_0028_data,0,249,177,5183
dataset7_CLINIC_metal_0028_data,0,250,178,5213
dataset7_CLINIC_metal_0028_data,0,251,153,5193
dataset7_CLINIC_metal_0028_data,0,252,169,5174
dataset7_CLINIC_metal_0028_data,0,253,161,5143
dataset7_CLINIC_metal_0028_data,0,254,144,5087
dataset7_CLINIC_metal_0028_data,0,255,166,5022
dataset7_CLINIC_metal_0028_data,0,256,142,4956
dataset7_CLINIC_metal_0028_data,0,257,138,4873
dataset7_CLINIC_metal_0028_data,0,258,138,4791
dataset7_CLINIC_metal_0028_data,0,259,120,4724
dataset7_CLINIC_metal_0028_data,0,260,136,4641
dataset7_CLINIC_metal_0028_data,0,261,127,4527
dataset7_CLINIC_metal_0028_data,0,262,114,4414
dataset7_CLINIC_metal_0028_data,0,263,107,4291
dataset7_CLINIC_metal_0028_data,0,264,105,4122
dataset7_CLINIC_metal_0028_data,0,265,107,3961
dataset7_CLINIC_metal_0028_data,0,266,124,3743
dataset7_CLINIC_metal_0028_data,0,267,141,3438
dataset7_CLINIC_metal_0028_data,0,268,141,3145
dataset7_CLINIC_metal_0028_data,0,269,131,2841
dataset7_CLINIC_metal_0028_data,0,270,130,2600
dataset7_CLINIC_metal_0028_data,0,271,137,2427
dataset7_CLINIC_metal_0028_data,0,272,130,2242
dataset7_CLINIC_metal_0028_data,0,273,115,2052
dataset7_CLINIC_metal_0028_data,0,274,119,1844
dataset7_CLINIC_metal_0028_data,0,275,111,1774
dataset7_CLINIC_metal_0028_data,0,276,92,1704
dataset7_CLINIC_metal_0028_data,0,277,66,1626
dataset7_CLINIC_metal_0028_data,0,278,43,1551
dataset7_CLINIC_metal_0028_data,0,279,15,1492
dataset7_CLINIC_metal_0028_data,0,280,0,1430
dataset7_CLINIC_metal_0028_data,0,281,0,1377
dataset7_CLINIC_metal_0028_data,0,282,0,1306
dataset7_CLINIC_metal_0028_data,0,283,0,1225
dataset7_CLINIC_metal_0028_data,0,284,0,1148
dataset7_CLINIC_metal_0028_data,0,285,0,1061
dataset7_CLINIC_metal_0028_data,0,286,0,965
dataset7_CLINIC_metal_0028_data,0,287,0,868
dataset7_CLINIC_metal_0028_data,0,288,0,770
dataset7_CLINIC_metal_0028_data,0,289,0,655
dataset7_CLINIC_metal_0028_data,0,290,0,540
dataset7_CLINIC_metal_0028_data,0,291,0,432
dataset7_CLINIC_metal_0028_data,0,292,0,318
dataset7_CLINIC_metal_0028_data,0,293,0,173
dataset7_CLINIC_metal_0028_data,1,86,0,101
dataset7_CLINIC_metal_0028_data,1,87,0,213
dataset7_CLINIC_metal_0028_data,1,88,0,325
dataset7_CLINIC_metal_0028_data,1,89,0,419
dataset7_CLINIC_metal_0028_data,1,90,0,523
dataset7_CLINIC_metal_0028_data,1,91,0,625
dataset7_CLINIC_metal_0028_data,1,92,0,693
dataset7_CLINIC_metal_0028_data,1,93,0,772
dataset7_CLINIC_metal_0028_data,1,94,0,1014
dataset7_CLINIC_metal_0028_data,1,95,0,1459
dataset7_CLINIC_metal_0028_data,1,96,0,1817
dataset7_CLINIC_metal_0028_data,1,97,0,2114
dataset7_CLINIC_metal_0028_data,1,98,0,2386
dataset7_CLINIC_metal_0028_data,1,99,0,2615
dataset7_CLINIC_metal_0028_data,1,100,1,2821
dataset7_CLINIC_metal_0028_data,1,101,16,3129
dataset7_CLINIC_metal_0028_data,1,102,24,3399
dataset7_CLINIC_metal_0028_data,1,103,25,3611
dataset7_CLINIC_metal_0028_data,1,104,30,3938
dataset7_CLINIC_metal_0028_data,1,105,30,4697
dataset7_CLINIC_metal_0028_data,1,106,30,5107
dataset7_CLINIC_metal_0028_data,1,107,33,5394
dataset7_CLINIC_metal_0028_data,1,108,44,5631
dataset7_CLINIC_metal_0028_data,1,109,69,5869
dataset7_CLINIC_metal_0028_data,1,110,89,6043
dataset7_CLINIC_metal_0028_data,1,111,104,6273
dataset7_CLINIC_metal_0028_data,1,112,116,6507
dataset7_CLINIC_metal_0028_data,1,113,128,6698
dataset7_CLINIC_metal_0028_data,1,114,130,6844
dataset7_CLINIC_metal_0028_data,1,115,140,7017
dataset7_CLINIC_metal_0028_data,1,116,146,7126
dataset7_CLINIC_metal_0028_data,1,117,160,7246
dataset7_CLINIC_metal_0028_data,1,118,167,7351
dataset7_CLINIC_metal_0028_data,1,119,357,7453
dataset7_CLINIC_metal_0028_data,1,120,645,7533
dataset7_CLINIC_metal_0028_data,1,121,755,7596
dataset7_CLINIC_metal_0028_data,1,122,682,7633
dataset7_CLINIC_metal_0028_data,1,123,680,7661
dataset7_CLINIC_metal_0028_data,1,124,594,7649
dataset7_CLINIC_metal_0028_data,1,125,577,7648
dataset7_CLINIC_metal_0028_data,1,126,512,7616
dataset7_CLINIC_metal_0028_data,1,127,473,7574
dataset7_CLINIC_metal_0028_data,1,128,457,7515
dataset7_CLINIC_metal_0028_data,1,129,431,7425
dataset7_CLINIC_metal_0028_data,1,130,395,7356
dataset7_CLINIC_metal_0028_data,1,131,347,7276
dataset7_CLINIC_metal_0028_data,1,132,355,7198
dataset7_CLINIC_metal_0028_data,1,133,352,7103
dataset7_CLINIC_metal_0028_data,1,134,329,6992
dataset7_CLINIC_metal_0028_data,1,135,315,6818
dataset7_CLINIC_metal_0028_data,1,136,278,6587
dataset7_CLINIC_metal_0028_data,1,137,249,6312
dataset7_CLINIC_metal_0028_data,1,138,268,5789
dataset7_CLINIC_metal_0028_data,1,139,248,5375
dataset7_CLINIC_metal_0028_data,1,140,237,5227
dataset7_CLINIC_metal_0028_data,1,141,241,5167
dataset7_CLINIC_metal_0028_data,1,142,236,5083
dataset7_CLINIC_metal_0028_data,1,143,231,5036
dataset7_CLINIC_metal_0028_data,1,144,206,4987
dataset7_CLINIC_metal_0028_data,1,145,151,5017
dataset7_CLINIC_metal_0028_data,1,146,136,5042
dataset7_CLINIC_metal_0028_data,1,147,108,5078
dataset7_CLINIC_metal_0028_data,1,148,81,5110
dataset7_CLINIC_metal_0028_data,1,149,74,5077
dataset7_CLINIC_metal_0028_data,1,150,68,5027
dataset7_CLINIC_metal_0028_data,1,151,69,4984
dataset7_CLINIC_metal_0028_data,1,152,83,4899
dataset7_CLINIC_metal_0028_data,1,153,101,4838
dataset7_CLINIC_metal_0028_data,1,154,108,4996
dataset7_CLINIC_metal_0028_data,1,155,116,5077
dataset7_CLINIC_metal_0028_data,1,156,128,5127
dataset7_CLINIC_metal_0028_data,1,157,147,5152
dataset7_CLINIC_metal_0028_data,1,158,163,5188
dataset7_CLINIC_metal_0028_data,1,159,161,5217
dataset7_CLINIC_metal_0028_data,1,160,151,5208
dataset7_CLINIC_metal_0028_data,1,161,147,5108
dataset7_CLINIC_metal_0028_data,1,162,141,4947
dataset7_CLINIC_metal_0028_data,1,163,142,4955
dataset7_CLINIC_metal_0028_data,1,164,150,4942
dataset7_CLINIC_metal_0028_data,1,165,160,4918
dataset7_CLINIC_metal_0028_data,1,166,179,4841
dataset7_CLINIC_metal_0028_data,1,167,178,4784
dataset7_CLINIC_metal_0028_data,1,168,174,4715
dataset7_CLINIC_metal_0028_data,1,169,189,4620
dataset7_CLINIC_metal_0028_data,1,170,216,4536
dataset7_CLINIC_metal_0028_data,1,171,234,4414
dataset7_CLINIC_metal_0028_data,1,172,247,4329
dataset7_CLINIC_metal_0028_data,1,173,226,4275
dataset7_CLINIC_metal_0028_data,1,174,212,4222
dataset7_CLINIC_metal_0028_data,1,175,207,4330
dataset7_CLINIC_metal_0028_data,1,176,208,4466
dataset7_CLINIC_metal_0028_data,1,177,229,4632
dataset7_CLINIC_metal_0028_data,1,178,274,4766
dataset7_CLINIC_metal_0028_data,1,179,264,4913
dataset7_CLINIC_metal_0028_data,1,180,225,5056
dataset7_CLINIC_metal_0028_data,1,181,183,5144
dataset7_CLINIC_metal_0028_data,1,182,163,5210
dataset7_CLINIC_metal_0028_data,1,183,152,5266
dataset7_CLINIC_metal_0028_data,1,184,139,5283
dataset7_CLINIC_metal_0028_data,1,185,125,5304
dataset7_CLINIC_metal_0028_data,1,186,162,5309
dataset7_CLINIC_metal_0028_data,1,187,228,5303
dataset7_CLINIC_metal_0028_data,1,188,285,5284
dataset7_CLINIC_metal_0028_data,1,189,313,5284
dataset7_CLINIC_metal_0028_data,1,190,367,5259
dataset7_CLINIC_metal_0028_data,1,191,412,5243
dataset7_CLINIC_metal_0028_data,1,192,432,5239
dataset7_CLINIC_metal_0028_data,1,193,449,5199
dataset7_CLINIC_metal_0028_data,1,194,486,5172
dataset7_CLINIC_metal_0028_data,1,195,493,5130
dataset7_CLINIC_metal_0028_data,1,196,457,5067
dataset7_CLINIC_metal_0028_data,1,197,351,5001
dataset7_CLINIC_metal_0028_data,1,198,296,4929
dataset7_CLINIC_metal_0028_data,1,199,243,4850
dataset7_CLINIC_metal_0028_data,1,200,205,4745
dataset7_CLINIC_metal_0028_data,1,201,184,4631
dataset7_CLINIC_metal_0028_data,1,202,164,4532
dataset7_CLINIC_metal_0028_data,1,203,178,4409
dataset7_CLINIC_metal_0028_data,1,204,198,4270
dataset7_CLINIC_metal_0028_data,1,205,144,4120
dataset7_CLINIC_metal_0028_data,1,206,94,3982
dataset7_CLINIC_metal_0028_data,1,207,72,3843
dataset7_CLINIC_metal_0028_data,1,208,61,3682
dataset7_CLINIC_metal_0028_data,1,209,56,3500
dataset7_CLINIC_metal_0028_data,1,210,56,3338
dataset7_CLINIC_metal_0028_data,1,211,67,3192
dataset7_CLINIC_metal_0028_data,1,212,84,3054
dataset7_CLINIC_metal_0028_data,1,213,118,2910
dataset7_CLINIC_metal_0028_data,1,214,168,2791
dataset7_CLINIC_metal_0028_data,1,215,170,2642
dataset7_CLINIC_metal_0028_data,1,216,127,2448
dataset7_CLINIC_metal_0028_data,1,217,126,2232
dataset7_CLINIC_metal_0028_data,1,218,143,2179
dataset7_CLINIC_metal_0028_data,1,219,149,2149
dataset7_CLINIC_metal_0028_data,1,220,142,2110
dataset7_CLINIC_metal_0028_data,1,221,118,2065
dataset7_CLINIC_metal_0028_data,1,222,102,2018
dataset7_CLINIC_metal_0028_data,1,223,101,1957
dataset7_CLINIC_metal_0028_data,1,224,96,1895
dataset7_CLINIC_metal_0028_data,1,225,85,1809
dataset7_CLINIC_metal_0028_data,1,226,53,1733
dataset7_CLINIC_metal_0028_data,1,227,5,1653
dataset7_CLINIC_metal_0028_data,1,228,0,1572
dataset7_CLINIC_metal_0028_data,1,229,0,1475
dataset7_CLINIC_metal_0028_data,1,230,0,1408
dataset7_CLINIC_metal_0028_data,1,231,0,1317
dataset7_CLINIC_metal_0028_data,1,232,0,1224
dataset7_CLINIC_metal_0028_data,1,233,0,1125
dataset7_CLINIC_metal_0028_data,1,234,0,1020
dataset7_CLINIC_metal_0028_data,1,235,0,933
dataset7_CLINIC_metal_0028_data,1,236,0,825
dataset7_CLINIC_metal_0028_data,1,237,0,701
dataset7_CLINIC_metal_0028_data,1,238,0,580
dataset7_CLINIC_metal_0028_data,1,239,0,462
dataset7_CLINIC_metal_0028_data,1,240,0,305
dataset7_CLINIC_metal_0028_data,1,241,0,133
dataset7_CLINIC_metal_0028_data,2,230,0,221
dataset7_CLINIC_metal_0028_data,2,231,0,463
dataset7_CLINIC_metal_0028_data,2,232,0,692
dataset7_CLINIC_metal_0028_data,2,233,0,931
dataset7_CLINIC_metal_0028_data,2,234,0,1133
dataset7_CLINIC_metal_0028_data,2,235,0,1265
dataset7_CLINIC_metal_0028_data,2,236,0,1411
dataset7_CLINIC_metal_0028_data,2,237,0,1543
dataset7_CLINIC_metal_0028_data,2,238,0,1623
dataset7_CLINIC_metal_0028_data,2,239,0,1736
dataset7_CLINIC_metal_0028_data,2,240,0,1808
dataset7_CLINIC_metal_0028_data,2,241,0,1855
dataset7_CLINIC_metal_0028_data,2,242,0,1916
dataset7_CLINIC_metal_0028_data,2,243,0,1960
dataset7_CLINIC_metal_0028_data,2,244,24,1982
dataset7_CLINIC_metal_0028_data,2,245,28,1996
dataset7_CLINIC_metal_0028_data,2,246,30,1995
dataset7_CLINIC_metal_0028_data,2,247,21,1978
dataset7_CLINIC_metal_0028_data,2,248,0,1953
dataset7_CLINIC_metal_0028_data,2,249,0,1914
dataset7_CLINIC_metal_0028_data,2,250,0,1854
dataset7_CLINIC_metal_0028_data,2,251,0,1809
dataset7_CLINIC_metal_0028_data,2,252,0,1728
dataset7_CLINIC_metal_0028_data,2,253,0,1617
dataset7_CLINIC_metal_0028_data,2,254,0,1540
dataset7_CLINIC_metal_0028_data,2,255,0,1410
dataset7_CLINIC_metal_0028_data,2,256,0,1262
dataset7_CLINIC_metal_0028_data,2,257,0,1124
dataset7_CLINIC_metal_0028_data,2,258,0,922
dataset7_CLINIC_metal_0028_data,2,259,0,673
dataset7_CLINIC_metal_0028_data,2,260,0,446
dataset7_CLINIC_metal_0028_data,2,261,0,209
dataset7_CLINIC_metal_0028_data,3,222,0,215
dataset7_CLINIC_metal_0028_data,3,223,0,418
dataset7_CLINIC_metal_0028_data,3,224,0,646
dataset7_CLINIC_metal_0028_data,3,225,0,869
dataset7_CLINIC_metal_0028_data,3,226,0,1054
dataset7_CLINIC_metal_0028_data,3,227,0,1188
dataset7_CLINIC_metal_0028_data,3,228,0,1327
dataset7_CLINIC_metal_0028_data,3,229,0,1455
dataset7_CLINIC_metal_0028_data,3,230,0,1533
dataset7_CLINIC_metal_0028_data,3,231,0,1638
dataset7_CLINIC_metal_0028_data,3,232,0,1715
dataset7_CLINIC_metal_0028_data,3,233,0,1759
dataset7_CLINIC_metal_0028_data,3,234,0,1818
dataset7_CLINIC_metal_0028_data,3,235,0,1857
dataset7_CLINIC_metal_0028_data,3,236,24,1883
dataset7_CLINIC_metal_0028_data,3,237,50,1895
dataset7_CLINIC_metal_0028_data,3,238,44,1902
dataset7_CLINIC_metal_0028_data,3,239,33,1889
dataset7_CLINIC_metal_0028_data,3,240,0,1869
dataset7_CLINIC_metal_0028_data,3,241,0,1831
dataset7_CLINIC_metal_0028_data,3,242,0,1787
dataset7_CLINIC_metal_0028_data,3,243,0,1732
dataset7_CLINIC_metal_0028_data,3,244,0,1671
dataset7_CLINIC_metal_0028_data,3,245,0,1573
dataset7_CLINIC_metal_0028_data,3,246,0,1492
dataset7_CLINIC_metal_0028_data,3,247,0,1383
dataset7_CLINIC_metal_0028_data,3,248,0,1249
dataset7_CLINIC_metal_0028_data,3,249,0,1125
dataset7_CLINIC_metal_0028_data,3,250,0,961
dataset7_CLINIC_metal_0028_data,3,251,0,763
dataset7_CLINIC_metal_0028_data,3,252,0,520
dataset7_CLINIC_metal_0028_data,3,253,0,254
dataset7_CLINIC_metal_0028_data,4,226,0,195
dataset7_CLINIC_metal_0028_data,4,227,0,384
dataset7_CLINIC_metal_0028_data,4,228,0,588
dataset7_CLINIC_metal_0028_data,4,229,0,823
dataset7_CLINIC_metal_0028_data,4,230,0,1016
dataset7_CLINIC_metal_0028_data,4,231,0,1136
dataset7_CLINIC_metal_0028_data,4,232,0,1279
dataset7_CLINIC_metal_0028_data,4,233,0,1403
dataset7_CLINIC_metal_0028_data,4,234,0,1473
dataset7_CLINIC_metal_0028_data,4,235,0,1582
dataset7_CLINIC_metal_0028_data,4,236,0,1652
dataset7_CLINIC_metal_0028_data,4,237,0,1694
dataset7_CLINIC_metal_0028_data,4,238,0,1755
dataset7_CLINIC_metal_0028_data,4,239,0,1795
dataset7_CLINIC_metal_0028_data,4,240,19,1814
dataset7_CLINIC_metal_0028_data,4,241,36,1829
dataset7_CLINIC_metal_0028_data,4,242,27,1833
dataset7_CLINIC_metal_0028_data,4,243,28,1824
dataset7_CLINIC_metal_0028_data,4,244,0,1794
dataset7_CLINIC_metal_0028_data,4,245,0,1761
dataset7_CLINIC_metal_0028_data,4,246,0,1714
dataset7_CLINIC_metal_0028_data,4,247,0,1662
dataset7_CLINIC_metal_0028_data,4,248,0,1602
dataset7_CLINIC_metal_0028_data,4,249,0,1502
dataset7_CLINIC_metal_0028_data,4,250,0,1425
dataset7_CLINIC_metal_0028_data,4,251,0,1321
dataset7_CLINIC_metal_0028_data,4,252,0,1188
dataset7_CLINIC_metal_0028_data,4,253,0,1066
dataset7_CLINIC_metal_0028_data,4,254,0,914
dataset7_CLINIC_metal_0028_data,4,255,0,716
dataset7_CLINIC_metal_0028_data,4,256,0,471
dataset7_CLINIC_metal_0028_data,4,257,0,233
dataset7_CLINIC_metal_0028_data,5,201,0,328
dataset7_CLINIC_metal_0028_data,5,202,0,633
dataset7_CLINIC_metal_0028_data,5,203,0,972
dataset7_CLINIC_metal_0028_data,5,204,0,1370
dataset7_CLINIC_metal_0028_data,5,205,0,1773
dataset7_CLINIC_metal_0028_data,5,206,0,2061
dataset7_CLINIC_metal_0028_data,5,207,0,2273
dataset7_CLINIC_metal_0028_data,5,208,0,2496
dataset7_CLINIC_metal_0028_data,5,209,0,2674
dataset7_CLINIC_metal_0028_data,5,210,0,2810
dataset7_CLINIC_metal_0028_data,5,211,0,2946
dataset7_CLINIC_metal_0028_data,5,212,0,3060
dataset7_CLINIC_metal_0028_data,5,213,0,3143
dataset7_CLINIC_metal_0028_data,5,214,0,3218
dataset7_CLINIC_metal_0028_data,5,215,62,3286
dataset7_CLINIC_metal_0028_data,5,216,150,3324
dataset7_CLINIC_metal_0028_data,5,217,233,3358
dataset7_CLINIC_metal_0028_data,5,218,254,3373
dataset7_CLINIC_metal_0028_data,5,219,227,3381
dataset7_CLINIC_metal_0028_data,5,220,156,3376
dataset7_CLINIC_metal_0028_data,5,221,96,3369
dataset7_CLINIC_metal_0028_data,5,222,64,3342
dataset7_CLINIC_metal_0028_data,5,223,60,3377
dataset7_CLINIC_metal_0028_data,5,224,60,3408
dataset7_CLINIC_metal_0028_data,5,225,60,3414
dataset7_CLINIC_metal_0028_data,5,226,60,3409
dataset7_CLINIC_metal_0028_data,5,227,58,3461
dataset7_CLINIC_metal_0028_data,5,228,57,3658
dataset7_CLINIC_metal_0028_data,5,229,59,3826
dataset7_CLINIC_metal_0028_data,5,230,58,3965
dataset7_CLINIC_metal_0028_data,5,231,57,4050
dataset7_CLINIC_metal_0028_data,5,232,58,4101
dataset7_CLINIC_metal_0028_data,5,233,60,4178
dataset7_CLINIC_metal_0028_data,5,234,58,4282
dataset7_CLINIC_metal_0028_data,5,235,55,4413
dataset7_CLINIC_metal_0028_data,5,236,60,4519
dataset7_CLINIC_metal_0028_data,5,237,91,4568
dataset7_CLINIC_metal_0028_data,5,238,133,4614
dataset7_CLINIC_metal_0028_data,5,239,167,4627
dataset7_CLINIC_metal_0028_data,5,240,168,4637
dataset7_CLINIC_metal_0028_data,5,241,189,4639
dataset7_CLINIC_metal_0028_data,5,242,219,4618
dataset7_CLINIC_metal_0028_data,5,243,315,4595
dataset7_CLINIC_metal_0028_data,5,244,377,4546
dataset7_CLINIC_metal_0028_data,5,245,459,4514
dataset7_CLINIC_metal_0028_data,5,246,445,4472
dataset7_CLINIC_metal_0028_data,5,247,301,4448
dataset7_CLINIC_metal_0028_data,5,248,232,4401
dataset7_CLINIC_metal_0028_data,5,249,240,4365
dataset7_CLINIC_metal_0028_data,5,250,323,4318
dataset7_CLINIC_metal_0028_data,5,251,353,4320
dataset7_CLINIC_metal_0028_data,5,252,317,4315
dataset7_CLINIC_metal_0028_data,5,253,233,4279
dataset7_CLINIC_metal_0028_data,5,254,184,4245
dataset7_CLINIC_metal_0028_data,5,255,143,4197
dataset7_CLINIC_metal_0028_data,5,256,120,4137
dataset7_CLINIC_metal_0028_data,5,257,116,4003
dataset7_CLINIC_metal_0028_data,5,258,114,3906
dataset7_CLINIC_metal_0028_data,5,259,123,3773
dataset7_CLINIC_metal_0028_data,5,260,173,3582
dataset7_CLINIC_metal_0028_data,5,261,185,3397
dataset7_CLINIC_metal_0028_data,5,262,136,3199
dataset7_CLINIC_metal_0028_data,5,263,122,2992
dataset7_CLINIC_metal_0028_data,5,264,129,2903
dataset7_CLINIC_metal_0028_data,5,265,196,2783
dataset7_CLINIC_metal_0028_data,5,266,234,2650
dataset7_CLINIC_metal_0028_data,5,267,228,2538
dataset7_CLINIC_metal_0028_data,5,268,175,2462
dataset7_CLINIC_metal_0028_data,5,269,119,2408
dataset7_CLINIC_metal_0028_data,5,270,102,2332
dataset7_CLINIC_metal_0028_data,5,271,82,2267
dataset7_CLINIC_metal_0028_data,5,272,56,2187
dataset7_CLINIC_metal_0028_data,5,273,17,2082
dataset7_CLINIC_metal_0028_data,5,274,2,2011
dataset7_CLINIC_metal_0028_data,5,275,0,1893
dataset7_CLINIC_metal_0028_data,5,276,0,1776
dataset7_CLINIC_metal_0028_data,5,277,0,1694
dataset7_CLINIC_metal_0028_data,5,278,0,1566
dataset7_CLINIC_metal_0028_data,5,279,0,1448
dataset7_CLINIC_metal_0028_data,5,280,0,1302
dataset7_CLINIC_metal_0028_data,5,281,0,1152
dataset7_CLINIC_metal_0028_data,5,282,0,985
dataset7_CLINIC_metal_0028_data,5,283,0,748
dataset7_CLINIC_metal_0028_data,5,284,0,627
dataset7_CLINIC_metal_0028_data,5,285,0,508
dataset7_CLINIC_metal_0028_data,5,286,0,370
dataset7_CLINIC_metal_0028_data,5,287,0,230
dataset7_CLINIC_metal_0028_data,5,288,0,112
dataset7_CLINIC_metal_0029_data,0,162,0,154
dataset7_CLINIC_metal_0029_data,0,163,0,433
dataset7_CLINIC_metal_0029_data,0,164,0,617
dataset7_CLINIC_metal_0029_data,0,165,0,772
dataset7_CLINIC_metal_0029_data,0,166,0,917
dataset7_CLINIC_metal_0029_data,0,167,0,1050
dataset7_CLINIC_metal_0029_data,0,168,0,1164
dataset7_CLINIC_metal_0029_data,0,169,0,1255
dataset7_CLINIC_metal_0029_data,0,170,0,1346
dataset7_CLINIC_metal_0029_data,0,171,0,1436
dataset7_CLINIC_metal_0029_data,0,172,0,1506
dataset7_CLINIC_metal_0029_data,0,173,0,1575
dataset7_CLINIC_metal_0029_data,0,174,0,1624
dataset7_CLINIC_metal_0029_data,0,175,0,1676
dataset7_CLINIC_metal_0029_data,0,176,11,1712
dataset7_CLINIC_metal_0029_data,0,177,47,1785
dataset7_CLINIC_metal_0029_data,0,178,83,1853
dataset7_CLINIC_metal_0029_data,0,179,121,1926
dataset7_CLINIC_metal_0029_data,0,180,158,2016
dataset7_CLINIC_metal_0029_data,0,181,151,2086
dataset7_CLINIC_metal_0029_data,0,182,141,2146
dataset7_CLINIC_metal_0029_data,0,183,125,2195
dataset7_CLINIC_metal_0029_data,0,184,105,2239
dataset7_CLINIC_metal_0029_data,0,185,96,2288
dataset7_CLINIC_metal_0029_data,0,186,88,2322
dataset7_CLINIC_metal_0029_data,0,187,81,2357
dataset7_CLINIC_metal_0029_data,0,188,64,2391
dataset7_CLINIC_metal_0029_data,0,189,57,2429
dataset7_CLINIC_metal_0029_data,0,190,52,2444
dataset7_CLINIC_metal_0029_data,0,191,73,2461
dataset7_CLINIC_metal_0029_data,0,192,94,2451
dataset7_CLINIC_metal_0029_data,0,193,138,2452
dataset7_CLINIC_metal_0029_data,0,194,176,2437
dataset7_CLINIC_metal_0029_data,0,195,204,2419
dataset7_CLINIC_metal_0029_data,0,196,209,2396
dataset7_CLINIC_metal_0029_data,0,197,205,2370
dataset7_CLINIC_metal_0029_data,0,198,187,2342
dataset7_CLINIC_metal_0029_data,0,199,164,2325
dataset7_CLINIC_metal_0029_data,0,200,137,2306
dataset7_CLINIC_metal_0029_data,0,201,121,2300
dataset7_CLINIC_metal_0029_data,0,202,113,2274
dataset7_CLINIC_metal_0029_data,0,203,97,2257
dataset7_CLINIC_metal_0029_data,0,204,86,2248
dataset7_CLINIC_metal_0029_data,0,205,87,2227
dataset7_CLINIC_metal_0029_data,0,206,91,2207
dataset7_CLINIC_metal_0029_data,0,207,95,2192
dataset7_CLINIC_metal_0029_data,0,208,104,2164
dataset7_CLINIC_metal_0029_data,0,209,109,2131
dataset7_CLINIC_metal_0029_data,0,210,109,2102
dataset7_CLINIC_metal_0029_data,0,211,90,2061
dataset7_CLINIC_metal_0029_data,0,212,84,2025
dataset7_CLINIC_metal_0029_data,0,213,83,1987
dataset7_CLINIC_metal_0029_data,0,214,82,1952
dataset7_CLINIC_metal_0029_data,0,215,91,1935
dataset7_CLINIC_metal_0029_data,0,216,105,1930
dataset7_CLINIC_metal_0029_data,0,217,99,1902
dataset7_CLINIC_metal_0029_data,0,218,91,1884
dataset7_CLINIC_metal_0029_data,0,219,94,1881
dataset7_CLINIC_metal_0029_data,0,220,97,1862
dataset7_CLINIC_metal_0029_data,0,221,105,1855
dataset7_CLINIC_metal_0029_data,0,222,110,1861
dataset7_CLINIC_metal_0029_data,0,223,111,1854
dataset7_CLINIC_metal_0029_data,0,224,98,1841
dataset7_CLINIC_metal_0029_data,0,225,88,1848
dataset7_CLINIC_metal_0029_data,0,226,87,1852
dataset7_CLINIC_metal_0029_data,0,227,84,1852
dataset7_CLINIC_metal_0029_data,0,228,90,1852
dataset7_CLINIC_metal_0029_data,0,229,101,1855
dataset7_CLINIC_metal_0029_data,0,230,104,1861
dataset7_CLINIC_metal_0029_data,0,231,105,1873
dataset7_CLINIC_metal_0029_data,0,232,99,1892
dataset7_CLINIC_metal_0029_data,0,233,90,1900
dataset7_CLINIC_metal_0029_data,0,234,108,1913
dataset7_CLINIC_metal_0029_data,0,235,112,1934
dataset7_CLINIC_metal_0029_data,0,236,110,1939
dataset7_CLINIC_metal_0029_data,0,237,100,1936
dataset7_CLINIC_metal_0029_data,0,238,86,1958
dataset7_CLINIC_metal_0029_data,0,239,82,1952
dataset7_CLINIC_metal_0029_data,0,240,78,1962
dataset7_CLINIC_metal_0029_data,0,241,75,1975
dataset7_CLINIC_metal_0029_data,0,242,85,1982
dataset7_CLINIC_metal_0029_data,0,243,106,1997
dataset7_CLINIC_metal_0029_data,0,244,112,2023
dataset7_CLINIC_metal_0029_data,0,245,109,2043
dataset7_CLINIC_metal_0029_data,0,246,101,2060
dataset7_CLINIC_metal_0029_data,0,247,110,2080
dataset7_CLINIC_metal_0029_data,0,248,122,2088
dataset7_CLINIC_metal_0029_data,0,249,117,2095
dataset7_CLINIC_metal_0029_data,0,250,97,2101
dataset7_CLINIC_metal_0029_data,0,251,81,2102
dataset7_CLINIC_metal_0029_data,0,252,77,2103
dataset7_CLINIC_metal_0029_data,0,253,77,2108
dataset7_CLINIC_metal_0029_data,0,254,81,2109
dataset7_CLINIC_metal_0029_data,0,255,87,2110
dataset7_CLINIC_metal_0029_data,0,256,113,2116
dataset7_CLINIC_metal_0029_data,0,257,125,2129
dataset7_CLINIC_metal_0029_data,0,258,140,2143
dataset7_CLINIC_metal_0029_data,0,259,136,2168
dataset7_CLINIC_metal_0029_data,0,260,128,2178
dataset7_CLINIC_metal_0029_data,0,261,122,2193
dataset7_CLINIC_metal_0029_data,0,262,96,2202
dataset7_CLINIC_metal_0029_data,0,263,87,2217
dataset7_CLINIC_metal_0029_data,0,264,76,2213
dataset7_CLINIC_metal_0029_data,0,265,77,2231
dataset7_CLINIC_metal_0029_data,0,266,83,2264
dataset7_CLINIC_metal_0029_data,0,267,96,2304
dataset7_CLINIC_metal_0029_data,0,268,122,2334
dataset7_CLINIC_metal_0029_data,0,269,145,2360
dataset7_CLINIC_metal_0029_data,0,270,157,2391
dataset7_CLINIC_metal_0029_data,0,271,151,2431
dataset7_CLINIC_metal_0029_data,0,272,152,2484
dataset7_CLINIC_metal_0029_data,0,273,133,2591
dataset7_CLINIC_metal_0029_data,0,274,147,2682
dataset7_CLINIC_metal_0029_data,0,275,163,2768
dataset7_CLINIC_metal_0029_data,0,276,201,2839
dataset7_CLINIC_metal_0029_data,0,277,235,2909
dataset7_CLINIC_metal_0029_data,0,278,245,2962
dataset7_CLINIC_metal_0029_data,0,279,252,2987
dataset7_CLINIC_metal_0029_data,0,280,203,3005
dataset7_CLINIC_metal_0029_data,0,281,209,3015
dataset7_CLINIC_metal_0029_data,0,282,170,3000
dataset7_CLINIC_metal_0029_data,0,283,148,3003
dataset7_CLINIC_metal_0029_data,0,284,160,2984
dataset7_CLINIC_metal_0029_data,0,285,188,2970
dataset7_CLINIC_metal_0029_data,0,286,240,2944
dataset7_CLINIC_metal_0029_data,0,287,289,2929
dataset7_CLINIC_metal_0029_data,0,288,279,2893
dataset7_CLINIC_metal_0029_data,0,289,227,2840
dataset7_CLINIC_metal_0029_data,0,290,174,2772
dataset7_CLINIC_metal_0029_data,0,291,109,2696
dataset7_CLINIC_metal_0029_data,0,292,70,2615
dataset7_CLINIC_metal_0029_data,0,293,59,2534
dataset7_CLINIC_metal_0029_data,0,294,57,2442
dataset7_CLINIC_metal_0029_data,0,295,55,2336
dataset7_CLINIC_metal_0029_data,0,296,65,2246
dataset7_CLINIC_metal_0029_data,0,297,78,2170
dataset7_CLINIC_metal_0029_data,0,298,66,2092
dataset7_CLINIC_metal_0029_data,0,299,42,1983
dataset7_CLINIC_metal_0029_data,0,300,8,1860
dataset7_CLINIC_metal_0029_data,0,301,0,1722
dataset7_CLINIC_metal_0029_data,0,302,0,1579
dataset7_CLINIC_metal_0029_data,0,303,0,1420
dataset7_CLINIC_metal_0029_data,0,304,0,1175
dataset7_CLINIC_metal_0029_data,0,305,0,1062
dataset7_CLINIC_metal_0029_data,0,306,0,963
dataset7_CLINIC_metal_0029_data,0,307,0,887
dataset7_CLINIC_metal_0029_data,0,308,0,802
dataset7_CLINIC_metal_0029_data,0,309,0,706
dataset7_CLINIC_metal_0029_data,0,310,0,598
dataset7_CLINIC_metal_0029_data,0,311,0,494
dataset7_CLINIC_metal_0029_data,0,312,0,384
dataset7_CLINIC_metal_0029_data,0,313,0,265
dataset7_CLINIC_metal_0029_data,0,314,0,145
dataset7_CLINIC_metal_0029_data,1,37,0,140
dataset7_CLINIC_metal_0029_data,1,39,0,333
dataset7_CLINIC_metal_0029_data,1,40,0,423
dataset7_CLINIC_metal_0029_data,1,41,0,526
dataset7_CLINIC_metal_0029_data,1,42,0,617
dataset7_CLINIC_metal_0029_data,1,43,0,705
dataset7_CLINIC_metal_0029_data,1,44,0,781
dataset7_CLINIC_metal_0029_data,1,45,0,866
dataset7_CLINIC_metal_0029_data,1,46,0,948
dataset7_CLINIC_metal_0029_data,1,47,0,1015
dataset7_CLINIC_metal_0029_data,1,48,0,1084
dataset7_CLINIC_metal_0029_data,1,49,0,1156
dataset7_CLINIC_metal_0029_data,1,50,0,1209
dataset7_CLINIC_metal_0029_data,1,51,7,1252
dataset7_CLINIC_metal_0029_data,1,52,17,1310
dataset7_CLINIC_metal_0029_data,1,53,21,1355
dataset7_CLINIC_metal_0029_data,1,54,30,1398
dataset7_CLINIC_metal_0029_data,1,55,38,1440
dataset7_CLINIC_metal_0029_data,1,56,46,1479
dataset7_CLINIC_metal_0029_data,1,57,49,1508
dataset7_CLINIC_metal_0029_data,1,58,55,1617
dataset7_CLINIC_metal_0029_data,1,59,59,1696
dataset7_CLINIC_metal_0029_data,1,60,55,1777
dataset7_CLINIC_metal_0029_data,1,61,54,1841
dataset7_CLINIC_metal_0029_data,1,62,53,1907
dataset7_CLINIC_metal_0029_data,1,63,54,1961
dataset7_CLINIC_metal_0029_data,1,64,54,2009
dataset7_CLINIC_metal_0029_data,1,65,55,2041
dataset7_CLINIC_metal_0029_data,1,66,56,2077
dataset7_CLINIC_metal_0029_data,1,67,53,2106
dataset7_CLINIC_metal_0029_data,1,68,52,2128
dataset7_CLINIC_metal_0029_data,1,69,53,2157
dataset7_CLINIC_metal_0029_data,1,70,52,2172
dataset7_CLINIC_metal_0029_data,1,71,52,2184
dataset7_CLINIC_metal_0029_data,1,72,62,2200
dataset7_CLINIC_metal_0029_data,1,73,108,2208
dataset7_CLINIC_metal_0029_data,1,74,154,2206
dataset7_CLINIC_metal_0029_data,1,75,172,2209
dataset7_CLINIC_metal_0029_data,1,76,180,2225
dataset7_CLINIC_metal_0029_data,1,77,179,2248
dataset7_CLINIC_metal_0029_data,1,78,144,2285
dataset7_CLINIC_metal_0029_data,1,79,138,2324
dataset7_CLINIC_metal_0029_data,1,80,153,2352
dataset7_CLINIC_metal_0029_data,1,81,155,2392
dataset7_CLINIC_metal_0029_data,1,82,160,2414
dataset7_CLINIC_metal_0029_data,1,83,157,2430
dataset7_CLINIC_metal_0029_data,1,84,144,2430
dataset7_CLINIC_metal_0029_data,1,85,115,2454
dataset7_CLINIC_metal_0029_data,1,86,91,2482
dataset7_CLINIC_metal_0029_data,1,87,77,2497
dataset7_CLINIC_metal_0029_data,1,88,74,2488
dataset7_CLINIC_metal_0029_data,1,89,91,2482
dataset7_CLINIC_metal_0029_data,1,90,112,2457
dataset7_CLINIC_metal_0029_data,1,91,116,2424
dataset7_CLINIC_metal_0029_data,1,92,102,2363
dataset7_CLINIC_metal_0029_data,1,93,75,2330
dataset7_CLINIC_metal_0029_data,1,94,82,2309
dataset7_CLINIC_metal_0029_data,1,95,78,2304
dataset7_CLINIC_metal_0029_data,1,96,71,2312
dataset7_CLINIC_metal_0029_data,1,97,73,2296
dataset7_CLINIC_metal_0029_data,1,98,81,2289
dataset7_CLINIC_metal_0029_data,1,99,106,2263
dataset7_CLINIC_metal_0029_data,1,100,115,2257
dataset7_CLINIC_metal_0029_data,1,101,108,2254
dataset7_CLINIC_metal_0029_data,1,102,83,2248
dataset7_CLINIC_metal_0029_data,1,103,82,2239
dataset7_CLINIC_metal_0029_data,1,104,79,2219
dataset7_CLINIC_metal_0029_data,1,105,77,2210
dataset7_CLINIC_metal_0029_data,1,106,71,2198
dataset7_CLINIC_metal_0029_data,1,107,79,2198
dataset7_CLINIC_metal_0029_data,1,108,100,2201
dataset7_CLINIC_metal_0029_data,1,109,116,2201
dataset7_CLINIC_metal_0029_data,1,110,111,2191
dataset7_CLINIC_metal_0029_data,1,111,90,2189
dataset7_CLINIC_metal_0029_data,1,112,74,2172
dataset7_CLINIC_metal_0029_data,1,113,83,2140
dataset7_CLINIC_metal_0029_data,1,114,79,2127
dataset7_CLINIC_metal_0029_data,1,115,74,2101
dataset7_CLINIC_metal_0029_data,1,116,69,2073
dataset7_CLINIC_metal_0029_data,1,117,77,2057
dataset7_CLINIC_metal_0029_data,1,118,94,2062
dataset7_CLINIC_metal_0029_data,1,119,112,2050
dataset7_CLINIC_metal_0029_data,1,120,99,2042
dataset7_CLINIC_metal_0029_data,1,121,78,2033
dataset7_CLINIC_metal_0029_data,1,122,65,2021
dataset7_CLINIC_metal_0029_data,1,123,72,1991
dataset7_CLINIC_metal_0029_data,1,124,74,1959
dataset7_CLINIC_metal_0029_data,1,125,67,1928
dataset7_CLINIC_metal_0029_data,1,126,64,1905
dataset7_CLINIC_metal_0029_data,1,127,67,1892
dataset7_CLINIC_metal_0029_data,1,128,69,1877
dataset7_CLINIC_metal_0029_data,1,129,81,1842
dataset7_CLINIC_metal_0029_data,1,130,100,1815
dataset7_CLINIC_metal_0029_data,1,131,91,1783
dataset7_CLINIC_metal_0029_data,1,132,64,1757
dataset7_CLINIC_metal_0029_data,1,133,61,1732
dataset7_CLINIC_metal_0029_data,1,134,57,1703
dataset7_CLINIC_metal_0029_data,1,135,64,1694
dataset7_CLINIC_metal_0029_data,1,136,67,1701
dataset7_CLINIC_metal_0029_data,1,137,65,1697
dataset7_CLINIC_metal_0029_data,1,138,59,1694
dataset7_CLINIC_metal_0029_data,1,139,55,1701
dataset7_CLINIC_metal_0029_data,1,140,60,1700
dataset7_CLINIC_metal_0029_data,1,141,68,1686
dataset7_CLINIC_metal_0029_data,1,142,81,1669
dataset7_CLINIC_metal_0029_data,1,143,94,1647
dataset7_CLINIC_metal_0029_data,1,144,88,1638
dataset7_CLINIC_metal_0029_data,1,145,74,1649
dataset7_CLINIC_metal_0029_data,1,146,71,1650
dataset7_CLINIC_metal_0029_data,1,147,64,1648
dataset7_CLINIC_metal_0029_data,1,148,65,1641
dataset7_CLINIC_metal_0029_data,1,149,77,1636
dataset7_CLINIC_metal_0029_data,1,150,75,1645
dataset7_CLINIC_metal_0029_data,1,151,66,1651
dataset7_CLINIC_metal_0029_data,1,152,59,1664
dataset7_CLINIC_metal_0029_data,1,153,56,1676
dataset7_CLINIC_metal_0029_data,1,154,52,1681
dataset7_CLINIC_metal_0029_data,1,155,55,1685
dataset7_CLINIC_metal_0029_data,1,156,62,1699
dataset7_CLINIC_metal_0029_data,1,157,81,1705
dataset7_CLINIC_metal_0029_data,1,158,84,1717
dataset7_CLINIC_metal_0029_data,1,159,75,1725
dataset7_CLINIC_metal_0029_data,1,160,62,1729
dataset7_CLINIC_metal_0029_data,1,161,65,1723
dataset7_CLINIC_metal_0029_data,1,162,60,1718
dataset7_CLINIC_metal_0029_data,1,163,58,1702
dataset7_CLINIC_metal_0029_data,1,164,56,1683
dataset7_CLINIC_metal_0029_data,1,165,68,1665
dataset7_CLINIC_metal_0029_data,1,166,68,1641
dataset7_CLINIC_metal_0029_data,1,167,55,1628
dataset7_CLINIC_metal_0029_data,1,168,52,1624
dataset7_CLINIC_metal_0029_data,1,169,50,1640
dataset7_CLINIC_metal_0029_data,1,170,50,1647
dataset7_CLINIC_metal_0029_data,1,171,52,1669
dataset7_CLINIC_metal_0029_data,1,172,66,1694
dataset7_CLINIC_metal_0029_data,1,173,78,1720
dataset7_CLINIC_metal_0029_data,1,174,86,1744
dataset7_CLINIC_metal_0029_data,1,175,75,1771
dataset7_CLINIC_metal_0029_data,1,176,70,1796
dataset7_CLINIC_metal_0029_data,1,177,64,1825
dataset7_CLINIC_metal_0029_data,1,178,67,1843
dataset7_CLINIC_metal_0029_data,1,179,62,1858
dataset7_CLINIC_metal_0029_data,1,180,71,1860
dataset7_CLINIC_metal_0029_data,1,181,87,1869
dataset7_CLINIC_metal_0029_data,1,182,99,1869
dataset7_CLINIC_metal_0029_data,1,183,87,1859
dataset7_CLINIC_metal_0029_data,1,184,77,1855
dataset7_CLINIC_metal_0029_data,1,185,68,1858
dataset7_CLINIC_metal_0029_data,1,186,64,1870
dataset7_CLINIC_metal_0029_data,1,187,58,1867
dataset7_CLINIC_metal_0029_data,1,188,55,1868
dataset7_CLINIC_metal_0029_data,1,189,63,1863
dataset7_CLINIC_metal_0029_data,1,190,69,1844
dataset7_CLINIC_metal_0029_data,1,191,55,1833
dataset7_CLINIC_metal_0029_data,1,192,53,1809
dataset7_CLINIC_metal_0029_data,1,193,45,1779
dataset7_CLINIC_metal_0029_data,1,194,46,1726
dataset7_CLINIC_metal_0029_data,1,195,45,1698
dataset7_CLINIC_metal_0029_data,1,196,53,1647
dataset7_CLINIC_metal_0029_data,1,197,66,1601
dataset7_CLINIC_metal_0029_data,1,198,66,1547
dataset7_CLINIC_metal_0029_data,1,199,58,1488
dataset7_CLINIC_metal_0029_data,1,200,50,1416
dataset7_CLINIC_metal_0029_data,1,201,45,1369
dataset7_CLINIC_metal_0029_data,1,202,45,1317
dataset7_CLINIC_metal_0029_data,1,203,47,1329
dataset7_CLINIC_metal_0029_data,1,204,52,1340
dataset7_CLINIC_metal_0029_data,1,205,62,1368
dataset7_CLINIC_metal_0029_data,1,206,71,1384
dataset7_CLINIC_metal_0029_data,1,207,64,1389
dataset7_CLINIC_metal_0029_data,1,208,54,1396
dataset7_CLINIC_metal_0029_data,1,209,47,1386
dataset7_CLINIC_metal_0029_data,1,210,45,1378
dataset7_CLINIC_metal_0029_data,1,211,44,1373
dataset7_CLINIC_metal_0029_data,1,212,52,1373
dataset7_CLINIC_metal_0029_data,1,213,62,1568
dataset7_CLINIC_metal_0029_data,1,214,65,1712
dataset7_CLINIC_metal_0029_data,1,215,59,1880
dataset7_CLINIC_metal_0029_data,1,216,54,2042
dataset7_CLINIC_metal_0029_data,1,217,47,2234
dataset7_CLINIC_metal_0029_data,1,218,44,2379
dataset7_CLINIC_metal_0029_data,1,219,46,2521
dataset7_CLINIC_metal_0029_data,1,220,51,2647
dataset7_CLINIC_metal_0029_data,1,221,59,2767
dataset7_CLINIC_metal_0029_data,1,222,66,2938
dataset7_CLINIC_metal_0029_data,1,223,65,3069
dataset7_CLINIC_metal_0029_data,1,224,49,3179
dataset7_CLINIC_metal_0029_data,1,225,42,3291
dataset7_CLINIC_metal_0029_data,1,226,42,3373
dataset7_CLINIC_metal_0029_data,1,227,61,3453
dataset7_CLINIC_metal_0029_data,1,228,100,3653
dataset7_CLINIC_metal_0029_data,1,229,152,3756
dataset7_CLINIC_metal_0029_data,1,230,223,3845
dataset7_CLINIC_metal_0029_data,1,231,249,3955
dataset7_CLINIC_metal_0029_data,1,232,267,4200
dataset7_CLINIC_metal_0029_data,1,233,290,4368
dataset7_CLINIC_metal_0029_data,1,234,275,4540
dataset7_CLINIC_metal_0029_data,1,235,237,4665
dataset7_CLINIC_metal_0029_data,1,236,223,4780
dataset7_CLINIC_metal_0029_data,1,237,263,4901
dataset7_CLINIC_metal_0029_data,1,238,300,4982
dataset7_CLINIC_metal_0029_data,1,239,294,5082
dataset7_CLINIC_metal_0029_data,1,240,280,5175
dataset7_CLINIC_metal_0029_data,1,241,262,5289
dataset7_CLINIC_metal_0029_data,1,242,287,5414
dataset7_CLINIC_metal_0029_data,1,243,357,5531
dataset7_CLINIC_metal_0029_data,1,244,468,5644
dataset7_CLINIC_metal_0029_data,1,245,508,5744
dataset7_CLINIC_metal_0029_data,1,246,553,5808
dataset7_CLINIC_metal_0029_data,1,247,511,5857
dataset7_CLINIC_metal_0029_data,1,248,487,5897
dataset7_CLINIC_metal_0029_data,1,249,459,5914
dataset7_CLINIC_metal_0029_data,1,250,412,5902
dataset7_CLINIC_metal_0029_data,1,251,325,5887
dataset7_CLINIC_metal_0029_data,1,252,273,5843
dataset7_CLINIC_metal_0029_data,1,253,184,5795
dataset7_CLINIC_metal_0029_data,1,254,144,5780
dataset7_CLINIC_metal_0029_data,1,255,146,5735
dataset7_CLINIC_metal_0029_data,1,256,164,5684
dataset7_CLINIC_metal_0029_data,1,257,161,5604
dataset7_CLINIC_metal_0029_data,1,258,198,5524
dataset7_CLINIC_metal_0029_data,1,259,315,5426
dataset7_CLINIC_metal_0029_data,1,260,375,5312
dataset7_CLINIC_metal_0029_data,1,261,270,5161
dataset7_CLINIC_metal_0029_data,1,262,120,5007
dataset7_CLINIC_metal_0029_data,1,263,57,4814
dataset7_CLINIC_metal_0029_data,1,264,51,4587
dataset7_CLINIC_metal_0029_data,1,265,50,4290
dataset7_CLINIC_metal_0029_data,1,266,49,4037
dataset7_CLINIC_metal_0029_data,1,267,50,3658
dataset7_CLINIC_metal_0029_data,1,268,61,3425
dataset7_CLINIC_metal_0029_data,1,269,71,3112
dataset7_CLINIC_metal_0029_data,1,270,70,2924
dataset7_CLINIC_metal_0029_data,1,271,54,2713
dataset7_CLINIC_metal_0029_data,1,272,44,2497
dataset7_CLINIC_metal_0029_data,1,273,42,2185
dataset7_CLINIC_metal_0029_data,1,274,42,2066
dataset7_CLINIC_metal_0029_data,1,275,51,1916
dataset7_CLINIC_metal_0029_data,1,276,59,1680
dataset7_CLINIC_metal_0029_data,1,277,65,1348
dataset7_CLINIC_metal_0029_data,1,278,65,1338
dataset7_CLINIC_metal_0029_data,1,279,57,1320
dataset7_CLINIC_metal_0029_data,1,280,51,1295
dataset7_CLINIC_metal_0029_data,1,281,41,1278
dataset7_CLINIC_metal_0029_data,1,282,31,1250
dataset7_CLINIC_metal_0029_data,1,283,12,1211
dataset7_CLINIC_metal_0029_data,1,284,0,1168
dataset7_CLINIC_metal_0029_data,1,285,0,1119
dataset7_CLINIC_metal_0029_data,1,286,0,1065
dataset7_CLINIC_metal_0029_data,1,287,0,1008
dataset7_CLINIC_metal_0029_data,1,288,0,942
dataset7_CLINIC_metal_0029_data,1,289,0,863
dataset7_CLINIC_metal_0029_data,1,290,0,794
dataset7_CLINIC_metal_0029_data,1,291,0,727
dataset7_CLINIC_metal_0029_data,1,292,0,658
dataset7_CLINIC_metal_0029_data,1,293,0,570
dataset7_CLINIC_metal_0029_data,1,294,0,472
dataset7_CLINIC_metal_0029_data,1,295,0,372
dataset7_CLINIC_metal_0029_data,1,296,0,268
dataset7_CLINIC_metal_0029_data,1,297,0,159
dataset7_CLINIC_metal_0029_data,2,168,0,124
dataset7_CLINIC_metal_0029_data,2,169,0,227
dataset7_CLINIC_metal_0029_data,2,170,0,331
dataset7_CLINIC_metal_0029_data,2,171,0,437
dataset7_CLINIC_metal_0029_data,2,172,0,549
dataset7_CLINIC_metal_0029_data,2,173,0,661
dataset7_CLINIC_metal_0029_data,2,174,0,758
dataset7_CLINIC_metal_0029_data,2,175,0,855
dataset7_CLINIC_metal_0029_data,2,176,0,959
dataset7_CLINIC_metal_0029_data,2,177,0,1058
dataset7_CLINIC_metal_0029_data,2,178,0,1150
dataset7_CLINIC_metal_0029_data,2,179,0,1244
dataset7_CLINIC_metal_0029_data,2,180,0,1341
dataset7_CLINIC_metal_0029_data,2,181,0,1432
dataset7_CLINIC_metal_0029_data,2,182,4,1518
dataset7_CLINIC_metal_0029_data,2,183,22,1601
dataset7_CLINIC_metal_0029_data,2,184,36,1682
dataset7_CLINIC_metal_0029_data,2,185,48,1757
dataset7_CLINIC_metal_0029_data,2,186,51,1830
dataset7_CLINIC_metal_0029_data,2,187,51,1909
dataset7_CLINIC_metal_0029_data,2,188,48,1972
dataset7_CLINIC_metal_0029_data,2,189,50,2032
dataset7_CLINIC_metal_0029_data,2,190,52,2098
dataset7_CLINIC_metal_0029_data,2,191,50,2147
dataset7_CLINIC_metal_0029_data,2,192,51,2194
dataset7_CLINIC_metal_0029_data,2,193,50,2230
dataset7_CLINIC_metal_0029_data,2,194,49,2285
dataset7_CLINIC_metal_0029_data,2,195,46,2310
dataset7_CLINIC_metal_0029_data,2,196,50,2404
dataset7_CLINIC_metal_0029_data,2,197,50,2446
dataset7_CLINIC_metal_0029_data,2,198,48,2473
dataset7_CLINIC_metal_0029_data,2,199,49,2491
dataset7_CLINIC_metal_0029_data,2,200,49,2490
dataset7_CLINIC_metal_0029_data,2,201,51,2491
dataset7_CLINIC_metal_0029_data,2,202,50,2468
dataset7_CLINIC_metal_0029_data,2,203,51,2441
dataset7_CLINIC_metal_0029_data,2,204,48,2403
dataset7_CLINIC_metal_0029_data,2,205,49,2376
dataset7_CLINIC_metal_0029_data,2,206,51,2329
dataset7_CLINIC_metal_0029_data,2,207,50,2278
dataset7_CLINIC_metal_0029_data,2,208,51,2221
dataset7_CLINIC_metal_0029_data,2,209,51,2167
dataset7_CLINIC_metal_0029_data,2,210,70,2098
dataset7_CLINIC_metal_0029_data,2,211,84,2025
dataset7_CLINIC_metal_0029_data,2,212,83,1957
dataset7_CLINIC_metal_0029_data,2,213,73,1876
dataset7_CLINIC_metal_0029_data,2,214,59,1793
dataset7_CLINIC_metal_0029_data,2,215,46,1714
dataset7_CLINIC_metal_0029_data,2,216,39,1621
dataset7_CLINIC_metal_0029_data,2,217,20,1537
dataset7_CLINIC_metal_0029_data,2,218,0,1434
dataset7_CLINIC_metal_0029_data,2,219,0,1345
dataset7_CLINIC_metal_0029_data,2,220,0,1248
dataset7_CLINIC_metal_0029_data,2,221,0,1157
dataset7_CLINIC_metal_0029_data,2,222,0,1053
dataset7_CLINIC_metal_0029_data,2,223,0,945
dataset7_CLINIC_metal_0029_data,2,224,0,848
dataset7_CLINIC_metal_0029_data,2,225,0,775
dataset7_CLINIC_metal_0029_data,2,226,0,692
dataset7_CLINIC_metal_0029_data,2,227,0,600
dataset7_CLINIC_metal_0029_data,2,228,0,501
dataset7_CLINIC_metal_0029_data,2,229,0,405
dataset7_CLINIC_metal_0029_data,2,230,0,304
dataset7_CLINIC_metal_0029_data,2,231,0,187
dataset7_CLINIC_metal_0029_data,3,165,0,182
dataset7_CLINIC_metal_0029_data,3,166,0,312
dataset7_CLINIC_metal_0029_data,3,167,0,739
dataset7_CLINIC_metal_0029_data,3,168,0,1159
dataset7_CLINIC_metal_0029_data,3,169,0,1552
dataset7_CLINIC_metal_0029_data,3,170,0,1821
dataset7_CLINIC_metal_0029_data,3,171,0,2048
dataset7_CLINIC_metal_0029_data,3,172,0,2239
dataset7_CLINIC_metal_0029_data,3,173,0,2433
dataset7_CLINIC_metal_0029_data,3,174,0,2573
dataset7_CLINIC_metal_0029_data,3,175,0,2701
dataset7_CLINIC_metal_0029_data,3,176,0,2825
dataset7_CLINIC_metal_0029_data,3,177,0,2943
dataset7_CLINIC_metal_0029_data,3,178,0,3005
dataset7_CLINIC_metal_0029_data,3,179,18,3087
dataset7_CLINIC_metal_0029_data,3,180,40,3142
dataset7_CLINIC_metal_0029_data,3,181,152,3192
dataset7_CLINIC_metal_0029_data,3,182,274,3209
dataset7_CLINIC_metal_0029_data,3,183,363,3217
dataset7_CLINIC_metal_0029_data,3,184,237,3217
dataset7_CLINIC_metal_0029_data,3,185,128,3201
dataset7_CLINIC_metal_0029_data,3,186,49,3182
dataset7_CLINIC_metal_0029_data,3,187,2,3110
dataset7_CLINIC_metal_0029_data,3,188,0,3058
dataset7_CLINIC_metal_0029_data,3,189,0,2995
dataset7_CLINIC_metal_0029_data,3,190,0,2897
dataset7_CLINIC_metal_0029_data,3,191,0,2769
dataset7_CLINIC_metal_0029_data,3,192,0,2658
dataset7_CLINIC_metal_0029_data,3,193,0,2519
dataset7_CLINIC_metal_0029_data,3,194,0,2350
dataset7_CLINIC_metal_0029_data,3,195,0,2175
dataset7_CLINIC_metal_0029_data,3,196,0,1944
dataset7_CLINIC_metal_0029_data,3,197,0,1660
dataset7_CLINIC_metal_0029_data,3,198,0,1215
dataset7_CLINIC_metal_0029_data,3,199,0,775
dataset7_CLINIC_metal_0029_data,3,200,0,422
dataset7_CLINIC_metal_0029_data,3,201,0,108
dataset7_CLINIC_metal_0029_data,4,152,0,132
dataset7_CLINIC_metal_0029_data,4,153,0,232
dataset7_CLINIC_metal_0029_data,4,154,0,332
dataset7_CLINIC_metal_0029_data,4,155,0,436
dataset7_CLINIC_metal_0029_data,4,156,0,745
dataset7_CLINIC_metal_0029_data,4,157,0,939
dataset7_CLINIC_metal_0029_data,4,158,0,1102
dataset7_CLINIC_metal_0029_data,4,159,0,1252
dataset7_CLINIC_metal_0029_data,4,160,0,1401
dataset7_CLINIC_metal_0029_data,4,161,0,1532
dataset7_CLINIC_metal_0029_data,4,162,0,1637
dataset7_CLINIC_metal_0029_data,4,163,0,1744
dataset7_CLINIC_metal_0029_data,4,164,0,1827
dataset7_CLINIC_metal_0029_data,4,165,0,1912
dataset7_CLINIC_metal_0029_data,4,166,6,1981
dataset7_CLINIC_metal_0029_data,4,167,23,2051
dataset7_CLINIC_metal_0029_data,4,168,39,2085
dataset7_CLINIC_metal_0029_data,4,169,43,2135
dataset7_CLINIC_metal_0029_data,4,170,77,2185
dataset7_CLINIC_metal_0029_data,4,171,94,2231
dataset7_CLINIC_metal_0029_data,4,172,92,2278
dataset7_CLINIC_metal_0029_data,4,173,82,2311
dataset7_CLINIC_metal_0029_data,4,174,80,2339
dataset7_CLINIC_metal_0029_data,4,175,54,2326
dataset7_CLINIC_metal_0029_data,4,176,28,2344
dataset7_CLINIC_metal_0029_data,4,177,19,2317
dataset7_CLINIC_metal_0029_data,4,178,9,2316
dataset7_CLINIC_metal_0029_data,4,179,6,2266
dataset7_CLINIC_metal_0029_data,4,180,6,2238
dataset7_CLINIC_metal_0029_data,4,181,4,2164
dataset7_CLINIC_metal_0029_data,4,182,5,2117
dataset7_CLINIC_metal_0029_data,4,183,19,2036
dataset7_CLINIC_metal_0029_data,4,184,15,1943
dataset7_CLINIC_metal_0029_data,4,185,0,1817
dataset7_CLINIC_metal_0029_data,4,186,0,1689
dataset7_CLINIC_metal_0029_data,4,187,0,1518
dataset7_CLINIC_metal_0029_data,4,188,0,1338
dataset7_CLINIC_metal_0029_data,4,189,0,1153
dataset7_CLINIC_metal_0029_data,4,190,0,894
dataset7_CLINIC_metal_0029_data,4,191,0,815
dataset7_CLINIC_metal_0029_data,4,192,0,742
dataset7_CLINIC_metal_0029_data,4,193,0,676
dataset7_CLINIC_metal_0029_data,4,194,0,592
dataset7_CLINIC_metal_0029_data,4,195,0,492
dataset7_CLINIC_metal_0029_data,4,196,0,394
dataset7_CLINIC_metal_0029_data,4,197,0,297
dataset7_CLINIC_metal_0029_data,4,198,0,180
dataset7_CLINIC_metal_0029_data,5,153,0,272
dataset7_CLINIC_metal_0029_data,5,154,0,507
dataset7_CLINIC_metal_0029_data,5,155,0,664
dataset7_CLINIC_metal_0029_data,5,156,0,803
dataset7_CLINIC_metal_0029_data,5,157,0,940
dataset7_CLINIC_metal_0029_data,5,158,0,1059
dataset7_CLINIC_metal_0029_data,5,159,0,1147
dataset7_CLINIC_metal_0029_data,5,160,0,1239
dataset7_CLINIC_metal_0029_data,5,161,0,1329
dataset7_CLINIC_metal_0029_data,5,162,0,1399
dataset7_CLINIC_metal_0029_data,5,163,0,1460
dataset7_CLINIC_metal_0029_data,5,164,0,1515
dataset7_CLINIC_metal_0029_data,5,165,0,1571
dataset7_CLINIC_metal_0029_data,5,166,0,1600
dataset7_CLINIC_metal_0029_data,5,167,39,1629
dataset7_CLINIC_metal_0029_data,5,168,86,1652
dataset7_CLINIC_metal_0029_data,5,169,80,1662
dataset7_CLINIC_metal_0029_data,5,170,51,1664
dataset7_CLINIC_metal_0029_data,5,171,5,1660
dataset7_CLINIC_metal_0029_data,5,172,6,1638
dataset7_CLINIC_metal_0029_data,5,173,8,1611
dataset7_CLINIC_metal_0029_data,5,174,6,1586
dataset7_CLINIC_metal_0029_data,5,175,3,1529
dataset7_CLINIC_metal_0029_data,5,176,0,1477
dataset7_CLINIC_metal_0029_data,5,177,0,1409
dataset7_CLINIC_metal_0029_data,5,178,0,1350
dataset7_CLINIC_metal_0029_data,5,179,0,1261
dataset7_CLINIC_metal_0029_data,5,180,0,1162
dataset7_CLINIC_metal_0029_data,5,181,0,1044
dataset7_CLINIC_metal_0029_data,5,182,0,941
dataset7_CLINIC_metal_0029_data,5,183,0,819
dataset7_CLINIC_metal_0029_data,5,184,0,686
dataset7_CLINIC_metal_0029_data,5,185,0,463
dataset7_CLINIC_metal_0029_data,5,186,0,377
dataset7_CLINIC_metal_0029_data,5,187,0,293
dataset7_CLINIC_metal_0029_data,5,188,0,211
dataset7_CLINIC_metal_0029_data,5,189,0,116
dataset7_CLINIC_metal_0029_data,6,93,0,154
dataset7_CLINIC_metal_0029_data,6,94,0,261
dataset7_CLINIC_metal_0029_data,6,95,0,357
dataset7_CLINIC_metal_0029_data,6,96,0,527
dataset7_CLINIC_metal_0029_data,6,97,0,752
dataset7_CLINIC_metal_0029_data,6,98,0,995
dataset7_CLINIC_metal_0029_data,6,99,0,1177
dataset7_CLINIC_metal_0029_data,6,100,0,1349
dataset7_CLINIC_metal_0029_data,6,101,0,1489
dataset7_CLINIC_metal_0029_data,6,102,0,1629
dataset7_CLINIC_metal_0029_data,6,103,0,1751
dataset7_CLINIC_metal_0029_data,6,104,0,1851
dataset7_CLINIC_metal_0029_data,6,105,0,1937
dataset7_CLINIC_metal_0029_data,6,106,0,2021
dataset7_CLINIC_metal_0029_data,6,107,11,2085
dataset7_CLINIC_metal_0029_data,6,108,23,2149
dataset7_CLINIC_metal_0029_data,6,109,43,2185
dataset7_CLINIC_metal_0029_data,6,110,78,2214
dataset7_CLINIC_metal_0029_data,6,111,136,2243
dataset7_CLINIC_metal_0029_data,6,112,191,2256
dataset7_CLINIC_metal_0029_data,6,113,183,2266
dataset7_CLINIC_metal_0029_data,6,114,116,2248
dataset7_CLINIC_metal_0029_data,6,115,58,2232
dataset7_CLINIC_metal_0029_data,6,116,0,2191
dataset7_CLINIC_metal_0029_data,6,117,0,2155
dataset7_CLINIC_metal_0029_data,6,118,0,2099
dataset7_CLINIC_metal_0029_data,6,119,0,2028
dataset7_CLINIC_metal_0029_data,6,120,0,1949
dataset7_CLINIC_metal_0029_data,6,121,0,1860
dataset7_CLINIC_metal_0029_data,6,122,0,1757
dataset7_CLINIC_metal_0029_data,6,123,0,1639
dataset7_CLINIC_metal_0029_data,6,124,0,1523
dataset7_CLINIC_metal_0029_data,6,125,0,1366
dataset7_CLINIC_metal_0029_data,6,126,0,1187
dataset7_CLINIC_metal_0029_data,6,127,0,982
dataset7_CLINIC_metal_0029_data,6,128,0,701
dataset7_CLINIC_metal_0029_data,6,129,0,331
dataset7_CLINIC_metal_0029_data,7,116,0,108
dataset7_CLINIC_metal_0029_data,7,117,0,208
dataset7_CLINIC_metal_0029_data,7,118,0,304
dataset7_CLINIC_metal_0029_data,7,119,0,396
dataset7_CLINIC_metal_0029_data,7,120,0,490
dataset7_CLINIC_metal_0029_data,7,121,0,580
dataset7_CLINIC_metal_0029_data,7,122,0,649
dataset7_CLINIC_metal_0029_data,7,123,0,692
dataset7_CLINIC_metal_0029_data,7,124,0,761
dataset7_CLINIC_metal_0029_data,7,125,0,814
dataset7_CLINIC_metal_0029_data,7,126,0,861
dataset7_CLINIC_metal_0029_data,7,127,0,884
dataset7_CLINIC_metal_0029_data,7,128,0,924
dataset7_CLINIC_metal_0029_data,7,129,0,944
dataset7_CLINIC_metal_0029_data,7,130,2,975
dataset7_CLINIC_metal_0029_data,7,131,11,990
dataset7_CLINIC_metal_0029_data,7,132,12,1009
dataset7_CLINIC_metal_0029_data,7,133,3,1026
dataset7_CLINIC_metal_0029_data,7,134,3,1031
dataset7_CLINIC_metal_0029_data,7,135,4,1036
dataset7_CLINIC_metal_0029_data,7,136,6,1027
dataset7_CLINIC_metal_0029_data,7,137,4,1026
dataset7_CLINIC_metal_0029_data,7,138,5,1013
dataset7_CLINIC_metal_0029_data,7,139,9,992
dataset7_CLINIC_metal_0029_data,7,140,2,966
dataset7_CLINIC_metal_0029_data,7,141,0,937
dataset7_CLINIC_metal_0029_data,7,142,0,909
dataset7_CLINIC_metal_0029_data,7,143,0,870
dataset7_CLINIC_metal_0029_data,7,144,0,840
dataset7_CLINIC_metal_0029_data,7,145,0,790
dataset7_CLINIC_metal_0029_data,7,146,0,736
dataset7_CLINIC_metal_0029_data,7,147,0,675
dataset7_CLINIC_metal_0029_data,7,148,0,625
dataset7_CLINIC_metal_0029_data,7,149,0,554
dataset7_CLINIC_metal_0029_data,7,150,0,469
dataset7_CLINIC_metal_0029_data,7,151,0,379
dataset7_CLINIC_metal_0029_data,7,152,0,291
dataset7_CLINIC_metal_0029_data,7,153,0,200
dataset7_CLINIC_metal_0029_data,7,154,0,108
dataset7_CLINIC_metal_0029_data,8,95,0,124
dataset7_CLINIC_metal_0029_data,8,96,0,222
dataset7_CLINIC_metal_0029_data,8,97,0,306
dataset7_CLINIC_metal_0029_data,8,98,0,392
dataset7_CLINIC_metal_0029_data,8,99,0,478
dataset7_CLINIC_metal_0029_data,8,100,0,544
dataset7_CLINIC_metal_0029_data,8,101,0,591
dataset7_CLINIC_metal_0029_data,8,102,0,648
dataset7_CLINIC_metal_0029_data,8,103,0,700
dataset7_CLINIC_metal_0029_data,8,104,0,747
dataset7_CLINIC_metal_0029_data,8,105,0,775
dataset7_CLINIC_metal_0029_data,8,106,0,816
dataset7_CLINIC_metal_0029_data,8,107,0,846
dataset7_CLINIC_metal_0029_data,8,108,0,876
dataset7_CLINIC_metal_0029_data,8,109,4,903
dataset7_CLINIC_metal_0029_data,8,110,6,932
dataset7_CLINIC_metal_0029_data,8,111,5,957
dataset7_CLINIC_metal_0029_data,8,112,5,978
dataset7_CLINIC_metal_0029_data,8,113,5,1005
dataset7_CLINIC_metal_0029_data,8,114,6,1023
dataset7_CLINIC_metal_0029_data,8,115,6,1045
dataset7_CLINIC_metal_0029_data,8,116,7,1062
dataset7_CLINIC_metal_0029_data,8,117,5,1086
dataset7_CLINIC_metal_0029_data,8,118,6,1091
dataset7_CLINIC_metal_0029_data,8,119,6,1115
dataset7_CLINIC_metal_0029_data,8,120,7,1114
dataset7_CLINIC_metal_0029_data,8,121,7,1125
dataset7_CLINIC_metal_0029_data,8,122,7,1133
dataset7_CLINIC_metal_0029_data,8,123,7,1131
dataset7_CLINIC_metal_0029_data,8,124,7,1127
dataset7_CLINIC_metal_0029_data,8,125,6,1128
dataset7_CLINIC_metal_0029_data,8,126,8,1121
dataset7_CLINIC_metal_0029_data,8,127,7,1111
dataset7_CLINIC_metal_0029_data,8,128,8,1116
dataset7_CLINIC_metal_0029_data,8,129,6,1117
dataset7_CLINIC_metal_0029_data,8,130,7,1123
dataset7_CLINIC_metal_0029_data,8,131,6,1132
dataset7_CLINIC_metal_0029_data,8,132,6,1139
dataset7_CLINIC_metal_0029_data,8,133,8,1150
dataset7_CLINIC_metal_0029_data,8,134,6,1169
dataset7_CLINIC_metal_0029_data,8,135,6,1179
dataset7_CLINIC_metal_0029_data,8,136,7,1201
dataset7_CLINIC_metal_0029_data,8,137,8,1217
dataset7_CLINIC_metal_0029_data,8,138,8,1233
dataset7_CLINIC_metal_0029_data,8,139,8,1241
dataset7_CLINIC_metal_0029_data,8,140,8,1255
dataset7_CLINIC_metal_0029_data,8,141,8,1260
dataset7_CLINIC_metal_0029_data,8,142,8,1273
dataset7_CLINIC_metal_0029_data,8,143,8,1267
dataset7_CLINIC_metal_0029_data,8,144,10,1269
dataset7_CLINIC_metal_0029_data,8,145,7,1276
dataset7_CLINIC_metal_0029_data,8,146,9,1271
dataset7_CLINIC_metal_0029_data,8,147,7,1254
dataset7_CLINIC_metal_0029_data,8,148,7,1243
dataset7_CLINIC_metal_0029_data,8,149,6,1237
dataset7_CLINIC_metal_0029_data,8,150,6,1225
dataset7_CLINIC_metal_0029_data,8,151,6,1216
dataset7_CLINIC_metal_0029_data,8,152,6,1201
dataset7_CLINIC_metal_0029_data,8,153,6,1188
dataset7_CLINIC_metal_0029_data,8,154,7,1165
dataset7_CLINIC_metal_0029_data,8,155,7,1159
dataset7_CLINIC_metal_0029_data,8,156,6,1139
dataset7_CLINIC_metal_0029_data,8,157,5,1125
dataset7_CLINIC_metal_0029_data,8,158,7,1114
dataset7_CLINIC_metal_0029_data,8,159,5,1112
dataset7_CLINIC_metal_0029_data,8,160,6,1100
dataset7_CLINIC_metal_0029_data,8,161,7,1105
dataset7_CLINIC_metal_0029_data,8,162,8,1100
dataset7_CLINIC_metal_0029_data,8,163,6,1107
dataset7_CLINIC_metal_0029_data,8,164,6,1105
dataset7_CLINIC_metal_0029_data,8,165,7,1103
dataset7_CLINIC_metal_0029_data,8,166,6,1104
dataset7_CLINIC_metal_0029_data,8,167,8,1110
dataset7_CLINIC_metal_0029_data,8,168,8,1114
dataset7_CLINIC_metal_0029_data,8,169,6,1112
dataset7_CLINIC_metal_0029_data,8,170,6,1119
dataset7_CLINIC_metal_0029_data,8,171,7,1121
dataset7_CLINIC_metal_0029_data,8,172,4,1130
dataset7_CLINIC_metal_0029_data,8,173,6,1134
dataset7_CLINIC_metal_0029_data,8,174,6,1150
dataset7_CLINIC_metal_0029_data,8,175,6,1157
dataset7_CLINIC_metal_0029_data,8,176,6,1178
dataset7_CLINIC_metal_0029_data,8,177,6,1188
dataset7_CLINIC_metal_0029_data,8,178,6,1194
dataset7_CLINIC_metal_0029_data,8,179,8,1203
dataset7_CLINIC_metal_0029_data,8,180,6,1223
dataset7_CLINIC_metal_0029_data,8,181,4,1229
dataset7_CLINIC_metal_0029_data,8,182,4,1242
dataset7_CLINIC_metal_0029_data,8,183,6,1262
dataset7_CLINIC_metal_0029_data,8,184,6,1279
dataset7_CLINIC_metal_0029_data,8,185,7,1296
dataset7_CLINIC_metal_0029_data,8,186,8,1308
dataset7_CLINIC_metal_0029_data,8,187,8,1330
dataset7_CLINIC_metal_0029_data,8,188,7,1350
dataset7_CLINIC_metal_0029_data,8,189,7,1362
dataset7_CLINIC_metal_0029_data,8,190,6,1372
dataset7_CLINIC_metal_0029_data,8,191,6,1379
dataset7_CLINIC_metal_0029_data,8,192,7,1392
dataset7_CLINIC_metal_0029_data,8,193,6,1398
dataset7_CLINIC_metal_0029_data,8,194,22,1396
dataset7_CLINIC_metal_0029_data,8,195,34,1392
dataset7_CLINIC_metal_0029_data,8,196,31,1388
dataset7_CLINIC_metal_0029_data,8,197,22,1378
dataset7_CLINIC_metal_0029_data,8,198,15,1376
dataset7_CLINIC_metal_0029_data,8,199,17,1359
dataset7_CLINIC_metal_0029_data,8,200,18,1351
dataset7_CLINIC_metal_0029_data,8,201,21,1325
dataset7_CLINIC_metal_0029_data,8,202,18,1291
dataset7_CLINIC_metal_0029_data,8,203,18,1263
dataset7_CLINIC_metal_0029_data,8,204,21,1237
dataset7_CLINIC_metal_0029_data,8,205,21,1200
dataset7_CLINIC_metal_0029_data,8,206,11,1147
dataset7_CLINIC_metal_0029_data,8,207,0,1090
dataset7_CLINIC_metal_0029_data,8,208,0,1035
dataset7_CLINIC_metal_0029_data,8,209,0,974
dataset7_CLINIC_metal_0029_data,8,210,0,917
dataset7_CLINIC_metal_0029_data,8,211,0,864
dataset7_CLINIC_metal_0029_data,8,212,0,802
dataset7_CLINIC_metal_0029_data,8,213,0,742
dataset7_CLINIC_metal_0029_data,8,214,0,685
dataset7_CLINIC_metal_0029_data,8,215,0,616
dataset7_CLINIC_metal_0029_data,8,216,0,537
dataset7_CLINIC_metal_0029_data,8,217,0,445
dataset7_CLINIC_metal_0029_data,8,218,0,355
dataset7_CLINIC_metal_0029_data,8,219,0,261
dataset7_CLINIC_metal_0029_data,8,220,0,154
dataset7_CLINIC_metal_0029_data,9,185,0,159
dataset7_CLINIC_metal_0029_data,9,186,0,281
dataset7_CLINIC_metal_0029_data,9,187,0,389
dataset7_CLINIC_metal_0029_data,9,188,0,500
dataset7_CLINIC_metal_0029_data,9,189,0,613
dataset7_CLINIC_metal_0029_data,9,190,0,716
dataset7_CLINIC_metal_0029_data,9,191,0,811
dataset7_CLINIC_metal_0029_data,9,192,0,899
dataset7_CLINIC_metal_0029_data,9,193,0,996
dataset7_CLINIC_metal_0029_data,9,194,0,1095
dataset7_CLINIC_metal_0029_data,9,195,0,1182
dataset7_CLINIC_metal_0029_data,9,196,0,1256
dataset7_CLINIC_metal_0029_data,9,197,0,1327
dataset7_CLINIC_metal_0029_data,9,198,0,1388
dataset7_CLINIC_metal_0029_data,9,199,12,1437
dataset7_CLINIC_metal_0029_data,9,200,20,1485
dataset7_CLINIC_metal_0029_data,9,201,33,1521
dataset7_CLINIC_metal_0029_data,9,202,53,1558
dataset7_CLINIC_metal_0029_data,9,203,65,1584
dataset7_CLINIC_metal_0029_data,9,204,71,1606
dataset7_CLINIC_metal_0029_data,9,205,76,1620
dataset7_CLINIC_metal_0029_data,9,206,80,1635
dataset7_CLINIC_metal_0029_data,9,207,83,1632
dataset7_CLINIC_metal_0029_data,9,208,83,1643
dataset7_CLINIC_metal_0029_data,9,209,61,1639
dataset7_CLINIC_metal_0029_data,9,210,41,1643
dataset7_CLINIC_metal_0029_data,9,211,35,1625
dataset7_CLINIC_metal_0029_data,9,212,24,1606
dataset7_CLINIC_metal_0029_data,9,213,20,1588
dataset7_CLINIC_metal_0029_data,9,214,22,1561
dataset7_CLINIC_metal_0029_data,9,215,10,1519
dataset7_CLINIC_metal_0029_data,9,216,0,1475
dataset7_CLINIC_metal_0029_data,9,217,0,1429
dataset7_CLINIC_metal_0029_data,9,218,0,1371
dataset7_CLINIC_metal_0029_data,9,219,0,1308
dataset7_CLINIC_metal_0029_data,9,220,0,1235
dataset7_CLINIC_metal_0029_data,9,221,0,1157
dataset7_CLINIC_metal_0029_data,9,222,0,1080
dataset7_CLINIC_metal_0029_data,9,223,0,985
dataset7_CLINIC_metal_0029_data,9,224,0,907
dataset7_CLINIC_metal_0029_data,9,225,0,808
dataset7_CLINIC_metal_0029_data,9,226,0,683
dataset7_CLINIC_metal_0029_data,9,227,0,557
dataset7_CLINIC_metal_0029_data,9,228,0,427
dataset7_CLINIC_metal_0029_data,9,229,0,253
dataset7_CLINIC_metal_0030_data,0,125,0,550
dataset7_CLINIC_metal_0030_data,0,126,0,122
dataset7_CLINIC_metal_0030_data,0,127,0,455
dataset7_CLINIC_metal_0030_data,0,128,0,572
dataset7_CLINIC_metal_0030_data,0,129,0,653
dataset7_CLINIC_metal_0030_data,0,130,0,747
dataset7_CLINIC_metal_0030_data,0,131,0,975
dataset7_CLINIC_metal_0030_data,0,132,0,1395
dataset7_CLINIC_metal_0030_data,0,133,0,2283
dataset7_CLINIC_metal_0030_data,0,134,0,3508
dataset7_CLINIC_metal_0030_data,0,135,0,4727
dataset7_CLINIC_metal_0030_data,0,136,0,6180
dataset7_CLINIC_metal_0030_data,0,137,0,7128
dataset7_CLINIC_metal_0030_data,0,138,0,7846
dataset7_CLINIC_metal_0030_data,0,139,9,8519
dataset7_CLINIC_metal_0030_data,0,140,29,9095
dataset7_CLINIC_metal_0030_data,0,141,40,9656
dataset7_CLINIC_metal_0030_data,0,142,62,10214
dataset7_CLINIC_metal_0030_data,0,143,52,10653
dataset7_CLINIC_metal_0030_data,0,144,93,11108
dataset7_CLINIC_metal_0030_data,0,145,217,11449
dataset7_CLINIC_metal_0030_data,0,146,389,11765
dataset7_CLINIC_metal_0030_data,0,147,578,12108
dataset7_CLINIC_metal_0030_data,0,148,867,12370
dataset7_CLINIC_metal_0030_data,0,149,1060,12605
dataset7_CLINIC_metal_0030_data,0,150,1048,12786
dataset7_CLINIC_metal_0030_data,0,151,1025,12932
dataset7_CLINIC_metal_0030_data,0,152,962,13038
dataset7_CLINIC_metal_0030_data,0,153,710,13115
dataset7_CLINIC_metal_0030_data,0,154,450,13132
dataset7_CLINIC_metal_0030_data,0,155,200,13073
dataset7_CLINIC_metal_0030_data,0,156,209,13022
dataset7_CLINIC_metal_0030_data,0,157,231,12919
dataset7_CLINIC_metal_0030_data,0,158,233,12701
dataset7_CLINIC_metal_0030_data,0,159,250,12443
dataset7_CLINIC_metal_0030_data,0,160,233,12137
dataset7_CLINIC_metal_0030_data,0,161,215,11740
dataset7_CLINIC_metal_0030_data,0,162,170,11210
dataset7_CLINIC_metal_0030_data,0,163,138,10616
dataset7_CLINIC_metal_0030_data,0,164,137,9731
dataset7_CLINIC_metal_0030_data,0,165,128,8501
dataset7_CLINIC_metal_0030_data,0,166,134,7497
dataset7_CLINIC_metal_0030_data,0,167,132,6337
dataset7_CLINIC_metal_0030_data,0,168,126,5041
dataset7_CLINIC_metal_0030_data,0,169,120,3803
dataset7_CLINIC_metal_0030_data,0,170,106,3633
dataset7_CLINIC_metal_0030_data,0,171,83,3451
dataset7_CLINIC_metal_0030_data,0,172,62,3199
dataset7_CLINIC_metal_0030_data,0,173,35,2930
dataset7_CLINIC_metal_0030_data,0,174,0,2709
dataset7_CLINIC_metal_0030_data,0,175,0,2471
dataset7_CLINIC_metal_0030_data,0,176,0,2131
dataset7_CLINIC_metal_0030_data,0,177,0,1743
dataset7_CLINIC_metal_0030_data,0,178,0,1592
dataset7_CLINIC_metal_0030_data,0,179,0,1448
dataset7_CLINIC_metal_0030_data,0,180,0,1297
dataset7_CLINIC_metal_0030_data,0,181,0,1136
dataset7_CLINIC_metal_0030_data,0,182,0,1004
dataset7_CLINIC_metal_0030_data,0,183,0,869
dataset7_CLINIC_metal_0030_data,0,184,0,722
dataset7_CLINIC_metal_0030_data,0,185,0,566
dataset7_CLINIC_metal_0030_data,0,186,0,425
dataset7_CLINIC_metal_0030_data,0,187,0,249
dataset7_CLINIC_metal_0030_data,1,185,0,227
dataset7_CLINIC_metal_0030_data,1,186,0,386
dataset7_CLINIC_metal_0030_data,1,187,0,507
dataset7_CLINIC_metal_0030_data,1,188,0,808
dataset7_CLINIC_metal_0030_data,1,189,0,1153
dataset7_CLINIC_metal_0030_data,1,190,0,1395
dataset7_CLINIC_metal_0030_data,1,191,0,1618
dataset7_CLINIC_metal_0030_data,1,192,0,1811
dataset7_CLINIC_metal_0030_data,1,193,0,2115
dataset7_CLINIC_metal_0030_data,1,194,0,2341
dataset7_CLINIC_metal_0030_data,1,195,0,2561
dataset7_CLINIC_metal_0030_data,1,196,0,2777
dataset7_CLINIC_metal_0030_data,1,197,0,3094
dataset7_CLINIC_metal_0030_data,1,198,0,3345
dataset7_CLINIC_metal_0030_data,1,199,31,3552
dataset7_CLINIC_metal_0030_data,1,200,65,3730
dataset7_CLINIC_metal_0030_data,1,201,86,4011
dataset7_CLINIC_metal_0030_data,1,202,130,4215
dataset7_CLINIC_metal_0030_data,1,203,235,4615
dataset7_CLINIC_metal_0030_data,1,204,317,4874
dataset7_CLINIC_metal_0030_data,1,205,343,5103
dataset7_CLINIC_metal_0030_data,1,206,293,5274
dataset7_CLINIC_metal_0030_data,1,207,271,5430
dataset7_CLINIC_metal_0030_data,1,208,301,5550
dataset7_CLINIC_metal_0030_data,1,209,355,5652
dataset7_CLINIC_metal_0030_data,1,210,374,5748
dataset7_CLINIC_metal_0030_data,1,211,375,5831
dataset7_CLINIC_metal_0030_data,1,212,365,5861
dataset7_CLINIC_metal_0030_data,1,213,324,5883
dataset7_CLINIC_metal_0030_data,1,214,264,5880
dataset7_CLINIC_metal_0030_data,1,215,230,5862
dataset7_CLINIC_metal_0030_data,1,216,244,5804
dataset7_CLINIC_metal_0030_data,1,217,334,5753
dataset7_CLINIC_metal_0030_data,1,218,458,5665
dataset7_CLINIC_metal_0030_data,1,219,509,5539
dataset7_CLINIC_metal_0030_data,1,220,471,5385
dataset7_CLINIC_metal_0030_data,1,221,385,5215
dataset7_CLINIC_metal_0030_data,1,222,255,5062
dataset7_CLINIC_metal_0030_data,1,223,174,4915
dataset7_CLINIC_metal_0030_data,1,224,103,4733
dataset7_CLINIC_metal_0030_data,1,225,83,4499
dataset7_CLINIC_metal_0030_data,1,226,68,4142
dataset7_CLINIC_metal_0030_data,1,227,44,3902
dataset7_CLINIC_metal_0030_data,1,228,13,3615
dataset7_CLINIC_metal_0030_data,1,229,0,3235
dataset7_CLINIC_metal_0030_data,1,230,0,2923
dataset7_CLINIC_metal_0030_data,1,231,0,2746
dataset7_CLINIC_metal_0030_data,1,232,0,2552
dataset7_CLINIC_metal_0030_data,1,233,0,2307
dataset7_CLINIC_metal_0030_data,1,234,0,2028
dataset7_CLINIC_metal_0030_data,1,235,0,1701
dataset7_CLINIC_metal_0030_data,1,236,0,1466
dataset7_CLINIC_metal_0030_data,1,237,0,1236
dataset7_CLINIC_metal_0030_data,1,238,0,916
dataset7_CLINIC_metal_0030_data,1,239,0,564
dataset7_CLINIC_metal_0030_data,1,240,0,444
dataset7_CLINIC_metal_0030_data,1,241,0,313
dataset7_CLINIC_metal_0030_data,1,242,0,172
dataset7_CLINIC_metal_0030_data,2,157,0,169
dataset7_CLINIC_metal_0030_data,2,158,0,313
dataset7_CLINIC_metal_0030_data,2,159,0,427
dataset7_CLINIC_metal_0030_data,2,160,0,557
dataset7_CLINIC_metal_0030_data,2,161,0,694
dataset7_CLINIC_metal_0030_data,2,162,0,840
dataset7_CLINIC_metal_0030_data,2,163,0,983
dataset7_CLINIC_metal_0030_data,2,164,0,1107
dataset7_CLINIC_metal_0030_data,2,165,0,1243
dataset7_CLINIC_metal_0030_data,2,166,0,1376
dataset7_CLINIC_metal_0030_data,2,167,0,1507
dataset7_CLINIC_metal_0030_data,2,168,0,1641
dataset7_CLINIC_metal_0030_data,2,169,0,1771
dataset7_CLINIC_metal_0030_data,2,170,0,1898
dataset7_CLINIC_metal_0030_data,2,171,13,2033
dataset7_CLINIC_metal_0030_data,2,172,31,2157
dataset7_CLINIC_metal_0030_data,2,173,53,2284
dataset7_CLINIC_metal_0030_data,2,174,72,2400
dataset7_CLINIC_metal_0030_data,2,175,93,2523
dataset7_CLINIC_metal_0030_data,2,176,120,2636
dataset7_CLINIC_metal_0030_data,2,177,130,2748
dataset7_CLINIC_metal_0030_data,2,178,138,2849
dataset7_CLINIC_metal_0030_data,2,179,136,2951
dataset7_CLINIC_metal_0030_data,2,180,134,3046
dataset7_CLINIC_metal_0030_data,2,181,128,3137
dataset7_CLINIC_metal_0030_data,2,182,127,3219
dataset7_CLINIC_metal_0030_data,2,183,120,3298
dataset7_CLINIC_metal_0030_data,2,184,116,3376
dataset7_CLINIC_metal_0030_data,2,185,115,3439
dataset7_CLINIC_metal_0030_data,2,186,111,3569
dataset7_CLINIC_metal_0030_data,2,187,110,3650
dataset7_CLINIC_metal_0030_data,2,188,109,3687
dataset7_CLINIC_metal_0030_data,2,189,107,3703
dataset7_CLINIC_metal_0030_data,2,190,109,3708
dataset7_CLINIC_metal_0030_data,2,191,110,3689
dataset7_CLINIC_metal_0030_data,2,192,108,3644
dataset7_CLINIC_metal_0030_data,2,193,108,3588
dataset7_CLINIC_metal_0030_data,2,194,107,3534
dataset7_CLINIC_metal_0030_data,2,195,107,3456
dataset7_CLINIC_metal_0030_data,2,196,108,3380
dataset7_CLINIC_metal_0030_data,2,197,105,3278
dataset7_CLINIC_metal_0030_data,2,198,106,3178
dataset7_CLINIC_metal_0030_data,2,199,107,3068
dataset7_CLINIC_metal_0030_data,2,200,129,2974
dataset7_CLINIC_metal_0030_data,2,201,135,2869
dataset7_CLINIC_metal_0030_data,2,202,112,2771
dataset7_CLINIC_metal_0030_data,2,203,91,2659
dataset7_CLINIC_metal_0030_data,2,204,72,2540
dataset7_CLINIC_metal_0030_data,2,205,59,2418
dataset7_CLINIC_metal_0030_data,2,206,46,2293
dataset7_CLINIC_metal_0030_data,2,207,42,2159
dataset7_CLINIC_metal_0030_data,2,208,27,2026
dataset7_CLINIC_metal_0030_data,2,209,6,1894
dataset7_CLINIC_metal_0030_data,2,210,0,1761
dataset7_CLINIC_metal_0030_data,2,211,0,1622
dataset7_CLINIC_metal_0030_data,2,212,0,1489
dataset7_CLINIC_metal_0030_data,2,213,0,1360
dataset7_CLINIC_metal_0030_data,2,214,0,1237
dataset7_CLINIC_metal_0030_data,2,215,0,1096
dataset7_CLINIC_metal_0030_data,2,216,0,957
dataset7_CLINIC_metal_0030_data,2,217,0,835
dataset7_CLINIC_metal_0030_data,2,218,0,711
dataset7_CLINIC_metal_0030_data,2,219,0,593
dataset7_CLINIC_metal_0030_data,2,220,0,483
dataset7_CLINIC_metal_0030_data,2,221,0,381
dataset7_CLINIC_metal_0030_data,2,222,0,267
dataset7_CLINIC_metal_0030_data,2,223,0,140
dataset7_CLINIC_metal_0030_data,3,332,0,124
dataset7_CLINIC_metal_0030_data,3,333,0,248
dataset7_CLINIC_metal_0030_data,3,334,0,336
dataset7_CLINIC_metal_0030_data,3,335,0,430
dataset7_CLINIC_metal_0030_data,3,336,0,518
dataset7_CLINIC_metal_0030_data,3,337,0,587
dataset7_CLINIC_metal_0030_data,3,338,0,665
dataset7_CLINIC_metal_0030_data,3,339,0,739
dataset7_CLINIC_metal_0030_data,3,340,0,781
dataset7_CLINIC_metal_0030_data,3,341,0,838
dataset7_CLINIC_metal_0030_data,3,342,0,872
dataset7_CLINIC_metal_0030_data,3,343,0,920
dataset7_CLINIC_metal_0030_data,3,344,0,949
dataset7_CLINIC_metal_0030_data,3,345,0,971
dataset7_CLINIC_metal_0030_data,3,346,4,999
dataset7_CLINIC_metal_0030_data,3,347,6,1012
dataset7_CLINIC_metal_0030_data,3,348,10,1022
dataset7_CLINIC_metal_0030_data,3,349,12,1022
dataset7_CLINIC_metal_0033_data,0,99,0,142
dataset7_CLINIC_metal_0033_data,0,100,0,232
dataset7_CLINIC_metal_0033_data,0,101,0,322
dataset7_CLINIC_metal_0033_data,0,102,0,394
dataset7_CLINIC_metal_0033_data,0,103,0,479
dataset7_CLINIC_metal_0033_data,0,104,0,556
dataset7_CLINIC_metal_0033_data,0,105,0,637
dataset7_CLINIC_metal_0033_data,0,106,0,707
dataset7_CLINIC_metal_0033_data,0,107,0,785
dataset7_CLINIC_metal_0033_data,0,108,0,860
dataset7_CLINIC_metal_0033_data,0,109,0,919
dataset7_CLINIC_metal_0033_data,0,110,0,987
dataset7_CLINIC_metal_0033_data,0,111,0,1047
dataset7_CLINIC_metal_0033_data,0,112,0,1099
dataset7_CLINIC_metal_0033_data,0,113,10,1155
dataset7_CLINIC_metal_0033_data,0,114,14,1199
dataset7_CLINIC_metal_0033_data,0,115,26,1243
dataset7_CLINIC_metal_0033_data,0,116,43,1279
dataset7_CLINIC_metal_0033_data,0,117,56,1322
dataset7_CLINIC_metal_0033_data,0,118,57,1356
dataset7_CLINIC_metal_0033_data,0,119,62,1382
dataset7_CLINIC_metal_0033_data,0,120,61,1415
dataset7_CLINIC_metal_0033_data,0,121,64,1441
dataset7_CLINIC_metal_0033_data,0,122,66,1476
dataset7_CLINIC_metal_0033_data,0,123,64,1490
dataset7_CLINIC_metal_0033_data,0,124,62,1509
dataset7_CLINIC_metal_0033_data,0,125,60,1521
dataset7_CLINIC_metal_0033_data,0,126,57,1528
dataset7_CLINIC_metal_0033_data,0,127,52,1546
dataset7_CLINIC_metal_0033_data,0,128,52,1545
dataset7_CLINIC_metal_0033_data,0,129,46,1549
dataset7_CLINIC_metal_0033_data,0,130,49,1548
dataset7_CLINIC_metal_0033_data,0,131,47,1548
dataset7_CLINIC_metal_0033_data,0,132,48,1545
dataset7_CLINIC_metal_0033_data,0,133,48,1546
dataset7_CLINIC_metal_0033_data,0,134,49,1544
dataset7_CLINIC_metal_0033_data,0,135,49,1533
dataset7_CLINIC_metal_0033_data,0,136,48,1537
dataset7_CLINIC_metal_0033_data,0,137,51,1524
dataset7_CLINIC_metal_0033_data,0,138,48,1530
dataset7_CLINIC_metal_0033_data,0,139,48,1520
dataset7_CLINIC_metal_0033_data,0,140,50,1512
dataset7_CLINIC_metal_0033_data,0,141,45,1525
dataset7_CLINIC_metal_0033_data,0,142,50,1509
dataset7_CLINIC_metal_0033_data,0,143,48,1522
dataset7_CLINIC_metal_0033_data,0,144,49,1517
dataset7_CLINIC_metal_0033_data,0,145,52,1513
dataset7_CLINIC_metal_0033_data,0,146,45,1523
dataset7_CLINIC_metal_0033_data,0,147,51,1511
dataset7_CLINIC_metal_0033_data,0,148,48,1523
dataset7_CLINIC_metal_0033_data,0,149,48,1519
dataset7_CLINIC_metal_0033_data,0,150,51,1522
dataset7_CLINIC_metal_0033_data,0,151,48,1523
dataset7_CLINIC_metal_0033_data,0,152,48,1519
dataset7_CLINIC_metal_0033_data,0,153,50,1521
dataset7_CLINIC_metal_0033_data,0,154,49,1526
dataset7_CLINIC_metal_0033_data,0,155,51,1525
dataset7_CLINIC_metal_0033_data,0,156,50,1526
dataset7_CLINIC_metal_0033_data,0,157,51,1521
dataset7_CLINIC_metal_0033_data,0,158,51,1537
dataset7_CLINIC_metal_0033_data,0,159,52,1527
dataset7_CLINIC_metal_0033_data,0,160,51,1527
dataset7_CLINIC_metal_0033_data,0,161,50,1534
dataset7_CLINIC_metal_0033_data,0,162,56,1518
dataset7_CLINIC_metal_0033_data,0,163,50,1536
dataset7_CLINIC_metal_0033_data,0,164,54,1518
dataset7_CLINIC_metal_0033_data,0,165,50,1523
dataset7_CLINIC_metal_0033_data,0,166,50,1531
dataset7_CLINIC_metal_0033_data,0,167,52,1519
dataset7_CLINIC_metal_0033_data,0,168,50,1532
dataset7_CLINIC_metal_0033_data,0,169,50,1530
dataset7_CLINIC_metal_0033_data,0,170,48,1527
dataset7_CLINIC_metal_0033_data,0,171,48,1529
dataset7_CLINIC_metal_0033_data,0,172,48,1525
dataset7_CLINIC_metal_0033_data,0,173,47,1524
dataset7_CLINIC_metal_0033_data,0,174,50,1519
dataset7_CLINIC_metal_0033_data,0,175,47,1532
dataset7_CLINIC_metal_0033_data,0,176,52,1524
dataset7_CLINIC_metal_0033_data,0,177,46,1528
dataset7_CLINIC_metal_0033_data,0,178,50,1530
dataset7_CLINIC_metal_0033_data,0,179,52,1520
dataset7_CLINIC_metal_0033_data,0,180,47,1537
dataset7_CLINIC_metal_0033_data,0,181,49,1522
dataset7_CLINIC_metal_0033_data,0,182,46,1529
dataset7_CLINIC_metal_0033_data,0,183,48,1536
dataset7_CLINIC_metal_0033_data,0,184,51,1556
dataset7_CLINIC_metal_0033_data,0,185,48,1568
dataset7_CLINIC_metal_0033_data,0,186,48,1577
dataset7_CLINIC_metal_0033_data,0,187,48,1586
dataset7_CLINIC_metal_0033_data,0,188,54,1588
dataset7_CLINIC_metal_0033_data,0,189,49,1601
dataset7_CLINIC_metal_0033_data,0,190,53,1605
dataset7_CLINIC_metal_0033_data,0,191,52,1595
dataset7_CLINIC_metal_0033_data,0,192,50,1590
dataset7_CLINIC_metal_0033_data,0,193,54,1569
dataset7_CLINIC_metal_0033_data,0,194,50,1554
dataset7_CLINIC_metal_0033_data,0,195,53,1535
dataset7_CLINIC_metal_0033_data,0,196,51,1506
dataset7_CLINIC_metal_0033_data,0,197,63,1481
dataset7_CLINIC_metal_0033_data,0,198,72,1440
dataset7_CLINIC_metal_0033_data,0,199,68,1413
dataset7_CLINIC_metal_0033_data,0,200,57,1378
dataset7_CLINIC_metal_0033_data,0,201,40,1332
dataset7_CLINIC_metal_0033_data,0,202,34,1292
dataset7_CLINIC_metal_0033_data,0,203,33,1252
dataset7_CLINIC_metal_0033_data,0,204,25,1193
dataset7_CLINIC_metal_0033_data,0,205,13,1152
dataset7_CLINIC_metal_0033_data,0,206,0,1100
dataset7_CLINIC_metal_0033_data,0,207,0,1041
dataset7_CLINIC_metal_0033_data,0,208,0,990
dataset7_CLINIC_metal_0033_data,0,209,0,920
dataset7_CLINIC_metal_0033_data,0,210,0,859
dataset7_CLINIC_metal_0033_data,0,211,0,798
dataset7_CLINIC_metal_0033_data,0,212,0,728
dataset7_CLINIC_metal_0033_data,0,213,0,655
dataset7_CLINIC_metal_0033_data,0,214,0,578
dataset7_CLINIC_metal_0033_data,0,215,0,499
dataset7_CLINIC_metal_0033_data,0,216,0,426
dataset7_CLINIC_metal_0033_data,0,217,0,354
dataset7_CLINIC_metal_0033_data,0,218,0,255
dataset7_CLINIC_metal_0033_data,0,219,0,160
dataset7_CLINIC_metal_0033_data,1,200,0,256
dataset7_CLINIC_metal_0033_data,1,201,0,444
dataset7_CLINIC_metal_0033_data,1,202,0,655
dataset7_CLINIC_metal_0033_data,1,203,0,897
dataset7_CLINIC_metal_0033_data,1,204,0,1177
dataset7_CLINIC_metal_0033_data,1,205,0,1470
dataset7_CLINIC_metal_0033_data,1,206,0,1786
dataset7_CLINIC_metal_0033_data,1,207,0,2116
dataset7_CLINIC_metal_0033_data,1,208,0,2445
dataset7_CLINIC_metal_0033_data,1,209,0,2797
dataset7_CLINIC_metal_0033_data,1,210,0,3280
dataset7_CLINIC_metal_0033_data,1,211,0,3660
dataset7_CLINIC_metal_0033_data,1,212,0,3943
dataset7_CLINIC_metal_0033_data,1,213,0,4152
dataset7_CLINIC_metal_0033_data,1,214,40,4344
dataset7_CLINIC_metal_0033_data,1,215,96,4510
dataset7_CLINIC_metal_0033_data,1,216,130,4652
dataset7_CLINIC_metal_0033_data,1,217,158,4776
dataset7_CLINIC_metal_0033_data,1,218,163,4858
dataset7_CLINIC_metal_0033_data,1,219,159,4925
dataset7_CLINIC_metal_0033_data,1,220,148,4975
dataset7_CLINIC_metal_0033_data,1,221,119,5005
dataset7_CLINIC_metal_0033_data,1,222,120,5024
dataset7_CLINIC_metal_0033_data,1,223,124,5016
dataset7_CLINIC_metal_0033_data,1,224,135,5004
dataset7_CLINIC_metal_0033_data,1,225,145,4995
dataset7_CLINIC_metal_0033_data,1,226,149,4951
dataset7_CLINIC_metal_0033_data,1,227,125,4885
dataset7_CLINIC_metal_0033_data,1,228,149,4795
dataset7_CLINIC_metal_0033_data,1,229,134,4676
dataset7_CLINIC_metal_0033_data,1,230,88,4528
dataset7_CLINIC_metal_0033_data,1,231,51,4374
dataset7_CLINIC_metal_0033_data,1,232,28,4177
dataset7_CLINIC_metal_0033_data,1,233,12,3946
dataset7_CLINIC_metal_0033_data,1,234,0,3690
dataset7_CLINIC_metal_0033_data,1,235,0,3307
dataset7_CLINIC_metal_0033_data,1,236,0,2888
dataset7_CLINIC_metal_0033_data,1,237,0,2553
dataset7_CLINIC_metal_0033_data,1,238,0,2219
dataset7_CLINIC_metal_0033_data,1,239,0,1895
dataset7_CLINIC_metal_0033_data,1,240,0,1586
dataset7_CLINIC_metal_0033_data,1,241,0,1286
dataset7_CLINIC_metal_0033_data,1,242,0,1013
dataset7_CLINIC_metal_0033_data,1,243,0,757
dataset7_CLINIC_metal_0033_data,1,244,0,536
dataset7_CLINIC_metal_0033_data,1,245,0,358
dataset7_CLINIC_metal_0033_data,1,246,0,246
dataset7_CLINIC_metal_0033_data,1,247,0,153
dataset7_CLINIC_metal_0035_data,0,48,0,85
dataset7_CLINIC_metal_0035_data,0,49,0,425
dataset7_CLINIC_metal_0035_data,0,50,0,634
dataset7_CLINIC_metal_0035_data,0,51,0,827
dataset7_CLINIC_metal_0035_data,0,52,0,1053
dataset7_CLINIC_metal_0035_data,0,53,0,1243
dataset7_CLINIC_metal_0035_data,0,54,0,1395
dataset7_CLINIC_metal_0035_data,0,55,0,1533
dataset7_CLINIC_metal_0035_data,0,56,0,1659
dataset7_CLINIC_metal_0035_data,0,57,0,1770
dataset7_CLINIC_metal_0035_data,0,58,0,1863
dataset7_CLINIC_metal_0035_data,0,59,0,1953
dataset7_CLINIC_metal_0035_data,0,60,0,2015
dataset7_CLINIC_metal_0035_data,0,61,0,2073
dataset7_CLINIC_metal_0035_data,0,62,0,2101
dataset7_CLINIC_metal_0035_data,0,63,85,2121
dataset7_CLINIC_metal_0035_data,0,64,130,2140
dataset7_CLINIC_metal_0035_data,0,65,162,2154
dataset7_CLINIC_metal_0035_data,0,66,133,2148
dataset7_CLINIC_metal_0035_data,0,67,25,2131
dataset7_CLINIC_metal_0035_data,0,68,2,2109
dataset7_CLINIC_metal_0035_data,0,69,0,2086
dataset7_CLINIC_metal_0035_data,0,70,0,2026
dataset7_CLINIC_metal_0035_data,0,71,0,1975
dataset7_CLINIC_metal_0035_data,0,72,0,1895
dataset7_CLINIC_metal_0035_data,0,73,0,1802
dataset7_CLINIC_metal_0035_data,0,74,0,1697
dataset7_CLINIC_metal_0035_data,0,75,0,1584
dataset7_CLINIC_metal_0035_data,0,76,0,1463
dataset7_CLINIC_metal_0035_data,0,77,0,1308
dataset7_CLINIC_metal_0035_data,0,78,0,1132
dataset7_CLINIC_metal_0035_data,0,79,0,957
dataset7_CLINIC_metal_0035_data,0,80,0,727
dataset7_CLINIC_metal_0035_data,0,81,0,327
dataset7_CLINIC_metal_0035_data,0,82,0,120
dataset7_CLINIC_metal_0035_data,1,23,0,195
dataset7_CLINIC_metal_0035_data,1,24,0,338
dataset7_CLINIC_metal_0035_data,1,25,0,455
dataset7_CLINIC_metal_0035_data,1,26,0,568
dataset7_CLINIC_metal_0035_data,1,27,0,680
dataset7_CLINIC_metal_0035_data,1,28,0,768
dataset7_CLINIC_metal_0035_data,1,29,0,847
dataset7_CLINIC_metal_0035_data,1,30,0,921
dataset7_CLINIC_metal_0035_data,1,31,0,986
dataset7_CLINIC_metal_0035_data,1,33,0,1090
dataset7_CLINIC_metal_0035_data,1,34,0,1117
dataset7_CLINIC_metal_0035_data,1,35,0,1136
dataset7_CLINIC_metal_0035_data,1,36,0,1157
dataset7_CLINIC_metal_0035_data,1,37,17,1173
dataset7_CLINIC_metal_0035_data,1,38,34,1173
dataset7_CLINIC_metal_0035_data,1,39,18,1175
dataset7_CLINIC_metal_0035_data,1,40,18,1156
dataset7_CLINIC_metal_0035_data,1,41,15,1143
dataset7_CLINIC_metal_0035_data,1,42,8,1129
dataset7_CLINIC_metal_0035_data,1,43,0,1100
dataset7_CLINIC_metal_0035_data,1,44,0,1063
dataset7_CLINIC_metal_0035_data,1,45,0,1036
dataset7_CLINIC_metal_0035_data,1,46,0,989
dataset7_CLINIC_metal_0035_data,1,47,0,941
dataset7_CLINIC_metal_0035_data,1,48,0,876
dataset7_CLINIC_metal_0035_data,1,49,0,810
dataset7_CLINIC_metal_0035_data,1,50,0,734
dataset7_CLINIC_metal_0035_data,1,51,0,657
dataset7_CLINIC_metal_0035_data,1,52,0,571
dataset7_CLINIC_metal_0035_data,1,53,0,477
dataset7_CLINIC_metal_0035_data,1,54,0,367
dataset7_CLINIC_metal_0035_data,1,55,0,279
dataset7_CLINIC_metal_0035_data,1,56,0,154
dataset7_CLINIC_metal_0035_data,2,23,0,208
dataset7_CLINIC_metal_0035_data,2,24,0,479
dataset7_CLINIC_metal_0035_data,2,25,0,671
dataset7_CLINIC_metal_0035_data,2,26,0,811
dataset7_CLINIC_metal_0035_data,2,27,0,966
dataset7_CLINIC_metal_0035_data,2,28,0,1089
dataset7_CLINIC_metal_0035_data,2,29,0,1191
dataset7_CLINIC_metal_0035_data,2,30,0,1279
dataset7_CLINIC_metal_0035_data,2,31,0,1375
dataset7_CLINIC_metal_0035_data,2,32,0,1440
dataset7_CLINIC_metal_0035_data,2,33,0,1511
dataset7_CLINIC_metal_0035_data,2,34,0,1561
dataset7_CLINIC_metal_0035_data,2,35,0,1585
dataset7_CLINIC_metal_0035_data,2,36,0,1610
dataset7_CLINIC_metal_0035_data,2,37,16,1640
dataset7_CLINIC_metal_0035_data,2,38,80,1651
dataset7_CLINIC_metal_0035_data,2,39,63,1651
dataset7_CLINIC_metal_0035_data,2,40,3,1645
dataset7_CLINIC_metal_0035_data,2,41,0,1617
dataset7_CLINIC_metal_0035_data,2,42,0,1586
dataset7_CLINIC_metal_0035_data,2,43,0,1561
dataset7_CLINIC_metal_0035_data,2,44,0,1522
dataset7_CLINIC_metal_0035_data,2,45,0,1440
dataset7_CLINIC_metal_0035_data,2,46,0,1383
dataset7_CLINIC_metal_0035_data,2,47,0,1283
dataset7_CLINIC_metal_0035_data,2,48,0,1193
dataset7_CLINIC_metal_0035_data,2,49,0,1088
dataset7_CLINIC_metal_0035_data,2,50,0,960
dataset7_CLINIC_metal_0035_data,2,51,0,803
dataset7_CLINIC_metal_0035_data,2,52,0,663
dataset7_CLINIC_metal_0035_data,2,53,0,468
dataset7_CLINIC_metal_0035_data,2,54,0,167
dataset7_CLINIC_metal_0035_data,3,49,0,506
dataset7_CLINIC_metal_0035_data,3,50,0,1346
dataset7_CLINIC_metal_0035_data,3,51,0,1741
dataset7_CLINIC_metal_0035_data,3,52,0,2021
dataset7_CLINIC_metal_0035_data,3,53,0,2311
dataset7_CLINIC_metal_0035_data,3,54,0,2574
dataset7_CLINIC_metal_0035_data,3,55,0,2777
dataset7_CLINIC_metal_0035_data,3,56,0,2949
dataset7_CLINIC_metal_0035_data,3,57,0,3121
dataset7_CLINIC_metal_0035_data,3,58,0,3263
dataset7_CLINIC_metal_0035_data,3,59,0,3406
dataset7_CLINIC_metal_0035_data,3,60,0,3484
dataset7_CLINIC_metal_0035_data,3,61,0,3582
dataset7_CLINIC_metal_0035_data,3,62,0,3625
dataset7_CLINIC_metal_0035_data,3,63,12,3655
dataset7_CLINIC_metal_0035_data,3,64,393,3682
dataset7_CLINIC_metal_0035_data,3,65,510,3693
dataset7_CLINIC_metal_0035_data,3,66,416,3696
dataset7_CLINIC_metal_0035_data,3,67,243,3674
dataset7_CLINIC_metal_0035_data,3,68,74,3644
dataset7_CLINIC_metal_0035_data,3,69,0,3620
dataset7_CLINIC_metal_0035_data,3,70,0,3557
dataset7_CLINIC_metal_0035_data,3,71,0,3458
dataset7_CLINIC_metal_0035_data,3,72,0,3363
dataset7_CLINIC_metal_0035_data,3,73,0,3216
dataset7_CLINIC_metal_0035_data,3,74,0,3068
dataset7_CLINIC_metal_0035_data,3,75,0,2897
dataset7_CLINIC_metal_0035_data,3,76,0,2701
dataset7_CLINIC_metal_0035_data,3,77,0,2461
dataset7_CLINIC_metal_0035_data,3,78,0,2204
dataset7_CLINIC_metal_0035_data,3,79,0,1907
dataset7_CLINIC_metal_0035_data,3,80,0,1568
dataset7_CLINIC_metal_0035_data,3,81,0,1020
dataset7_CLINIC_metal_0035_data,3,82,0,533
dataset7_CLINIC_metal_0035_data,3,83,0,74
dataset7_CLINIC_metal_0035_data,4,22,0,61
dataset7_CLINIC_metal_0035_data,4,23,0,480
dataset7_CLINIC_metal_0035_data,4,24,0,952
dataset7_CLINIC_metal_0035_data,4,25,0,1300
dataset7_CLINIC_metal_0035_data,4,26,0,1560
dataset7_CLINIC_metal_0035_data,4,27,0,1792
dataset7_CLINIC_metal_0035_data,4,28,0,2017
dataset7_CLINIC_metal_0035_data,4,29,0,2199
dataset7_CLINIC_metal_0035_data,4,30,0,2351
dataset7_CLINIC_metal_0035_data,4,31,0,2489
dataset7_CLINIC_metal_0035_data,4,32,0,2615
dataset7_CLINIC_metal_0035_data,4,33,0,2726
dataset7_CLINIC_metal_0035_data,4,34,0,2807
dataset7_CLINIC_metal_0035_data,4,35,0,2883
dataset7_CLINIC_metal_0035_data,4,36,0,2922
dataset7_CLINIC_metal_0035_data,4,37,61,2950
dataset7_CLINIC_metal_0035_data,4,38,313,2980
dataset7_CLINIC_metal_0035_data,4,39,407,2994
dataset7_CLINIC_metal_0035_data,4,40,320,2991
dataset7_CLINIC_metal_0035_data,4,41,166,2967
dataset7_CLINIC_metal_0035_data,4,42,33,2943
dataset7_CLINIC_metal_0035_data,4,43,0,2912
dataset7_CLINIC_metal_0035_data,4,44,0,2855
dataset7_CLINIC_metal_0035_data,4,45,0,2782
dataset7_CLINIC_metal_0035_data,4,46,0,2682
dataset7_CLINIC_metal_0035_data,4,47,0,2566
dataset7_CLINIC_metal_0035_data,4,48,0,2435
dataset7_CLINIC_metal_0035_data,4,49,0,2292
dataset7_CLINIC_metal_0035_data,4,50,0,2122
dataset7_CLINIC_metal_0035_data,4,51,0,1916
dataset7_CLINIC_metal_0035_data,4,52,0,1693
dataset7_CLINIC_metal_0035_data,4,53,0,1424
dataset7_CLINIC_metal_0035_data,4,54,0,1083
dataset7_CLINIC_metal_0035_data,4,55,0,712
dataset7_CLINIC_metal_0035_data,4,56,0,301
dataset7_CLINIC_metal_0035_data,5,225,0,144
dataset7_CLINIC_metal_0035_data,5,226,0,266
dataset7_CLINIC_metal_0035_data,5,227,0,361
dataset7_CLINIC_metal_0035_data,5,228,0,466
dataset7_CLINIC_metal_0035_data,5,229,0,562
dataset7_CLINIC_metal_0035_data,5,230,0,643
dataset7_CLINIC_metal_0035_data,5,231,0,719
dataset7_CLINIC_metal_0035_data,5,232,0,798
dataset7_CLINIC_metal_0035_data,5,233,0,868
dataset7_CLINIC_metal_0035_data,5,234,0,946
dataset7_CLINIC_metal_0035_data,5,235,0,1014
dataset7_CLINIC_metal_0035_data,5,236,0,1078
dataset7_CLINIC_metal_0035_data,5,237,0,1128
dataset7_CLINIC_metal_0035_data,5,238,0,1192
dataset7_CLINIC_metal_0035_data,5,239,6,1243
dataset7_CLINIC_metal_0035_data,5,240,15,1280
dataset7_CLINIC_metal_0035_data,5,241,22,1317
dataset7_CLINIC_metal_0035_data,5,242,25,1349
dataset7_CLINIC_metal_0035_data,5,243,25,1368
dataset7_CLINIC_metal_0035_data,5,244,20,1380
dataset7_CLINIC_metal_0035_data,5,245,14,1385
dataset7_CLINIC_metal_0035_data,5,246,13,1382
dataset7_CLINIC_metal_0035_data,5,247,4,1372
dataset7_CLINIC_metal_0035_data,5,248,4,1354
dataset7_CLINIC_metal_0035_data,5,249,9,1324
dataset7_CLINIC_metal_0035_data,5,250,0,1284
dataset7_CLINIC_metal_0035_data,5,251,0,1235
dataset7_CLINIC_metal_0035_data,5,252,0,1179
dataset7_CLINIC_metal_0035_data,5,253,0,1123
dataset7_CLINIC_metal_0035_data,5,254,0,1054
dataset7_CLINIC_metal_0035_data,5,255,0,971
dataset7_CLINIC_metal_0035_data,5,256,0,889
dataset7_CLINIC_metal_0035_data,5,257,0,796
dataset7_CLINIC_metal_0035_data,5,258,0,704
dataset7_CLINIC_metal_0035_data,5,259,0,614
dataset7_CLINIC_metal_0035_data,5,260,0,503
dataset7_CLINIC_metal_0035_data,5,261,0,386
dataset7_CLINIC_metal_0035_data,5,262,0,296
dataset7_CLINIC_metal_0035_data,5,263,0,165
dataset7_CLINIC_metal_0035_data,6,199,0,109
dataset7_CLINIC_metal_0035_data,6,200,0,232
dataset7_CLINIC_metal_0035_data,6,201,0,346
dataset7_CLINIC_metal_0035_data,6,202,0,465
dataset7_CLINIC_metal_0035_data,6,203,0,578
dataset7_CLINIC_metal_0035_data,6,204,0,688
dataset7_CLINIC_metal_0035_data,6,205,0,780
dataset7_CLINIC_metal_0035_data,6,206,0,858
dataset7_CLINIC_metal_0035_data,6,207,0,944
dataset7_CLINIC_metal_0035_data,6,208,0,1009
dataset7_CLINIC_metal_0035_data,6,209,0,1078
dataset7_CLINIC_metal_0035_data,6,210,0,1133
dataset7_CLINIC_metal_0035_data,6,211,0,1169
dataset7_CLINIC_metal_0035_data,6,212,0,1213
dataset7_CLINIC_metal_0035_data,6,213,1,1236
dataset7_CLINIC_metal_0035_data,6,214,16,1257
dataset7_CLINIC_metal_0035_data,6,215,26,1268
dataset7_CLINIC_metal_0035_data,6,216,18,1277
dataset7_CLINIC_metal_0035_data,6,217,14,1265
dataset7_CLINIC_metal_0035_data,6,218,0,1257
dataset7_CLINIC_metal_0035_data,6,219,0,1224
dataset7_CLINIC_metal_0035_data,6,220,0,1198
dataset7_CLINIC_metal_0035_data,6,221,0,1170
dataset7_CLINIC_metal_0035_data,6,222,0,1115
dataset7_CLINIC_metal_0035_data,6,223,0,1057
dataset7_CLINIC_metal_0035_data,6,224,0,989
dataset7_CLINIC_metal_0035_data,6,225,0,907
dataset7_CLINIC_metal_0035_data,6,226,0,827
dataset7_CLINIC_metal_0035_data,6,227,0,734
dataset7_CLINIC_metal_0035_data,6,228,0,620
dataset7_CLINIC_metal_0035_data,6,229,0,494
dataset7_CLINIC_metal_0035_data,6,230,0,368
dataset7_CLINIC_metal_0035_data,6,231,0,191
dataset7_CLINIC_metal_0035_data,7,180,0,138
dataset7_CLINIC_metal_0035_data,7,181,0,254
dataset7_CLINIC_metal_0035_data,7,182,0,340
dataset7_CLINIC_metal_0035_data,7,183,0,440
dataset7_CLINIC_metal_0035_data,7,184,0,530
dataset7_CLINIC_metal_0035_data,7,185,0,606
dataset7_CLINIC_metal_0035_data,7,186,0,685
dataset7_CLINIC_metal_0035_data,7,187,0,766
dataset7_CLINIC_metal_0035_data,7,188,0,821
dataset7_CLINIC_metal_0035_data,7,189,0,886
dataset7_CLINIC_metal_0035_data,7,190,0,934
dataset7_CLINIC_metal_0035_data,7,191,0,963
dataset7_CLINIC_metal_0035_data,7,192,0,1003
dataset7_CLINIC_metal_0035_data,7,193,0,1034
dataset7_CLINIC_metal_0035_data,7,194,4,1043
dataset7_CLINIC_metal_0035_data,7,195,4,1052
dataset7_CLINIC_metal_0035_data,7,196,3,1067
dataset7_CLINIC_metal_0035_data,7,197,9,1064
dataset7_CLINIC_metal_0035_data,7,198,5,1059
dataset7_CLINIC_metal_0035_data,7,199,0,1044
dataset7_CLINIC_metal_0035_data,7,200,0,1018
dataset7_CLINIC_metal_0035_data,7,201,0,989
dataset7_CLINIC_metal_0035_data,7,202,0,959
dataset7_CLINIC_metal_0035_data,7,203,0,903
dataset7_CLINIC_metal_0035_data,7,204,0,849
dataset7_CLINIC_metal_0035_data,7,205,0,785
dataset7_CLINIC_metal_0035_data,7,206,0,712
dataset7_CLINIC_metal_0035_data,7,207,0,639
dataset7_CLINIC_metal_0035_data,7,208,0,556
dataset7_CLINIC_metal_0035_data,7,209,0,457
dataset7_CLINIC_metal_0035_data,7,210,0,355
dataset7_CLINIC_metal_0035_data,7,211,0,260
dataset7_CLINIC_metal_0035_data,7,212,0,141
dataset7_CLINIC_metal_0037_data,0,27,0,130
dataset7_CLINIC_metal_0037_data,0,28,0,217
dataset7_CLINIC_metal_0037_data,0,29,0,313
dataset7_CLINIC_metal_0037_data,0,30,0,391
dataset7_CLINIC_metal_0037_data,0,31,0,478
dataset7_CLINIC_metal_0037_data,0,32,0,567
dataset7_CLINIC_metal_0037_data,0,33,0,651
dataset7_CLINIC_metal_0037_data,0,34,0,727
dataset7_CLINIC_metal_0037_data,0,35,0,817
dataset7_CLINIC_metal_0037_data,0,36,0,900
dataset7_CLINIC_metal_0037_data,0,37,0,978
dataset7_CLINIC_metal_0037_data,0,38,0,1056
dataset7_CLINIC_metal_0037_data,0,39,0,1116
dataset7_CLINIC_metal_0037_data,0,40,0,1202
dataset7_CLINIC_metal_0037_data,0,41,5,1278
dataset7_CLINIC_metal_0037_data,0,42,14,1343
dataset7_CLINIC_metal_0037_data,0,43,28,1770
dataset7_CLINIC_metal_0037_data,0,44,42,2042
dataset7_CLINIC_metal_0037_data,0,45,53,2390
dataset7_CLINIC_metal_0037_data,0,46,62,2681
dataset7_CLINIC_metal_0037_data,0,47,67,2960
dataset7_CLINIC_metal_0037_data,0,48,75,3220
dataset7_CLINIC_metal_0037_data,0,49,78,3445
dataset7_CLINIC_metal_0037_data,0,50,79,3697
dataset7_CLINIC_metal_0037_data,0,51,73,3918
dataset7_CLINIC_metal_0037_data,0,52,79,4114
dataset7_CLINIC_metal_0037_data,0,53,85,4255
dataset7_CLINIC_metal_0037_data,0,54,85,4389
dataset7_CLINIC_metal_0037_data,0,55,80,4515
dataset7_CLINIC_metal_0037_data,0,56,81,4613
dataset7_CLINIC_metal_0037_data,0,57,156,4684
dataset7_CLINIC_metal_0037_data,0,58,253,4764
dataset7_CLINIC_metal_0037_data,0,59,347,4801
dataset7_CLINIC_metal_0037_data,0,60,482,4842
dataset7_CLINIC_metal_0037_data,0,61,610,4878
dataset7_CLINIC_metal_0037_data,0,62,699,4889
dataset7_CLINIC_metal_0037_data,0,63,787,4884
dataset7_CLINIC_metal_0037_data,0,64,888,4878
dataset7_CLINIC_metal_0037_data,0,65,988,4870
dataset7_CLINIC_metal_0037_data,0,66,1035,4851
dataset7_CLINIC_metal_0037_data,0,67,1045,4824
dataset7_CLINIC_metal_0037_data,0,68,1052,4791
dataset7_CLINIC_metal_0037_data,0,69,1037,4746
dataset7_CLINIC_metal_0037_data,0,70,1032,4695
dataset7_CLINIC_metal_0037_data,0,71,1089,4625
dataset7_CLINIC_metal_0037_data,0,72,1082,4563
dataset7_CLINIC_metal_0037_data,0,73,1066,4477
dataset7_CLINIC_metal_0037_data,0,74,1062,4394
dataset7_CLINIC_metal_0037_data,0,75,1045,4295
dataset7_CLINIC_metal_0037_data,0,76,1015,4203
dataset7_CLINIC_metal_0037_data,0,77,970,4125
dataset7_CLINIC_metal_0037_data,0,78,920,4050
dataset7_CLINIC_metal_0037_data,0,79,835,3966
dataset7_CLINIC_metal_0037_data,0,80,736,3896
dataset7_CLINIC_metal_0037_data,0,81,619,3830
dataset7_CLINIC_metal_0037_data,0,82,522,3798
dataset7_CLINIC_metal_0037_data,0,83,474,3756
dataset7_CLINIC_metal_0037_data,0,84,430,3705
dataset7_CLINIC_metal_0037_data,0,85,358,3857
dataset7_CLINIC_metal_0037_data,0,86,266,3913
dataset7_CLINIC_metal_0037_data,0,87,171,3989
dataset7_CLINIC_metal_0037_data,0,88,124,4051
dataset7_CLINIC_metal_0037_data,0,89,92,4129
dataset7_CLINIC_metal_0037_data,0,90,83,4217
dataset7_CLINIC_metal_0037_data,0,91,81,4311
dataset7_CLINIC_metal_0037_data,0,92,81,4383
dataset7_CLINIC_metal_0037_data,0,93,81,4454
dataset7_CLINIC_metal_0037_data,0,94,82,4584
dataset7_CLINIC_metal_0037_data,0,95,81,4730
dataset7_CLINIC_metal_0037_data,0,96,85,4871
dataset7_CLINIC_metal_0037_data,0,97,86,5027
dataset7_CLINIC_metal_0037_data,0,98,85,5244
dataset7_CLINIC_metal_0037_data,0,99,103,5367
dataset7_CLINIC_metal_0037_data,0,100,125,5407
dataset7_CLINIC_metal_0037_data,0,101,147,5365
dataset7_CLINIC_metal_0037_data,0,102,170,5513
dataset7_CLINIC_metal_0037_data,0,103,194,5616
dataset7_CLINIC_metal_0037_data,0,104,215,5669
dataset7_CLINIC_metal_0037_data,0,105,221,5884
dataset7_CLINIC_metal_0037_data,0,106,228,6074
dataset7_CLINIC_metal_0037_data,0,107,231,6237
dataset7_CLINIC_metal_0037_data,0,108,246,6408
dataset7_CLINIC_metal_0037_data,0,109,297,6556
dataset7_CLINIC_metal_0037_data,0,110,358,6688
dataset7_CLINIC_metal_0037_data,0,111,428,6837
dataset7_CLINIC_metal_0037_data,0,112,510,6947
dataset7_CLINIC_metal_0037_data,0,113,622,7042
dataset7_CLINIC_metal_0037_data,0,114,779,7130
dataset7_CLINIC_metal_0037_data,0,115,858,7203
dataset7_CLINIC_metal_0037_data,0,116,946,7286
dataset7_CLINIC_metal_0037_data,0,117,1029,7346
dataset7_CLINIC_metal_0037_data,0,118,1127,7377
dataset7_CLINIC_metal_0037_data,0,119,1216,7435
dataset7_CLINIC_metal_0037_data,0,120,1233,7455
dataset7_CLINIC_metal_0037_data,0,121,1226,7478
dataset7_CLINIC_metal_0037_data,0,122,1194,7525
dataset7_CLINIC_metal_0037_data,0,123,1171,7582
dataset7_CLINIC_metal_0037_data,0,124,1196,7655
dataset7_CLINIC_metal_0037_data,0,125,1184,7713
dataset7_CLINIC_metal_0037_data,0,126,1128,7762
dataset7_CLINIC_metal_0037_data,0,127,1100,7813
dataset7_CLINIC_metal_0037_data,0,128,1066,7844
dataset7_CLINIC_metal_0037_data,0,129,1050,7862
dataset7_CLINIC_metal_0037_data,0,130,1047,7844
dataset7_CLINIC_metal_0037_data,0,131,1053,7838
dataset7_CLINIC_metal_0037_data,0,132,1005,7809
dataset7_CLINIC_metal_0037_data,0,133,929,7757
dataset7_CLINIC_metal_0037_data,0,134,816,7691
dataset7_CLINIC_metal_0037_data,0,135,721,7603
dataset7_CLINIC_metal_0037_data,0,136,641,7498
dataset7_CLINIC_metal_0037_data,0,137,546,7361
dataset7_CLINIC_metal_0037_data,0,138,444,7176
dataset7_CLINIC_metal_0037_data,0,139,340,7001
dataset7_CLINIC_metal_0037_data,0,140,283,6800
dataset7_CLINIC_metal_0037_data,0,141,250,6635
dataset7_CLINIC_metal_0037_data,0,142,218,6458
dataset7_CLINIC_metal_0037_data,0,143,223,6285
dataset7_CLINIC_metal_0037_data,0,144,225,6096
dataset7_CLINIC_metal_0037_data,0,145,233,5885
dataset7_CLINIC_metal_0037_data,0,146,224,5688
dataset7_CLINIC_metal_0037_data,0,147,223,5478
dataset7_CLINIC_metal_0037_data,0,148,219,5227
dataset7_CLINIC_metal_0037_data,0,149,221,4946
dataset7_CLINIC_metal_0037_data,0,150,214,4663
dataset7_CLINIC_metal_0037_data,0,151,198,4371
dataset7_CLINIC_metal_0037_data,0,152,183,4029
dataset7_CLINIC_metal_0037_data,0,153,174,3706
dataset7_CLINIC_metal_0037_data,0,154,161,3350
dataset7_CLINIC_metal_0037_data,0,155,127,2977
dataset7_CLINIC_metal_0037_data,0,156,96,2633
dataset7_CLINIC_metal_0037_data,0,157,78,2492
dataset7_CLINIC_metal_0037_data,0,158,39,2345
dataset7_CLINIC_metal_0037_data,0,159,7,2191
dataset7_CLINIC_metal_0037_data,0,160,0,2038
dataset7_CLINIC_metal_0037_data,0,161,0,1874
dataset7_CLINIC_metal_0037_data,0,162,0,1711
dataset7_CLINIC_metal_0037_data,0,163,0,1580
dataset7_CLINIC_metal_0037_data,0,164,0,1432
dataset7_CLINIC_metal_0037_data,0,165,0,1285
dataset7_CLINIC_metal_0037_data,0,166,0,1162
dataset7_CLINIC_metal_0037_data,0,167,0,1012
dataset7_CLINIC_metal_0037_data,0,168,0,864
dataset7_CLINIC_metal_0037_data,0,169,0,724
dataset7_CLINIC_metal_0037_data,0,170,0,589
dataset7_CLINIC_metal_0037_data,0,171,0,456
dataset7_CLINIC_metal_0037_data,0,172,0,313
dataset7_CLINIC_metal_0037_data,0,173,0,132
dataset7_CLINIC_metal_0037_data,1,123,0,314
dataset7_CLINIC_metal_0037_data,1,124,0,597
dataset7_CLINIC_metal_0037_data,1,125,0,802
dataset7_CLINIC_metal_0037_data,1,126,0,981
dataset7_CLINIC_metal_0037_data,1,127,0,1160
dataset7_CLINIC_metal_0037_data,1,128,0,1333
dataset7_CLINIC_metal_0037_data,1,129,0,1495
dataset7_CLINIC_metal_0037_data,1,130,0,1654
dataset7_CLINIC_metal_0037_data,1,131,0,1816
dataset7_CLINIC_metal_0037_data,1,132,0,1979
dataset7_CLINIC_metal_0037_data,1,133,0,2110
dataset7_CLINIC_metal_0037_data,1,134,0,2226
dataset7_CLINIC_metal_0037_data,1,135,0,2348
dataset7_CLINIC_metal_0037_data,1,136,0,2460
dataset7_CLINIC_metal_0037_data,1,137,18,2578
dataset7_CLINIC_metal_0037_data,1,138,93,2677
dataset7_CLINIC_metal_0037_data,1,139,171,2778
dataset7_CLINIC_metal_0037_data,1,140,294,2865
dataset7_CLINIC_metal_0037_data,1,141,386,2946
dataset7_CLINIC_metal_0037_data,1,142,437,3027
dataset7_CLINIC_metal_0037_data,1,143,477,3097
dataset7_CLINIC_metal_0037_data,1,144,540,3171
dataset7_CLINIC_metal_0037_data,1,145,617,3241
dataset7_CLINIC_metal_0037_data,1,146,688,3292
dataset7_CLINIC_metal_0037_data,1,147,778,3339
dataset7_CLINIC_metal_0037_data,1,148,851,3383
dataset7_CLINIC_metal_0037_data,1,149,873,3433
dataset7_CLINIC_metal_0037_data,1,150,878,3464
dataset7_CLINIC_metal_0037_data,1,151,854,3487
dataset7_CLINIC_metal_0037_data,1,152,787,3495
dataset7_CLINIC_metal_0037_data,1,153,678,3503
dataset7_CLINIC_metal_0037_data,1,154,641,3499
dataset7_CLINIC_metal_0037_data,1,155,615,3494
dataset7_CLINIC_metal_0037_data,1,156,624,3474
dataset7_CLINIC_metal_0037_data,1,157,666,3449
dataset7_CLINIC_metal_0037_data,1,158,712,3428
dataset7_CLINIC_metal_0037_data,1,159,749,3387
dataset7_CLINIC_metal_0037_data,1,160,770,3353
dataset7_CLINIC_metal_0037_data,1,161,746,3298
dataset7_CLINIC_metal_0037_data,1,162,705,3229
dataset7_CLINIC_metal_0037_data,1,163,664,3157
dataset7_CLINIC_metal_0037_data,1,164,593,3080
dataset7_CLINIC_metal_0037_data,1,165,511,2986
dataset7_CLINIC_metal_0037_data,1,166,389,2885
dataset7_CLINIC_metal_0037_data,1,167,287,2799
dataset7_CLINIC_metal_0037_data,1,168,226,2700
dataset7_CLINIC_metal_0037_data,1,169,158,2636
dataset7_CLINIC_metal_0037_data,1,170,85,2569
dataset7_CLINIC_metal_0037_data,1,171,30,2487
dataset7_CLINIC_metal_0037_data,1,172,0,2393
dataset7_CLINIC_metal_0037_data,1,173,0,2300
dataset7_CLINIC_metal_0037_data,1,174,0,2183
dataset7_CLINIC_metal_0037_data,1,175,0,2067
dataset7_CLINIC_metal_0037_data,1,176,0,1943
dataset7_CLINIC_metal_0037_data,1,177,0,1815
dataset7_CLINIC_metal_0037_data,1,178,0,1662
dataset7_CLINIC_metal_0037_data,1,179,0,1493
dataset7_CLINIC_metal_0037_data,1,180,0,1329
dataset7_CLINIC_metal_0037_data,1,181,0,1143
dataset7_CLINIC_metal_0037_data,1,182,0,961
dataset7_CLINIC_metal_0037_data,1,183,0,766
dataset7_CLINIC_metal_0037_data,1,184,0,538
dataset7_CLINIC_metal_0037_data,1,185,0,212
dataset7_CLINIC_metal_0037_data,2,205,0,182
dataset7_CLINIC_metal_0037_data,2,206,0,478
dataset7_CLINIC_metal_0037_data,2,207,0,674
dataset7_CLINIC_metal_0037_data,2,208,0,828
dataset7_CLINIC_metal_0037_data,2,209,0,959
dataset7_CLINIC_metal_0037_data,2,210,0,1080
dataset7_CLINIC_metal_0037_data,2,211,0,1200
dataset7_CLINIC_metal_0037_data,2,212,0,1306
dataset7_CLINIC_metal_0037_data,2,213,0,1393
dataset7_CLINIC_metal_0037_data,2,214,0,1467
dataset7_CLINIC_metal_0037_data,2,215,0,1536
dataset7_CLINIC_metal_0037_data,2,216,0,1593
dataset7_CLINIC_metal_0037_data,2,217,0,1632
dataset7_CLINIC_metal_0037_data,2,218,0,1679
dataset7_CLINIC_metal_0037_data,2,219,22,1710
dataset7_CLINIC_metal_0037_data,2,220,59,1730
dataset7_CLINIC_metal_0037_data,2,221,96,1755
dataset7_CLINIC_metal_0037_data,2,222,124,1757
dataset7_CLINIC_metal_0037_data,2,223,140,1767
dataset7_CLINIC_metal_0037_data,2,224,152,1787
dataset7_CLINIC_metal_0037_data,2,225,121,1826
dataset7_CLINIC_metal_0037_data,2,226,91,1869
dataset7_CLINIC_metal_0037_data,2,227,75,1902
dataset7_CLINIC_metal_0037_data,2,228,68,1939
dataset7_CLINIC_metal_0037_data,2,229,62,1985
dataset7_CLINIC_metal_0037_data,2,230,58,2007
dataset7_CLINIC_metal_0037_data,2,231,52,2023
dataset7_CLINIC_metal_0037_data,2,232,55,2039
dataset7_CLINIC_metal_0037_data,2,233,47,2031
dataset7_CLINIC_metal_0037_data,2,234,49,2068
dataset7_CLINIC_metal_0037_data,2,235,58,2128
dataset7_CLINIC_metal_0037_data,2,236,74,2180
dataset7_CLINIC_metal_0037_data,2,237,115,2245
dataset7_CLINIC_metal_0037_data,2,238,188,2294
dataset7_CLINIC_metal_0037_data,2,239,212,2337
dataset7_CLINIC_metal_0037_data,2,240,156,2379
dataset7_CLINIC_metal_0037_data,2,241,101,2420
dataset7_CLINIC_metal_0037_data,2,242,69,2467
dataset7_CLINIC_metal_0037_data,2,243,65,2653
dataset7_CLINIC_metal_0037_data,2,244,62,2926
dataset7_CLINIC_metal_0037_data,2,245,68,3087
dataset7_CLINIC_metal_0037_data,2,246,73,3233
dataset7_CLINIC_metal_0037_data,2,247,76,3343
dataset7_CLINIC_metal_0037_data,2,248,82,3414
dataset7_CLINIC_metal_0037_data,2,249,134,3502
dataset7_CLINIC_metal_0037_data,2,250,214,3576
dataset7_CLINIC_metal_0037_data,2,251,229,3646
dataset7_CLINIC_metal_0037_data,2,252,166,3683
dataset7_CLINIC_metal_0037_data,2,253,99,3745
dataset7_CLINIC_metal_0037_data,2,254,75,3773
dataset7_CLINIC_metal_0037_data,2,255,88,3838
dataset7_CLINIC_metal_0037_data,2,256,124,3885
dataset7_CLINIC_metal_0037_data,2,257,146,3921
dataset7_CLINIC_metal_0037_data,2,258,180,3955
dataset7_CLINIC_metal_0037_data,2,259,208,3959
dataset7_CLINIC_metal_0037_data,2,260,259,3947
dataset7_CLINIC_metal_0037_data,2,261,322,3940
dataset7_CLINIC_metal_0037_data,2,262,370,3917
dataset7_CLINIC_metal_0037_data,2,263,384,3907
dataset7_CLINIC_metal_0037_data,2,264,410,3851
dataset7_CLINIC_metal_0037_data,2,265,414,3778
dataset7_CLINIC_metal_0037_data,2,266,331,3681
dataset7_CLINIC_metal_0037_data,2,267,263,3547
dataset7_CLINIC_metal_0037_data,2,268,175,3481
dataset7_CLINIC_metal_0037_data,2,269,116,3431
dataset7_CLINIC_metal_0037_data,2,270,53,3364
dataset7_CLINIC_metal_0037_data,2,271,11,3274
dataset7_CLINIC_metal_0037_data,2,272,0,3171
dataset7_CLINIC_metal_0037_data,2,273,0,3060
dataset7_CLINIC_metal_0037_data,2,274,0,2952
dataset7_CLINIC_metal_0037_data,2,275,0,2850
dataset7_CLINIC_metal_0037_data,2,276,0,2711
dataset7_CLINIC_metal_0037_data,2,277,0,2558
dataset7_CLINIC_metal_0037_data,2,278,0,2399
dataset7_CLINIC_metal_0037_data,2,279,0,2215
dataset7_CLINIC_metal_0037_data,2,280,0,1954
dataset7_CLINIC_metal_0037_data,2,281,0,1663
dataset7_CLINIC_metal_0037_data,2,282,0,1219
dataset7_CLINIC_metal_0037_data,2,283,0,1003
dataset7_CLINIC_metal_0037_data,2,284,0,578
dataset7_CLINIC_metal_0037_data,2,285,0,233
dataset7_CLINIC_metal_0037_data,3,175,0,150
dataset7_CLINIC_metal_0037_data,3,176,0,412
dataset7_CLINIC_metal_0037_data,3,177,0,619
dataset7_CLINIC_metal_0037_data,3,178,0,1124
dataset7_CLINIC_metal_0037_data,3,179,0,1542
dataset7_CLINIC_metal_0037_data,3,180,0,2008
dataset7_CLINIC_metal_0037_data,3,181,0,2349
dataset7_CLINIC_metal_0037_data,3,182,0,2818
dataset7_CLINIC_metal_0037_data,3,183,0,3330
dataset7_CLINIC_metal_0037_data,3,184,0,3782
dataset7_CLINIC_metal_0037_data,3,185,0,4068
dataset7_CLINIC_metal_0037_data,3,186,0,4315
dataset7_CLINIC_metal_0037_data,3,187,0,4519
dataset7_CLINIC_metal_0037_data,3,188,0,4699
dataset7_CLINIC_metal_0037_data,3,189,10,4843
dataset7_CLINIC_metal_0037_data,3,190,40,4988
dataset7_CLINIC_metal_0037_data,3,191,77,5102
dataset7_CLINIC_metal_0037_data,3,192,138,5193
dataset7_CLINIC_metal_0037_data,3,193,230,5272
dataset7_CLINIC_metal_0037_data,3,194,341,5320
dataset7_CLINIC_metal_0037_data,3,195,435,5342
dataset7_CLINIC_metal_0037_data,3,196,495,5371
dataset7_CLINIC_metal_0037_data,3,197,488,5376
dataset7_CLINIC_metal_0037_data,3,198,520,5341
dataset7_CLINIC_metal_0037_data,3,199,577,5307
dataset7_CLINIC_metal_0037_data,3,200,633,5242
dataset7_CLINIC_metal_0037_data,3,201,564,5161
dataset7_CLINIC_metal_0037_data,3,202,448,5069
dataset7_CLINIC_metal_0037_data,3,203,373,4954
dataset7_CLINIC_metal_0037_data,3,204,307,4819
dataset7_CLINIC_metal_0037_data,3,205,237,4656
dataset7_CLINIC_metal_0037_data,3,206,156,4496
dataset7_CLINIC_metal_0037_data,3,207,108,4301
dataset7_CLINIC_metal_0037_data,3,208,73,4103
dataset7_CLINIC_metal_0037_data,3,209,35,3865
dataset7_CLINIC_metal_0037_data,3,210,13,3596
dataset7_CLINIC_metal_0037_data,3,211,0,3329
dataset7_CLINIC_metal_0037_data,3,212,0,3087
dataset7_CLINIC_metal_0037_data,3,213,0,2858
dataset7_CLINIC_metal_0037_data,3,214,0,2621
dataset7_CLINIC_metal_0037_data,3,215,0,2372
dataset7_CLINIC_metal_0037_data,3,216,0,2067
dataset7_CLINIC_metal_0037_data,3,217,0,1803
dataset7_CLINIC_metal_0037_data,3,218,0,1473
dataset7_CLINIC_metal_0037_data,3,219,0,1262
dataset7_CLINIC_metal_0037_data,3,220,0,957
dataset7_CLINIC_metal_0037_data,3,221,0,657
dataset7_CLINIC_metal_0037_data,3,222,0,506
dataset7_CLINIC_metal_0037_data,3,223,0,247
dataset7_CLINIC_metal_0037_data,3,224,0,154
dataset7_CLINIC_metal_0037_data,4,52,0,135
dataset7_CLINIC_metal_0037_data,4,53,0,223
dataset7_CLINIC_metal_0037_data,4,55,0,373
dataset7_CLINIC_metal_0037_data,4,56,0,446
dataset7_CLINIC_metal_0037_data,4,57,0,517
dataset7_CLINIC_metal_0037_data,4,58,0,586
dataset7_CLINIC_metal_0037_data,4,59,0,629
dataset7_CLINIC_metal_0037_data,4,60,0,674
dataset7_CLINIC_metal_0037_data,4,61,0,717
dataset7_CLINIC_metal_0037_data,4,62,0,740
dataset7_CLINIC_metal_0037_data,4,63,0,774
dataset7_CLINIC_metal_0037_data,4,64,0,791
dataset7_CLINIC_metal_0037_data,4,65,0,807
dataset7_CLINIC_metal_0037_data,4,66,7,817
dataset7_CLINIC_metal_0037_data,4,67,9,820
dataset7_CLINIC_metal_0037_data,4,68,6,813
dataset7_CLINIC_metal_0037_data,4,69,0,801
dataset7_CLINIC_metal_0037_data,4,70,0,783
dataset7_CLINIC_metal_0037_data,4,71,0,765
dataset7_CLINIC_metal_0037_data,4,72,0,732
dataset7_CLINIC_metal_0037_data,4,73,0,699
dataset7_CLINIC_metal_0037_data,4,74,0,658
dataset7_CLINIC_metal_0037_data,4,75,0,611
dataset7_CLINIC_metal_0037_data,4,76,0,561
dataset7_CLINIC_metal_0037_data,4,77,0,492
dataset7_CLINIC_metal_0037_data,4,78,0,422
dataset7_CLINIC_metal_0037_data,4,79,0,352
dataset7_CLINIC_metal_0037_data,4,80,0,294
dataset7_CLINIC_metal_0037_data,4,81,0,208
dataset7_CLINIC_metal_0037_data,4,82,0,124
dataset7_CLINIC_metal_0037_data,5,179,0,100
dataset7_CLINIC_metal_0037_data,5,180,0,176
dataset7_CLINIC_metal_0037_data,5,181,0,258
dataset7_CLINIC_metal_0037_data,5,182,0,317
dataset7_CLINIC_metal_0037_data,5,183,0,382
dataset7_CLINIC_metal_0037_data,5,184,0,450
dataset7_CLINIC_metal_0037_data,5,185,0,519
dataset7_CLINIC_metal_0037_data,5,186,0,579
dataset7_CLINIC_metal_0037_data,5,187,0,618
dataset7_CLINIC_metal_0037_data,5,188,0,661
dataset7_CLINIC_metal_0037_data,5,189,0,702
dataset7_CLINIC_metal_0037_data,5,190,0,727
dataset7_CLINIC_metal_0037_data,5,191,0,752
dataset7_CLINIC_metal_0037_data,5,192,0,770
dataset7_CLINIC_metal_0037_data,5,193,2,782
dataset7_CLINIC_metal_0037_data,5,194,8,794
dataset7_CLINIC_metal_0037_data,5,195,10,798
dataset7_CLINIC_metal_0037_data,5,196,9,796
dataset7_CLINIC_metal_0037_data,5,197,5,786
dataset7_CLINIC_metal_0037_data,5,198,0,772
dataset7_CLINIC_metal_0037_data,5,199,0,757
dataset7_CLINIC_metal_0037_data,5,200,0,739
dataset7_CLINIC_metal_0037_data,5,201,0,710
dataset7_CLINIC_metal_0037_data,5,202,0,673
dataset7_CLINIC_metal_0037_data,5,203,0,633
dataset7_CLINIC_metal_0037_data,5,204,0,593
dataset7_CLINIC_metal_0037_data,5,205,0,553
dataset7_CLINIC_metal_0037_data,5,206,0,489
dataset7_CLINIC_metal_0037_data,5,207,0,421
dataset7_CLINIC_metal_0037_data,5,208,0,349
dataset7_CLINIC_metal_0037_data,5,209,0,293
dataset7_CLINIC_metal_0037_data,5,210,0,205
dataset7_CLINIC_metal_0037_data,5,211,0,121
dataset7_CLINIC_metal_0037_data,6,114,0,143
dataset7_CLINIC_metal_0037_data,6,115,0,280
dataset7_CLINIC_metal_0037_data,6,116,0,432
dataset7_CLINIC_metal_0037_data,6,117,0,580
dataset7_CLINIC_metal_0037_data,6,118,0,713
dataset7_CLINIC_metal_0037_data,6,119,0,844
dataset7_CLINIC_metal_0037_data,6,120,0,949
dataset7_CLINIC_metal_0037_data,6,121,0,1062
dataset7_CLINIC_metal_0037_data,6,122,0,1172
dataset7_CLINIC_metal_0037_data,6,123,0,1275
dataset7_CLINIC_metal_0037_data,6,124,0,1362
dataset7_CLINIC_metal_0037_data,6,125,0,1435
dataset7_CLINIC_metal_0037_data,6,126,0,1495
dataset7_CLINIC_metal_0037_data,6,127,0,1547
dataset7_CLINIC_metal_0037_data,6,128,8,1595
dataset7_CLINIC_metal_0037_data,6,129,54,1643
dataset7_CLINIC_metal_0037_data,6,130,119,1698
dataset7_CLINIC_metal_0037_data,6,131,176,1768
dataset7_CLINIC_metal_0037_data,6,132,210,1843
dataset7_CLINIC_metal_0037_data,6,133,202,1894
dataset7_CLINIC_metal_0037_data,6,134,150,1958
dataset7_CLINIC_metal_0037_data,6,135,126,2007
dataset7_CLINIC_metal_0037_data,6,136,90,2052
dataset7_CLINIC_metal_0037_data,6,137,72,2088
dataset7_CLINIC_metal_0037_data,6,138,95,2118
dataset7_CLINIC_metal_0037_data,6,139,154,2147
dataset7_CLINIC_metal_0037_data,6,140,222,2163
dataset7_CLINIC_metal_0037_data,6,141,282,2176
dataset7_CLINIC_metal_0037_data,6,142,296,2193
dataset7_CLINIC_metal_0037_data,6,143,308,2217
dataset7_CLINIC_metal_0037_data,6,144,309,2261
dataset7_CLINIC_metal_0037_data,6,145,309,2315
dataset7_CLINIC_metal_0037_data,6,146,355,2377
dataset7_CLINIC_metal_0037_data,6,147,383,2435
dataset7_CLINIC_metal_0037_data,6,148,404,2488
dataset7_CLINIC_metal_0037_data,6,149,449,2530
dataset7_CLINIC_metal_0037_data,6,150,516,2562
dataset7_CLINIC_metal_0037_data,6,151,568,2599
dataset7_CLINIC_metal_0037_data,6,152,615,2626
dataset7_CLINIC_metal_0037_data,6,153,646,2646
dataset7_CLINIC_metal_0037_data,6,154,665,2665
dataset7_CLINIC_metal_0037_data,6,155,667,2671
dataset7_CLINIC_metal_0037_data,6,156,650,2674
dataset7_CLINIC_metal_0037_data,6,157,631,2678
dataset7_CLINIC_metal_0037_data,6,158,626,2672
dataset7_CLINIC_metal_0037_data,6,159,627,2671
dataset7_CLINIC_metal_0037_data,6,160,616,2658
dataset7_CLINIC_metal_0037_data,6,161,582,2645
dataset7_CLINIC_metal_0037_data,6,162,256,2623
dataset7_CLINIC_metal_0037_data,6,163,137,2587
dataset7_CLINIC_metal_0037_data,6,164,116,2545
dataset7_CLINIC_metal_0037_data,6,165,112,2491
dataset7_CLINIC_metal_0037_data,6,166,111,2452
dataset7_CLINIC_metal_0037_data,6,167,115,2370
dataset7_CLINIC_metal_0037_data,6,168,115,2308
dataset7_CLINIC_metal_0037_data,6,169,115,2254
dataset7_CLINIC_metal_0037_data,6,170,119,2195
dataset7_CLINIC_metal_0037_data,6,171,148,2135
dataset7_CLINIC_metal_0037_data,6,172,172,2076
dataset7_CLINIC_metal_0037_data,6,173,197,2015
dataset7_CLINIC_metal_0037_data,6,174,217,1946
dataset7_CLINIC_metal_0037_data,6,175,238,1892
dataset7_CLINIC_metal_0037_data,6,176,231,1863
dataset7_CLINIC_metal_0037_data,6,177,203,1837
dataset7_CLINIC_metal_0037_data,6,178,168,1801
dataset7_CLINIC_metal_0037_data,6,179,139,1757
dataset7_CLINIC_metal_0037_data,6,180,103,1711
dataset7_CLINIC_metal_0037_data,6,181,94,1675
dataset7_CLINIC_metal_0037_data,6,182,96,1623
dataset7_CLINIC_metal_0037_data,6,183,95,1573
dataset7_CLINIC_metal_0037_data,6,184,94,1531
dataset7_CLINIC_metal_0037_data,6,185,83,1475
dataset7_CLINIC_metal_0037_data,6,186,65,1405
dataset7_CLINIC_metal_0037_data,6,187,27,1339
dataset7_CLINIC_metal_0037_data,6,188,0,1266
dataset7_CLINIC_metal_0037_data,6,189,0,1209
dataset7_CLINIC_metal_0037_data,6,190,0,1136
dataset7_CLINIC_metal_0037_data,6,191,0,1049
dataset7_CLINIC_metal_0037_data,6,192,0,1000
dataset7_CLINIC_metal_0037_data,6,193,0,943
dataset7_CLINIC_metal_0037_data,6,194,0,881
dataset7_CLINIC_metal_0037_data,6,195,0,794
dataset7_CLINIC_metal_0037_data,6,196,0,701
dataset7_CLINIC_metal_0037_data,6,197,0,614
dataset7_CLINIC_metal_0037_data,6,198,0,524
dataset7_CLINIC_metal_0037_data,6,199,0,425
dataset7_CLINIC_metal_0037_data,6,200,0,313
dataset7_CLINIC_metal_0037_data,6,201,0,197
dataset7_CLINIC_metal_0037_data,7,38,0,172
dataset7_CLINIC_metal_0037_data,7,39,0,273
dataset7_CLINIC_metal_0037_data,7,40,0,390
dataset7_CLINIC_metal_0037_data,7,41,0,482
dataset7_CLINIC_metal_0037_data,7,42,0,586
dataset7_CLINIC_metal_0037_data,7,43,0,688
dataset7_CLINIC_metal_0037_data,7,44,0,929
dataset7_CLINIC_metal_0037_data,7,45,0,1261
dataset7_CLINIC_metal_0037_data,7,46,0,1627
dataset7_CLINIC_metal_0037_data,7,47,0,1963
dataset7_CLINIC_metal_0037_data,7,48,0,2269
dataset7_CLINIC_metal_0037_data,7,49,0,2649
dataset7_CLINIC_metal_0037_data,7,50,0,2995
dataset7_CLINIC_metal_0037_data,7,51,0,3299
dataset7_CLINIC_metal_0037_data,7,52,19,3656
dataset7_CLINIC_metal_0037_data,7,53,37,3963
dataset7_CLINIC_metal_0037_data,7,54,57,4271
dataset7_CLINIC_metal_0037_data,7,55,79,4549
dataset7_CLINIC_metal_0037_data,7,56,89,4816
dataset7_CLINIC_metal_0037_data,7,57,86,5015
dataset7_CLINIC_metal_0037_data,7,58,100,5185
dataset7_CLINIC_metal_0037_data,7,59,192,5327
dataset7_CLINIC_metal_0037_data,7,60,301,5447
dataset7_CLINIC_metal_0037_data,7,61,378,5528
dataset7_CLINIC_metal_0037_data,7,62,490,5623
dataset7_CLINIC_metal_0037_data,7,63,628,5686
dataset7_CLINIC_metal_0037_data,7,64,733,5727
dataset7_CLINIC_metal_0037_data,7,65,825,5764
dataset7_CLINIC_metal_0037_data,7,66,924,5763
dataset7_CLINIC_metal_0037_data,7,67,1036,5754
dataset7_CLINIC_metal_0037_data,7,68,1124,5742
dataset7_CLINIC_metal_0037_data,7,69,1120,5691
dataset7_CLINIC_metal_0037_data,7,70,1143,5619
dataset7_CLINIC_metal_0037_data,7,71,1200,5544
dataset7_CLINIC_metal_0037_data,7,72,1228,5451
dataset7_CLINIC_metal_0037_data,7,73,1261,5356
dataset7_CLINIC_metal_0037_data,7,74,1273,5248
dataset7_CLINIC_metal_0037_data,7,75,1209,5145
dataset7_CLINIC_metal_0037_data,7,76,1161,5055
dataset7_CLINIC_metal_0037_data,7,77,1110,4971
dataset7_CLINIC_metal_0037_data,7,78,1064,4891
dataset7_CLINIC_metal_0037_data,7,79,978,4818
dataset7_CLINIC_metal_0037_data,7,80,829,4736
dataset7_CLINIC_metal_0037_data,7,81,675,4651
dataset7_CLINIC_metal_0037_data,7,82,564,4572
dataset7_CLINIC_metal_0037_data,7,83,497,4482
dataset7_CLINIC_metal_0037_data,7,84,420,4419
dataset7_CLINIC_metal_0037_data,7,85,359,4345
dataset7_CLINIC_metal_0037_data,7,86,307,4268
dataset7_CLINIC_metal_0037_data,7,87,253,4221
dataset7_CLINIC_metal_0037_data,7,88,179,4177
dataset7_CLINIC_metal_0037_data,7,89,123,4136
dataset7_CLINIC_metal_0037_data,7,90,106,4080
dataset7_CLINIC_metal_0037_data,7,91,100,4017
dataset7_CLINIC_metal_0037_data,7,92,101,3948
dataset7_CLINIC_metal_0037_data,7,93,103,3884
dataset7_CLINIC_metal_0037_data,7,94,105,3802
dataset7_CLINIC_metal_0037_data,7,95,103,3732
dataset7_CLINIC_metal_0037_data,7,96,105,3631
dataset7_CLINIC_metal_0037_data,7,97,102,3529
dataset7_CLINIC_metal_0037_data,7,98,104,3408
dataset7_CLINIC_metal_0037_data,7,99,101,3415
dataset7_CLINIC_metal_0037_data,7,100,102,3437
dataset7_CLINIC_metal_0037_data,7,101,103,3589
dataset7_CLINIC_metal_0037_data,7,102,104,3794
dataset7_CLINIC_metal_0037_data,7,103,103,3940
dataset7_CLINIC_metal_0037_data,7,104,106,4049
dataset7_CLINIC_metal_0037_data,7,105,104,4254
dataset7_CLINIC_metal_0037_data,7,106,106,4456
dataset7_CLINIC_metal_0037_data,7,107,109,4648
dataset7_CLINIC_metal_0037_data,7,108,110,4826
dataset7_CLINIC_metal_0037_data,7,109,108,5015
dataset7_CLINIC_metal_0037_data,7,110,104,5187
dataset7_CLINIC_metal_0037_data,7,111,101,5373
dataset7_CLINIC_metal_0037_data,7,112,99,5532
dataset7_CLINIC_metal_0037_data,7,113,106,5696
dataset7_CLINIC_metal_0037_data,7,114,198,5840
dataset7_CLINIC_metal_0037_data,7,115,291,5973
dataset7_CLINIC_metal_0037_data,7,116,429,6087
dataset7_CLINIC_metal_0037_data,7,117,505,6201
dataset7_CLINIC_metal_0037_data,7,118,571,6466
dataset7_CLINIC_metal_0037_data,7,119,652,6744
dataset7_CLINIC_metal_0037_data,7,120,734,7048
dataset7_CLINIC_metal_0037_data,7,121,828,7217
dataset7_CLINIC_metal_0037_data,7,122,955,7344
dataset7_CLINIC_metal_0037_data,7,123,1046,7477
dataset7_CLINIC_metal_0037_data,7,124,1073,8004
dataset7_CLINIC_metal_0037_data,7,125,1081,8521
dataset7_CLINIC_metal_0037_data,7,126,1144,8812
dataset7_CLINIC_metal_0037_data,7,127,1186,9041
dataset7_CLINIC_metal_0037_data,7,128,1200,9219
dataset7_CLINIC_metal_0037_data,7,129,1210,9421
dataset7_CLINIC_metal_0037_data,7,130,1160,9569
dataset7_CLINIC_metal_0037_data,7,131,1067,9724
dataset7_CLINIC_metal_0037_data,7,132,983,9846
dataset7_CLINIC_metal_0037_data,7,133,916,9943
dataset7_CLINIC_metal_0037_data,7,134,1123,10007
dataset7_CLINIC_metal_0037_data,7,135,1198,10071
dataset7_CLINIC_metal_0037_data,7,136,1020,10106
dataset7_CLINIC_metal_0037_data,7,137,854,10133
dataset7_CLINIC_metal_0037_data,7,138,882,10147
dataset7_CLINIC_metal_0037_data,7,139,928,10077
dataset7_CLINIC_metal_0037_data,7,140,877,10058
dataset7_CLINIC_metal_0037_data,7,141,913,9977
dataset7_CLINIC_metal_0037_data,7,142,840,9835
dataset7_CLINIC_metal_0037_data,7,143,634,9729
dataset7_CLINIC_metal_0037_data,7,144,448,9517
dataset7_CLINIC_metal_0037_data,7,145,246,9273
dataset7_CLINIC_metal_0037_data,7,146,108,8987
dataset7_CLINIC_metal_0037_data,7,147,8,8684
dataset7_CLINIC_metal_0037_data,7,148,0,8321
dataset7_CLINIC_metal_0037_data,7,149,0,7906
dataset7_CLINIC_metal_0037_data,7,150,0,7413
dataset7_CLINIC_metal_0037_data,7,151,0,6528
dataset7_CLINIC_metal_0037_data,7,152,0,6037
dataset7_CLINIC_metal_0037_data,7,153,0,5438
dataset7_CLINIC_metal_0037_data,7,154,0,4702
dataset7_CLINIC_metal_0037_data,7,155,0,3983
dataset7_CLINIC_metal_0037_data,7,156,0,3122
dataset7_CLINIC_metal_0037_data,7,157,0,2289
dataset7_CLINIC_metal_0037_data,7,158,0,1535
dataset7_CLINIC_metal_0037_data,7,159,0,845
dataset7_CLINIC_metal_0037_data,7,160,0,463
dataset7_CLINIC_metal_0037_data,7,161,0,177
dataset7_CLINIC_metal_0037_data,8,131,0,226
dataset7_CLINIC_metal_0037_data,8,132,0,645
dataset7_CLINIC_metal_0037_data,8,133,0,885
dataset7_CLINIC_metal_0037_data,8,134,0,1094
dataset7_CLINIC_metal_0037_data,8,135,0,1311
dataset7_CLINIC_metal_0037_data,8,136,0,1527
dataset7_CLINIC_metal_0037_data,8,137,0,1720
dataset7_CLINIC_metal_0037_data,8,138,0,1897
dataset7_CLINIC_metal_0037_data,8,139,0,2072
dataset7_CLINIC_metal_0037_data,8,140,0,2220
dataset7_CLINIC_metal_0037_data,8,141,0,2354
dataset7_CLINIC_metal_0037_data,8,142,0,2491
dataset7_CLINIC_metal_0037_data,8,143,0,2613
dataset7_CLINIC_metal_0037_data,8,144,0,2728
dataset7_CLINIC_metal_0037_data,8,145,35,2833
dataset7_CLINIC_metal_0037_data,8,146,152,2931
dataset7_CLINIC_metal_0037_data,8,147,282,3030
dataset7_CLINIC_metal_0037_data,8,148,410,3134
dataset7_CLINIC_metal_0037_data,8,149,512,3223
dataset7_CLINIC_metal_0037_data,8,150,594,3296
dataset7_CLINIC_metal_0037_data,8,151,652,3378
dataset7_CLINIC_metal_0037_data,8,152,722,3449
dataset7_CLINIC_metal_0037_data,8,153,797,3522
dataset7_CLINIC_metal_0037_data,8,154,864,3581
dataset7_CLINIC_metal_0037_data,8,155,896,3643
dataset7_CLINIC_metal_0037_data,8,156,893,3673
dataset7_CLINIC_metal_0037_data,8,157,884,3706
dataset7_CLINIC_metal_0037_data,8,158,871,3722
dataset7_CLINIC_metal_0037_data,8,159,845,3729
dataset7_CLINIC_metal_0037_data,8,160,799,3725
dataset7_CLINIC_metal_0037_data,8,161,729,3715
dataset7_CLINIC_metal_0037_data,8,162,694,3695
dataset7_CLINIC_metal_0037_data,8,163,715,3661
dataset7_CLINIC_metal_0037_data,8,164,750,3622
dataset7_CLINIC_metal_0037_data,8,165,793,3577
dataset7_CLINIC_metal_0037_data,8,166,783,3522
dataset7_CLINIC_metal_0037_data,8,167,764,3470
dataset7_CLINIC_metal_0037_data,8,168,738,3406
dataset7_CLINIC_metal_0037_data,8,169,697,3340
dataset7_CLINIC_metal_0037_data,8,170,646,3269
dataset7_CLINIC_metal_0037_data,8,171,535,3176
dataset7_CLINIC_metal_0037_data,8,172,449,3101
dataset7_CLINIC_metal_0037_data,8,173,369,3001
dataset7_CLINIC_metal_0037_data,8,174,267,2886
dataset7_CLINIC_metal_0037_data,8,175,209,2769
dataset7_CLINIC_metal_0037_data,8,176,99,2654
dataset7_CLINIC_metal_0037_data,8,177,14,2559
dataset7_CLINIC_metal_0037_data,8,178,0,2470
dataset7_CLINIC_metal_0037_data,8,179,0,2391
dataset7_CLINIC_metal_0037_data,8,180,0,2296
dataset7_CLINIC_metal_0037_data,8,181,0,2184
dataset7_CLINIC_metal_0037_data,8,182,0,2056
dataset7_CLINIC_metal_0037_data,8,183,0,1923
dataset7_CLINIC_metal_0037_data,8,184,0,1780
dataset7_CLINIC_metal_0037_data,8,185,0,1624
dataset7_CLINIC_metal_0037_data,8,186,0,1445
dataset7_CLINIC_metal_0037_data,8,187,0,1268
dataset7_CLINIC_metal_0037_data,8,188,0,1024
dataset7_CLINIC_metal_0037_data,8,189,0,833
dataset7_CLINIC_metal_0037_data,8,190,0,599
dataset7_CLINIC_metal_0037_data,8,191,0,187
dataset7_CLINIC_metal_0038_data,0,210,0,66
dataset7_CLINIC_metal_0038_data,0,211,0,106
dataset7_CLINIC_metal_0038_data,0,212,0,166
dataset7_CLINIC_metal_0038_data,0,213,0,272
dataset7_CLINIC_metal_0038_data,0,214,0,352
dataset7_CLINIC_metal_0038_data,0,215,0,422
dataset7_CLINIC_metal_0038_data,0,216,0,477
dataset7_CLINIC_metal_0038_data,0,217,0,540
dataset7_CLINIC_metal_0038_data,0,218,0,579
dataset7_CLINIC_metal_0038_data,0,219,0,628
dataset7_CLINIC_metal_0038_data,0,220,0,657
dataset7_CLINIC_metal_0038_data,0,221,0,687
dataset7_CLINIC_metal_0038_data,0,222,0,709
dataset7_CLINIC_metal_0038_data,0,223,0,733
dataset7_CLINIC_metal_0038_data,0,224,8,756
dataset7_CLINIC_metal_0038_data,0,225,14,767
dataset7_CLINIC_metal_0038_data,0,226,21,778
dataset7_CLINIC_metal_0038_data,0,227,38,783
dataset7_CLINIC_metal_0038_data,0,228,61,783
dataset7_CLINIC_metal_0038_data,0,229,88,786
dataset7_CLINIC_metal_0038_data,0,230,92,795
dataset7_CLINIC_metal_0038_data,0,231,64,816
dataset7_CLINIC_metal_0038_data,0,232,47,835
dataset7_CLINIC_metal_0038_data,0,233,36,858
dataset7_CLINIC_metal_0038_data,0,234,30,875
dataset7_CLINIC_metal_0038_data,0,235,27,897
dataset7_CLINIC_metal_0038_data,0,236,29,906
dataset7_CLINIC_metal_0038_data,0,237,29,910
dataset7_CLINIC_metal_0038_data,0,238,23,912
dataset7_CLINIC_metal_0038_data,0,239,22,912
dataset7_CLINIC_metal_0038_data,0,240,28,918
dataset7_CLINIC_metal_0038_data,0,241,28,924
dataset7_CLINIC_metal_0038_data,0,242,29,946
dataset7_CLINIC_metal_0038_data,0,243,33,965
dataset7_CLINIC_metal_0038_data,0,244,72,994
dataset7_CLINIC_metal_0038_data,0,245,108,1027
dataset7_CLINIC_metal_0038_data,0,246,111,1101
dataset7_CLINIC_metal_0038_data,0,247,71,1185
dataset7_CLINIC_metal_0038_data,0,248,35,1299
dataset7_CLINIC_metal_0038_data,0,249,31,1413
dataset7_CLINIC_metal_0038_data,0,250,32,1502
dataset7_CLINIC_metal_0038_data,0,251,31,1570
dataset7_CLINIC_metal_0038_data,0,252,41,1638
dataset7_CLINIC_metal_0038_data,0,253,34,1679
dataset7_CLINIC_metal_0038_data,0,254,38,1710
dataset7_CLINIC_metal_0038_data,0,255,43,1745
dataset7_CLINIC_metal_0038_data,0,256,79,1758
dataset7_CLINIC_metal_0038_data,0,257,113,1774
dataset7_CLINIC_metal_0038_data,0,258,115,1800
dataset7_CLINIC_metal_0038_data,0,259,85,1814
dataset7_CLINIC_metal_0038_data,0,260,52,1829
dataset7_CLINIC_metal_0038_data,0,261,78,1837
dataset7_CLINIC_metal_0038_data,0,262,103,1853
dataset7_CLINIC_metal_0038_data,0,263,126,1863
dataset7_CLINIC_metal_0038_data,0,264,139,1868
dataset7_CLINIC_metal_0038_data,0,265,164,1871
dataset7_CLINIC_metal_0038_data,0,266,185,1865
dataset7_CLINIC_metal_0038_data,0,267,205,1861
dataset7_CLINIC_metal_0038_data,0,268,220,1848
dataset7_CLINIC_metal_0038_data,0,269,215,1827
dataset7_CLINIC_metal_0038_data,0,270,170,1800
dataset7_CLINIC_metal_0038_data,0,271,131,1763
dataset7_CLINIC_metal_0038_data,0,272,95,1710
dataset7_CLINIC_metal_0038_data,0,273,59,1649
dataset7_CLINIC_metal_0038_data,0,274,36,1579
dataset7_CLINIC_metal_0038_data,0,275,14,1501
dataset7_CLINIC_metal_0038_data,0,276,4,1460
dataset7_CLINIC_metal_0038_data,0,277,0,1426
dataset7_CLINIC_metal_0038_data,0,278,0,1357
dataset7_CLINIC_metal_0038_data,0,279,0,1318
dataset7_CLINIC_metal_0038_data,0,280,0,1265
dataset7_CLINIC_metal_0038_data,0,281,0,1217
dataset7_CLINIC_metal_0038_data,0,282,0,1146
dataset7_CLINIC_metal_0038_data,0,283,0,1072
dataset7_CLINIC_metal_0038_data,0,284,0,984
dataset7_CLINIC_metal_0038_data,0,285,0,868
dataset7_CLINIC_metal_0038_data,0,286,0,729
dataset7_CLINIC_metal_0038_data,0,287,0,492
dataset7_CLINIC_metal_0038_data,0,288,0,339
dataset7_CLINIC_metal_0038_data,0,289,0,150
dataset7_CLINIC_metal_0038_data,0,290,0,56
dataset7_CLINIC_metal_0038_data,1,182,0,99
dataset7_CLINIC_metal_0038_data,1,183,0,209
dataset7_CLINIC_metal_0038_data,1,184,0,370
dataset7_CLINIC_metal_0038_data,1,185,0,566
dataset7_CLINIC_metal_0038_data,1,186,0,744
dataset7_CLINIC_metal_0038_data,1,187,0,929
dataset7_CLINIC_metal_0038_data,1,188,0,1112
dataset7_CLINIC_metal_0038_data,1,189,0,1327
dataset7_CLINIC_metal_0038_data,1,190,0,1539
dataset7_CLINIC_metal_0038_data,1,191,0,1758
dataset7_CLINIC_metal_0038_data,1,192,0,1901
dataset7_CLINIC_metal_0038_data,1,193,0,2019
dataset7_CLINIC_metal_0038_data,1,194,0,2119
dataset7_CLINIC_metal_0038_data,1,195,3,2203
dataset7_CLINIC_metal_0038_data,1,196,14,2293
dataset7_CLINIC_metal_0038_data,1,197,30,2338
dataset7_CLINIC_metal_0038_data,1,198,59,2381
dataset7_CLINIC_metal_0038_data,1,199,108,2427
dataset7_CLINIC_metal_0038_data,1,200,175,2451
dataset7_CLINIC_metal_0038_data,1,201,245,2473
dataset7_CLINIC_metal_0038_data,1,202,256,2489
dataset7_CLINIC_metal_0038_data,1,203,249,2495
dataset7_CLINIC_metal_0038_data,1,204,250,2494
dataset7_CLINIC_metal_0038_data,1,205,274,2492
dataset7_CLINIC_metal_0038_data,1,206,341,2476
dataset7_CLINIC_metal_0038_data,1,207,342,2457
dataset7_CLINIC_metal_0038_data,1,208,264,2426
dataset7_CLINIC_metal_0038_data,1,209,194,2376
dataset7_CLINIC_metal_0038_data,1,210,150,2332
dataset7_CLINIC_metal_0038_data,1,211,102,2280
dataset7_CLINIC_metal_0038_data,1,212,68,2206
dataset7_CLINIC_metal_0038_data,1,213,47,2114
dataset7_CLINIC_metal_0038_data,1,214,30,2026
dataset7_CLINIC_metal_0038_data,1,215,13,1908
dataset7_CLINIC_metal_0038_data,1,216,5,1782
dataset7_CLINIC_metal_0038_data,1,217,0,1634
dataset7_CLINIC_metal_0038_data,1,218,0,1495
dataset7_CLINIC_metal_0038_data,1,219,0,1382
dataset7_CLINIC_metal_0038_data,1,220,0,1248
dataset7_CLINIC_metal_0038_data,1,221,0,1108
dataset7_CLINIC_metal_0038_data,1,222,0,967
dataset7_CLINIC_metal_0038_data,1,223,0,771
dataset7_CLINIC_metal_0038_data,1,224,0,640
dataset7_CLINIC_metal_0038_data,1,225,0,500
dataset7_CLINIC_metal_0038_data,1,226,0,413
dataset7_CLINIC_metal_0038_data,1,227,0,289
dataset7_CLINIC_metal_0038_data,1,228,0,212
dataset7_CLINIC_metal_0038_data,1,229,0,107
dataset7_CLINIC_metal_0038_data,1,230,0,59
dataset7_CLINIC_metal_0038_data,2,82,0,78
dataset7_CLINIC_metal_0038_data,2,83,0,120
dataset7_CLINIC_metal_0038_data,2,84,0,156
dataset7_CLINIC_metal_0038_data,2,85,0,196
dataset7_CLINIC_metal_0038_data,2,86,0,225
dataset7_CLINIC_metal_0038_data,2,87,0,250
dataset7_CLINIC_metal_0038_data,2,88,0,276
dataset7_CLINIC_metal_0038_data,2,89,0,291
dataset7_CLINIC_metal_0038_data,2,90,0,303
dataset7_CLINIC_metal_0038_data,2,91,0,318
dataset7_CLINIC_metal_0038_data,2,92,0,335
dataset7_CLINIC_metal_0038_data,2,93,0,344
dataset7_CLINIC_metal_0038_data,2,94,0,344
dataset7_CLINIC_metal_0038_data,2,95,2,344
dataset7_CLINIC_metal_0038_data,2,96,3,346
dataset7_CLINIC_metal_0038_data,2,97,2,346
dataset7_CLINIC_metal_0038_data,2,98,1,346
dataset7_CLINIC_metal_0038_data,2,99,3,340
dataset7_CLINIC_metal_0038_data,2,100,3,332
dataset7_CLINIC_metal_0038_data,2,101,1,327
dataset7_CLINIC_metal_0038_data,2,102,0,326
dataset7_CLINIC_metal_0038_data,2,103,0,326
dataset7_CLINIC_metal_0038_data,2,104,0,316
dataset7_CLINIC_metal_0038_data,2,105,0,300
dataset7_CLINIC_metal_0038_data,2,106,0,285
dataset7_CLINIC_metal_0038_data,2,107,0,274
dataset7_CLINIC_metal_0038_data,2,108,0,259
dataset7_CLINIC_metal_0038_data,2,109,0,233
dataset7_CLINIC_metal_0038_data,2,110,0,210
dataset7_CLINIC_metal_0038_data,2,111,0,181
dataset7_CLINIC_metal_0038_data,2,112,0,143
dataset7_CLINIC_metal_0038_data,2,113,0,109
dataset7_CLINIC_metal_0038_data,2,114,0,69
dataset7_CLINIC_metal_0040_data,0,71,0,101
dataset7_CLINIC_metal_0040_data,0,72,0,281
dataset7_CLINIC_metal_0040_data,0,73,0,429
dataset7_CLINIC_metal_0040_data,0,74,0,560
dataset7_CLINIC_metal_0040_data,0,75,0,668
dataset7_CLINIC_metal_0040_data,0,76,0,754
dataset7_CLINIC_metal_0040_data,0,77,0,843
dataset7_CLINIC_metal_0040_data,0,78,0,926
dataset7_CLINIC_metal_0040_data,0,79,0,994
dataset7_CLINIC_metal_0040_data,0,80,0,1135
dataset7_CLINIC_metal_0040_data,0,81,0,1234
dataset7_CLINIC_metal_0040_data,0,82,0,1317
dataset7_CLINIC_metal_0040_data,0,83,0,1413
dataset7_CLINIC_metal_0040_data,0,84,0,1590
dataset7_CLINIC_metal_0040_data,0,85,4,1739
dataset7_CLINIC_metal_0040_data,0,86,16,1868
dataset7_CLINIC_metal_0040_data,0,87,31,1999
dataset7_CLINIC_metal_0040_data,0,88,42,2136
dataset7_CLINIC_metal_0040_data,0,89,50,2271
dataset7_CLINIC_metal_0040_data,0,90,55,2574
dataset7_CLINIC_metal_0040_data,0,91,58,2826
dataset7_CLINIC_metal_0040_data,0,92,61,3072
dataset7_CLINIC_metal_0040_data,0,93,61,3263
dataset7_CLINIC_metal_0040_data,0,94,63,3428
dataset7_CLINIC_metal_0040_data,0,95,66,3554
dataset7_CLINIC_metal_0040_data,0,96,74,3705
dataset7_CLINIC_metal_0040_data,0,97,75,3916
dataset7_CLINIC_metal_0040_data,0,98,84,4080
dataset7_CLINIC_metal_0040_data,0,99,110,4277
dataset7_CLINIC_metal_0040_data,0,100,134,4445
dataset7_CLINIC_metal_0040_data,0,101,153,4589
dataset7_CLINIC_metal_0040_data,0,102,179,4763
dataset7_CLINIC_metal_0040_data,0,103,299,4914
dataset7_CLINIC_metal_0040_data,0,104,449,5051
dataset7_CLINIC_metal_0040_data,0,105,542,5236
dataset7_CLINIC_metal_0040_data,0,106,573,5377
dataset7_CLINIC_metal_0040_data,0,107,615,5511
dataset7_CLINIC_metal_0040_data,0,108,595,5630
dataset7_CLINIC_metal_0040_data,0,109,512,5744
dataset7_CLINIC_metal_0040_data,0,110,390,5848
dataset7_CLINIC_metal_0040_data,0,111,294,5953
dataset7_CLINIC_metal_0040_data,0,112,311,6035
dataset7_CLINIC_metal_0040_data,0,113,394,6120
dataset7_CLINIC_metal_0040_data,0,114,465,6173
dataset7_CLINIC_metal_0040_data,0,115,520,6211
dataset7_CLINIC_metal_0040_data,0,116,568,6244
dataset7_CLINIC_metal_0040_data,0,117,613,6261
dataset7_CLINIC_metal_0040_data,0,118,616,6252
dataset7_CLINIC_metal_0040_data,0,119,590,6246
dataset7_CLINIC_metal_0040_data,0,120,579,6220
dataset7_CLINIC_metal_0040_data,0,121,562,6177
dataset7_CLINIC_metal_0040_data,0,122,564,6123
dataset7_CLINIC_metal_0040_data,0,123,549,6048
dataset7_CLINIC_metal_0040_data,0,124,521,5982
dataset7_CLINIC_metal_0040_data,0,125,471,5903
dataset7_CLINIC_metal_0040_data,0,126,456,5826
dataset7_CLINIC_metal_0040_data,0,127,455,5725
dataset7_CLINIC_metal_0040_data,0,128,473,5621
dataset7_CLINIC_metal_0040_data,0,129,464,5463
dataset7_CLINIC_metal_0040_data,0,130,419,5361
dataset7_CLINIC_metal_0040_data,0,131,348,5245
dataset7_CLINIC_metal_0040_data,0,132,297,5097
dataset7_CLINIC_metal_0040_data,0,133,290,4943
dataset7_CLINIC_metal_0040_data,0,134,283,4743
dataset7_CLINIC_metal_0040_data,0,135,284,4606
dataset7_CLINIC_metal_0040_data,0,136,281,4449
dataset7_CLINIC_metal_0040_data,0,137,257,4330
dataset7_CLINIC_metal_0040_data,0,138,218,4296
dataset7_CLINIC_metal_0040_data,0,139,191,4240
dataset7_CLINIC_metal_0040_data,0,140,152,4205
dataset7_CLINIC_metal_0040_data,0,141,136,4195
dataset7_CLINIC_metal_0040_data,0,142,144,4156
dataset7_CLINIC_metal_0040_data,0,143,151,4120
dataset7_CLINIC_metal_0040_data,0,144,162,4062
dataset7_CLINIC_metal_0040_data,0,145,150,4015
dataset7_CLINIC_metal_0040_data,0,146,127,3990
dataset7_CLINIC_metal_0040_data,0,147,116,3939
dataset7_CLINIC_metal_0040_data,0,148,104,3881
dataset7_CLINIC_metal_0040_data,0,149,104,3826
dataset7_CLINIC_metal_0040_data,0,150,100,3761
dataset7_CLINIC_metal_0040_data,0,151,99,3679
dataset7_CLINIC_metal_0040_data,0,152,114,3604
dataset7_CLINIC_metal_0040_data,0,153,148,3529
dataset7_CLINIC_metal_0040_data,0,154,172,3433
dataset7_CLINIC_metal_0040_data,0,155,196,3319
dataset7_CLINIC_metal_0040_data,0,156,208,3260
dataset7_CLINIC_metal_0040_data,0,157,214,3203
dataset7_CLINIC_metal_0040_data,0,158,213,3156
dataset7_CLINIC_metal_0040_data,0,159,189,3088
dataset7_CLINIC_metal_0040_data,0,160,174,3058
dataset7_CLINIC_metal_0040_data,0,161,158,3064
dataset7_CLINIC_metal_0040_data,0,162,138,3075
dataset7_CLINIC_metal_0040_data,0,163,112,3075
dataset7_CLINIC_metal_0040_data,0,164,92,3060
dataset7_CLINIC_metal_0040_data,0,165,74,3052
dataset7_CLINIC_metal_0040_data,0,166,78,3030
dataset7_CLINIC_metal_0040_data,0,167,85,2998
dataset7_CLINIC_metal_0040_data,0,168,85,2975
dataset7_CLINIC_metal_0040_data,0,169,81,2944
dataset7_CLINIC_metal_0040_data,0,170,74,2922
dataset7_CLINIC_metal_0040_data,0,171,88,2894
dataset7_CLINIC_metal_0040_data,0,172,113,2872
dataset7_CLINIC_metal_0040_data,0,173,149,2837
dataset7_CLINIC_metal_0040_data,0,174,189,2814
dataset7_CLINIC_metal_0040_data,0,175,205,2777
dataset7_CLINIC_metal_0040_data,0,176,188,2731
dataset7_CLINIC_metal_0040_data,0,177,174,2671
dataset7_CLINIC_metal_0040_data,0,178,160,2608
dataset7_CLINIC_metal_0040_data,0,179,123,2518
dataset7_CLINIC_metal_0040_data,0,180,80,2420
dataset7_CLINIC_metal_0040_data,0,181,50,2421
dataset7_CLINIC_metal_0040_data,0,182,49,2425
dataset7_CLINIC_metal_0040_data,0,183,59,2439
dataset7_CLINIC_metal_0040_data,0,184,72,2428
dataset7_CLINIC_metal_0040_data,0,185,114,2427
dataset7_CLINIC_metal_0040_data,0,186,161,2419
dataset7_CLINIC_metal_0040_data,0,187,201,2389
dataset7_CLINIC_metal_0040_data,0,188,222,2351
dataset7_CLINIC_metal_0040_data,0,189,215,2304
dataset7_CLINIC_metal_0040_data,0,190,149,2246
dataset7_CLINIC_metal_0040_data,0,191,103,2189
dataset7_CLINIC_metal_0040_data,0,192,124,2128
dataset7_CLINIC_metal_0040_data,0,193,178,2055
dataset7_CLINIC_metal_0040_data,0,194,216,1973
dataset7_CLINIC_metal_0040_data,0,195,222,1862
dataset7_CLINIC_metal_0040_data,0,196,175,1821
dataset7_CLINIC_metal_0040_data,0,197,77,1782
dataset7_CLINIC_metal_0040_data,0,198,47,1745
dataset7_CLINIC_metal_0040_data,0,199,49,1690
dataset7_CLINIC_metal_0040_data,0,200,56,1638
dataset7_CLINIC_metal_0040_data,0,201,54,1588
dataset7_CLINIC_metal_0040_data,0,202,48,1527
dataset7_CLINIC_metal_0040_data,0,203,37,1472
dataset7_CLINIC_metal_0040_data,0,204,21,1415
dataset7_CLINIC_metal_0040_data,0,205,0,1346
dataset7_CLINIC_metal_0040_data,0,206,0,1280
dataset7_CLINIC_metal_0040_data,0,207,0,1199
dataset7_CLINIC_metal_0040_data,0,208,0,1108
dataset7_CLINIC_metal_0040_data,0,209,0,1008
dataset7_CLINIC_metal_0040_data,0,210,0,894
dataset7_CLINIC_metal_0040_data,0,211,0,780
dataset7_CLINIC_metal_0040_data,0,212,0,617
dataset7_CLINIC_metal_0040_data,0,213,0,533
dataset7_CLINIC_metal_0040_data,0,214,0,470
dataset7_CLINIC_metal_0040_data,0,215,0,402
dataset7_CLINIC_metal_0040_data,0,216,0,321
dataset7_CLINIC_metal_0040_data,0,217,0,244
dataset7_CLINIC_metal_0040_data,0,218,0,147
dataset7_CLINIC_metal_0040_data,1,222,0,122
dataset7_CLINIC_metal_0040_data,1,223,0,212
dataset7_CLINIC_metal_0040_data,1,224,0,287
dataset7_CLINIC_metal_0040_data,1,225,0,371
dataset7_CLINIC_metal_0040_data,1,226,0,440
dataset7_CLINIC_metal_0040_data,1,227,0,507
dataset7_CLINIC_metal_0040_data,1,228,0,586
dataset7_CLINIC_metal_0040_data,1,229,0,661
dataset7_CLINIC_metal_0040_data,1,230,0,733
dataset7_CLINIC_metal_0040_data,1,231,0,801
dataset7_CLINIC_metal_0040_data,1,232,0,858
dataset7_CLINIC_metal_0040_data,1,233,0,919
dataset7_CLINIC_metal_0040_data,1,234,0,968
dataset7_CLINIC_metal_0040_data,1,235,0,1014
dataset7_CLINIC_metal_0040_data,1,236,10,1048
dataset7_CLINIC_metal_0040_data,1,237,21,1077
dataset7_CLINIC_metal_0040_data,1,238,29,1110
dataset7_CLINIC_metal_0040_data,1,239,42,1134
dataset7_CLINIC_metal_0040_data,1,240,52,1143
dataset7_CLINIC_metal_0040_data,1,241,68,1144
dataset7_CLINIC_metal_0040_data,1,242,59,1146
dataset7_CLINIC_metal_0040_data,1,243,42,1144
dataset7_CLINIC_metal_0040_data,1,244,44,1141
dataset7_CLINIC_metal_0040_data,1,245,53,1135
dataset7_CLINIC_metal_0040_data,1,246,52,1126
dataset7_CLINIC_metal_0040_data,1,247,46,1114
dataset7_CLINIC_metal_0040_data,1,248,32,1100
dataset7_CLINIC_metal_0040_data,1,249,24,1065
dataset7_CLINIC_metal_0040_data,1,250,13,1025
dataset7_CLINIC_metal_0040_data,1,251,6,983
dataset7_CLINIC_metal_0040_data,1,252,0,945
dataset7_CLINIC_metal_0040_data,1,253,0,896
dataset7_CLINIC_metal_0040_data,1,254,0,839
dataset7_CLINIC_metal_0040_data,1,255,0,781
dataset7_CLINIC_metal_0040_data,1,256,0,719
dataset7_CLINIC_metal_0040_data,1,257,0,652
dataset7_CLINIC_metal_0040_data,1,258,0,587
dataset7_CLINIC_metal_0040_data,1,259,0,530
dataset7_CLINIC_metal_0040_data,1,260,0,467
dataset7_CLINIC_metal_0040_data,1,261,0,405
dataset7_CLINIC_metal_0040_data,1,262,0,339
dataset7_CLINIC_metal_0040_data,1,263,0,262
dataset7_CLINIC_metal_0040_data,1,264,0,184
dataset7_CLINIC_metal_0040_data,1,265,0,102
dataset7_CLINIC_metal_0040_data,2,226,0,217
dataset7_CLINIC_metal_0040_data,2,227,0,337
dataset7_CLINIC_metal_0040_data,2,228,0,428
dataset7_CLINIC_metal_0040_data,2,229,0,528
dataset7_CLINIC_metal_0040_data,2,230,0,610
dataset7_CLINIC_metal_0040_data,2,231,0,677
dataset7_CLINIC_metal_0040_data,2,232,0,756
dataset7_CLINIC_metal_0040_data,2,233,0,829
dataset7_CLINIC_metal_0040_data,2,234,0,869
dataset7_CLINIC_metal_0040_data,2,235,0,922
dataset7_CLINIC_metal_0040_data,2,236,0,943
dataset7_CLINIC_metal_0040_data,2,237,0,967
dataset7_CLINIC_metal_0040_data,2,238,0,998
dataset7_CLINIC_metal_0040_data,2,239,0,1027
dataset7_CLINIC_metal_0040_data,2,240,28,1027
dataset7_CLINIC_metal_0040_data,2,241,54,1027
dataset7_CLINIC_metal_0040_data,2,242,11,1027
dataset7_CLINIC_metal_0040_data,2,243,1,1027
dataset7_CLINIC_metal_0040_data,2,244,1,1008
dataset7_CLINIC_metal_0040_data,2,245,0,978
dataset7_CLINIC_metal_0040_data,2,246,0,957
dataset7_CLINIC_metal_0040_data,2,247,0,935
dataset7_CLINIC_metal_0040_data,2,248,0,896
dataset7_CLINIC_metal_0040_data,2,249,0,849
dataset7_CLINIC_metal_0040_data,2,250,0,799
dataset7_CLINIC_metal_0040_data,2,251,0,728
dataset7_CLINIC_metal_0040_data,2,252,0,664
dataset7_CLINIC_metal_0040_data,2,253,0,583
dataset7_CLINIC_metal_0040_data,2,254,0,494
dataset7_CLINIC_metal_0040_data,2,255,0,402
dataset7_CLINIC_metal_0040_data,2,256,0,293
dataset7_CLINIC_metal_0040_data,2,257,0,144
dataset7_CLINIC_metal_0040_data,2,258,0,69
dataset7_CLINIC_metal_0040_data,3,23,0,91
dataset7_CLINIC_metal_0040_data,3,24,0,168
dataset7_CLINIC_metal_0040_data,3,25,0,230
dataset7_CLINIC_metal_0040_data,3,26,0,296
dataset7_CLINIC_metal_0040_data,3,27,0,350
dataset7_CLINIC_metal_0040_data,3,28,0,402
dataset7_CLINIC_metal_0040_data,3,29,0,458
dataset7_CLINIC_metal_0040_data,3,30,0,502
dataset7_CLINIC_metal_0040_data,3,31,0,544
dataset7_CLINIC_metal_0040_data,3,32,0,571
dataset7_CLINIC_metal_0040_data,3,33,0,592
dataset7_CLINIC_metal_0040_data,3,34,0,613
dataset7_CLINIC_metal_0040_data,3,35,0,640
dataset7_CLINIC_metal_0040_data,3,36,0,652
dataset7_CLINIC_metal_0040_data,3,37,3,656
dataset7_CLINIC_metal_0040_data,3,38,6,656
dataset7_CLINIC_metal_0040_data,3,39,5,656
dataset7_CLINIC_metal_0040_data,3,40,2,656
dataset7_CLINIC_metal_0040_data,3,41,0,652
dataset7_CLINIC_metal_0040_data,3,42,0,630
dataset7_CLINIC_metal_0040_data,3,43,0,602
dataset7_CLINIC_metal_0040_data,3,44,0,581
dataset7_CLINIC_metal_0040_data,3,45,0,562
dataset7_CLINIC_metal_0040_data,3,46,0,528
dataset7_CLINIC_metal_0040_data,3,47,0,484
dataset7_CLINIC_metal_0040_data,3,48,0,436
dataset7_CLINIC_metal_0040_data,3,49,0,382
dataset7_CLINIC_metal_0040_data,3,50,0,330
dataset7_CLINIC_metal_0040_data,3,51,0,278
dataset7_CLINIC_metal_0040_data,3,52,0,216
dataset7_CLINIC_metal_0040_data,3,53,0,156
dataset7_CLINIC_metal_0040_data,3,54,0,82
dataset7_CLINIC_metal_0040_data,4,227,0,209
dataset7_CLINIC_metal_0040_data,4,228,0,327
dataset7_CLINIC_metal_0040_data,4,229,0,415
dataset7_CLINIC_metal_0040_data,4,230,0,516
dataset7_CLINIC_metal_0040_data,4,231,0,610
dataset7_CLINIC_metal_0040_data,4,232,0,676
dataset7_CLINIC_metal_0040_data,4,233,0,753
dataset7_CLINIC_metal_0040_data,4,234,0,835
dataset7_CLINIC_metal_0040_data,4,235,0,877
dataset7_CLINIC_metal_0040_data,4,236,0,940
dataset7_CLINIC_metal_0040_data,4,237,0,958
dataset7_CLINIC_metal_0040_data,4,238,0,982
dataset7_CLINIC_metal_0040_data,4,239,0,1019
dataset7_CLINIC_metal_0040_data,4,240,0,1052
dataset7_CLINIC_metal_0040_data,4,241,21,1052
dataset7_CLINIC_metal_0040_data,4,242,61,1055
dataset7_CLINIC_metal_0040_data,4,243,33,1062
dataset7_CLINIC_metal_0040_data,4,244,2,1069
dataset7_CLINIC_metal_0040_data,4,245,7,1057
dataset7_CLINIC_metal_0040_data,4,246,54,1043
dataset7_CLINIC_metal_0040_data,4,247,24,1032
dataset7_CLINIC_metal_0040_data,4,248,0,1022
dataset7_CLINIC_metal_0040_data,4,249,0,994
dataset7_CLINIC_metal_0040_data,4,250,0,961
dataset7_CLINIC_metal_0040_data,4,251,0,931
dataset7_CLINIC_metal_0040_data,4,252,0,904
dataset7_CLINIC_metal_0040_data,4,253,0,864
dataset7_CLINIC_metal_0040_data,4,254,0,815
dataset7_CLINIC_metal_0040_data,4,255,0,749
dataset7_CLINIC_metal_0040_data,4,256,0,673
dataset7_CLINIC_metal_0040_data,4,257,0,605
dataset7_CLINIC_metal_0040_data,4,258,0,532
dataset7_CLINIC_metal_0040_data,4,259,0,435
dataset7_CLINIC_metal_0040_data,4,260,0,349
dataset7_CLINIC_metal_0040_data,4,261,0,226
dataset7_CLINIC_metal_0040_data,5,224,0,87
dataset7_CLINIC_metal_0040_data,5,225,0,165
dataset7_CLINIC_metal_0040_data,5,226,0,241
dataset7_CLINIC_metal_0040_data,5,227,0,326
dataset7_CLINIC_metal_0040_data,5,228,0,476
dataset7_CLINIC_metal_0040_data,5,229,0,588
dataset7_CLINIC_metal_0040_data,5,230,0,681
dataset7_CLINIC_metal_0040_data,5,231,0,776
dataset7_CLINIC_metal_0040_data,5,232,0,861
dataset7_CLINIC_metal_0040_data,5,233,0,939
dataset7_CLINIC_metal_0040_data,5,234,0,1009
dataset7_CLINIC_metal_0040_data,5,235,0,1076
dataset7_CLINIC_metal_0040_data,5,236,0,1147
dataset7_CLINIC_metal_0040_data,5,237,0,1212
dataset7_CLINIC_metal_0040_data,5,238,3,1261
dataset7_CLINIC_metal_0040_data,5,239,13,1307
dataset7_CLINIC_metal_0040_data,5,240,23,1359
dataset7_CLINIC_metal_0040_data,5,241,23,1403
dataset7_CLINIC_metal_0040_data,5,242,28,1432
dataset7_CLINIC_metal_0040_data,5,243,41,1446
dataset7_CLINIC_metal_0040_data,5,244,52,1459
dataset7_CLINIC_metal_0040_data,5,245,53,1467
dataset7_CLINIC_metal_0040_data,5,246,41,1476
dataset7_CLINIC_metal_0040_data,5,247,69,1474
dataset7_CLINIC_metal_0040_data,5,248,97,1471
dataset7_CLINIC_metal_0040_data,5,249,67,1465
dataset7_CLINIC_metal_0040_data,5,250,47,1458
dataset7_CLINIC_metal_0040_data,5,251,34,1435
dataset7_CLINIC_metal_0040_data,5,252,20,1402
dataset7_CLINIC_metal_0040_data,5,253,12,1364
dataset7_CLINIC_metal_0040_data,5,254,0,1328
dataset7_CLINIC_metal_0040_data,5,255,0,1286
dataset7_CLINIC_metal_0040_data,5,256,0,1230
dataset7_CLINIC_metal_0040_data,5,257,0,1172
dataset7_CLINIC_metal_0040_data,5,258,0,1089
dataset7_CLINIC_metal_0040_data,5,259,0,1010
dataset7_CLINIC_metal_0040_data,5,260,0,922
dataset7_CLINIC_metal_0040_data,5,261,0,828
dataset7_CLINIC_metal_0040_data,5,262,0,721
dataset7_CLINIC_metal_0040_data,5,263,0,615
dataset7_CLINIC_metal_0040_data,5,264,0,517
dataset7_CLINIC_metal_0040_data,5,265,0,394
dataset7_CLINIC_metal_0040_data,5,266,0,230
dataset7_CLINIC_metal_0040_data,5,267,0,130
dataset7_CLINIC_metal_0041_data,0,100,0,78
dataset7_CLINIC_metal_0041_data,0,101,0,114
dataset7_CLINIC_metal_0041_data,0,102,0,153
dataset7_CLINIC_metal_0041_data,0,103,0,194
dataset7_CLINIC_metal_0041_data,0,104,0,218
dataset7_CLINIC_metal_0041_data,0,105,0,250
dataset7_CLINIC_metal_0041_data,0,106,0,278
dataset7_CLINIC_metal_0041_data,0,107,0,308
dataset7_CLINIC_metal_0041_data,0,108,0,336
dataset7_CLINIC_metal_0041_data,0,109,0,349
dataset7_CLINIC_metal_0041_data,0,110,0,377
dataset7_CLINIC_metal_0041_data,0,111,0,400
dataset7_CLINIC_metal_0041_data,0,112,0,414
dataset7_CLINIC_metal_0041_data,0,113,2,439
dataset7_CLINIC_metal_0041_data,0,114,8,450
dataset7_CLINIC_metal_0041_data,0,115,10,465
dataset7_CLINIC_metal_0041_data,0,116,10,481
dataset7_CLINIC_metal_0041_data,0,117,12,487
dataset7_CLINIC_metal_0041_data,0,118,13,506
dataset7_CLINIC_metal_0041_data,0,119,15,511
dataset7_CLINIC_metal_0041_data,0,120,13,518
dataset7_CLINIC_metal_0041_data,0,121,13,526
dataset7_CLINIC_metal_0041_data,0,122,12,532
dataset7_CLINIC_metal_0041_data,0,123,13,539
dataset7_CLINIC_metal_0041_data,0,124,15,546
dataset7_CLINIC_metal_0041_data,0,125,13,548
dataset7_CLINIC_metal_0041_data,0,126,10,548
dataset7_CLINIC_metal_0041_data,0,127,13,550
dataset7_CLINIC_metal_0041_data,0,128,14,575
dataset7_CLINIC_metal_0041_data,0,129,14,602
dataset7_CLINIC_metal_0041_data,0,130,10,632
dataset7_CLINIC_metal_0041_data,0,131,10,675
dataset7_CLINIC_metal_0041_data,0,132,11,716
dataset7_CLINIC_metal_0041_data,0,133,14,753
dataset7_CLINIC_metal_0041_data,0,134,14,782
dataset7_CLINIC_metal_0041_data,0,135,12,815
dataset7_CLINIC_metal_0041_data,0,136,10,853
dataset7_CLINIC_metal_0041_data,0,137,11,881
dataset7_CLINIC_metal_0041_data,0,138,12,911
dataset7_CLINIC_metal_0041_data,0,139,14,927
dataset7_CLINIC_metal_0041_data,0,140,15,951
dataset7_CLINIC_metal_0041_data,0,141,13,971
dataset7_CLINIC_metal_0041_data,0,142,27,985
dataset7_CLINIC_metal_0041_data,0,143,46,999
dataset7_CLINIC_metal_0041_data,0,144,58,1008
dataset7_CLINIC_metal_0041_data,0,145,61,1017
dataset7_CLINIC_metal_0041_data,0,146,63,1021
dataset7_CLINIC_metal_0041_data,0,147,63,1028
dataset7_CLINIC_metal_0041_data,0,148,63,1029
dataset7_CLINIC_metal_0041_data,0,149,57,1020
dataset7_CLINIC_metal_0041_data,0,150,56,1007
dataset7_CLINIC_metal_0041_data,0,151,51,1001
dataset7_CLINIC_metal_0041_data,0,152,45,989
dataset7_CLINIC_metal_0041_data,0,153,41,980
dataset7_CLINIC_metal_0041_data,0,154,39,979
dataset7_CLINIC_metal_0041_data,0,155,45,983
dataset7_CLINIC_metal_0041_data,0,156,45,979
dataset7_CLINIC_metal_0041_data,0,157,47,969
dataset7_CLINIC_metal_0041_data,0,158,50,957
dataset7_CLINIC_metal_0041_data,0,159,47,948
dataset7_CLINIC_metal_0041_data,0,160,46,947
dataset7_CLINIC_metal_0041_data,0,161,43,939
dataset7_CLINIC_metal_0041_data,0,162,41,948
dataset7_CLINIC_metal_0041_data,0,163,37,973
dataset7_CLINIC_metal_0041_data,0,164,37,1014
dataset7_CLINIC_metal_0041_data,0,165,35,1059
dataset7_CLINIC_metal_0041_data,0,166,43,1095
dataset7_CLINIC_metal_0041_data,0,167,48,1178
dataset7_CLINIC_metal_0041_data,0,168,55,1298
dataset7_CLINIC_metal_0041_data,0,169,66,1399
dataset7_CLINIC_metal_0041_data,0,170,80,1500
dataset7_CLINIC_metal_0041_data,0,171,95,1592
dataset7_CLINIC_metal_0041_data,0,172,90,1671
dataset7_CLINIC_metal_0041_data,0,173,91,1734
dataset7_CLINIC_metal_0041_data,0,174,93,1798
dataset7_CLINIC_metal_0041_data,0,175,95,1874
dataset7_CLINIC_metal_0041_data,0,176,89,1932
dataset7_CLINIC_metal_0041_data,0,177,101,1997
dataset7_CLINIC_metal_0041_data,0,178,109,2052
dataset7_CLINIC_metal_0041_data,0,179,108,2103
dataset7_CLINIC_metal_0041_data,0,180,93,2149
dataset7_CLINIC_metal_0041_data,0,181,96,2220
dataset7_CLINIC_metal_0041_data,0,182,112,2268
dataset7_CLINIC_metal_0041_data,0,183,135,2317
dataset7_CLINIC_metal_0041_data,0,184,148,2356
dataset7_CLINIC_metal_0041_data,0,185,166,2377
dataset7_CLINIC_metal_0041_data,0,186,158,2396
dataset7_CLINIC_metal_0041_data,0,187,152,2418
dataset7_CLINIC_metal_0041_data,0,188,154,2414
dataset7_CLINIC_metal_0041_data,0,189,160,2420
dataset7_CLINIC_metal_0041_data,0,190,140,2416
dataset7_CLINIC_metal_0041_data,0,191,114,2390
dataset7_CLINIC_metal_0041_data,0,192,95,2365
dataset7_CLINIC_metal_0041_data,0,193,84,2355
dataset7_CLINIC_metal_0041_data,0,194,82,2401
dataset7_CLINIC_metal_0041_data,0,195,97,2427
dataset7_CLINIC_metal_0041_data,0,196,102,2414
dataset7_CLINIC_metal_0041_data,0,197,108,2392
dataset7_CLINIC_metal_0041_data,0,198,88,2350
dataset7_CLINIC_metal_0041_data,0,199,83,2291
dataset7_CLINIC_metal_0041_data,0,200,76,2219
dataset7_CLINIC_metal_0041_data,0,201,64,2162
dataset7_CLINIC_metal_0041_data,0,202,62,2101
dataset7_CLINIC_metal_0041_data,0,203,56,2045
dataset7_CLINIC_metal_0041_data,0,204,44,1990
dataset7_CLINIC_metal_0041_data,0,205,39,1952
dataset7_CLINIC_metal_0041_data,0,206,42,1912
dataset7_CLINIC_metal_0041_data,0,207,49,1847
dataset7_CLINIC_metal_0041_data,0,208,72,1794
dataset7_CLINIC_metal_0041_data,0,209,135,1744
dataset7_CLINIC_metal_0041_data,0,210,163,1692
dataset7_CLINIC_metal_0041_data,0,211,133,1628
dataset7_CLINIC_metal_0041_data,0,212,71,1565
dataset7_CLINIC_metal_0041_data,0,213,48,1496
dataset7_CLINIC_metal_0041_data,0,214,37,1428
dataset7_CLINIC_metal_0041_data,0,215,29,1348
dataset7_CLINIC_metal_0041_data,0,216,29,1274
dataset7_CLINIC_metal_0041_data,0,217,35,1189
dataset7_CLINIC_metal_0041_data,0,218,26,1095
dataset7_CLINIC_metal_0041_data,0,219,18,993
dataset7_CLINIC_metal_0041_data,0,220,6,920
dataset7_CLINIC_metal_0041_data,0,221,0,822
dataset7_CLINIC_metal_0041_data,0,222,0,763
dataset7_CLINIC_metal_0041_data,0,223,0,697
dataset7_CLINIC_metal_0041_data,0,224,0,626
dataset7_CLINIC_metal_0041_data,0,225,0,558
dataset7_CLINIC_metal_0041_data,0,226,0,432
dataset7_CLINIC_metal_0041_data,0,227,0,356
dataset7_CLINIC_metal_0041_data,0,228,0,312
dataset7_CLINIC_metal_0041_data,0,229,0,274
dataset7_CLINIC_metal_0041_data,0,230,0,232
dataset7_CLINIC_metal_0041_data,0,231,0,184
dataset7_CLINIC_metal_0041_data,0,232,0,140
dataset7_CLINIC_metal_0041_data,0,233,0,98
dataset7_CLINIC_metal_0041_data,0,234,0,60
dataset7_CLINIC_metal_0041_data,1,223,0,69
dataset7_CLINIC_metal_0041_data,1,224,0,124
dataset7_CLINIC_metal_0041_data,1,225,0,262
dataset7_CLINIC_metal_0041_data,1,226,0,393
dataset7_CLINIC_metal_0041_data,1,227,0,484
dataset7_CLINIC_metal_0041_data,1,228,0,563
dataset7_CLINIC_metal_0041_data,1,229,0,622
dataset7_CLINIC_metal_0041_data,1,230,0,676
dataset7_CLINIC_metal_0041_data,1,231,0,729
dataset7_CLINIC_metal_0041_data,1,232,0,795
dataset7_CLINIC_metal_0041_data,1,233,0,847
dataset7_CLINIC_metal_0041_data,1,234,0,888
dataset7_CLINIC_metal_0041_data,1,235,0,948
dataset7_CLINIC_metal_0041_data,1,236,0,996
dataset7_CLINIC_metal_0041_data,1,237,9,1103
dataset7_CLINIC_metal_0041_data,1,238,20,1207
dataset7_CLINIC_metal_0041_data,1,239,42,1297
dataset7_CLINIC_metal_0041_data,1,240,99,1417
dataset7_CLINIC_metal_0041_data,1,241,145,1590
dataset7_CLINIC_metal_0041_data,1,242,126,1779
dataset7_CLINIC_metal_0041_data,1,243,83,2021
dataset7_CLINIC_metal_0041_data,1,244,46,2194
dataset7_CLINIC_metal_0041_data,1,245,33,2338
dataset7_CLINIC_metal_0041_data,1,246,44,2448
dataset7_CLINIC_metal_0041_data,1,247,55,2551
dataset7_CLINIC_metal_0041_data,1,248,67,2624
dataset7_CLINIC_metal_0041_data,1,249,52,2661
dataset7_CLINIC_metal_0041_data,1,250,53,2723
dataset7_CLINIC_metal_0041_data,1,251,54,2757
dataset7_CLINIC_metal_0041_data,1,252,72,2774
dataset7_CLINIC_metal_0041_data,1,253,93,2778
dataset7_CLINIC_metal_0041_data,1,254,111,2801
dataset7_CLINIC_metal_0041_data,1,255,137,2779
dataset7_CLINIC_metal_0041_data,1,256,194,2743
dataset7_CLINIC_metal_0041_data,1,257,288,2684
dataset7_CLINIC_metal_0041_data,1,258,289,2635
dataset7_CLINIC_metal_0041_data,1,259,239,2619
dataset7_CLINIC_metal_0041_data,1,260,171,2590
dataset7_CLINIC_metal_0041_data,1,261,147,2568
dataset7_CLINIC_metal_0041_data,1,262,152,2533
dataset7_CLINIC_metal_0041_data,1,263,139,2480
dataset7_CLINIC_metal_0041_data,1,264,147,2425
dataset7_CLINIC_metal_0041_data,1,265,157,2364
dataset7_CLINIC_metal_0041_data,1,266,128,2298
dataset7_CLINIC_metal_0041_data,1,267,63,2221
dataset7_CLINIC_metal_0041_data,1,268,22,2147
dataset7_CLINIC_metal_0041_data,1,269,6,2066
dataset7_CLINIC_metal_0041_data,1,270,0,1956
dataset7_CLINIC_metal_0041_data,1,271,0,1840
dataset7_CLINIC_metal_0041_data,1,272,0,1706
dataset7_CLINIC_metal_0041_data,1,273,0,1524
dataset7_CLINIC_metal_0041_data,1,274,0,1338
dataset7_CLINIC_metal_0041_data,1,275,0,1133
dataset7_CLINIC_metal_0041_data,1,276,0,975
dataset7_CLINIC_metal_0041_data,1,277,0,869
dataset7_CLINIC_metal_0041_data,1,278,0,738
dataset7_CLINIC_metal_0041_data,1,279,0,560
dataset7_CLINIC_metal_0041_data,1,280,0,428
dataset7_CLINIC_metal_0041_data,1,281,0,313
dataset7_CLINIC_metal_0041_data,1,282,0,137
dataset7_CLINIC_metal_0041_data,1,283,0,62
dataset7_CLINIC_metal_0041_data,2,66,0,78
dataset7_CLINIC_metal_0041_data,2,67,0,116
dataset7_CLINIC_metal_0041_data,2,68,0,158
dataset7_CLINIC_metal_0041_data,2,69,0,201
dataset7_CLINIC_metal_0041_data,2,70,0,238
dataset7_CLINIC_metal_0041_data,2,71,0,272
dataset7_CLINIC_metal_0041_data,2,72,0,307
dataset7_CLINIC_metal_0041_data,2,73,0,335
dataset7_CLINIC_metal_0041_data,2,74,0,365
dataset7_CLINIC_metal_0041_data,2,75,0,394
dataset7_CLINIC_metal_0041_data,2,76,0,419
dataset7_CLINIC_metal_0041_data,2,77,0,454
dataset7_CLINIC_metal_0041_data,2,78,0,476
dataset7_CLINIC_metal_0041_data,2,79,2,495
dataset7_CLINIC_metal_0041_data,2,80,7,521
dataset7_CLINIC_metal_0041_data,2,81,15,537
dataset7_CLINIC_metal_0041_data,2,82,23,557
dataset7_CLINIC_metal_0041_data,2,83,28,580
dataset7_CLINIC_metal_0041_data,2,84,28,603
dataset7_CLINIC_metal_0041_data,2,85,30,614
dataset7_CLINIC_metal_0041_data,2,86,32,634
dataset7_CLINIC_metal_0041_data,2,87,34,640
dataset7_CLINIC_metal_0041_data,2,88,34,653
dataset7_CLINIC_metal_0041_data,2,89,30,669
dataset7_CLINIC_metal_0041_data,2,90,29,671
dataset7_CLINIC_metal_0041_data,2,91,32,685
dataset7_CLINIC_metal_0041_data,2,92,28,686
dataset7_CLINIC_metal_0041_data,2,93,26,693
dataset7_CLINIC_metal_0041_data,2,94,27,697
dataset7_CLINIC_metal_0041_data,2,95,29,699
dataset7_CLINIC_metal_0041_data,2,96,26,706
dataset7_CLINIC_metal_0041_data,2,97,26,702
dataset7_CLINIC_metal_0041_data,2,98,27,700
dataset7_CLINIC_metal_0041_data,2,99,27,702
dataset7_CLINIC_metal_0041_data,2,100,28,699
dataset7_CLINIC_metal_0041_data,2,101,26,697
dataset7_CLINIC_metal_0041_data,2,102,25,705
dataset7_CLINIC_metal_0041_data,2,103,24,700
dataset7_CLINIC_metal_0041_data,2,104,24,700
dataset7_CLINIC_metal_0041_data,2,105,26,700
dataset7_CLINIC_metal_0041_data,2,106,24,699
dataset7_CLINIC_metal_0041_data,2,107,25,697
dataset7_CLINIC_metal_0041_data,2,108,24,696
dataset7_CLINIC_metal_0041_data,2,109,26,694
dataset7_CLINIC_metal_0041_data,2,110,27,694
dataset7_CLINIC_metal_0041_data,2,111,27,688
dataset7_CLINIC_metal_0041_data,2,112,25,684
dataset7_CLINIC_metal_0041_data,2,113,25,682
dataset7_CLINIC_metal_0041_data,2,114,25,686
dataset7_CLINIC_metal_0041_data,2,115,27,686
dataset7_CLINIC_metal_0041_data,2,116,27,695
dataset7_CLINIC_metal_0041_data,2,117,25,692
dataset7_CLINIC_metal_0041_data,2,118,25,696
dataset7_CLINIC_metal_0041_data,2,119,24,700
dataset7_CLINIC_metal_0041_data,2,120,25,697
dataset7_CLINIC_metal_0041_data,2,121,26,696
dataset7_CLINIC_metal_0041_data,2,122,25,698
dataset7_CLINIC_metal_0041_data,2,123,26,695
dataset7_CLINIC_metal_0041_data,2,124,26,695
dataset7_CLINIC_metal_0041_data,2,125,28,695
dataset7_CLINIC_metal_0041_data,2,126,27,694
dataset7_CLINIC_metal_0041_data,2,127,27,697
dataset7_CLINIC_metal_0041_data,2,128,28,695
dataset7_CLINIC_metal_0041_data,2,129,28,693
dataset7_CLINIC_metal_0041_data,2,130,30,695
dataset7_CLINIC_metal_0041_data,2,131,29,702
dataset7_CLINIC_metal_0041_data,2,132,25,697
dataset7_CLINIC_metal_0041_data,2,133,27,701
dataset7_CLINIC_metal_0041_data,2,134,28,702
dataset7_CLINIC_metal_0041_data,2,135,24,696
dataset7_CLINIC_metal_0041_data,2,136,27,702
dataset7_CLINIC_metal_0041_data,2,137,27,703
dataset7_CLINIC_metal_0041_data,2,138,30,725
dataset7_CLINIC_metal_0041_data,2,139,28,742
dataset7_CLINIC_metal_0041_data,2,140,29,757
dataset7_CLINIC_metal_0041_data,2,141,29,773
dataset7_CLINIC_metal_0041_data,2,142,29,781
dataset7_CLINIC_metal_0041_data,2,143,28,779
dataset7_CLINIC_metal_0041_data,2,144,29,793
dataset7_CLINIC_metal_0041_data,2,145,26,794
dataset7_CLINIC_metal_0041_data,2,146,26,791
dataset7_CLINIC_metal_0041_data,2,147,26,792
dataset7_CLINIC_metal_0041_data,2,148,27,791
dataset7_CLINIC_metal_0041_data,2,149,26,786
dataset7_CLINIC_metal_0041_data,2,150,25,770
dataset7_CLINIC_metal_0041_data,2,151,27,764
dataset7_CLINIC_metal_0041_data,2,152,33,752
dataset7_CLINIC_metal_0041_data,2,153,36,735
dataset7_CLINIC_metal_0041_data,2,154,44,726
dataset7_CLINIC_metal_0041_data,2,155,47,708
dataset7_CLINIC_metal_0041_data,2,156,44,691
dataset7_CLINIC_metal_0041_data,2,157,38,672
dataset7_CLINIC_metal_0041_data,2,158,35,651
dataset7_CLINIC_metal_0041_data,2,159,32,639
dataset7_CLINIC_metal_0041_data,2,160,27,621
dataset7_CLINIC_metal_0041_data,2,161,29,599
dataset7_CLINIC_metal_0041_data,2,162,25,580
dataset7_CLINIC_metal_0041_data,2,163,18,553
dataset7_CLINIC_metal_0041_data,2,164,5,536
dataset7_CLINIC_metal_0041_data,2,165,0,513
dataset7_CLINIC_metal_0041_data,2,166,0,486
dataset7_CLINIC_metal_0041_data,2,167,0,470
dataset7_CLINIC_metal_0041_data,2,168,0,438
dataset7_CLINIC_metal_0041_data,2,169,0,414
dataset7_CLINIC_metal_0041_data,2,170,0,382
dataset7_CLINIC_metal_0041_data,2,171,0,355
dataset7_CLINIC_metal_0041_data,2,172,0,322
dataset7_CLINIC_metal_0041_data,2,173,0,283
dataset7_CLINIC_metal_0041_data,2,174,0,255
dataset7_CLINIC_metal_0041_data,2,175,0,210
dataset7_CLINIC_metal_0041_data,2,176,0,163
dataset7_CLINIC_metal_0041_data,2,178,0,61
dataset7_CLINIC_metal_0041_data,3,97,0,69
dataset7_CLINIC_metal_0041_data,3,98,0,101
dataset7_CLINIC_metal_0041_data,3,99,0,137
dataset7_CLINIC_metal_0041_data,3,100,0,157
dataset7_CLINIC_metal_0041_data,3,101,0,190
dataset7_CLINIC_metal_0041_data,3,102,0,208
dataset7_CLINIC_metal_0041_data,3,103,0,236
dataset7_CLINIC_metal_0041_data,3,104,0,258
dataset7_CLINIC_metal_0041_data,3,105,0,271
dataset7_CLINIC_metal_0041_data,3,106,0,293
dataset7_CLINIC_metal_0041_data,3,107,0,301
dataset7_CLINIC_metal_0041_data,3,108,0,313
dataset7_CLINIC_metal_0041_data,3,109,0,327
dataset7_CLINIC_metal_0041_data,3,110,1,327
dataset7_CLINIC_metal_0041_data,3,111,2,332
dataset7_CLINIC_metal_0041_data,3,112,4,332
dataset7_CLINIC_metal_0041_data,3,113,2,332
dataset7_CLINIC_metal_0041_data,3,114,1,329
dataset7_CLINIC_metal_0041_data,3,115,3,329
dataset7_CLINIC_metal_0041_data,3,116,1,324
dataset7_CLINIC_metal_0041_data,3,117,0,313
dataset7_CLINIC_metal_0041_data,3,118,0,312
dataset7_CLINIC_metal_0041_data,3,119,0,297
dataset7_CLINIC_metal_0041_data,3,120,0,279
dataset7_CLINIC_metal_0041_data,3,121,0,271
dataset7_CLINIC_metal_0041_data,3,122,0,255
dataset7_CLINIC_metal_0041_data,3,123,0,234
dataset7_CLINIC_metal_0041_data,3,124,0,209
dataset7_CLINIC_metal_0041_data,3,125,0,183
dataset7_CLINIC_metal_0041_data,3,126,0,164
dataset7_CLINIC_metal_0041_data,3,127,0,137
dataset7_CLINIC_metal_0041_data,3,128,0,101
dataset7_CLINIC_metal_0041_data,3,129,0,69
dataset7_CLINIC_metal_0042_data,0,250,0,112
dataset7_CLINIC_metal_0042_data,0,251,0,208
dataset7_CLINIC_metal_0042_data,0,252,0,304
dataset7_CLINIC_metal_0042_data,0,253,0,380
dataset7_CLINIC_metal_0042_data,0,254,0,462
dataset7_CLINIC_metal_0042_data,0,255,0,532
dataset7_CLINIC_metal_0042_data,0,256,0,599
dataset7_CLINIC_metal_0042_data,0,257,0,661
dataset7_CLINIC_metal_0042_data,0,258,0,723
dataset7_CLINIC_metal_0042_data,0,259,0,776
dataset7_CLINIC_metal_0042_data,0,260,0,829
dataset7_CLINIC_metal_0042_data,0,261,0,870
dataset7_CLINIC_metal_0042_data,0,262,0,914
dataset7_CLINIC_metal_0042_data,0,263,0,940
dataset7_CLINIC_metal_0042_data,0,264,2,965
dataset7_CLINIC_metal_0042_data,0,265,5,979
dataset7_CLINIC_metal_0042_data,0,266,6,1000
dataset7_CLINIC_metal_0042_data,0,267,4,1007
dataset7_CLINIC_metal_0042_data,0,268,4,1021
dataset7_CLINIC_metal_0042_data,0,269,2,1005
dataset7_CLINIC_metal_0042_data,0,270,4,997
dataset7_CLINIC_metal_0042_data,0,271,0,975
dataset7_CLINIC_metal_0042_data,0,272,0,958
dataset7_CLINIC_metal_0042_data,0,273,0,909
dataset7_CLINIC_metal_0042_data,0,274,0,877
dataset7_CLINIC_metal_0042_data,0,275,0,819
dataset7_CLINIC_metal_0042_data,0,276,0,774
dataset7_CLINIC_metal_0042_data,0,277,0,697
dataset7_CLINIC_metal_0042_data,0,278,0,636
dataset7_CLINIC_metal_0042_data,0,279,0,553
dataset7_CLINIC_metal_0042_data,0,280,0,484
dataset7_CLINIC_metal_0042_data,0,281,0,400
dataset7_CLINIC_metal_0042_data,0,282,0,324
dataset7_CLINIC_metal_0042_data,0,283,0,224
dataset7_CLINIC_metal_0042_data,0,284,0,124
dataset7_CLINIC_metal_0042_data,1,277,0,112
dataset7_CLINIC_metal_0042_data,1,278,0,208
dataset7_CLINIC_metal_0042_data,1,279,0,304
dataset7_CLINIC_metal_0042_data,1,280,0,380
dataset7_CLINIC_metal_0042_data,1,281,0,462
dataset7_CLINIC_metal_0042_data,1,282,0,531
dataset7_CLINIC_metal_0042_data,1,283,0,601
dataset7_CLINIC_metal_0042_data,1,284,0,667
dataset7_CLINIC_metal_0042_data,1,285,0,726
dataset7_CLINIC_metal_0042_data,1,286,0,776
dataset7_CLINIC_metal_0042_data,1,287,0,834
dataset7_CLINIC_metal_0042_data,1,288,0,893
dataset7_CLINIC_metal_0042_data,1,289,0,969
dataset7_CLINIC_metal_0042_data,1,290,0,1031
dataset7_CLINIC_metal_0042_data,1,291,2,1081
dataset7_CLINIC_metal_0042_data,1,292,3,1139
dataset7_CLINIC_metal_0042_data,1,293,2,1188
dataset7_CLINIC_metal_0042_data,1,294,4,1228
dataset7_CLINIC_metal_0042_data,1,295,2,1254
dataset7_CLINIC_metal_0042_data,1,296,2,1288
dataset7_CLINIC_metal_0042_data,1,297,2,1297
dataset7_CLINIC_metal_0042_data,1,298,3,1315
dataset7_CLINIC_metal_0042_data,1,299,2,1311
dataset7_CLINIC_metal_0042_data,1,300,13,1306
dataset7_CLINIC_metal_0042_data,1,301,9,1283
dataset7_CLINIC_metal_0042_data,1,302,14,1270
dataset7_CLINIC_metal_0042_data,1,303,17,1240
dataset7_CLINIC_metal_0042_data,1,304,21,1220
dataset7_CLINIC_metal_0042_data,1,305,10,1187
dataset7_CLINIC_metal_0042_data,1,306,0,1158
dataset7_CLINIC_metal_0042_data,1,307,0,1112
dataset7_CLINIC_metal_0042_data,1,308,0,1073
dataset7_CLINIC_metal_0042_data,1,309,0,1013
dataset7_CLINIC_metal_0042_data,1,310,0,950
dataset7_CLINIC_metal_0042_data,1,311,0,880
dataset7_CLINIC_metal_0042_data,1,312,0,808
dataset7_CLINIC_metal_0042_data,1,313,0,724
dataset7_CLINIC_metal_0042_data,1,314,0,644
dataset7_CLINIC_metal_0042_data,1,315,0,558
dataset7_CLINIC_metal_0042_data,1,316,0,469
dataset7_CLINIC_metal_0042_data,1,317,0,381
dataset7_CLINIC_metal_0042_data,1,318,0,273
dataset7_CLINIC_metal_0042_data,1,319,0,161
dataset7_CLINIC_metal_0042_data,2,132,0,273
dataset7_CLINIC_metal_0042_data,2,133,0,420
dataset7_CLINIC_metal_0042_data,2,134,0,568
dataset7_CLINIC_metal_0042_data,2,135,0,697
dataset7_CLINIC_metal_0042_data,2,136,0,810
dataset7_CLINIC_metal_0042_data,2,137,0,916
dataset7_CLINIC_metal_0042_data,2,138,0,1003
dataset7_CLINIC_metal_0042_data,2,139,0,1095
dataset7_CLINIC_metal_0042_data,2,140,0,1174
dataset7_CLINIC_metal_0042_data,2,141,0,1242
dataset7_CLINIC_metal_0042_data,2,142,0,1304
dataset7_CLINIC_metal_0042_data,2,143,0,1357
dataset7_CLINIC_metal_0042_data,2,144,0,1412
dataset7_CLINIC_metal_0042_data,2,145,0,1458
dataset7_CLINIC_metal_0042_data,2,146,50,1537
dataset7_CLINIC_metal_0042_data,2,147,98,1617
dataset7_CLINIC_metal_0042_data,2,148,112,1700
dataset7_CLINIC_metal_0042_data,2,149,114,1782
dataset7_CLINIC_metal_0042_data,2,150,114,1887
dataset7_CLINIC_metal_0042_data,2,151,115,1982
dataset7_CLINIC_metal_0042_data,2,152,116,2061
dataset7_CLINIC_metal_0042_data,2,153,121,2134
dataset7_CLINIC_metal_0042_data,2,154,136,2249
dataset7_CLINIC_metal_0042_data,2,155,199,2361
dataset7_CLINIC_metal_0042_data,2,156,274,2480
dataset7_CLINIC_metal_0042_data,2,157,324,2599
dataset7_CLINIC_metal_0042_data,2,158,352,2715
dataset7_CLINIC_metal_0042_data,2,159,361,2807
dataset7_CLINIC_metal_0042_data,2,160,341,2904
dataset7_CLINIC_metal_0042_data,2,161,290,3002
dataset7_CLINIC_metal_0042_data,2,162,251,3126
dataset7_CLINIC_metal_0042_data,2,163,245,3216
dataset7_CLINIC_metal_0042_data,2,164,242,3347
dataset7_CLINIC_metal_0042_data,2,165,237,3437
dataset7_CLINIC_metal_0042_data,2,166,230,3541
dataset7_CLINIC_metal_0042_data,2,167,230,3612
dataset7_CLINIC_metal_0042_data,2,168,347,3682
dataset7_CLINIC_metal_0042_data,2,169,477,3736
dataset7_CLINIC_metal_0042_data,2,170,609,3773
dataset7_CLINIC_metal_0042_data,2,171,609,3808
dataset7_CLINIC_metal_0042_data,2,172,517,3831
dataset7_CLINIC_metal_0042_data,2,173,529,3842
dataset7_CLINIC_metal_0042_data,2,174,739,3839
dataset7_CLINIC_metal_0042_data,2,175,869,3826
dataset7_CLINIC_metal_0042_data,2,176,876,3806
dataset7_CLINIC_metal_0042_data,2,177,857,3773
dataset7_CLINIC_metal_0042_data,2,178,793,3743
dataset7_CLINIC_metal_0042_data,2,179,743,3705
dataset7_CLINIC_metal_0042_data,2,180,723,3662
dataset7_CLINIC_metal_0042_data,2,181,765,3608
dataset7_CLINIC_metal_0042_data,2,182,791,3555
dataset7_CLINIC_metal_0042_data,2,183,829,3482
dataset7_CLINIC_metal_0042_data,2,184,814,3425
dataset7_CLINIC_metal_0042_data,2,185,778,3369
dataset7_CLINIC_metal_0042_data,2,186,609,3312
dataset7_CLINIC_metal_0042_data,2,187,413,3248
dataset7_CLINIC_metal_0042_data,2,188,300,3195
dataset7_CLINIC_metal_0042_data,2,189,331,3148
dataset7_CLINIC_metal_0042_data,2,190,347,3096
dataset7_CLINIC_metal_0042_data,2,191,340,3025
dataset7_CLINIC_metal_0042_data,2,192,306,2949
dataset7_CLINIC_metal_0042_data,2,193,289,2846
dataset7_CLINIC_metal_0042_data,2,194,289,2747
dataset7_CLINIC_metal_0042_data,2,195,305,2694
dataset7_CLINIC_metal_0042_data,2,196,298,2648
dataset7_CLINIC_metal_0042_data,2,197,270,2627
dataset7_CLINIC_metal_0042_data,2,198,189,2584
dataset7_CLINIC_metal_0042_data,2,199,144,2554
dataset7_CLINIC_metal_0042_data,2,200,203,2502
dataset7_CLINIC_metal_0042_data,2,201,277,2461
dataset7_CLINIC_metal_0042_data,2,202,291,2412
dataset7_CLINIC_metal_0042_data,2,203,268,2360
dataset7_CLINIC_metal_0042_data,2,204,214,2307
dataset7_CLINIC_metal_0042_data,2,205,55,2236
dataset7_CLINIC_metal_0042_data,2,206,0,2170
dataset7_CLINIC_metal_0042_data,2,207,0,2101
dataset7_CLINIC_metal_0042_data,2,208,0,2018
dataset7_CLINIC_metal_0042_data,2,209,0,1925
dataset7_CLINIC_metal_0042_data,2,210,0,1813
dataset7_CLINIC_metal_0042_data,2,211,0,1694
dataset7_CLINIC_metal_0042_data,2,213,0,1429
dataset7_CLINIC_metal_0042_data,2,214,0,1286
dataset7_CLINIC_metal_0042_data,2,215,0,1134
dataset7_CLINIC_metal_0042_data,2,216,0,983
dataset7_CLINIC_metal_0042_data,2,217,0,801
dataset7_CLINIC_metal_0042_data,2,218,0,606
dataset7_CLINIC_metal_0042_data,2,219,0,304
dataset7_CLINIC_metal_0042_data,3,130,0,326
dataset7_CLINIC_metal_0042_data,3,131,0,479
dataset7_CLINIC_metal_0042_data,3,132,0,621
dataset7_CLINIC_metal_0042_data,3,133,0,733
dataset7_CLINIC_metal_0042_data,3,134,0,843
dataset7_CLINIC_metal_0042_data,3,135,0,939
dataset7_CLINIC_metal_0042_data,3,136,0,1030
dataset7_CLINIC_metal_0042_data,3,137,0,1113
dataset7_CLINIC_metal_0042_data,3,138,0,1181
dataset7_CLINIC_metal_0042_data,3,139,0,1253
dataset7_CLINIC_metal_0042_data,3,140,0,1306
dataset7_CLINIC_metal_0042_data,3,141,0,1359
dataset7_CLINIC_metal_0042_data,3,142,0,1387
dataset7_CLINIC_metal_0042_data,3,143,0,1417
dataset7_CLINIC_metal_0042_data,3,144,72,1459
dataset7_CLINIC_metal_0042_data,3,145,103,1548
dataset7_CLINIC_metal_0042_data,3,146,111,1645
dataset7_CLINIC_metal_0042_data,3,147,112,1745
dataset7_CLINIC_metal_0042_data,3,148,112,1849
dataset7_CLINIC_metal_0042_data,3,149,113,1953
dataset7_CLINIC_metal_0042_data,3,150,113,2039
dataset7_CLINIC_metal_0042_data,3,151,114,2128
dataset7_CLINIC_metal_0042_data,3,152,145,2195
dataset7_CLINIC_metal_0042_data,3,153,210,2268
dataset7_CLINIC_metal_0042_data,3,154,260,2303
dataset7_CLINIC_metal_0042_data,3,155,309,2343
dataset7_CLINIC_metal_0042_data,3,156,329,2367
dataset7_CLINIC_metal_0042_data,3,157,337,2407
dataset7_CLINIC_metal_0042_data,3,158,315,2444
dataset7_CLINIC_metal_0042_data,3,159,270,2503
dataset7_CLINIC_metal_0042_data,3,160,244,2562
dataset7_CLINIC_metal_0042_data,3,161,238,2632
dataset7_CLINIC_metal_0042_data,3,162,233,2717
dataset7_CLINIC_metal_0042_data,3,163,239,2819
dataset7_CLINIC_metal_0042_data,3,164,228,2923
dataset7_CLINIC_metal_0042_data,3,165,236,3012
dataset7_CLINIC_metal_0042_data,3,166,288,3109
dataset7_CLINIC_metal_0042_data,3,167,349,3182
dataset7_CLINIC_metal_0042_data,3,168,371,3252
dataset7_CLINIC_metal_0042_data,3,169,383,3303
dataset7_CLINIC_metal_0042_data,3,170,435,3350
dataset7_CLINIC_metal_0042_data,3,171,568,3386
dataset7_CLINIC_metal_0042_data,3,172,749,3409
dataset7_CLINIC_metal_0042_data,3,173,807,3415
dataset7_CLINIC_metal_0042_data,3,174,838,3436
dataset7_CLINIC_metal_0042_data,3,175,846,3429
dataset7_CLINIC_metal_0042_data,3,176,840,3434
dataset7_CLINIC_metal_0042_data,3,177,810,3435
dataset7_CLINIC_metal_0042_data,3,178,730,3429
dataset7_CLINIC_metal_0042_data,3,179,720,3417
dataset7_CLINIC_metal_0042_data,3,180,752,3403
dataset7_CLINIC_metal_0042_data,3,181,800,3369
dataset7_CLINIC_metal_0042_data,3,182,796,3348
dataset7_CLINIC_metal_0042_data,3,183,666,3319
dataset7_CLINIC_metal_0042_data,3,184,519,3284
dataset7_CLINIC_metal_0042_data,3,185,322,3236
dataset7_CLINIC_metal_0042_data,3,186,308,3202
dataset7_CLINIC_metal_0042_data,3,187,338,3151
dataset7_CLINIC_metal_0042_data,3,188,355,3086
dataset7_CLINIC_metal_0042_data,3,189,334,3020
dataset7_CLINIC_metal_0042_data,3,190,285,2950
dataset7_CLINIC_metal_0042_data,3,191,279,2863
dataset7_CLINIC_metal_0042_data,3,192,285,2787
dataset7_CLINIC_metal_0042_data,3,193,294,2681
dataset7_CLINIC_metal_0042_data,3,194,280,2572
dataset7_CLINIC_metal_0042_data,3,195,230,2468
dataset7_CLINIC_metal_0042_data,3,196,167,2397
dataset7_CLINIC_metal_0042_data,3,197,144,2361
dataset7_CLINIC_metal_0042_data,3,198,216,2316
dataset7_CLINIC_metal_0042_data,3,199,323,2269
dataset7_CLINIC_metal_0042_data,3,200,314,2230
dataset7_CLINIC_metal_0042_data,3,201,262,2199
dataset7_CLINIC_metal_0042_data,3,202,196,2165
dataset7_CLINIC_metal_0042_data,3,203,10,2118
dataset7_CLINIC_metal_0042_data,3,204,0,2071
dataset7_CLINIC_metal_0042_data,3,205,0,1999
dataset7_CLINIC_metal_0042_data,3,206,0,1932
dataset7_CLINIC_metal_0042_data,3,207,0,1840
dataset7_CLINIC_metal_0042_data,3,208,0,1749
dataset7_CLINIC_metal_0042_data,3,209,0,1633
dataset7_CLINIC_metal_0042_data,3,210,0,1516
dataset7_CLINIC_metal_0042_data,3,211,0,1388
dataset7_CLINIC_metal_0042_data,3,212,0,1254
dataset7_CLINIC_metal_0042_data,3,213,0,1106
dataset7_CLINIC_metal_0042_data,3,214,0,943
dataset7_CLINIC_metal_0042_data,3,215,0,762
dataset7_CLINIC_metal_0042_data,3,216,0,570
dataset7_CLINIC_metal_0042_data,3,217,0,176
dataset7_CLINIC_metal_0042_data,4,154,0,282
dataset7_CLINIC_metal_0042_data,4,155,0,435
dataset7_CLINIC_metal_0042_data,4,156,0,585
dataset7_CLINIC_metal_0042_data,4,157,0,715
dataset7_CLINIC_metal_0042_data,4,158,0,839
dataset7_CLINIC_metal_0042_data,4,159,0,961
dataset7_CLINIC_metal_0042_data,4,160,0,1065
dataset7_CLINIC_metal_0042_data,4,161,0,1162
dataset7_CLINIC_metal_0042_data,4,162,0,1252
dataset7_CLINIC_metal_0042_data,4,163,0,1318
dataset7_CLINIC_metal_0042_data,4,164,0,1393
dataset7_CLINIC_metal_0042_data,4,165,0,1442
dataset7_CLINIC_metal_0042_data,4,166,0,1491
dataset7_CLINIC_metal_0042_data,4,167,0,1514
dataset7_CLINIC_metal_0042_data,4,168,27,1546
dataset7_CLINIC_metal_0042_data,4,169,92,1551
dataset7_CLINIC_metal_0042_data,4,170,129,1551
dataset7_CLINIC_metal_0042_data,4,171,130,1551
dataset7_CLINIC_metal_0042_data,4,172,102,1551
dataset7_CLINIC_metal_0042_data,4,173,46,1549
dataset7_CLINIC_metal_0042_data,4,174,0,1521
dataset7_CLINIC_metal_0042_data,4,175,0,1495
dataset7_CLINIC_metal_0042_data,4,176,0,1448
dataset7_CLINIC_metal_0042_data,4,177,0,1406
dataset7_CLINIC_metal_0042_data,4,178,0,1330
dataset7_CLINIC_metal_0042_data,4,179,0,1272
dataset7_CLINIC_metal_0042_data,4,180,0,1175
dataset7_CLINIC_metal_0042_data,4,181,0,1092
dataset7_CLINIC_metal_0042_data,4,182,0,991
dataset7_CLINIC_metal_0042_data,4,183,0,882
dataset7_CLINIC_metal_0042_data,4,184,0,758
dataset7_CLINIC_metal_0042_data,4,185,0,640
dataset7_CLINIC_metal_0042_data,4,186,0,491
dataset7_CLINIC_metal_0042_data,4,187,0,330
dataset7_CLINIC_metal_0042_data,5,151,0,235
dataset7_CLINIC_metal_0042_data,5,152,0,818
dataset7_CLINIC_metal_0042_data,5,153,0,1529
dataset7_CLINIC_metal_0042_data,5,154,0,2355
dataset7_CLINIC_metal_0042_data,5,155,0,2838
dataset7_CLINIC_metal_0042_data,5,156,0,3236
dataset7_CLINIC_metal_0042_data,5,157,0,3557
dataset7_CLINIC_metal_0042_data,5,158,0,3855
dataset7_CLINIC_metal_0042_data,5,159,0,4123
dataset7_CLINIC_metal_0042_data,5,160,0,4325
dataset7_CLINIC_metal_0042_data,5,161,0,4524
dataset7_CLINIC_metal_0042_data,5,162,0,4695
dataset7_CLINIC_metal_0042_data,5,163,0,4833
dataset7_CLINIC_metal_0042_data,5,164,0,4959
dataset7_CLINIC_metal_0042_data,5,165,5,5026
dataset7_CLINIC_metal_0042_data,5,166,114,5099
dataset7_CLINIC_metal_0042_data,5,167,400,5129
dataset7_CLINIC_metal_0042_data,5,168,675,5144
dataset7_CLINIC_metal_0042_data,5,169,606,5153
dataset7_CLINIC_metal_0042_data,5,170,348,5152
dataset7_CLINIC_metal_0042_data,5,171,227,5114
dataset7_CLINIC_metal_0042_data,5,172,100,5082
dataset7_CLINIC_metal_0042_data,5,173,10,5000
dataset7_CLINIC_metal_0042_data,5,174,0,4889
dataset7_CLINIC_metal_0042_data,5,175,0,4758
dataset7_CLINIC_metal_0042_data,5,176,0,4598
dataset7_CLINIC_metal_0042_data,5,177,0,4418
dataset7_CLINIC_metal_0042_data,5,178,0,4195
dataset7_CLINIC_metal_0042_data,5,179,0,3923
dataset7_CLINIC_metal_0042_data,5,180,0,3624
dataset7_CLINIC_metal_0042_data,5,181,0,3274
dataset7_CLINIC_metal_0042_data,5,182,0,2858
dataset7_CLINIC_metal_0042_data,5,183,0,2346
dataset7_CLINIC_metal_0042_data,5,184,0,1503
dataset7_CLINIC_metal_0042_data,5,185,0,959
dataset7_CLINIC_metal_0042_data,5,186,0,550
dataset7_CLINIC_metal_0042_data,5,187,0,177
dataset7_CLINIC_metal_0042_data,6,229,0,176
dataset7_CLINIC_metal_0042_data,6,230,0,292
dataset7_CLINIC_metal_0042_data,6,231,0,409
dataset7_CLINIC_metal_0042_data,6,232,0,580
dataset7_CLINIC_metal_0042_data,6,233,0,833
dataset7_CLINIC_metal_0042_data,6,234,0,1007
dataset7_CLINIC_metal_0042_data,6,235,0,1157
dataset7_CLINIC_metal_0042_data,6,236,0,1283
dataset7_CLINIC_metal_0042_data,6,237,0,1406
dataset7_CLINIC_metal_0042_data,6,238,0,1502
dataset7_CLINIC_metal_0042_data,6,240,0,1669
dataset7_CLINIC_metal_0042_data,6,241,0,1738
dataset7_CLINIC_metal_0042_data,6,242,0,1785
dataset7_CLINIC_metal_0042_data,6,243,15,1827
dataset7_CLINIC_metal_0042_data,6,244,36,1844
dataset7_CLINIC_metal_0042_data,6,245,51,1871
dataset7_CLINIC_metal_0042_data,6,246,70,1871
dataset7_CLINIC_metal_0042_data,6,247,84,1869
dataset7_CLINIC_metal_0042_data,6,248,37,1869
dataset7_CLINIC_metal_0042_data,6,249,42,1873
dataset7_CLINIC_metal_0042_data,6,250,50,1852
dataset7_CLINIC_metal_0042_data,6,251,35,1841
dataset7_CLINIC_metal_0042_data,6,252,16,1803
dataset7_CLINIC_metal_0042_data,6,253,0,1764
dataset7_CLINIC_metal_0042_data,6,254,0,1701
dataset7_CLINIC_metal_0042_data,6,255,0,1636
dataset7_CLINIC_metal_0042_data,6,256,0,1550
dataset7_CLINIC_metal_0042_data,6,257,0,1455
dataset7_CLINIC_metal_0042_data,6,258,0,1342
dataset7_CLINIC_metal_0042_data,6,259,0,1224
dataset7_CLINIC_metal_0042_data,6,260,0,1075
dataset7_CLINIC_metal_0042_data,6,261,0,908
dataset7_CLINIC_metal_0042_data,6,262,0,648
dataset7_CLINIC_metal_0042_data,6,263,0,536
dataset7_CLINIC_metal_0042_data,6,264,0,427
dataset7_CLINIC_metal_0042_data,6,265,0,300
dataset7_CLINIC_metal_0042_data,6,266,0,182
dataset7_CLINIC_metal_0042_data,7,241,0,348
dataset7_CLINIC_metal_0042_data,7,242,0,528
dataset7_CLINIC_metal_0042_data,7,243,0,692
dataset7_CLINIC_metal_0042_data,7,244,0,817
dataset7_CLINIC_metal_0042_data,7,245,0,941
dataset7_CLINIC_metal_0042_data,7,246,0,1049
dataset7_CLINIC_metal_0042_data,7,247,0,1147
dataset7_CLINIC_metal_0042_data,7,248,0,1229
dataset7_CLINIC_metal_0042_data,7,249,0,1316
dataset7_CLINIC_metal_0042_data,7,250,0,1374
dataset7_CLINIC_metal_0042_data,7,251,0,1438
dataset7_CLINIC_metal_0042_data,7,252,0,1474
dataset7_CLINIC_metal_0042_data,7,253,0,1508
dataset7_CLINIC_metal_0042_data,7,254,0,1528
dataset7_CLINIC_metal_0042_data,7,255,49,1539
dataset7_CLINIC_metal_0042_data,7,256,82,1539
dataset7_CLINIC_metal_0042_data,7,257,26,1539
dataset7_CLINIC_metal_0042_data,7,258,0,1525
dataset7_CLINIC_metal_0042_data,7,259,0,1506
dataset7_CLINIC_metal_0042_data,7,260,0,1468
dataset7_CLINIC_metal_0042_data,7,261,0,1424
dataset7_CLINIC_metal_0042_data,7,262,0,1367
dataset7_CLINIC_metal_0042_data,7,263,0,1300
dataset7_CLINIC_metal_0042_data,7,264,0,1220
dataset7_CLINIC_metal_0042_data,7,265,0,1130
dataset7_CLINIC_metal_0042_data,7,266,0,1031
dataset7_CLINIC_metal_0042_data,7,267,0,919
dataset7_CLINIC_metal_0042_data,7,268,0,798
dataset7_CLINIC_metal_0042_data,7,269,0,659
dataset7_CLINIC_metal_0042_data,7,270,0,489
dataset7_CLINIC_metal_0042_data,7,271,0,229
dataset7_CLINIC_metal_0042_data,8,238,0,112
dataset7_CLINIC_metal_0042_data,8,239,0,243
dataset7_CLINIC_metal_0042_data,8,240,0,362
dataset7_CLINIC_metal_0042_data,8,241,0,472
dataset7_CLINIC_metal_0042_data,8,242,0,571
dataset7_CLINIC_metal_0042_data,8,243,0,660
dataset7_CLINIC_metal_0042_data,8,244,0,742
dataset7_CLINIC_metal_0042_data,8,245,0,815
dataset7_CLINIC_metal_0042_data,8,246,0,878
dataset7_CLINIC_metal_0042_data,8,247,0,937
dataset7_CLINIC_metal_0042_data,8,248,0,985
dataset7_CLINIC_metal_0042_data,8,249,0,1023
dataset7_CLINIC_metal_0042_data,8,250,0,1050
dataset7_CLINIC_metal_0042_data,8,251,0,1074
dataset7_CLINIC_metal_0042_data,8,252,2,1084
dataset7_CLINIC_metal_0042_data,8,253,23,1084
dataset7_CLINIC_metal_0042_data,8,254,20,1084
dataset7_CLINIC_metal_0042_data,8,255,0,1084
dataset7_CLINIC_metal_0042_data,8,256,0,1067
dataset7_CLINIC_metal_0042_data,8,257,0,1043
dataset7_CLINIC_metal_0042_data,8,258,0,1016
dataset7_CLINIC_metal_0042_data,8,259,0,971
dataset7_CLINIC_metal_0042_data,8,260,0,922
dataset7_CLINIC_metal_0042_data,8,261,0,856
dataset7_CLINIC_metal_0042_data,8,262,0,793
dataset7_CLINIC_metal_0042_data,8,263,0,716
dataset7_CLINIC_metal_0042_data,8,264,0,636
dataset7_CLINIC_metal_0042_data,8,265,0,539
dataset7_CLINIC_metal_0042_data,8,266,0,440
dataset7_CLINIC_metal_0042_data,8,267,0,322
dataset7_CLINIC_metal_0042_data,8,268,0,199
dataset7_CLINIC_metal_0042_data,9,240,0,293
dataset7_CLINIC_metal_0042_data,9,241,0,454
dataset7_CLINIC_metal_0042_data,9,242,0,632
dataset7_CLINIC_metal_0042_data,9,243,0,794
dataset7_CLINIC_metal_0042_data,9,244,0,951
dataset7_CLINIC_metal_0042_data,9,245,0,1090
dataset7_CLINIC_metal_0042_data,9,246,0,1207
dataset7_CLINIC_metal_0042_data,9,247,0,1318
dataset7_CLINIC_metal_0042_data,9,248,0,1406
dataset7_CLINIC_metal_0042_data,9,249,0,1492
dataset7_CLINIC_metal_0042_data,9,250,0,1551
dataset7_CLINIC_metal_0042_data,9,251,0,1621
dataset7_CLINIC_metal_0042_data,9,252,0,1666
dataset7_CLINIC_metal_0042_data,9,253,0,1701
dataset7_CLINIC_metal_0042_data,9,254,43,1717
dataset7_CLINIC_metal_0042_data,9,255,55,1729
dataset7_CLINIC_metal_0042_data,9,256,59,1740
dataset7_CLINIC_metal_0042_data,9,257,53,1725
dataset7_CLINIC_metal_0042_data,9,258,27,1714
dataset7_CLINIC_metal_0042_data,9,259,1,1692
dataset7_CLINIC_metal_0042_data,9,260,0,1660
dataset7_CLINIC_metal_0042_data,9,261,0,1603
dataset7_CLINIC_metal_0042_data,9,262,0,1547
dataset7_CLINIC_metal_0042_data,9,263,0,1468
dataset7_CLINIC_metal_0042_data,9,264,0,1395
dataset7_CLINIC_metal_0042_data,9,265,0,1282
dataset7_CLINIC_metal_0042_data,9,266,0,1180
dataset7_CLINIC_metal_0042_data,9,267,0,1045
dataset7_CLINIC_metal_0042_data,9,268,0,901
dataset7_CLINIC_metal_0042_data,9,269,0,724
dataset7_CLINIC_metal_0042_data,9,270,0,571
dataset7_CLINIC_metal_0042_data,9,271,0,385
dataset7_CLINIC_metal_0042_data,9,272,0,226
dataset7_CLINIC_metal_0042_data,9,273,0,101
dataset7_CLINIC_metal_0042_data,10,236,0,142
dataset7_CLINIC_metal_0042_data,10,237,0,290
dataset7_CLINIC_metal_0042_data,10,238,0,424
dataset7_CLINIC_metal_0042_data,10,239,0,542
dataset7_CLINIC_metal_0042_data,10,240,0,656
dataset7_CLINIC_metal_0042_data,10,241,0,753
dataset7_CLINIC_metal_0042_data,10,242,0,846
dataset7_CLINIC_metal_0042_data,10,243,0,921
dataset7_CLINIC_metal_0042_data,10,244,0,994
dataset7_CLINIC_metal_0042_data,10,245,0,1052
dataset7_CLINIC_metal_0042_data,10,246,0,1109
dataset7_CLINIC_metal_0042_data,10,247,0,1149
dataset7_CLINIC_metal_0042_data,10,248,0,1184
dataset7_CLINIC_metal_0042_data,10,249,0,1200
dataset7_CLINIC_metal_0042_data,10,250,6,1215
dataset7_CLINIC_metal_0042_data,10,251,30,1215
dataset7_CLINIC_metal_0042_data,10,252,15,1215
dataset7_CLINIC_metal_0042_data,10,253,0,1215
dataset7_CLINIC_metal_0042_data,10,254,0,1199
dataset7_CLINIC_metal_0042_data,10,255,0,1175
dataset7_CLINIC_metal_0042_data,10,256,0,1134
dataset7_CLINIC_metal_0042_data,10,257,0,1092
dataset7_CLINIC_metal_0042_data,10,258,0,1031
dataset7_CLINIC_metal_0042_data,10,259,0,969
dataset7_CLINIC_metal_0042_data,10,260,0,896
dataset7_CLINIC_metal_0042_data,10,261,0,809
dataset7_CLINIC_metal_0042_data,10,262,0,715
dataset7_CLINIC_metal_0042_data,10,263,0,612
dataset7_CLINIC_metal_0042_data,10,264,0,493
dataset7_CLINIC_metal_0042_data,10,265,0,353
dataset7_CLINIC_metal_0042_data,10,266,0,187
dataset7_CLINIC_metal_0042_data,11,223,0,154
dataset7_CLINIC_metal_0042_data,11,224,0,264
dataset7_CLINIC_metal_0042_data,11,225,0,374
dataset7_CLINIC_metal_0042_data,11,226,0,489
dataset7_CLINIC_metal_0042_data,11,227,0,649
dataset7_CLINIC_metal_0042_data,11,228,0,840
dataset7_CLINIC_metal_0042_data,11,229,0,1012
dataset7_CLINIC_metal_0042_data,11,230,0,1223
dataset7_CLINIC_metal_0042_data,11,231,0,1421
dataset7_CLINIC_metal_0042_data,11,232,0,1639
dataset7_CLINIC_metal_0042_data,11,233,0,1866
dataset7_CLINIC_metal_0042_data,11,234,0,2095
dataset7_CLINIC_metal_0042_data,11,235,0,2297
dataset7_CLINIC_metal_0042_data,11,236,0,2466
dataset7_CLINIC_metal_0042_data,11,237,8,2605
dataset7_CLINIC_metal_0042_data,11,238,28,2731
dataset7_CLINIC_metal_0042_data,11,239,44,2835
dataset7_CLINIC_metal_0042_data,11,240,56,2912
dataset7_CLINIC_metal_0042_data,11,241,83,2981
dataset7_CLINIC_metal_0042_data,11,242,107,3034
dataset7_CLINIC_metal_0042_data,11,243,94,3080
dataset7_CLINIC_metal_0042_data,11,244,95,3111
dataset7_CLINIC_metal_0042_data,11,245,101,3129
dataset7_CLINIC_metal_0042_data,11,246,82,3133
dataset7_CLINIC_metal_0042_data,11,247,66,3130
dataset7_CLINIC_metal_0042_data,11,248,54,3108
dataset7_CLINIC_metal_0042_data,11,249,39,3087
dataset7_CLINIC_metal_0042_data,11,250,19,3054
dataset7_CLINIC_metal_0042_data,11,251,0,2997
dataset7_CLINIC_metal_0042_data,11,252,0,2915
dataset7_CLINIC_metal_0042_data,11,253,0,2817
dataset7_CLINIC_metal_0042_data,11,254,0,2711
dataset7_CLINIC_metal_0042_data,11,255,0,2575
dataset7_CLINIC_metal_0042_data,11,256,0,2431
dataset7_CLINIC_metal_0042_data,11,257,0,2257
dataset7_CLINIC_metal_0042_data,11,258,0,2057
dataset7_CLINIC_metal_0042_data,11,259,0,1825
dataset7_CLINIC_metal_0042_data,11,260,0,1558
dataset7_CLINIC_metal_0042_data,11,261,0,1139
dataset7_CLINIC_metal_0042_data,11,262,0,839
dataset7_CLINIC_metal_0042_data,11,263,0,550
dataset7_CLINIC_metal_0042_data,11,264,0,195
dataset7_CLINIC_metal_0042_data,12,113,0,204
dataset7_CLINIC_metal_0042_data,12,114,0,356
dataset7_CLINIC_metal_0042_data,12,115,0,503
dataset7_CLINIC_metal_0042_data,12,116,0,639
dataset7_CLINIC_metal_0042_data,12,117,0,746
dataset7_CLINIC_metal_0042_data,12,118,0,1174
dataset7_CLINIC_metal_0042_data,12,119,0,1422
dataset7_CLINIC_metal_0042_data,12,120,0,1653
dataset7_CLINIC_metal_0042_data,12,121,0,1849
dataset7_CLINIC_metal_0042_data,12,122,0,2006
dataset7_CLINIC_metal_0042_data,12,123,0,2158
dataset7_CLINIC_metal_0042_data,12,124,0,2269
dataset7_CLINIC_metal_0042_data,12,125,0,2386
dataset7_CLINIC_metal_0042_data,12,126,0,2468
dataset7_CLINIC_metal_0042_data,12,127,24,2571
dataset7_CLINIC_metal_0042_data,12,128,80,2690
dataset7_CLINIC_metal_0042_data,12,129,105,2814
dataset7_CLINIC_metal_0042_data,12,130,114,2909
dataset7_CLINIC_metal_0042_data,12,131,115,3038
dataset7_CLINIC_metal_0042_data,12,132,184,3370
dataset7_CLINIC_metal_0042_data,12,133,215,3725
dataset7_CLINIC_metal_0042_data,12,134,233,3957
dataset7_CLINIC_metal_0042_data,12,135,254,4169
dataset7_CLINIC_metal_0042_data,12,136,293,4360
dataset7_CLINIC_metal_0042_data,12,137,350,4561
dataset7_CLINIC_metal_0042_data,12,138,395,4728
dataset7_CLINIC_metal_0042_data,12,139,427,4889
dataset7_CLINIC_metal_0042_data,12,140,465,5029
dataset7_CLINIC_metal_0042_data,12,141,525,5151
dataset7_CLINIC_metal_0042_data,12,142,555,5273
dataset7_CLINIC_metal_0042_data,12,143,589,5365
dataset7_CLINIC_metal_0042_data,12,144,582,5568
dataset7_CLINIC_metal_0042_data,12,145,591,5807
dataset7_CLINIC_metal_0042_data,12,146,564,6170
dataset7_CLINIC_metal_0042_data,12,147,564,6464
dataset7_CLINIC_metal_0042_data,12,148,572,6789
dataset7_CLINIC_metal_0042_data,12,149,698,7123
dataset7_CLINIC_metal_0042_data,12,150,880,7491
dataset7_CLINIC_metal_0042_data,12,151,912,7889
dataset7_CLINIC_metal_0042_data,12,152,963,8219
dataset7_CLINIC_metal_0042_data,12,153,1033,8632
dataset7_CLINIC_metal_0042_data,12,154,1190,9091
dataset7_CLINIC_metal_0042_data,12,155,1250,9517
dataset7_CLINIC_metal_0042_data,12,156,1390,9954
dataset7_CLINIC_metal_0042_data,12,157,1469,10358
dataset7_CLINIC_metal_0042_data,12,158,1576,10630
dataset7_CLINIC_metal_0042_data,12,159,1655,10912
dataset7_CLINIC_metal_0042_data,12,160,1668,11113
dataset7_CLINIC_metal_0042_data,12,161,1744,11259
dataset7_CLINIC_metal_0042_data,12,162,1901,11373
dataset7_CLINIC_metal_0042_data,12,163,1899,11420
dataset7_CLINIC_metal_0042_data,12,164,1926,11440
dataset7_CLINIC_metal_0042_data,12,165,1851,11358
dataset7_CLINIC_metal_0042_data,12,166,1736,11338
dataset7_CLINIC_metal_0042_data,12,167,1618,11287
dataset7_CLINIC_metal_0042_data,12,168,1565,11251
dataset7_CLINIC_metal_0042_data,12,169,1377,11169
dataset7_CLINIC_metal_0042_data,12,170,1309,11057
dataset7_CLINIC_metal_0042_data,12,171,1232,10913
dataset7_CLINIC_metal_0042_data,12,172,1104,10748
dataset7_CLINIC_metal_0042_data,12,173,1035,10553
dataset7_CLINIC_metal_0042_data,12,174,896,10345
dataset7_CLINIC_metal_0042_data,12,175,737,10100
dataset7_CLINIC_metal_0042_data,12,176,616,9828
dataset7_CLINIC_metal_0042_data,12,177,584,9473
dataset7_CLINIC_metal_0042_data,12,178,552,9100
dataset7_CLINIC_metal_0042_data,12,179,494,8704
dataset7_CLINIC_metal_0042_data,12,180,425,8281
dataset7_CLINIC_metal_0042_data,12,181,408,7847
dataset7_CLINIC_metal_0042_data,12,182,447,7430
dataset7_CLINIC_metal_0042_data,12,183,451,6969
dataset7_CLINIC_metal_0042_data,12,184,394,6528
dataset7_CLINIC_metal_0042_data,12,185,358,6023
dataset7_CLINIC_metal_0042_data,12,186,314,5578
dataset7_CLINIC_metal_0042_data,12,187,291,5148
dataset7_CLINIC_metal_0042_data,12,188,279,4739
dataset7_CLINIC_metal_0042_data,12,189,236,4327
dataset7_CLINIC_metal_0042_data,12,190,138,3932
dataset7_CLINIC_metal_0042_data,12,191,15,3562
dataset7_CLINIC_metal_0042_data,12,192,0,3429
dataset7_CLINIC_metal_0042_data,12,193,0,3265
dataset7_CLINIC_metal_0042_data,12,194,0,3105
dataset7_CLINIC_metal_0042_data,12,195,0,2927
dataset7_CLINIC_metal_0042_data,12,196,0,2727
dataset7_CLINIC_metal_0042_data,12,197,0,2506
dataset7_CLINIC_metal_0042_data,12,198,0,2264
dataset7_CLINIC_metal_0042_data,12,199,0,1970
dataset7_CLINIC_metal_0042_data,12,200,0,1568
dataset7_CLINIC_metal_0042_data,12,201,0,1051
dataset7_CLINIC_metal_0042_data,12,202,0,876
dataset7_CLINIC_metal_0042_data,12,203,0,698
dataset7_CLINIC_metal_0042_data,12,204,0,479
dataset7_CLINIC_metal_0042_data,12,205,0,188
dataset7_CLINIC_metal_0044_data,0,210,0,150
dataset7_CLINIC_metal_0044_data,0,211,0,261
dataset7_CLINIC_metal_0044_data,0,212,0,376
dataset7_CLINIC_metal_0044_data,0,213,0,485
dataset7_CLINIC_metal_0044_data,0,214,0,604
dataset7_CLINIC_metal_0044_data,0,215,0,739
dataset7_CLINIC_metal_0044_data,0,216,0,868
dataset7_CLINIC_metal_0044_data,0,217,0,1004
dataset7_CLINIC_metal_0044_data,0,218,0,1147
dataset7_CLINIC_metal_0044_data,0,219,0,1288
dataset7_CLINIC_metal_0044_data,0,220,0,1427
dataset7_CLINIC_metal_0044_data,0,221,0,1567
dataset7_CLINIC_metal_0044_data,0,222,0,1705
dataset7_CLINIC_metal_0044_data,0,223,0,1841
dataset7_CLINIC_metal_0044_data,0,224,20,1998
dataset7_CLINIC_metal_0044_data,0,225,49,2121
dataset7_CLINIC_metal_0044_data,0,226,75,2251
dataset7_CLINIC_metal_0044_data,0,227,96,2379
dataset7_CLINIC_metal_0044_data,0,228,119,2503
dataset7_CLINIC_metal_0044_data,0,229,144,2616
dataset7_CLINIC_metal_0044_data,0,230,145,2735
dataset7_CLINIC_metal_0044_data,0,231,151,2840
dataset7_CLINIC_metal_0044_data,0,232,153,2944
dataset7_CLINIC_metal_0044_data,0,233,159,3033
dataset7_CLINIC_metal_0044_data,0,234,152,3132
dataset7_CLINIC_metal_0044_data,0,235,158,3202
dataset7_CLINIC_metal_0044_data,0,236,168,3284
dataset7_CLINIC_metal_0044_data,0,237,166,3339
dataset7_CLINIC_metal_0044_data,0,238,171,3408
dataset7_CLINIC_metal_0044_data,0,239,166,3462
dataset7_CLINIC_metal_0044_data,0,240,158,3495
dataset7_CLINIC_metal_0044_data,0,241,151,3649
dataset7_CLINIC_metal_0044_data,0,242,142,3768
dataset7_CLINIC_metal_0044_data,0,243,147,3869
dataset7_CLINIC_metal_0044_data,0,244,144,3952
dataset7_CLINIC_metal_0044_data,0,245,142,4039
dataset7_CLINIC_metal_0044_data,0,246,143,4101
dataset7_CLINIC_metal_0044_data,0,247,143,4173
dataset7_CLINIC_metal_0044_data,0,248,149,4228
dataset7_CLINIC_metal_0044_data,0,249,147,4265
dataset7_CLINIC_metal_0044_data,0,250,147,4264
dataset7_CLINIC_metal_0044_data,0,251,144,4277
dataset7_CLINIC_metal_0044_data,0,252,145,4285
dataset7_CLINIC_metal_0044_data,0,253,141,4276
dataset7_CLINIC_metal_0044_data,0,254,139,4254
dataset7_CLINIC_metal_0044_data,0,255,153,4233
dataset7_CLINIC_metal_0044_data,0,256,192,4231
dataset7_CLINIC_metal_0044_data,0,257,214,4205
dataset7_CLINIC_metal_0044_data,0,258,224,4166
dataset7_CLINIC_metal_0044_data,0,259,236,4116
dataset7_CLINIC_metal_0044_data,0,260,266,4059
dataset7_CLINIC_metal_0044_data,0,261,292,3996
dataset7_CLINIC_metal_0044_data,0,262,327,3918
dataset7_CLINIC_metal_0044_data,0,263,354,3829
dataset7_CLINIC_metal_0044_data,0,264,394,3740
dataset7_CLINIC_metal_0044_data,0,265,451,3656
dataset7_CLINIC_metal_0044_data,0,266,471,3565
dataset7_CLINIC_metal_0044_data,0,267,512,3481
dataset7_CLINIC_metal_0044_data,0,268,507,3407
dataset7_CLINIC_metal_0044_data,0,269,482,3328
dataset7_CLINIC_metal_0044_data,0,270,459,3247
dataset7_CLINIC_metal_0044_data,0,271,424,3167
dataset7_CLINIC_metal_0044_data,0,272,401,3094
dataset7_CLINIC_metal_0044_data,0,273,358,3031
dataset7_CLINIC_metal_0044_data,0,274,305,2978
dataset7_CLINIC_metal_0044_data,0,275,311,2928
dataset7_CLINIC_metal_0044_data,0,276,322,2893
dataset7_CLINIC_metal_0044_data,0,277,372,2881
dataset7_CLINIC_metal_0044_data,0,278,392,2887
dataset7_CLINIC_metal_0044_data,0,279,407,2878
dataset7_CLINIC_metal_0044_data,0,280,371,2861
dataset7_CLINIC_metal_0044_data,0,281,330,2838
dataset7_CLINIC_metal_0044_data,0,282,306,2805
dataset7_CLINIC_metal_0044_data,0,283,268,2774
dataset7_CLINIC_metal_0044_data,0,284,252,2723
dataset7_CLINIC_metal_0044_data,0,285,249,2666
dataset7_CLINIC_metal_0044_data,0,286,233,2605
dataset7_CLINIC_metal_0044_data,0,287,215,2537
dataset7_CLINIC_metal_0044_data,0,288,194,2431
dataset7_CLINIC_metal_0044_data,0,289,170,2305
dataset7_CLINIC_metal_0044_data,0,290,114,2116
dataset7_CLINIC_metal_0044_data,0,291,40,1931
dataset7_CLINIC_metal_0044_data,0,292,18,1721
dataset7_CLINIC_metal_0044_data,0,293,0,1602
dataset7_CLINIC_metal_0044_data,0,294,0,1495
dataset7_CLINIC_metal_0044_data,0,295,0,1394
dataset7_CLINIC_metal_0044_data,0,296,0,1314
dataset7_CLINIC_metal_0044_data,0,297,0,1229
dataset7_CLINIC_metal_0044_data,0,298,0,1149
dataset7_CLINIC_metal_0044_data,0,299,0,1061
dataset7_CLINIC_metal_0044_data,0,300,0,961
dataset7_CLINIC_metal_0044_data,0,301,0,856
dataset7_CLINIC_metal_0044_data,0,302,0,748
dataset7_CLINIC_metal_0044_data,0,303,0,621
dataset7_CLINIC_metal_0044_data,0,304,0,483
dataset7_CLINIC_metal_0044_data,0,305,0,246
dataset7_CLINIC_metal_0044_data,0,306,0,142
dataset7_CLINIC_metal_0044_data,1,270,0,92
dataset7_CLINIC_metal_0044_data,1,271,0,136
dataset7_CLINIC_metal_0044_data,1,272,0,167
dataset7_CLINIC_metal_0044_data,1,273,0,202
dataset7_CLINIC_metal_0044_data,1,274,0,229
dataset7_CLINIC_metal_0044_data,1,275,0,258
dataset7_CLINIC_metal_0044_data,1,276,0,284
dataset7_CLINIC_metal_0044_data,1,277,0,302
dataset7_CLINIC_metal_0044_data,1,278,0,326
dataset7_CLINIC_metal_0044_data,1,279,0,337
dataset7_CLINIC_metal_0044_data,1,280,0,354
dataset7_CLINIC_metal_0044_data,1,281,0,366
dataset7_CLINIC_metal_0044_data,1,282,0,378
dataset7_CLINIC_metal_0044_data,1,283,1,385
dataset7_CLINIC_metal_0044_data,1,284,2,393
dataset7_CLINIC_metal_0044_data,1,285,3,397
dataset7_CLINIC_metal_0044_data,1,286,4,397
dataset7_CLINIC_metal_0044_data,1,287,5,397
dataset7_CLINIC_metal_0044_data,1,288,5,397
dataset7_CLINIC_metal_0044_data,1,289,3,397
dataset7_CLINIC_metal_0044_data,1,290,3,397
dataset7_CLINIC_metal_0044_data,1,291,2,389
dataset7_CLINIC_metal_0044_data,1,292,0,381
dataset7_CLINIC_metal_0044_data,1,293,0,376
dataset7_CLINIC_metal_0044_data,1,294,0,358
dataset7_CLINIC_metal_0044_data,1,296,0,332
dataset7_CLINIC_metal_0044_data,1,297,0,313
dataset7_CLINIC_metal_0044_data,1,298,0,295
dataset7_CLINIC_metal_0044_data,1,299,0,269
dataset7_CLINIC_metal_0044_data,1,300,0,242
dataset7_CLINIC_metal_0044_data,1,301,0,214
dataset7_CLINIC_metal_0044_data,1,302,0,178
dataset7_CLINIC_metal_0044_data,1,303,0,146
dataset7_CLINIC_metal_0044_data,1,304,0,100
dataset7_CLINIC_metal_0044_data,1,305,0,54
dataset7_CLINIC_metal_0044_data,2,52,0,161
dataset7_CLINIC_metal_0044_data,2,53,0,276
dataset7_CLINIC_metal_0044_data,2,54,0,424
dataset7_CLINIC_metal_0044_data,2,55,0,600
dataset7_CLINIC_metal_0044_data,2,56,0,818
dataset7_CLINIC_metal_0044_data,2,57,0,980
dataset7_CLINIC_metal_0044_data,2,58,0,1149
dataset7_CLINIC_metal_0044_data,2,59,0,1301
dataset7_CLINIC_metal_0044_data,2,60,0,1444
dataset7_CLINIC_metal_0044_data,2,61,0,1565
dataset7_CLINIC_metal_0044_data,2,62,0,1775
dataset7_CLINIC_metal_0044_data,2,63,0,1946
dataset7_CLINIC_metal_0044_data,2,64,0,2106
dataset7_CLINIC_metal_0044_data,2,65,0,2278
dataset7_CLINIC_metal_0044_data,2,66,25,2449
dataset7_CLINIC_metal_0044_data,2,67,48,2601
dataset7_CLINIC_metal_0044_data,2,68,63,2725
dataset7_CLINIC_metal_0044_data,2,69,102,2832
dataset7_CLINIC_metal_0044_data,2,70,187,2935
dataset7_CLINIC_metal_0044_data,2,71,271,3021
dataset7_CLINIC_metal_0044_data,2,72,331,3110
dataset7_CLINIC_metal_0044_data,2,73,370,3180
dataset7_CLINIC_metal_0044_data,2,74,384,3245
dataset7_CLINIC_metal_0044_data,2,75,396,3310
dataset7_CLINIC_metal_0044_data,2,76,427,3346
dataset7_CLINIC_metal_0044_data,2,77,489,3391
dataset7_CLINIC_metal_0044_data,2,78,541,3420
dataset7_CLINIC_metal_0044_data,2,79,621,3437
dataset7_CLINIC_metal_0044_data,2,80,663,3438
dataset7_CLINIC_metal_0044_data,2,81,605,3442
dataset7_CLINIC_metal_0044_data,2,82,566,3430
dataset7_CLINIC_metal_0044_data,2,83,525,3403
dataset7_CLINIC_metal_0044_data,2,84,510,3372
dataset7_CLINIC_metal_0044_data,2,85,492,3320
dataset7_CLINIC_metal_0044_data,2,86,454,3266
dataset7_CLINIC_metal_0044_data,2,87,362,3200
dataset7_CLINIC_metal_0044_data,2,88,285,3130
dataset7_CLINIC_metal_0044_data,2,89,218,3036
dataset7_CLINIC_metal_0044_data,2,90,186,2940
dataset7_CLINIC_metal_0044_data,2,91,167,2819
dataset7_CLINIC_metal_0044_data,2,92,125,2672
dataset7_CLINIC_metal_0044_data,2,93,70,2495
dataset7_CLINIC_metal_0044_data,2,94,10,2277
dataset7_CLINIC_metal_0044_data,2,95,0,2097
dataset7_CLINIC_metal_0044_data,2,96,0,1958
dataset7_CLINIC_metal_0044_data,2,97,0,1835
dataset7_CLINIC_metal_0044_data,2,98,0,1703
dataset7_CLINIC_metal_0044_data,2,99,0,1547
dataset7_CLINIC_metal_0044_data,2,100,0,1372
dataset7_CLINIC_metal_0044_data,2,101,0,1198
dataset7_CLINIC_metal_0044_data,2,102,0,985
dataset7_CLINIC_metal_0044_data,2,104,0,790
dataset7_CLINIC_metal_0044_data,2,105,0,662
dataset7_CLINIC_metal_0044_data,2,106,0,526
dataset7_CLINIC_metal_0044_data,2,107,0,374
dataset7_CLINIC_metal_0044_data,2,108,0,194
dataset7_CLINIC_metal_0044_data,3,78,0,159
dataset7_CLINIC_metal_0044_data,3,79,0,346
dataset7_CLINIC_metal_0044_data,3,80,0,493
dataset7_CLINIC_metal_0044_data,3,81,0,633
dataset7_CLINIC_metal_0044_data,3,82,0,761
dataset7_CLINIC_metal_0044_data,3,83,0,870
dataset7_CLINIC_metal_0044_data,3,84,0,980
dataset7_CLINIC_metal_0044_data,3,85,0,1073
dataset7_CLINIC_metal_0044_data,3,86,0,1174
dataset7_CLINIC_metal_0044_data,3,87,0,1278
dataset7_CLINIC_metal_0044_data,3,88,0,1360
dataset7_CLINIC_metal_0044_data,3,89,0,1450
dataset7_CLINIC_metal_0044_data,3,90,0,1566
dataset7_CLINIC_metal_0044_data,3,91,0,1666
dataset7_CLINIC_metal_0044_data,3,92,25,1775
dataset7_CLINIC_metal_0044_data,3,93,82,1877
dataset7_CLINIC_metal_0044_data,3,94,135,2014
dataset7_CLINIC_metal_0044_data,3,95,149,2137
dataset7_CLINIC_metal_0044_data,3,96,173,2333
dataset7_CLINIC_metal_0044_data,3,97,200,2472
dataset7_CLINIC_metal_0044_data,3,98,205,2596
dataset7_CLINIC_metal_0044_data,3,99,226,2701
dataset7_CLINIC_metal_0044_data,3,100,239,2816
dataset7_CLINIC_metal_0044_data,3,101,250,2916
dataset7_CLINIC_metal_0044_data,3,102,261,3003
dataset7_CLINIC_metal_0044_data,3,103,275,3077
dataset7_CLINIC_metal_0044_data,3,104,258,3151
dataset7_CLINIC_metal_0044_data,3,105,247,3196
dataset7_CLINIC_metal_0044_data,3,106,246,3230
dataset7_CLINIC_metal_0044_data,3,107,262,3256
dataset7_CLINIC_metal_0044_data,3,108,281,3269
dataset7_CLINIC_metal_0044_data,3,109,251,3273
dataset7_CLINIC_metal_0044_data,3,110,230,3283
dataset7_CLINIC_metal_0044_data,3,111,244,3280
dataset7_CLINIC_metal_0044_data,3,112,263,3278
dataset7_CLINIC_metal_0044_data,3,113,328,3275
dataset7_CLINIC_metal_0044_data,3,114,370,3253
dataset7_CLINIC_metal_0044_data,3,115,400,3235
dataset7_CLINIC_metal_0044_data,3,116,399,3222
dataset7_CLINIC_metal_0044_data,3,117,432,3219
dataset7_CLINIC_metal_0044_data,3,118,450,3206
dataset7_CLINIC_metal_0044_data,3,119,460,3197
dataset7_CLINIC_metal_0044_data,3,120,443,3168
dataset7_CLINIC_metal_0044_data,3,121,431,3159
dataset7_CLINIC_metal_0044_data,3,122,441,3186
dataset7_CLINIC_metal_0044_data,3,123,438,3209
dataset7_CLINIC_metal_0044_data,3,124,434,3240
dataset7_CLINIC_metal_0044_data,3,125,390,3269
dataset7_CLINIC_metal_0044_data,3,126,335,3289
dataset7_CLINIC_metal_0044_data,3,127,245,3305
dataset7_CLINIC_metal_0044_data,3,128,159,3312
dataset7_CLINIC_metal_0044_data,3,129,110,3305
dataset7_CLINIC_metal_0044_data,3,130,96,3277
dataset7_CLINIC_metal_0044_data,3,131,96,3262
dataset7_CLINIC_metal_0044_data,3,132,92,3246
dataset7_CLINIC_metal_0044_data,3,133,94,3227
dataset7_CLINIC_metal_0044_data,3,134,97,3210
dataset7_CLINIC_metal_0044_data,3,135,94,3185
dataset7_CLINIC_metal_0044_data,3,136,93,3172
dataset7_CLINIC_metal_0044_data,3,137,96,3150
dataset7_CLINIC_metal_0044_data,3,138,97,3111
dataset7_CLINIC_metal_0044_data,3,139,98,3069
dataset7_CLINIC_metal_0044_data,3,140,95,3003
dataset7_CLINIC_metal_0044_data,3,141,97,2922
dataset7_CLINIC_metal_0044_data,3,142,96,2815
dataset7_CLINIC_metal_0044_data,3,143,92,2581
dataset7_CLINIC_metal_0044_data,3,144,92,2509
dataset7_CLINIC_metal_0044_data,3,145,93,2426
dataset7_CLINIC_metal_0044_data,3,146,93,2419
dataset7_CLINIC_metal_0044_data,3,147,91,2421
dataset7_CLINIC_metal_0044_data,3,148,91,2419
dataset7_CLINIC_metal_0044_data,3,149,94,2417
dataset7_CLINIC_metal_0044_data,3,150,92,2418
dataset7_CLINIC_metal_0044_data,3,151,93,2413
dataset7_CLINIC_metal_0044_data,3,152,98,2411
dataset7_CLINIC_metal_0044_data,3,153,103,2409
dataset7_CLINIC_metal_0044_data,3,154,104,2410
dataset7_CLINIC_metal_0044_data,3,155,100,2418
dataset7_CLINIC_metal_0044_data,3,156,105,2422
dataset7_CLINIC_metal_0044_data,3,157,101,2424
dataset7_CLINIC_metal_0044_data,3,158,103,2421
dataset7_CLINIC_metal_0044_data,3,159,101,2409
dataset7_CLINIC_metal_0044_data,3,160,99,2414
dataset7_CLINIC_metal_0044_data,3,161,92,2413
dataset7_CLINIC_metal_0044_data,3,162,95,2412
dataset7_CLINIC_metal_0044_data,3,163,95,2413
dataset7_CLINIC_metal_0044_data,3,164,91,2402
dataset7_CLINIC_metal_0044_data,3,165,91,2398
dataset7_CLINIC_metal_0044_data,3,166,90,2389
dataset7_CLINIC_metal_0044_data,3,167,87,2382
dataset7_CLINIC_metal_0044_data,3,168,85,2367
dataset7_CLINIC_metal_0044_data,3,169,91,2344
dataset7_CLINIC_metal_0044_data,3,170,90,2321
dataset7_CLINIC_metal_0044_data,3,171,86,2287
dataset7_CLINIC_metal_0044_data,3,172,90,2246
dataset7_CLINIC_metal_0044_data,3,173,89,2205
dataset7_CLINIC_metal_0044_data,3,174,90,2155
dataset7_CLINIC_metal_0044_data,3,175,84,2103
dataset7_CLINIC_metal_0044_data,3,176,86,2043
dataset7_CLINIC_metal_0044_data,3,177,80,1977
dataset7_CLINIC_metal_0044_data,3,178,79,1904
dataset7_CLINIC_metal_0044_data,3,179,81,1831
dataset7_CLINIC_metal_0044_data,3,180,76,1757
dataset7_CLINIC_metal_0044_data,3,181,67,1681
dataset7_CLINIC_metal_0044_data,3,182,54,1595
dataset7_CLINIC_metal_0044_data,3,183,33,1518
dataset7_CLINIC_metal_0044_data,3,184,10,1440
dataset7_CLINIC_metal_0044_data,3,185,0,1362
dataset7_CLINIC_metal_0044_data,3,186,0,1282
dataset7_CLINIC_metal_0044_data,3,187,0,1197
dataset7_CLINIC_metal_0044_data,3,188,0,1118
dataset7_CLINIC_metal_0044_data,3,189,0,1019
dataset7_CLINIC_metal_0044_data,3,190,0,932
dataset7_CLINIC_metal_0044_data,3,191,0,835
dataset7_CLINIC_metal_0044_data,3,192,0,737
dataset7_CLINIC_metal_0044_data,3,193,0,640
dataset7_CLINIC_metal_0044_data,3,194,0,542
dataset7_CLINIC_metal_0044_data,3,195,0,442
dataset7_CLINIC_metal_0044_data,3,196,0,341
dataset7_CLINIC_metal_0044_data,3,197,0,224
dataset7_CLINIC_metal_0044_data,3,198,0,118
dataset7_CLINIC_metal_0044_data,4,101,0,85
dataset7_CLINIC_metal_0044_data,4,102,0,168
dataset7_CLINIC_metal_0044_data,4,103,0,250
dataset7_CLINIC_metal_0044_data,4,104,0,310
dataset7_CLINIC_metal_0044_data,4,105,0,377
dataset7_CLINIC_metal_0044_data,4,106,0,428
dataset7_CLINIC_metal_0044_data,4,107,0,486
dataset7_CLINIC_metal_0044_data,4,108,0,535
dataset7_CLINIC_metal_0044_data,4,109,0,574
dataset7_CLINIC_metal_0044_data,4,110,0,617
dataset7_CLINIC_metal_0044_data,4,111,0,647
dataset7_CLINIC_metal_0044_data,4,112,0,672
dataset7_CLINIC_metal_0044_data,4,113,0,694
dataset7_CLINIC_metal_0044_data,4,114,0,704
dataset7_CLINIC_metal_0044_data,4,115,3,711
dataset7_CLINIC_metal_0044_data,4,116,4,715
dataset7_CLINIC_metal_0044_data,4,117,5,715
dataset7_CLINIC_metal_0044_data,4,118,5,712
dataset7_CLINIC_metal_0044_data,4,119,0,708
dataset7_CLINIC_metal_0044_data,4,120,0,697
dataset7_CLINIC_metal_0044_data,4,121,0,679
dataset7_CLINIC_metal_0044_data,4,122,0,657
dataset7_CLINIC_metal_0044_data,4,123,0,631
dataset7_CLINIC_metal_0044_data,4,124,0,590
dataset7_CLINIC_metal_0044_data,4,125,0,556
dataset7_CLINIC_metal_0044_data,4,126,0,504
dataset7_CLINIC_metal_0044_data,4,127,0,452
dataset7_CLINIC_metal_0044_data,4,128,0,399
dataset7_CLINIC_metal_0044_data,4,129,0,330
dataset7_CLINIC_metal_0044_data,4,130,0,268
dataset7_CLINIC_metal_0044_data,4,131,0,182
dataset7_CLINIC_metal_0044_data,4,132,0,95
dataset7_CLINIC_metal_0044_data,5,269,0,204
dataset7_CLINIC_metal_0044_data,5,270,0,325
dataset7_CLINIC_metal_0044_data,5,271,0,447
dataset7_CLINIC_metal_0044_data,5,272,0,548
dataset7_CLINIC_metal_0044_data,5,273,0,634
dataset7_CLINIC_metal_0044_data,5,274,0,714
dataset7_CLINIC_metal_0044_data,5,275,0,781
dataset7_CLINIC_metal_0044_data,5,276,0,846
dataset7_CLINIC_metal_0044_data,5,277,0,907
dataset7_CLINIC_metal_0044_data,5,278,0,947
dataset7_CLINIC_metal_0044_data,5,279,0,996
dataset7_CLINIC_metal_0044_data,5,280,0,1028
dataset7_CLINIC_metal_0044_data,5,281,0,1045
dataset7_CLINIC_metal_0044_data,5,282,0,1073
dataset7_CLINIC_metal_0044_data,5,283,46,1115
dataset7_CLINIC_metal_0044_data,5,284,76,1159
dataset7_CLINIC_metal_0044_data,5,285,82,1202
dataset7_CLINIC_metal_0044_data,5,286,84,1247
dataset7_CLINIC_metal_0044_data,5,287,85,1299
dataset7_CLINIC_metal_0044_data,5,288,88,1364
dataset7_CLINIC_metal_0044_data,5,289,87,1422
dataset7_CLINIC_metal_0044_data,5,290,91,1475
dataset7_CLINIC_metal_0044_data,5,291,115,1508
dataset7_CLINIC_metal_0044_data,5,292,150,1546
dataset7_CLINIC_metal_0044_data,5,293,179,1565
dataset7_CLINIC_metal_0044_data,5,294,204,1586
dataset7_CLINIC_metal_0044_data,5,295,217,1594
dataset7_CLINIC_metal_0044_data,5,296,204,1603
dataset7_CLINIC_metal_0044_data,5,297,190,1610
dataset7_CLINIC_metal_0044_data,5,298,165,1603
dataset7_CLINIC_metal_0044_data,5,299,152,1599
dataset7_CLINIC_metal_0044_data,5,300,146,1603
dataset7_CLINIC_metal_0044_data,5,301,142,1595
dataset7_CLINIC_metal_0044_data,5,302,132,1589
dataset7_CLINIC_metal_0044_data,5,303,127,1576
dataset7_CLINIC_metal_0044_data,5,304,112,1566
dataset7_CLINIC_metal_0044_data,5,305,107,1562
dataset7_CLINIC_metal_0044_data,5,306,102,1557
dataset7_CLINIC_metal_0044_data,5,307,100,1550
dataset7_CLINIC_metal_0044_data,5,308,87,1543
dataset7_CLINIC_metal_0044_data,5,309,76,1552
dataset7_CLINIC_metal_0044_data,5,310,73,1553
dataset7_CLINIC_metal_0044_data,5,311,82,1548
dataset7_CLINIC_metal_0044_data,5,312,124,1550
dataset7_CLINIC_metal_0044_data,5,313,164,1575
dataset7_CLINIC_metal_0044_data,5,314,163,1608
dataset7_CLINIC_metal_0044_data,5,315,146,1622
dataset7_CLINIC_metal_0044_data,5,316,114,1638
dataset7_CLINIC_metal_0044_data,5,317,86,1648
dataset7_CLINIC_metal_0044_data,5,318,116,1649
dataset7_CLINIC_metal_0044_data,5,319,139,1645
dataset7_CLINIC_metal_0044_data,5,320,119,1640
dataset7_CLINIC_metal_0044_data,5,321,104,1626
dataset7_CLINIC_metal_0044_data,5,322,68,1614
dataset7_CLINIC_metal_0044_data,5,323,54,1598
dataset7_CLINIC_metal_0044_data,5,324,75,1576
dataset7_CLINIC_metal_0044_data,5,325,97,1579
dataset7_CLINIC_metal_0044_data,5,326,113,1593
dataset7_CLINIC_metal_0044_data,5,327,120,1599
dataset7_CLINIC_metal_0044_data,5,328,122,1623
dataset7_CLINIC_metal_0044_data,5,329,124,1632
dataset7_CLINIC_metal_0044_data,5,330,132,1648
dataset7_CLINIC_metal_0044_data,5,331,144,1657
dataset7_CLINIC_metal_0044_data,5,332,136,1665
dataset7_CLINIC_metal_0044_data,5,333,142,1668
dataset7_CLINIC_metal_0044_data,5,334,110,1683
dataset7_CLINIC_metal_0044_data,5,335,86,1692
dataset7_CLINIC_metal_0044_data,5,336,103,1694
dataset7_CLINIC_metal_0044_data,5,337,158,1691
dataset7_CLINIC_metal_0044_data,5,338,201,1679
dataset7_CLINIC_metal_0044_data,5,339,189,1670
dataset7_CLINIC_metal_0044_data,5,340,162,1649
dataset7_CLINIC_metal_0044_data,5,341,106,1610
dataset7_CLINIC_metal_0044_data,5,342,19,1582
dataset7_CLINIC_metal_0044_data,5,343,0,1525
dataset7_CLINIC_metal_0044_data,5,344,0,1476
dataset7_CLINIC_metal_0044_data,5,345,0,1405
dataset7_CLINIC_metal_0044_data,5,346,0,1338
dataset7_CLINIC_metal_0044_data,5,347,0,1257
dataset7_CLINIC_metal_0044_data,5,348,0,1181
dataset7_CLINIC_metal_0044_data,5,349,0,1085
dataset7_CLINIC_metal_0044_data,6,141,0,158
dataset7_CLINIC_metal_0044_data,6,142,0,349
dataset7_CLINIC_metal_0044_data,6,143,0,587
dataset7_CLINIC_metal_0044_data,6,144,0,906
dataset7_CLINIC_metal_0044_data,6,145,0,1133
dataset7_CLINIC_metal_0044_data,6,146,0,1344
dataset7_CLINIC_metal_0044_data,6,147,0,1678
dataset7_CLINIC_metal_0044_data,6,148,0,1990
dataset7_CLINIC_metal_0044_data,6,149,0,2231
dataset7_CLINIC_metal_0044_data,6,150,0,2424
dataset7_CLINIC_metal_0044_data,6,151,0,2595
dataset7_CLINIC_metal_0044_data,6,152,0,2751
dataset7_CLINIC_metal_0044_data,6,153,0,2880
dataset7_CLINIC_metal_0044_data,6,154,0,3003
dataset7_CLINIC_metal_0044_data,6,155,24,3101
dataset7_CLINIC_metal_0044_data,6,156,88,3241
dataset7_CLINIC_metal_0044_data,6,157,158,3362
dataset7_CLINIC_metal_0044_data,6,158,269,3468
dataset7_CLINIC_metal_0044_data,6,159,352,3566
dataset7_CLINIC_metal_0044_data,6,160,378,3641
dataset7_CLINIC_metal_0044_data,6,161,480,3733
dataset7_CLINIC_metal_0044_data,6,162,653,3920
dataset7_CLINIC_metal_0044_data,6,163,897,4173
dataset7_CLINIC_metal_0044_data,6,164,1008,4441
dataset7_CLINIC_metal_0044_data,6,165,1046,4741
dataset7_CLINIC_metal_0044_data,6,166,1023,5063
dataset7_CLINIC_metal_0044_data,6,167,940,5414
dataset7_CLINIC_metal_0044_data,6,168,830,5690
dataset7_CLINIC_metal_0044_data,6,169,572,6033
dataset7_CLINIC_metal_0044_data,6,170,357,6382
dataset7_CLINIC_metal_0044_data,6,171,339,6713
dataset7_CLINIC_metal_0044_data,6,172,485,6976
dataset7_CLINIC_metal_0044_data,6,173,697,7244
dataset7_CLINIC_metal_0044_data,6,174,816,7433
dataset7_CLINIC_metal_0044_data,6,175,779,7567
dataset7_CLINIC_metal_0044_data,6,176,660,7674
dataset7_CLINIC_metal_0044_data,6,177,472,7732
dataset7_CLINIC_metal_0044_data,6,178,333,7775
dataset7_CLINIC_metal_0044_data,6,179,320,7768
dataset7_CLINIC_metal_0044_data,6,180,340,7728
dataset7_CLINIC_metal_0044_data,6,181,391,7690
dataset7_CLINIC_metal_0044_data,6,182,392,7636
dataset7_CLINIC_metal_0044_data,6,183,402,7540
dataset7_CLINIC_metal_0044_data,6,184,416,7429
dataset7_CLINIC_metal_0044_data,6,185,406,7260
dataset7_CLINIC_metal_0044_data,6,186,340,7064
dataset7_CLINIC_metal_0044_data,6,187,298,6840
dataset7_CLINIC_metal_0044_data,6,188,215,6530
dataset7_CLINIC_metal_0044_data,6,189,127,6115
dataset7_CLINIC_metal_0044_data,6,190,38,5641
dataset7_CLINIC_metal_0044_data,6,191,0,4880
dataset7_CLINIC_metal_0044_data,6,192,0,4320
dataset7_CLINIC_metal_0044_data,6,193,0,3918
dataset7_CLINIC_metal_0044_data,6,194,0,3537
dataset7_CLINIC_metal_0044_data,6,195,0,3151
dataset7_CLINIC_metal_0044_data,6,196,0,2769
dataset7_CLINIC_metal_0044_data,6,197,0,2379
dataset7_CLINIC_metal_0044_data,6,198,0,2028
dataset7_CLINIC_metal_0044_data,6,199,0,1660
dataset7_CLINIC_metal_0044_data,6,200,0,1316
dataset7_CLINIC_metal_0044_data,6,201,0,954
dataset7_CLINIC_metal_0044_data,6,202,0,690
dataset7_CLINIC_metal_0044_data,6,203,0,454
dataset7_CLINIC_metal_0044_data,6,204,0,243
dataset7_CLINIC_metal_0044_data,7,201,0,108
dataset7_CLINIC_metal_0044_data,7,202,0,200
dataset7_CLINIC_metal_0044_data,7,203,0,312
dataset7_CLINIC_metal_0044_data,7,204,0,415
dataset7_CLINIC_metal_0044_data,7,205,0,511
dataset7_CLINIC_metal_0044_data,7,206,0,616
dataset7_CLINIC_metal_0044_data,7,207,0,713
dataset7_CLINIC_metal_0044_data,7,208,0,810
dataset7_CLINIC_metal_0044_data,7,209,0,919
dataset7_CLINIC_metal_0044_data,7,210,0,1003
dataset7_CLINIC_metal_0044_data,7,211,0,1121
dataset7_CLINIC_metal_0044_data,7,212,0,1206
dataset7_CLINIC_metal_0044_data,7,213,0,1308
dataset7_CLINIC_metal_0044_data,7,214,0,1407
dataset7_CLINIC_metal_0044_data,7,215,8,1493
dataset7_CLINIC_metal_0044_data,7,216,32,1592
dataset7_CLINIC_metal_0044_data,7,217,45,1678
dataset7_CLINIC_metal_0044_data,7,218,59,1764
dataset7_CLINIC_metal_0044_data,7,219,74,1859
dataset7_CLINIC_metal_0044_data,7,220,91,1943
dataset7_CLINIC_metal_0044_data,7,221,92,2029
dataset7_CLINIC_metal_0044_data,7,222,96,2106
dataset7_CLINIC_metal_0044_data,7,223,92,2175
dataset7_CLINIC_metal_0044_data,7,224,97,2245
dataset7_CLINIC_metal_0044_data,7,225,96,2311
dataset7_CLINIC_metal_0044_data,7,226,99,2369
dataset7_CLINIC_metal_0044_data,7,227,97,2425
dataset7_CLINIC_metal_0044_data,7,228,96,2472
dataset7_CLINIC_metal_0044_data,7,229,99,2524
dataset7_CLINIC_metal_0044_data,7,230,99,2566
dataset7_CLINIC_metal_0044_data,7,231,99,2602
dataset7_CLINIC_metal_0044_data,7,232,100,2626
dataset7_CLINIC_metal_0044_data,7,233,104,2648
dataset7_CLINIC_metal_0044_data,7,234,106,2662
dataset7_CLINIC_metal_0044_data,7,235,110,2666
dataset7_CLINIC_metal_0044_data,7,236,104,2675
dataset7_CLINIC_metal_0044_data,7,237,102,2666
dataset7_CLINIC_metal_0044_data,7,238,110,2674
dataset7_CLINIC_metal_0044_data,7,239,108,2675
dataset7_CLINIC_metal_0044_data,7,240,112,2682
dataset7_CLINIC_metal_0044_data,7,241,107,2671
dataset7_CLINIC_metal_0044_data,7,242,112,2682
dataset7_CLINIC_metal_0044_data,7,243,107,2677
dataset7_CLINIC_metal_0044_data,7,244,111,2682
dataset7_CLINIC_metal_0044_data,7,245,104,2682
dataset7_CLINIC_metal_0044_data,7,246,104,2681
dataset7_CLINIC_metal_0044_data,7,247,103,2684
dataset7_CLINIC_metal_0044_data,7,248,104,2676
dataset7_CLINIC_metal_0044_data,7,249,107,2681
dataset7_CLINIC_metal_0044_data,7,250,104,2658
dataset7_CLINIC_metal_0044_data,7,251,108,2687
dataset7_CLINIC_metal_0044_data,7,252,105,2713
dataset7_CLINIC_metal_0044_data,7,253,109,2765
dataset7_CLINIC_metal_0044_data,7,254,109,2789
dataset7_CLINIC_metal_0044_data,7,255,106,2823
dataset7_CLINIC_metal_0044_data,7,256,111,2852
dataset7_CLINIC_metal_0044_data,7,257,107,2876
dataset7_CLINIC_metal_0044_data,7,258,110,2909
dataset7_CLINIC_metal_0044_data,7,259,103,2941
dataset7_CLINIC_metal_0044_data,7,260,107,3048
dataset7_CLINIC_metal_0044_data,7,261,102,3128
dataset7_CLINIC_metal_0044_data,7,262,105,3186
dataset7_CLINIC_metal_0044_data,7,263,104,3353
dataset7_CLINIC_metal_0044_data,7,264,106,3526
dataset7_CLINIC_metal_0044_data,7,265,114,3650
dataset7_CLINIC_metal_0044_data,7,266,154,3756
dataset7_CLINIC_metal_0044_data,7,267,189,3834
dataset7_CLINIC_metal_0044_data,7,268,206,3900
dataset7_CLINIC_metal_0044_data,7,269,218,3941
dataset7_CLINIC_metal_0044_data,7,270,243,3981
dataset7_CLINIC_metal_0044_data,7,271,254,4012
dataset7_CLINIC_metal_0044_data,7,272,263,4033
dataset7_CLINIC_metal_0044_data,7,273,282,4046
dataset7_CLINIC_metal_0044_data,7,274,337,4057
dataset7_CLINIC_metal_0044_data,7,275,436,4047
dataset7_CLINIC_metal_0044_data,7,276,487,4050
dataset7_CLINIC_metal_0044_data,7,277,597,4033
dataset7_CLINIC_metal_0044_data,7,278,755,4036
dataset7_CLINIC_metal_0044_data,7,279,924,4046
dataset7_CLINIC_metal_0044_data,7,280,1085,4049
dataset7_CLINIC_metal_0044_data,7,281,1104,4047
dataset7_CLINIC_metal_0044_data,7,282,1051,4044
dataset7_CLINIC_metal_0044_data,7,283,989,4032
dataset7_CLINIC_metal_0044_data,7,284,914,4008
dataset7_CLINIC_metal_0044_data,7,285,719,3975
dataset7_CLINIC_metal_0044_data,7,286,498,3934
dataset7_CLINIC_metal_0044_data,7,287,360,3882
dataset7_CLINIC_metal_0044_data,7,288,267,3805
dataset7_CLINIC_metal_0044_data,7,289,130,3725
dataset7_CLINIC_metal_0044_data,7,290,62,3619
dataset7_CLINIC_metal_0044_data,7,291,46,3505
dataset7_CLINIC_metal_0044_data,7,292,21,3368
dataset7_CLINIC_metal_0044_data,7,293,0,3222
dataset7_CLINIC_metal_0044_data,7,294,0,3044
dataset7_CLINIC_metal_0044_data,7,295,0,2843
dataset7_CLINIC_metal_0044_data,7,296,0,2586
dataset7_CLINIC_metal_0044_data,7,297,0,2276
dataset7_CLINIC_metal_0044_data,7,298,0,2070
dataset7_CLINIC_metal_0044_data,7,299,0,1856
dataset7_CLINIC_metal_0044_data,7,300,0,1622
dataset7_CLINIC_metal_0044_data,7,301,0,1322
dataset7_CLINIC_metal_0044_data,7,302,0,1065
dataset7_CLINIC_metal_0044_data,7,303,0,761
dataset7_CLINIC_metal_0044_data,7,304,0,447
dataset7_CLINIC_metal_0044_data,7,305,0,316
dataset7_CLINIC_metal_0044_data,7,306,0,166
dataset7_CLINIC_metal_0044_data,8,295,0,175
dataset7_CLINIC_metal_0044_data,8,296,0,294
dataset7_CLINIC_metal_0044_data,8,297,0,410
dataset7_CLINIC_metal_0044_data,8,298,0,538
dataset7_CLINIC_metal_0044_data,8,299,0,769
dataset7_CLINIC_metal_0044_data,8,300,0,968
dataset7_CLINIC_metal_0044_data,8,301,0,1252
dataset7_CLINIC_metal_0044_data,8,302,0,1527
dataset7_CLINIC_metal_0044_data,8,303,0,1769
dataset7_CLINIC_metal_0044_data,8,304,0,2028
dataset7_CLINIC_metal_0044_data,8,305,0,2227
dataset7_CLINIC_metal_0044_data,8,306,0,2407
dataset7_CLINIC_metal_0044_data,8,307,0,2570
dataset7_CLINIC_metal_0044_data,8,308,0,2734
dataset7_CLINIC_metal_0044_data,8,309,14,2870
dataset7_CLINIC_metal_0044_data,8,310,21,2994
dataset7_CLINIC_metal_0044_data,8,311,55,3109
dataset7_CLINIC_metal_0044_data,8,312,89,3195
dataset7_CLINIC_metal_0044_data,8,313,135,3274
dataset7_CLINIC_metal_0044_data,8,314,257,3349
dataset7_CLINIC_metal_0044_data,8,315,324,3400
dataset7_CLINIC_metal_0044_data,8,316,373,3448
dataset7_CLINIC_metal_0044_data,8,317,518,3483
dataset7_CLINIC_metal_0044_data,8,318,822,3502
dataset7_CLINIC_metal_0044_data,8,319,948,3523
dataset7_CLINIC_metal_0044_data,8,320,1008,3531
dataset7_CLINIC_metal_0044_data,8,321,1058,3535
dataset7_CLINIC_metal_0044_data,8,322,1010,3535
dataset7_CLINIC_metal_0044_data,8,323,856,3531
dataset7_CLINIC_metal_0044_data,8,324,672,3520
dataset7_CLINIC_metal_0044_data,8,325,525,3499
dataset7_CLINIC_metal_0044_data,8,326,407,3481
dataset7_CLINIC_metal_0044_data,8,327,270,3435
dataset7_CLINIC_metal_0044_data,8,328,215,3391
dataset7_CLINIC_metal_0044_data,8,329,133,3332
dataset7_CLINIC_metal_0044_data,8,330,70,3243
dataset7_CLINIC_metal_0044_data,8,331,23,3167
dataset7_CLINIC_metal_0044_data,8,332,0,3059
dataset7_CLINIC_metal_0044_data,8,333,0,2951
dataset7_CLINIC_metal_0044_data,8,334,0,2805
dataset7_CLINIC_metal_0044_data,8,335,0,2645
dataset7_CLINIC_metal_0044_data,8,336,0,2467
dataset7_CLINIC_metal_0044_data,8,337,0,2251
dataset7_CLINIC_metal_0044_data,8,338,0,1975
dataset7_CLINIC_metal_0044_data,8,339,0,1703
dataset7_CLINIC_metal_0044_data,8,340,0,1394
dataset7_CLINIC_metal_0044_data,8,341,0,1188
dataset7_CLINIC_metal_0044_data,8,342,0,957
dataset7_CLINIC_metal_0044_data,8,343,0,671
dataset7_CLINIC_metal_0044_data,8,344,0,323
dataset7_CLINIC_metal_0044_data,8,345,0,155
dataset7_CLINIC_metal_0044_data,9,260,0,188
dataset7_CLINIC_metal_0044_data,9,261,0,312
dataset7_CLINIC_metal_0044_data,9,262,0,429
dataset7_CLINIC_metal_0044_data,9,263,0,508
dataset7_CLINIC_metal_0044_data,9,264,0,595
dataset7_CLINIC_metal_0044_data,9,265,0,660
dataset7_CLINIC_metal_0044_data,9,266,0,728
dataset7_CLINIC_metal_0044_data,9,267,0,784
dataset7_CLINIC_metal_0044_data,9,268,0,825
dataset7_CLINIC_metal_0044_data,9,269,0,870
dataset7_CLINIC_metal_0044_data,9,270,0,908
dataset7_CLINIC_metal_0044_data,9,271,0,925
dataset7_CLINIC_metal_0044_data,9,272,0,941
dataset7_CLINIC_metal_0044_data,9,273,0,949
dataset7_CLINIC_metal_0044_data,9,274,15,949
dataset7_CLINIC_metal_0044_data,9,275,27,949
dataset7_CLINIC_metal_0044_data,9,276,7,949
dataset7_CLINIC_metal_0044_data,9,277,2,947
dataset7_CLINIC_metal_0044_data,9,278,0,935
dataset7_CLINIC_metal_0044_data,9,279,0,918
dataset7_CLINIC_metal_0044_data,9,280,0,896
dataset7_CLINIC_metal_0044_data,9,281,0,851
dataset7_CLINIC_metal_0044_data,9,282,0,817
dataset7_CLINIC_metal_0044_data,9,283,0,762
dataset7_CLINIC_metal_0044_data,9,284,0,706
dataset7_CLINIC_metal_0044_data,9,285,0,641
dataset7_CLINIC_metal_0044_data,9,286,0,564
dataset7_CLINIC_metal_0044_data,9,287,0,487
dataset7_CLINIC_metal_0044_data,9,288,0,389
dataset7_CLINIC_metal_0044_data,9,289,0,287
dataset7_CLINIC_metal_0044_data,9,290,0,158
dataset7_CLINIC_metal_0044_data,9,291,0,78
dataset7_CLINIC_metal_0044_data,10,260,0,140
dataset7_CLINIC_metal_0044_data,10,261,0,244
dataset7_CLINIC_metal_0044_data,10,262,0,341
dataset7_CLINIC_metal_0044_data,10,263,0,412
dataset7_CLINIC_metal_0044_data,10,264,0,490
dataset7_CLINIC_metal_0044_data,10,265,0,549
dataset7_CLINIC_metal_0044_data,10,266,0,608
dataset7_CLINIC_metal_0044_data,10,267,0,663
dataset7_CLINIC_metal_0044_data,10,268,0,702
dataset7_CLINIC_metal_0044_data,10,269,0,741
dataset7_CLINIC_metal_0044_data,10,270,0,774
dataset7_CLINIC_metal_0044_data,10,271,0,789
dataset7_CLINIC_metal_0044_data,10,272,0,808
dataset7_CLINIC_metal_0044_data,10,273,0,816
dataset7_CLINIC_metal_0044_data,10,274,16,816
dataset7_CLINIC_metal_0044_data,10,275,11,816
dataset7_CLINIC_metal_0044_data,10,276,6,816
dataset7_CLINIC_metal_0044_data,10,277,0,807
dataset7_CLINIC_metal_0044_data,10,278,0,796
dataset7_CLINIC_metal_0044_data,10,279,0,778
dataset7_CLINIC_metal_0044_data,10,280,0,742
dataset7_CLINIC_metal_0044_data,10,281,0,718
dataset7_CLINIC_metal_0044_data,10,282,0,666
dataset7_CLINIC_metal_0044_data,10,283,0,623
dataset7_CLINIC_metal_0044_data,10,284,0,567
dataset7_CLINIC_metal_0044_data,10,285,0,499
dataset7_CLINIC_metal_0044_data,10,286,0,435
dataset7_CLINIC_metal_0044_data,10,287,0,351
dataset7_CLINIC_metal_0044_data,10,288,0,280
dataset7_CLINIC_metal_0044_data,10,289,0,192
dataset7_CLINIC_metal_0044_data,10,290,0,102
dataset7_CLINIC_metal_0044_data,11,120,0,258
dataset7_CLINIC_metal_0044_data,11,121,0,485
dataset7_CLINIC_metal_0044_data,11,122,0,737
dataset7_CLINIC_metal_0044_data,11,123,0,1116
dataset7_CLINIC_metal_0044_data,11,124,0,1411
dataset7_CLINIC_metal_0044_data,11,125,0,1689
dataset7_CLINIC_metal_0044_data,11,126,0,1936
dataset7_CLINIC_metal_0044_data,11,127,0,2175
dataset7_CLINIC_metal_0044_data,11,128,0,2386
dataset7_CLINIC_metal_0044_data,11,129,0,2568
dataset7_CLINIC_metal_0044_data,11,130,0,2721
dataset7_CLINIC_metal_0044_data,11,131,0,2862
dataset7_CLINIC_metal_0044_data,11,132,0,2997
dataset7_CLINIC_metal_0044_data,11,133,0,3089
dataset7_CLINIC_metal_0044_data,11,134,28,3195
dataset7_CLINIC_metal_0044_data,11,135,74,3272
dataset7_CLINIC_metal_0044_data,11,136,152,3348
dataset7_CLINIC_metal_0044_data,11,137,244,3403
dataset7_CLINIC_metal_0044_data,11,138,327,3448
dataset7_CLINIC_metal_0044_data,11,139,436,3474
dataset7_CLINIC_metal_0044_data,11,140,747,3496
dataset7_CLINIC_metal_0044_data,11,141,996,3513
dataset7_CLINIC_metal_0044_data,11,142,1031,3520
dataset7_CLINIC_metal_0044_data,11,143,1064,3526
dataset7_CLINIC_metal_0044_data,11,144,1057,3527
dataset7_CLINIC_metal_0044_data,11,145,920,3525
dataset7_CLINIC_metal_0044_data,11,146,732,3517
dataset7_CLINIC_metal_0044_data,11,147,556,3498
dataset7_CLINIC_metal_0044_data,11,148,392,3478
dataset7_CLINIC_metal_0044_data,11,149,242,3441
dataset7_CLINIC_metal_0044_data,11,150,143,3388
dataset7_CLINIC_metal_0044_data,11,151,78,3332
dataset7_CLINIC_metal_0044_data,11,152,47,3244
dataset7_CLINIC_metal_0044_data,11,153,16,3150
dataset7_CLINIC_metal_0044_data,11,154,0,3042
dataset7_CLINIC_metal_0044_data,11,155,0,2910
dataset7_CLINIC_metal_0044_data,11,156,0,2769
dataset7_CLINIC_metal_0044_data,11,157,0,2598
dataset7_CLINIC_metal_0044_data,11,158,0,2395
dataset7_CLINIC_metal_0044_data,11,159,0,2163
dataset7_CLINIC_metal_0044_data,11,160,0,1917
dataset7_CLINIC_metal_0044_data,11,161,0,1607
dataset7_CLINIC_metal_0044_data,11,162,0,1264
dataset7_CLINIC_metal_0044_data,11,163,0,930
dataset7_CLINIC_metal_0044_data,11,164,0,675
dataset7_CLINIC_metal_0044_data,11,165,0,401
dataset7_CLINIC_metal_0044_data,11,166,0,241
dataset7_CLINIC_metal_0044_data,11,167,0,136
dataset7_CLINIC_metal_0045_data,0,243,0,150
dataset7_CLINIC_metal_0045_data,0,244,0,283
dataset7_CLINIC_metal_0045_data,0,245,0,417
dataset7_CLINIC_metal_0045_data,0,246,0,534
dataset7_CLINIC_metal_0045_data,0,247,0,644
dataset7_CLINIC_metal_0045_data,0,248,0,739
dataset7_CLINIC_metal_0045_data,0,249,0,829
dataset7_CLINIC_metal_0045_data,0,250,0,908
dataset7_CLINIC_metal_0045_data,0,251,0,976
dataset7_CLINIC_metal_0045_data,0,252,0,1032
dataset7_CLINIC_metal_0045_data,0,253,0,1070
dataset7_CLINIC_metal_0045_data,0,254,0,1118
dataset7_CLINIC_metal_0045_data,0,255,0,1147
dataset7_CLINIC_metal_0045_data,0,256,0,1186
dataset7_CLINIC_metal_0045_data,0,257,10,1211
dataset7_CLINIC_metal_0045_data,0,258,24,1218
dataset7_CLINIC_metal_0045_data,0,259,14,1218
dataset7_CLINIC_metal_0045_data,0,260,6,1216
dataset7_CLINIC_metal_0045_data,0,261,4,1212
dataset7_CLINIC_metal_0045_data,0,262,8,1195
dataset7_CLINIC_metal_0045_data,0,263,12,1169
dataset7_CLINIC_metal_0045_data,0,264,5,1172
dataset7_CLINIC_metal_0045_data,0,265,4,1191
dataset7_CLINIC_metal_0045_data,0,266,2,1227
dataset7_CLINIC_metal_0045_data,0,267,3,1274
dataset7_CLINIC_metal_0045_data,0,268,4,1324
dataset7_CLINIC_metal_0045_data,0,269,3,1376
dataset7_CLINIC_metal_0045_data,0,270,3,1426
dataset7_CLINIC_metal_0045_data,0,271,5,1468
dataset7_CLINIC_metal_0045_data,0,272,3,1524
dataset7_CLINIC_metal_0045_data,0,273,5,1573
dataset7_CLINIC_metal_0045_data,0,274,3,1773
dataset7_CLINIC_metal_0045_data,0,275,5,1882
dataset7_CLINIC_metal_0045_data,0,276,4,1982
dataset7_CLINIC_metal_0045_data,0,277,5,2041
dataset7_CLINIC_metal_0045_data,0,278,5,2090
dataset7_CLINIC_metal_0045_data,0,279,3,2124
dataset7_CLINIC_metal_0045_data,0,280,5,2148
dataset7_CLINIC_metal_0045_data,0,281,5,2160
dataset7_CLINIC_metal_0045_data,0,282,5,2147
dataset7_CLINIC_metal_0045_data,0,283,5,2137
dataset7_CLINIC_metal_0045_data,0,284,7,2109
dataset7_CLINIC_metal_0045_data,0,285,5,2079
dataset7_CLINIC_metal_0045_data,0,286,7,2045
dataset7_CLINIC_metal_0045_data,0,287,5,2001
dataset7_CLINIC_metal_0045_data,0,288,18,1947
dataset7_CLINIC_metal_0045_data,0,289,24,1888
dataset7_CLINIC_metal_0045_data,0,290,36,1816
dataset7_CLINIC_metal_0045_data,0,291,35,1745
dataset7_CLINIC_metal_0045_data,0,292,26,1678
dataset7_CLINIC_metal_0045_data,0,293,12,1592
dataset7_CLINIC_metal_0045_data,0,294,0,1498
dataset7_CLINIC_metal_0045_data,0,295,0,1409
dataset7_CLINIC_metal_0045_data,0,296,0,1322
dataset7_CLINIC_metal_0045_data,0,297,0,1227
dataset7_CLINIC_metal_0045_data,0,298,0,1130
dataset7_CLINIC_metal_0045_data,0,299,0,1022
dataset7_CLINIC_metal_0045_data,0,300,0,921
dataset7_CLINIC_metal_0045_data,0,301,0,814
dataset7_CLINIC_metal_0045_data,0,302,0,715
dataset7_CLINIC_metal_0045_data,0,303,0,612
dataset7_CLINIC_metal_0045_data,0,304,0,505
dataset7_CLINIC_metal_0045_data,0,305,0,395
dataset7_CLINIC_metal_0045_data,0,306,0,272
dataset7_CLINIC_metal_0045_data,0,307,0,162
dataset7_CLINIC_metal_0045_data,1,264,0,120
dataset7_CLINIC_metal_0045_data,1,265,0,225
dataset7_CLINIC_metal_0045_data,1,266,0,333
dataset7_CLINIC_metal_0045_data,1,267,0,425
dataset7_CLINIC_metal_0045_data,1,268,0,507
dataset7_CLINIC_metal_0045_data,1,269,0,583
dataset7_CLINIC_metal_0045_data,1,270,0,667
dataset7_CLINIC_metal_0045_data,1,271,0,735
dataset7_CLINIC_metal_0045_data,1,272,0,794
dataset7_CLINIC_metal_0045_data,1,273,0,853
dataset7_CLINIC_metal_0045_data,1,274,0,897
dataset7_CLINIC_metal_0045_data,1,275,0,943
dataset7_CLINIC_metal_0045_data,1,276,0,976
dataset7_CLINIC_metal_0045_data,1,277,0,1004
dataset7_CLINIC_metal_0045_data,1,278,4,1021
dataset7_CLINIC_metal_0045_data,1,279,9,1040
dataset7_CLINIC_metal_0045_data,1,280,11,1047
dataset7_CLINIC_metal_0045_data,1,281,12,1040
dataset7_CLINIC_metal_0045_data,1,282,9,1024
dataset7_CLINIC_metal_0045_data,1,283,0,1014
dataset7_CLINIC_metal_0045_data,1,284,0,989
dataset7_CLINIC_metal_0045_data,1,285,0,956
dataset7_CLINIC_metal_0045_data,1,286,0,912
dataset7_CLINIC_metal_0045_data,1,287,0,871
dataset7_CLINIC_metal_0045_data,1,288,0,819
dataset7_CLINIC_metal_0045_data,1,289,0,767
dataset7_CLINIC_metal_0045_data,1,290,0,702
dataset7_CLINIC_metal_0045_data,1,291,0,625
dataset7_CLINIC_metal_0045_data,1,292,0,547
dataset7_CLINIC_metal_0045_data,1,293,0,461
dataset7_CLINIC_metal_0045_data,1,294,0,377
dataset7_CLINIC_metal_0045_data,1,295,0,266
dataset7_CLINIC_metal_0045_data,1,296,0,157
dataset7_CLINIC_metal_0045_data,2,246,0,138
dataset7_CLINIC_metal_0045_data,2,247,0,246
dataset7_CLINIC_metal_0045_data,2,248,0,357
dataset7_CLINIC_metal_0045_data,2,249,0,454
dataset7_CLINIC_metal_0045_data,2,250,0,560
dataset7_CLINIC_metal_0045_data,2,251,0,658
dataset7_CLINIC_metal_0045_data,2,252,0,760
dataset7_CLINIC_metal_0045_data,2,253,0,838
dataset7_CLINIC_metal_0045_data,2,254,0,921
dataset7_CLINIC_metal_0045_data,2,255,0,1006
dataset7_CLINIC_metal_0045_data,2,256,0,1074
dataset7_CLINIC_metal_0045_data,2,257,0,1151
dataset7_CLINIC_metal_0045_data,2,258,0,1213
dataset7_CLINIC_metal_0045_data,2,259,0,1268
dataset7_CLINIC_metal_0045_data,2,260,5,1304
dataset7_CLINIC_metal_0045_data,2,261,4,1345
dataset7_CLINIC_metal_0045_data,2,262,4,1372
dataset7_CLINIC_metal_0045_data,2,263,4,1378
dataset7_CLINIC_metal_0045_data,2,264,6,1381
dataset7_CLINIC_metal_0045_data,2,265,4,1380
dataset7_CLINIC_metal_0045_data,2,266,5,1373
dataset7_CLINIC_metal_0045_data,2,267,5,1362
dataset7_CLINIC_metal_0045_data,2,268,3,1337
dataset7_CLINIC_metal_0045_data,2,269,4,1291
dataset7_CLINIC_metal_0045_data,2,270,0,1244
dataset7_CLINIC_metal_0045_data,2,271,0,1189
dataset7_CLINIC_metal_0045_data,2,272,0,1119
dataset7_CLINIC_metal_0045_data,2,273,0,1026
dataset7_CLINIC_metal_0045_data,2,274,0,948
dataset7_CLINIC_metal_0045_data,2,275,0,849
dataset7_CLINIC_metal_0045_data,2,276,0,763
dataset7_CLINIC_metal_0045_data,2,277,0,678
dataset7_CLINIC_metal_0045_data,2,278,0,587
dataset7_CLINIC_metal_0045_data,2,279,0,498
dataset7_CLINIC_metal_0045_data,2,280,0,404
dataset7_CLINIC_metal_0045_data,2,281,0,317
dataset7_CLINIC_metal_0045_data,2,282,0,216
dataset7_CLINIC_metal_0045_data,2,283,0,120
dataset7_CLINIC_metal_0045_data,3,28,0,224
dataset7_CLINIC_metal_0045_data,3,29,0,454
dataset7_CLINIC_metal_0045_data,3,30,0,649
dataset7_CLINIC_metal_0045_data,3,31,0,954
dataset7_CLINIC_metal_0045_data,3,32,0,1262
dataset7_CLINIC_metal_0045_data,3,33,0,1478
dataset7_CLINIC_metal_0045_data,3,34,0,1665
dataset7_CLINIC_metal_0045_data,3,35,0,1831
dataset7_CLINIC_metal_0045_data,3,36,0,1971
dataset7_CLINIC_metal_0045_data,3,37,0,2090
dataset7_CLINIC_metal_0045_data,3,38,0,2198
dataset7_CLINIC_metal_0045_data,3,39,0,2271
dataset7_CLINIC_metal_0045_data,3,40,0,2345
dataset7_CLINIC_metal_0045_data,3,41,0,2408
dataset7_CLINIC_metal_0045_data,3,42,23,2453
dataset7_CLINIC_metal_0045_data,3,43,94,2500
dataset7_CLINIC_metal_0045_data,3,44,127,2524
dataset7_CLINIC_metal_0045_data,3,45,175,2529
dataset7_CLINIC_metal_0045_data,3,46,188,2526
dataset7_CLINIC_metal_0045_data,3,47,133,2517
dataset7_CLINIC_metal_0045_data,3,48,111,2497
dataset7_CLINIC_metal_0045_data,3,49,16,2462
dataset7_CLINIC_metal_0045_data,3,50,0,2411
dataset7_CLINIC_metal_0045_data,3,51,0,2351
dataset7_CLINIC_metal_0045_data,3,52,0,2284
dataset7_CLINIC_metal_0045_data,3,53,0,2213
dataset7_CLINIC_metal_0045_data,3,54,0,2124
dataset7_CLINIC_metal_0045_data,3,55,0,2009
dataset7_CLINIC_metal_0045_data,3,56,0,1876
dataset7_CLINIC_metal_0045_data,3,57,0,1727
dataset7_CLINIC_metal_0045_data,3,58,0,1560
dataset7_CLINIC_metal_0045_data,3,59,0,1379
dataset7_CLINIC_metal_0045_data,3,60,0,1154
dataset7_CLINIC_metal_0045_data,3,61,0,847
dataset7_CLINIC_metal_0045_data,3,62,0,474
dataset7_CLINIC_metal_0045_data,3,63,0,207
dataset7_CLINIC_metal_0045_data,4,32,0,175
dataset7_CLINIC_metal_0045_data,4,33,0,290
dataset7_CLINIC_metal_0045_data,4,34,0,407
dataset7_CLINIC_metal_0045_data,4,35,0,496
dataset7_CLINIC_metal_0045_data,4,36,0,890
dataset7_CLINIC_metal_0045_data,4,37,0,1467
dataset7_CLINIC_metal_0045_data,4,38,0,2064
dataset7_CLINIC_metal_0045_data,4,39,0,2444
dataset7_CLINIC_metal_0045_data,4,40,0,2742
dataset7_CLINIC_metal_0045_data,4,41,0,2993
dataset7_CLINIC_metal_0045_data,4,42,0,3216
dataset7_CLINIC_metal_0045_data,4,43,0,3399
dataset7_CLINIC_metal_0045_data,4,44,0,3545
dataset7_CLINIC_metal_0045_data,4,45,0,3690
dataset7_CLINIC_metal_0045_data,4,46,14,3797
dataset7_CLINIC_metal_0045_data,4,47,24,3894
dataset7_CLINIC_metal_0045_data,4,48,33,3981
dataset7_CLINIC_metal_0045_data,4,49,43,4046
dataset7_CLINIC_metal_0045_data,4,50,91,4092
dataset7_CLINIC_metal_0045_data,4,51,166,4114
dataset7_CLINIC_metal_0045_data,4,52,164,4120
dataset7_CLINIC_metal_0045_data,4,53,185,4095
dataset7_CLINIC_metal_0045_data,4,54,184,4062
dataset7_CLINIC_metal_0045_data,4,55,132,4029
dataset7_CLINIC_metal_0045_data,4,56,86,3966
dataset7_CLINIC_metal_0045_data,4,57,62,3891
dataset7_CLINIC_metal_0045_data,4,58,46,3798
dataset7_CLINIC_metal_0045_data,4,59,32,3667
dataset7_CLINIC_metal_0045_data,4,60,23,3528
dataset7_CLINIC_metal_0045_data,4,61,7,3351
dataset7_CLINIC_metal_0045_data,4,62,0,3160
dataset7_CLINIC_metal_0045_data,4,63,0,2922
dataset7_CLINIC_metal_0045_data,4,64,0,2652
dataset7_CLINIC_metal_0045_data,4,65,0,2241
dataset7_CLINIC_metal_0045_data,4,66,0,1848
dataset7_CLINIC_metal_0045_data,4,67,0,1496
dataset7_CLINIC_metal_0045_data,4,68,0,1153
dataset7_CLINIC_metal_0045_data,4,69,0,889
dataset7_CLINIC_metal_0045_data,4,70,0,660
dataset7_CLINIC_metal_0045_data,4,71,0,571
dataset7_CLINIC_metal_0045_data,4,72,0,478
dataset7_CLINIC_metal_0045_data,4,73,0,371
dataset7_CLINIC_metal_0045_data,4,74,0,253
dataset7_CLINIC_metal_0045_data,4,75,0,144
dataset7_CLINIC_metal_0047_data,0,96,0,136
dataset7_CLINIC_metal_0047_data,0,97,0,267
dataset7_CLINIC_metal_0047_data,0,98,0,371
dataset7_CLINIC_metal_0047_data,0,99,0,491
dataset7_CLINIC_metal_0047_data,0,100,0,618
dataset7_CLINIC_metal_0047_data,0,101,0,743
dataset7_CLINIC_metal_0047_data,0,102,0,842
dataset7_CLINIC_metal_0047_data,0,103,0,954
dataset7_CLINIC_metal_0047_data,0,104,0,1088
dataset7_CLINIC_metal_0047_data,0,105,0,1187
dataset7_CLINIC_metal_0047_data,0,106,0,1284
dataset7_CLINIC_metal_0047_data,0,107,0,1387
dataset7_CLINIC_metal_0047_data,0,108,0,1455
dataset7_CLINIC_metal_0047_data,0,109,0,1533
dataset7_CLINIC_metal_0047_data,0,110,6,1601
dataset7_CLINIC_metal_0047_data,0,111,21,1647
dataset7_CLINIC_metal_0047_data,0,112,36,1694
dataset7_CLINIC_metal_0047_data,0,113,48,1736
dataset7_CLINIC_metal_0047_data,0,114,67,1755
dataset7_CLINIC_metal_0047_data,0,115,72,1775
dataset7_CLINIC_metal_0047_data,0,116,72,1776
dataset7_CLINIC_metal_0047_data,0,117,79,1775
dataset7_CLINIC_metal_0047_data,0,118,32,1762
dataset7_CLINIC_metal_0047_data,0,119,0,1733
dataset7_CLINIC_metal_0047_data,0,120,0,1688
dataset7_CLINIC_metal_0047_data,0,121,0,1649
dataset7_CLINIC_metal_0047_data,0,122,0,1593
dataset7_CLINIC_metal_0047_data,0,123,0,1535
dataset7_CLINIC_metal_0047_data,0,124,0,1451
dataset7_CLINIC_metal_0047_data,0,125,0,1368
dataset7_CLINIC_metal_0047_data,0,126,0,1268
dataset7_CLINIC_metal_0047_data,0,127,0,1159
dataset7_CLINIC_metal_0047_data,0,128,0,1046
dataset7_CLINIC_metal_0047_data,0,129,0,895
dataset7_CLINIC_metal_0047_data,0,130,0,746
dataset7_CLINIC_metal_0047_data,0,131,0,565
dataset7_CLINIC_metal_0047_data,0,132,0,293
dataset7_CLINIC_metal_0047_data,1,149,0,291
dataset7_CLINIC_metal_0047_data,1,150,0,472
dataset7_CLINIC_metal_0047_data,1,151,0,598
dataset7_CLINIC_metal_0047_data,1,152,0,723
dataset7_CLINIC_metal_0047_data,1,153,0,854
dataset7_CLINIC_metal_0047_data,1,154,0,981
dataset7_CLINIC_metal_0047_data,1,155,0,1050
dataset7_CLINIC_metal_0047_data,1,156,0,1156
dataset7_CLINIC_metal_0047_data,1,157,0,1247
dataset7_CLINIC_metal_0047_data,1,158,0,1284
dataset7_CLINIC_metal_0047_data,1,159,0,1361
dataset7_CLINIC_metal_0047_data,1,160,0,1408
dataset7_CLINIC_metal_0047_data,1,161,0,1437
dataset7_CLINIC_metal_0047_data,1,162,0,1471
dataset7_CLINIC_metal_0047_data,1,163,58,1493
dataset7_CLINIC_metal_0047_data,1,164,102,1544
dataset7_CLINIC_metal_0047_data,1,165,110,1645
dataset7_CLINIC_metal_0047_data,1,166,111,1769
dataset7_CLINIC_metal_0047_data,1,167,113,1867
dataset7_CLINIC_metal_0047_data,1,168,113,1959
dataset7_CLINIC_metal_0047_data,1,169,113,2050
dataset7_CLINIC_metal_0047_data,1,170,115,2122
dataset7_CLINIC_metal_0047_data,1,171,128,2176
dataset7_CLINIC_metal_0047_data,1,172,190,2233
dataset7_CLINIC_metal_0047_data,1,173,259,2270
dataset7_CLINIC_metal_0047_data,1,174,290,2299
dataset7_CLINIC_metal_0047_data,1,175,320,2315
dataset7_CLINIC_metal_0047_data,1,176,322,2347
dataset7_CLINIC_metal_0047_data,1,177,316,2416
dataset7_CLINIC_metal_0047_data,1,178,260,2518
dataset7_CLINIC_metal_0047_data,1,179,207,2646
dataset7_CLINIC_metal_0047_data,1,180,194,2759
dataset7_CLINIC_metal_0047_data,1,181,188,2867
dataset7_CLINIC_metal_0047_data,1,182,180,2970
dataset7_CLINIC_metal_0047_data,1,183,172,3061
dataset7_CLINIC_metal_0047_data,1,184,171,3131
dataset7_CLINIC_metal_0047_data,1,185,237,3198
dataset7_CLINIC_metal_0047_data,1,186,333,3252
dataset7_CLINIC_metal_0047_data,1,187,453,3304
dataset7_CLINIC_metal_0047_data,1,188,498,3341
dataset7_CLINIC_metal_0047_data,1,189,538,3368
dataset7_CLINIC_metal_0047_data,1,190,656,3394
dataset7_CLINIC_metal_0047_data,1,191,790,3413
dataset7_CLINIC_metal_0047_data,1,192,818,3426
dataset7_CLINIC_metal_0047_data,1,193,837,3425
dataset7_CLINIC_metal_0047_data,1,194,838,3453
dataset7_CLINIC_metal_0047_data,1,195,840,3451
dataset7_CLINIC_metal_0047_data,1,196,805,3450
dataset7_CLINIC_metal_0047_data,1,197,746,3447
dataset7_CLINIC_metal_0047_data,1,198,736,3434
dataset7_CLINIC_metal_0047_data,1,199,789,3410
dataset7_CLINIC_metal_0047_data,1,200,820,3394
dataset7_CLINIC_metal_0047_data,1,201,824,3360
dataset7_CLINIC_metal_0047_data,1,202,788,3329
dataset7_CLINIC_metal_0047_data,1,203,668,3306
dataset7_CLINIC_metal_0047_data,1,204,427,3256
dataset7_CLINIC_metal_0047_data,1,205,252,3212
dataset7_CLINIC_metal_0047_data,1,206,302,3165
dataset7_CLINIC_metal_0047_data,1,207,350,3114
dataset7_CLINIC_metal_0047_data,1,208,308,3054
dataset7_CLINIC_metal_0047_data,1,209,249,2982
dataset7_CLINIC_metal_0047_data,1,210,209,2883
dataset7_CLINIC_metal_0047_data,1,211,221,2802
dataset7_CLINIC_metal_0047_data,1,212,213,2727
dataset7_CLINIC_metal_0047_data,1,213,200,2640
dataset7_CLINIC_metal_0047_data,1,214,160,2547
dataset7_CLINIC_metal_0047_data,1,215,133,2497
dataset7_CLINIC_metal_0047_data,1,216,117,2479
dataset7_CLINIC_metal_0047_data,1,217,120,2459
dataset7_CLINIC_metal_0047_data,1,218,267,2441
dataset7_CLINIC_metal_0047_data,1,219,293,2407
dataset7_CLINIC_metal_0047_data,1,220,265,2374
dataset7_CLINIC_metal_0047_data,1,221,225,2327
dataset7_CLINIC_metal_0047_data,1,222,34,2273
dataset7_CLINIC_metal_0047_data,1,223,0,2227
dataset7_CLINIC_metal_0047_data,1,224,0,2156
dataset7_CLINIC_metal_0047_data,1,225,0,2077
dataset7_CLINIC_metal_0047_data,1,226,0,1986
dataset7_CLINIC_metal_0047_data,1,227,0,1880
dataset7_CLINIC_metal_0047_data,1,228,0,1766
dataset7_CLINIC_metal_0047_data,1,229,0,1644
dataset7_CLINIC_metal_0047_data,1,230,0,1502
dataset7_CLINIC_metal_0047_data,1,231,0,1378
dataset7_CLINIC_metal_0047_data,1,232,0,1217
dataset7_CLINIC_metal_0047_data,1,233,0,1043
dataset7_CLINIC_metal_0047_data,1,234,0,872
dataset7_CLINIC_metal_0047_data,1,235,0,648
dataset7_CLINIC_metal_0047_data,1,236,0,280
dataset7_CLINIC_metal_0047_data,2,196,0,155
dataset7_CLINIC_metal_0047_data,2,197,0,294
dataset7_CLINIC_metal_0047_data,2,198,0,392
dataset7_CLINIC_metal_0047_data,2,199,0,497
dataset7_CLINIC_metal_0047_data,2,200,0,598
dataset7_CLINIC_metal_0047_data,2,201,0,672
dataset7_CLINIC_metal_0047_data,2,202,0,752
dataset7_CLINIC_metal_0047_data,2,203,0,829
dataset7_CLINIC_metal_0047_data,2,204,0,886
dataset7_CLINIC_metal_0047_data,2,205,0,946
dataset7_CLINIC_metal_0047_data,2,206,0,988
dataset7_CLINIC_metal_0047_data,2,207,0,1029
dataset7_CLINIC_metal_0047_data,2,208,0,1060
dataset7_CLINIC_metal_0047_data,2,209,0,1085
dataset7_CLINIC_metal_0047_data,2,210,8,1103
dataset7_CLINIC_metal_0047_data,2,211,15,1119
dataset7_CLINIC_metal_0047_data,2,212,17,1127
dataset7_CLINIC_metal_0047_data,2,213,14,1134
dataset7_CLINIC_metal_0047_data,2,214,13,1127
dataset7_CLINIC_metal_0047_data,2,215,15,1116
dataset7_CLINIC_metal_0047_data,2,216,17,1104
dataset7_CLINIC_metal_0047_data,2,217,14,1090
dataset7_CLINIC_metal_0047_data,2,218,0,1060
dataset7_CLINIC_metal_0047_data,2,219,0,1039
dataset7_CLINIC_metal_0047_data,2,220,0,999
dataset7_CLINIC_metal_0047_data,2,221,0,976
dataset7_CLINIC_metal_0047_data,2,222,0,936
dataset7_CLINIC_metal_0047_data,2,223,0,873
dataset7_CLINIC_metal_0047_data,2,224,0,841
dataset7_CLINIC_metal_0047_data,2,225,0,765
dataset7_CLINIC_metal_0047_data,2,226,0,679
dataset7_CLINIC_metal_0047_data,2,227,0,623
dataset7_CLINIC_metal_0047_data,2,228,0,521
dataset7_CLINIC_metal_0047_data,2,229,0,416
dataset7_CLINIC_metal_0047_data,2,230,0,322
dataset7_CLINIC_metal_0047_data,2,231,0,177
dataset7_CLINIC_metal_0047_data,3,173,0,409
dataset7_CLINIC_metal_0047_data,3,174,0,682
dataset7_CLINIC_metal_0047_data,3,175,0,951
dataset7_CLINIC_metal_0047_data,3,176,0,1176
dataset7_CLINIC_metal_0047_data,3,177,0,1386
dataset7_CLINIC_metal_0047_data,3,178,0,1571
dataset7_CLINIC_metal_0047_data,3,179,0,1715
dataset7_CLINIC_metal_0047_data,3,180,0,1858
dataset7_CLINIC_metal_0047_data,3,181,0,1986
dataset7_CLINIC_metal_0047_data,3,182,0,2089
dataset7_CLINIC_metal_0047_data,3,183,0,2190
dataset7_CLINIC_metal_0047_data,3,184,0,2255
dataset7_CLINIC_metal_0047_data,3,185,0,2328
dataset7_CLINIC_metal_0047_data,3,186,0,2381
dataset7_CLINIC_metal_0047_data,3,187,42,2415
dataset7_CLINIC_metal_0047_data,3,188,142,2451
dataset7_CLINIC_metal_0047_data,3,189,230,2477
dataset7_CLINIC_metal_0047_data,3,190,255,2477
dataset7_CLINIC_metal_0047_data,3,191,168,2474
dataset7_CLINIC_metal_0047_data,3,192,70,2437
dataset7_CLINIC_metal_0047_data,3,193,0,2402
dataset7_CLINIC_metal_0047_data,3,194,0,2361
dataset7_CLINIC_metal_0047_data,3,195,0,2312
dataset7_CLINIC_metal_0047_data,3,196,0,2210
dataset7_CLINIC_metal_0047_data,3,197,0,2156
dataset7_CLINIC_metal_0047_data,3,198,0,2038
dataset7_CLINIC_metal_0047_data,3,199,0,1905
dataset7_CLINIC_metal_0047_data,3,200,0,1793
dataset7_CLINIC_metal_0047_data,3,201,0,1643
dataset7_CLINIC_metal_0047_data,3,202,0,1471
dataset7_CLINIC_metal_0047_data,3,203,0,1278
dataset7_CLINIC_metal_0047_data,3,204,0,1048
dataset7_CLINIC_metal_0047_data,3,205,0,778
dataset7_CLINIC_metal_0047_data,3,206,0,443
dataset7_CLINIC_metal_0047_data,4,92,0,266
dataset7_CLINIC_metal_0047_data,4,93,0,490
dataset7_CLINIC_metal_0047_data,4,94,0,723
dataset7_CLINIC_metal_0047_data,4,95,0,919
dataset7_CLINIC_metal_0047_data,4,96,0,1111
dataset7_CLINIC_metal_0047_data,4,97,0,1278
dataset7_CLINIC_metal_0047_data,4,98,0,1443
dataset7_CLINIC_metal_0047_data,4,99,0,1591
dataset7_CLINIC_metal_0047_data,4,100,0,1736
dataset7_CLINIC_metal_0047_data,4,101,0,1872
dataset7_CLINIC_metal_0047_data,4,102,0,2125
dataset7_CLINIC_metal_0047_data,4,103,0,2338
dataset7_CLINIC_metal_0047_data,4,104,0,2512
dataset7_CLINIC_metal_0047_data,4,105,0,2771
dataset7_CLINIC_metal_0047_data,4,106,40,3036
dataset7_CLINIC_metal_0047_data,4,107,123,3453
dataset7_CLINIC_metal_0047_data,4,108,207,3817
dataset7_CLINIC_metal_0047_data,4,109,259,4167
dataset7_CLINIC_metal_0047_data,4,110,296,4468
dataset7_CLINIC_metal_0047_data,4,111,261,4752
dataset7_CLINIC_metal_0047_data,4,112,222,5027
dataset7_CLINIC_metal_0047_data,4,113,248,5268
dataset7_CLINIC_metal_0047_data,4,114,252,5561
dataset7_CLINIC_metal_0047_data,4,115,305,5790
dataset7_CLINIC_metal_0047_data,4,116,375,6006
dataset7_CLINIC_metal_0047_data,4,117,422,6162
dataset7_CLINIC_metal_0047_data,4,118,453,6321
dataset7_CLINIC_metal_0047_data,4,119,496,6417
dataset7_CLINIC_metal_0047_data,4,120,527,6494
dataset7_CLINIC_metal_0047_data,4,121,592,6546
dataset7_CLINIC_metal_0047_data,4,122,570,6592
dataset7_CLINIC_metal_0047_data,4,123,622,6593
dataset7_CLINIC_metal_0047_data,4,124,789,6606
dataset7_CLINIC_metal_0047_data,4,125,889,6573
dataset7_CLINIC_metal_0047_data,4,126,907,6531
dataset7_CLINIC_metal_0047_data,4,127,957,6453
dataset7_CLINIC_metal_0047_data,4,128,962,6362
dataset7_CLINIC_metal_0047_data,4,129,975,6266
dataset7_CLINIC_metal_0047_data,4,130,976,6134
dataset7_CLINIC_metal_0047_data,4,131,987,5969
dataset7_CLINIC_metal_0047_data,4,132,990,5839
dataset7_CLINIC_metal_0047_data,4,133,989,5747
dataset7_CLINIC_metal_0047_data,4,134,995,5652
dataset7_CLINIC_metal_0047_data,4,135,1028,5592
dataset7_CLINIC_metal_0047_data,4,136,1000,5475
dataset7_CLINIC_metal_0047_data,4,137,973,5281
dataset7_CLINIC_metal_0047_data,4,138,909,5279
dataset7_CLINIC_metal_0047_data,4,139,811,5277
dataset7_CLINIC_metal_0047_data,4,140,718,5253
dataset7_CLINIC_metal_0047_data,4,141,640,5231
dataset7_CLINIC_metal_0047_data,4,142,531,5220
dataset7_CLINIC_metal_0047_data,4,143,498,5206
dataset7_CLINIC_metal_0047_data,4,144,491,5202
dataset7_CLINIC_metal_0047_data,4,145,464,5187
dataset7_CLINIC_metal_0047_data,4,146,436,5183
dataset7_CLINIC_metal_0047_data,4,147,421,5189
dataset7_CLINIC_metal_0047_data,4,148,421,5202
dataset7_CLINIC_metal_0047_data,4,149,462,5212
dataset7_CLINIC_metal_0047_data,4,150,473,5254
dataset7_CLINIC_metal_0047_data,4,151,480,5310
dataset7_CLINIC_metal_0047_data,4,152,478,5403
dataset7_CLINIC_metal_0047_data,4,153,437,5486
dataset7_CLINIC_metal_0047_data,4,154,405,5545
dataset7_CLINIC_metal_0047_data,4,155,373,5602
dataset7_CLINIC_metal_0047_data,4,156,344,5655
dataset7_CLINIC_metal_0047_data,4,157,291,5721
dataset7_CLINIC_metal_0047_data,4,158,283,5768
dataset7_CLINIC_metal_0047_data,4,159,277,5813
dataset7_CLINIC_metal_0047_data,4,160,275,5833
dataset7_CLINIC_metal_0047_data,4,161,271,5847
dataset7_CLINIC_metal_0047_data,4,162,255,5849
dataset7_CLINIC_metal_0047_data,4,163,230,5809
dataset7_CLINIC_metal_0047_data,4,164,190,5764
dataset7_CLINIC_metal_0047_data,4,165,163,5667
dataset7_CLINIC_metal_0047_data,4,166,165,5548
dataset7_CLINIC_metal_0047_data,4,167,154,5422
dataset7_CLINIC_metal_0047_data,4,168,143,5292
dataset7_CLINIC_metal_0047_data,4,169,146,5296
dataset7_CLINIC_metal_0047_data,4,170,145,5339
dataset7_CLINIC_metal_0047_data,4,171,142,5305
dataset7_CLINIC_metal_0047_data,4,172,143,5235
dataset7_CLINIC_metal_0047_data,4,173,134,5155
dataset7_CLINIC_metal_0047_data,4,174,141,5050
dataset7_CLINIC_metal_0047_data,4,175,139,4913
dataset7_CLINIC_metal_0047_data,4,176,135,4759
dataset7_CLINIC_metal_0047_data,4,177,132,4600
dataset7_CLINIC_metal_0047_data,4,178,131,4401
dataset7_CLINIC_metal_0047_data,4,179,128,4141
dataset7_CLINIC_metal_0047_data,4,180,130,4078
dataset7_CLINIC_metal_0047_data,4,181,128,4018
dataset7_CLINIC_metal_0047_data,4,182,126,3942
dataset7_CLINIC_metal_0047_data,4,183,134,3872
dataset7_CLINIC_metal_0047_data,4,184,264,3798
dataset7_CLINIC_metal_0047_data,4,185,375,3727
dataset7_CLINIC_metal_0047_data,4,186,476,3665
dataset7_CLINIC_metal_0047_data,4,187,447,3591
dataset7_CLINIC_metal_0047_data,4,188,234,3557
dataset7_CLINIC_metal_0047_data,4,189,94,3526
dataset7_CLINIC_metal_0047_data,4,190,89,3494
dataset7_CLINIC_metal_0047_data,4,191,72,3445
dataset7_CLINIC_metal_0047_data,4,192,43,3381
dataset7_CLINIC_metal_0047_data,4,193,7,3288
dataset7_CLINIC_metal_0047_data,4,194,0,3211
dataset7_CLINIC_metal_0047_data,4,195,0,3067
dataset7_CLINIC_metal_0047_data,4,196,0,2912
dataset7_CLINIC_metal_0047_data,4,197,0,2787
dataset7_CLINIC_metal_0047_data,4,198,0,2570
dataset7_CLINIC_metal_0047_data,4,199,0,2351
dataset7_CLINIC_metal_0047_data,4,200,0,2102
dataset7_CLINIC_metal_0047_data,4,201,0,1750
dataset7_CLINIC_metal_0047_data,4,202,0,1243
dataset7_CLINIC_metal_0047_data,4,203,0,765
dataset7_CLINIC_metal_0047_data,4,204,0,622
dataset7_CLINIC_metal_0047_data,4,205,0,477
dataset7_CLINIC_metal_0047_data,4,206,0,312
dataset7_CLINIC_metal_0047_data,4,207,0,145
dataset7_CLINIC_metal_0047_data,5,171,0,208
dataset7_CLINIC_metal_0047_data,5,172,0,376
dataset7_CLINIC_metal_0047_data,5,173,0,543
dataset7_CLINIC_metal_0047_data,5,174,0,747
dataset7_CLINIC_metal_0047_data,5,175,0,916
dataset7_CLINIC_metal_0047_data,5,176,0,1044
dataset7_CLINIC_metal_0047_data,5,177,0,1180
dataset7_CLINIC_metal_0047_data,5,178,0,1283
dataset7_CLINIC_metal_0047_data,5,179,0,1369
dataset7_CLINIC_metal_0047_data,5,180,0,1480
dataset7_CLINIC_metal_0047_data,5,181,0,1546
dataset7_CLINIC_metal_0047_data,5,182,0,1606
dataset7_CLINIC_metal_0047_data,5,183,0,1669
dataset7_CLINIC_metal_0047_data,5,184,0,1706
dataset7_CLINIC_metal_0047_data,5,185,24,1738
dataset7_CLINIC_metal_0047_data,5,186,49,1767
dataset7_CLINIC_metal_0047_data,5,187,93,1782
dataset7_CLINIC_metal_0047_data,5,188,115,1782
dataset7_CLINIC_metal_0047_data,5,189,53,1773
dataset7_CLINIC_metal_0047_data,5,190,4,1746
dataset7_CLINIC_metal_0047_data,5,191,0,1712
dataset7_CLINIC_metal_0047_data,5,192,0,1675
dataset7_CLINIC_metal_0047_data,5,193,0,1632
dataset7_CLINIC_metal_0047_data,5,194,0,1545
dataset7_CLINIC_metal_0047_data,5,195,0,1500
dataset7_CLINIC_metal_0047_data,5,196,0,1407
dataset7_CLINIC_metal_0047_data,5,197,0,1289
dataset7_CLINIC_metal_0047_data,5,198,0,1203
dataset7_CLINIC_metal_0047_data,5,199,0,1085
dataset7_CLINIC_metal_0047_data,5,200,0,936
dataset7_CLINIC_metal_0047_data,5,201,0,786
dataset7_CLINIC_metal_0047_data,5,202,0,603
dataset7_CLINIC_metal_0047_data,5,203,0,341
dataset7_CLINIC_metal_0047_data,5,204,0,124
dataset7_CLINIC_metal_0047_data,6,233,0,196
dataset7_CLINIC_metal_0047_data,6,234,0,356
dataset7_CLINIC_metal_0047_data,6,235,0,462
dataset7_CLINIC_metal_0047_data,6,236,0,582
dataset7_CLINIC_metal_0047_data,6,237,0,693
dataset7_CLINIC_metal_0047_data,6,238,0,803
dataset7_CLINIC_metal_0047_data,6,239,0,912
dataset7_CLINIC_metal_0047_data,6,240,0,1353
dataset7_CLINIC_metal_0047_data,6,241,0,1849
dataset7_CLINIC_metal_0047_data,6,242,0,2117
dataset7_CLINIC_metal_0047_data,6,243,0,2341
dataset7_CLINIC_metal_0047_data,6,244,0,2559
dataset7_CLINIC_metal_0047_data,6,245,0,2691
dataset7_CLINIC_metal_0047_data,6,246,0,2828
dataset7_CLINIC_metal_0047_data,6,247,16,2972
dataset7_CLINIC_metal_0047_data,6,248,35,3070
dataset7_CLINIC_metal_0047_data,6,249,38,3169
dataset7_CLINIC_metal_0047_data,6,250,48,3240
dataset7_CLINIC_metal_0047_data,6,251,58,3286
dataset7_CLINIC_metal_0047_data,6,252,104,3329
dataset7_CLINIC_metal_0047_data,6,253,98,3374
dataset7_CLINIC_metal_0047_data,6,254,110,3387
dataset7_CLINIC_metal_0047_data,6,255,154,3385
dataset7_CLINIC_metal_0047_data,6,256,187,3363
dataset7_CLINIC_metal_0047_data,6,257,117,3336
dataset7_CLINIC_metal_0047_data,6,258,81,3278
dataset7_CLINIC_metal_0047_data,6,259,64,3222
dataset7_CLINIC_metal_0047_data,6,260,33,3147
dataset7_CLINIC_metal_0047_data,6,261,22,3073
dataset7_CLINIC_metal_0047_data,6,262,0,2957
dataset7_CLINIC_metal_0047_data,6,263,0,2823
dataset7_CLINIC_metal_0047_data,6,264,0,2689
dataset7_CLINIC_metal_0047_data,6,265,0,2535
dataset7_CLINIC_metal_0047_data,6,266,0,2343
dataset7_CLINIC_metal_0047_data,6,267,0,2117
dataset7_CLINIC_metal_0047_data,6,268,0,1841
dataset7_CLINIC_metal_0047_data,6,269,0,1455
dataset7_CLINIC_metal_0047_data,6,270,0,1081
dataset7_CLINIC_metal_0047_data,6,271,0,757
dataset7_CLINIC_metal_0047_data,6,272,0,613
dataset7_CLINIC_metal_0047_data,6,273,0,483
dataset7_CLINIC_metal_0047_data,6,274,0,377
dataset7_CLINIC_metal_0047_data,6,275,0,214
dataset7_CLINIC_metal_0047_data,7,217,0,181
dataset7_CLINIC_metal_0047_data,7,218,0,332
dataset7_CLINIC_metal_0047_data,7,219,0,440
dataset7_CLINIC_metal_0047_data,7,220,0,556
dataset7_CLINIC_metal_0047_data,7,221,0,666
dataset7_CLINIC_metal_0047_data,7,222,0,1090
dataset7_CLINIC_metal_0047_data,7,223,0,1570
dataset7_CLINIC_metal_0047_data,7,224,0,2075
dataset7_CLINIC_metal_0047_data,7,225,0,2412
dataset7_CLINIC_metal_0047_data,7,226,0,2677
dataset7_CLINIC_metal_0047_data,7,227,0,2889
dataset7_CLINIC_metal_0047_data,7,228,0,3084
dataset7_CLINIC_metal_0047_data,7,229,0,3255
dataset7_CLINIC_metal_0047_data,7,230,0,3380
dataset7_CLINIC_metal_0047_data,7,231,13,3524
dataset7_CLINIC_metal_0047_data,7,232,28,3622
dataset7_CLINIC_metal_0047_data,7,233,34,3694
dataset7_CLINIC_metal_0047_data,7,234,47,3767
dataset7_CLINIC_metal_0047_data,7,235,64,3819
dataset7_CLINIC_metal_0047_data,7,236,147,3850
dataset7_CLINIC_metal_0047_data,7,237,130,3871
dataset7_CLINIC_metal_0047_data,7,238,141,3855
dataset7_CLINIC_metal_0047_data,7,239,194,3829
dataset7_CLINIC_metal_0047_data,7,240,159,3797
dataset7_CLINIC_metal_0047_data,7,241,110,3749
dataset7_CLINIC_metal_0047_data,7,242,77,3667
dataset7_CLINIC_metal_0047_data,7,243,61,3607
dataset7_CLINIC_metal_0047_data,7,244,38,3498
dataset7_CLINIC_metal_0047_data,7,245,24,3364
dataset7_CLINIC_metal_0047_data,7,246,7,3237
dataset7_CLINIC_metal_0047_data,7,247,0,3065
dataset7_CLINIC_metal_0047_data,7,248,0,2875
dataset7_CLINIC_metal_0047_data,7,249,0,2661
dataset7_CLINIC_metal_0047_data,7,250,0,2395
dataset7_CLINIC_metal_0047_data,7,251,0,1997
dataset7_CLINIC_metal_0047_data,7,252,0,1633
dataset7_CLINIC_metal_0047_data,7,253,0,1307
dataset7_CLINIC_metal_0047_data,7,254,0,986
dataset7_CLINIC_metal_0047_data,7,255,0,743
dataset7_CLINIC_metal_0047_data,7,256,0,629
dataset7_CLINIC_metal_0047_data,7,257,0,512
dataset7_CLINIC_metal_0047_data,7,258,0,398
dataset7_CLINIC_metal_0047_data,7,259,0,288
dataset7_CLINIC_metal_0047_data,7,260,0,152
dataset7_CLINIC_metal_0047_data,8,210,0,112
dataset7_CLINIC_metal_0047_data,8,211,0,230
dataset7_CLINIC_metal_0047_data,8,212,0,312
dataset7_CLINIC_metal_0047_data,8,213,0,401
dataset7_CLINIC_metal_0047_data,8,214,0,493
dataset7_CLINIC_metal_0047_data,8,215,0,577
dataset7_CLINIC_metal_0047_data,8,216,0,660
dataset7_CLINIC_metal_0047_data,8,217,0,748
dataset7_CLINIC_metal_0047_data,8,218,0,838
dataset7_CLINIC_metal_0047_data,8,219,0,893
dataset7_CLINIC_metal_0047_data,8,220,0,960
dataset7_CLINIC_metal_0047_data,8,221,0,1015
dataset7_CLINIC_metal_0047_data,8,222,0,1048
dataset7_CLINIC_metal_0047_data,8,223,0,1088
dataset7_CLINIC_metal_0047_data,8,224,2,1118
dataset7_CLINIC_metal_0047_data,8,225,8,1135
dataset7_CLINIC_metal_0047_data,8,226,14,1144
dataset7_CLINIC_metal_0047_data,8,227,19,1149
dataset7_CLINIC_metal_0047_data,8,228,19,1140
dataset7_CLINIC_metal_0047_data,8,229,9,1133
dataset7_CLINIC_metal_0047_data,8,230,1,1108
dataset7_CLINIC_metal_0047_data,8,231,0,1081
dataset7_CLINIC_metal_0047_data,8,232,0,1049
dataset7_CLINIC_metal_0047_data,8,233,0,1007
dataset7_CLINIC_metal_0047_data,8,234,0,952
dataset7_CLINIC_metal_0047_data,8,235,0,904
dataset7_CLINIC_metal_0047_data,8,236,0,834
dataset7_CLINIC_metal_0047_data,8,237,0,753
dataset7_CLINIC_metal_0047_data,8,238,0,681
dataset7_CLINIC_metal_0047_data,8,239,0,593
dataset7_CLINIC_metal_0047_data,8,240,0,491
dataset7_CLINIC_metal_0047_data,8,241,0,393
dataset7_CLINIC_metal_0047_data,8,242,0,301
dataset7_CLINIC_metal_0047_data,8,243,0,213
dataset7_CLINIC_metal_0047_data,8,244,0,101
dataset7_CLINIC_metal_0047_data,9,194,0,190
dataset7_CLINIC_metal_0047_data,9,195,0,338
dataset7_CLINIC_metal_0047_data,9,196,0,592
dataset7_CLINIC_metal_0047_data,9,197,0,1094
dataset7_CLINIC_metal_0047_data,9,198,0,1438
dataset7_CLINIC_metal_0047_data,9,199,0,1737
dataset7_CLINIC_metal_0047_data,9,200,0,2005
dataset7_CLINIC_metal_0047_data,9,201,0,2244
dataset7_CLINIC_metal_0047_data,9,202,0,2466
dataset7_CLINIC_metal_0047_data,9,203,0,2652
dataset7_CLINIC_metal_0047_data,9,204,0,2882
dataset7_CLINIC_metal_0047_data,9,205,0,3079
dataset7_CLINIC_metal_0047_data,9,206,0,3255
dataset7_CLINIC_metal_0047_data,9,207,0,3454
dataset7_CLINIC_metal_0047_data,9,208,19,3629
dataset7_CLINIC_metal_0047_data,9,209,38,3777
dataset7_CLINIC_metal_0047_data,9,210,125,3940
dataset7_CLINIC_metal_0047_data,9,211,309,4085
dataset7_CLINIC_metal_0047_data,9,212,430,4246
dataset7_CLINIC_metal_0047_data,9,213,511,4376
dataset7_CLINIC_metal_0047_data,9,214,608,4510
dataset7_CLINIC_metal_0047_data,9,215,698,4626
dataset7_CLINIC_metal_0047_data,9,216,765,4726
dataset7_CLINIC_metal_0047_data,9,217,830,4822
dataset7_CLINIC_metal_0047_data,9,218,949,4912
dataset7_CLINIC_metal_0047_data,9,219,1048,4980
dataset7_CLINIC_metal_0047_data,9,220,1179,5032
dataset7_CLINIC_metal_0047_data,9,221,1276,5080
dataset7_CLINIC_metal_0047_data,9,222,1380,5116
dataset7_CLINIC_metal_0047_data,9,223,1486,5139
dataset7_CLINIC_metal_0047_data,9,224,1567,5145
dataset7_CLINIC_metal_0047_data,9,225,1569,5140
dataset7_CLINIC_metal_0047_data,9,226,1509,5125
dataset7_CLINIC_metal_0047_data,9,227,1301,5101
dataset7_CLINIC_metal_0047_data,9,228,1175,5067
dataset7_CLINIC_metal_0047_data,9,229,1095,5017
dataset7_CLINIC_metal_0047_data,9,230,951,4939
dataset7_CLINIC_metal_0047_data,9,231,915,4871
dataset7_CLINIC_metal_0047_data,9,232,894,4780
dataset7_CLINIC_metal_0047_data,9,233,773,4668
dataset7_CLINIC_metal_0047_data,9,234,686,4575
dataset7_CLINIC_metal_0047_data,9,235,596,4438
dataset7_CLINIC_metal_0047_data,9,236,425,4305
dataset7_CLINIC_metal_0047_data,9,237,240,4182
dataset7_CLINIC_metal_0047_data,9,238,89,4012
dataset7_CLINIC_metal_0047_data,9,239,22,3870
dataset7_CLINIC_metal_0047_data,9,240,0,3681
dataset7_CLINIC_metal_0047_data,9,241,0,3479
dataset7_CLINIC_metal_0047_data,9,242,0,3287
dataset7_CLINIC_metal_0047_data,9,243,0,3062
dataset7_CLINIC_metal_0047_data,9,244,0,2832
dataset7_CLINIC_metal_0047_data,9,245,0,2604
dataset7_CLINIC_metal_0047_data,9,246,0,2348
dataset7_CLINIC_metal_0047_data,9,247,0,2061
dataset7_CLINIC_metal_0047_data,9,248,0,1752
dataset7_CLINIC_metal_0047_data,9,249,0,1469
dataset7_CLINIC_metal_0047_data,9,250,0,1167
dataset7_CLINIC_metal_0047_data,9,251,0,806
dataset7_CLINIC_metal_0047_data,9,252,0,403
dataset7_CLINIC_metal_0047_data,9,253,0,202
dataset7_CLINIC_metal_0047_data,10,213,0,169
dataset7_CLINIC_metal_0047_data,10,214,0,428
dataset7_CLINIC_metal_0047_data,10,215,0,645
dataset7_CLINIC_metal_0047_data,10,216,0,938
dataset7_CLINIC_metal_0047_data,10,217,0,1286
dataset7_CLINIC_metal_0047_data,10,218,0,1629
dataset7_CLINIC_metal_0047_data,10,219,0,1881
dataset7_CLINIC_metal_0047_data,10,220,0,2065
dataset7_CLINIC_metal_0047_data,10,221,0,2257
dataset7_CLINIC_metal_0047_data,10,222,0,2407
dataset7_CLINIC_metal_0047_data,10,223,0,2529
dataset7_CLINIC_metal_0047_data,10,224,0,2658
dataset7_CLINIC_metal_0047_data,10,225,0,2751
dataset7_CLINIC_metal_0047_data,10,226,0,2814
dataset7_CLINIC_metal_0047_data,10,227,10,2908
dataset7_CLINIC_metal_0047_data,10,228,72,2951
dataset7_CLINIC_metal_0047_data,10,229,130,2991
dataset7_CLINIC_metal_0047_data,10,230,166,3021
dataset7_CLINIC_metal_0047_data,10,231,131,3039
dataset7_CLINIC_metal_0047_data,10,232,119,3031
dataset7_CLINIC_metal_0047_data,10,233,112,3006
dataset7_CLINIC_metal_0047_data,10,234,75,2962
dataset7_CLINIC_metal_0047_data,10,235,0,2917
dataset7_CLINIC_metal_0047_data,10,236,0,2861
dataset7_CLINIC_metal_0047_data,10,237,0,2783
dataset7_CLINIC_metal_0047_data,10,238,0,2689
dataset7_CLINIC_metal_0047_data,10,239,0,2604
dataset7_CLINIC_metal_0047_data,10,240,0,2459
dataset7_CLINIC_metal_0047_data,10,241,0,2318
dataset7_CLINIC_metal_0047_data,10,242,0,2170
dataset7_CLINIC_metal_0047_data,10,243,0,1971
dataset7_CLINIC_metal_0047_data,10,244,0,1758
dataset7_CLINIC_metal_0047_data,10,245,0,1513
dataset7_CLINIC_metal_0047_data,10,246,0,1180
dataset7_CLINIC_metal_0047_data,10,247,0,695
dataset7_CLINIC_metal_0047_data,10,248,0,438
dataset7_CLINIC_metal_0047_data,11,230,0,210
dataset7_CLINIC_metal_0047_data,11,231,0,492
dataset7_CLINIC_metal_0047_data,11,232,0,701
dataset7_CLINIC_metal_0047_data,11,233,0,1024
dataset7_CLINIC_metal_0047_data,11,234,0,1404
dataset7_CLINIC_metal_0047_data,11,235,0,1662
dataset7_CLINIC_metal_0047_data,11,236,0,1866
dataset7_CLINIC_metal_0047_data,11,237,0,2046
dataset7_CLINIC_metal_0047_data,11,238,0,2191
dataset7_CLINIC_metal_0047_data,11,239,0,2319
dataset7_CLINIC_metal_0047_data,11,240,0,2438
dataset7_CLINIC_metal_0047_data,11,241,0,2540
dataset7_CLINIC_metal_0047_data,11,242,0,2602
dataset7_CLINIC_metal_0047_data,11,243,0,2683
dataset7_CLINIC_metal_0047_data,11,244,16,2727
dataset7_CLINIC_metal_0047_data,11,245,86,2784
dataset7_CLINIC_metal_0047_data,11,246,136,2818
dataset7_CLINIC_metal_0047_data,11,247,165,2841
dataset7_CLINIC_metal_0047_data,11,248,78,2845
dataset7_CLINIC_metal_0047_data,11,249,86,2837
dataset7_CLINIC_metal_0047_data,11,250,104,2790
dataset7_CLINIC_metal_0047_data,11,251,30,2752
dataset7_CLINIC_metal_0047_data,11,252,0,2719
dataset7_CLINIC_metal_0047_data,11,253,0,2641
dataset7_CLINIC_metal_0047_data,11,254,0,2555
dataset7_CLINIC_metal_0047_data,11,255,0,2477
dataset7_CLINIC_metal_0047_data,11,256,0,2348
dataset7_CLINIC_metal_0047_data,11,257,0,2223
dataset7_CLINIC_metal_0047_data,11,258,0,2092
dataset7_CLINIC_metal_0047_data,11,259,0,1906
dataset7_CLINIC_metal_0047_data,11,260,0,1704
dataset7_CLINIC_metal_0047_data,11,261,0,1497
dataset7_CLINIC_metal_0047_data,11,262,0,1180
dataset7_CLINIC_metal_0047_data,11,263,0,733
dataset7_CLINIC_metal_0047_data,11,264,0,557
dataset7_CLINIC_metal_0047_data,11,265,0,338
dataset7_CLINIC_metal_0047_data,12,221,0,246
dataset7_CLINIC_metal_0047_data,12,222,0,425
dataset7_CLINIC_metal_0047_data,12,223,0,533
dataset7_CLINIC_metal_0047_data,12,224,0,658
dataset7_CLINIC_metal_0047_data,12,225,0,772
dataset7_CLINIC_metal_0047_data,12,226,0,829
dataset7_CLINIC_metal_0047_data,12,227,0,928
dataset7_CLINIC_metal_0047_data,12,228,0,1013
dataset7_CLINIC_metal_0047_data,12,229,0,1040
dataset7_CLINIC_metal_0047_data,12,230,0,1120
dataset7_CLINIC_metal_0047_data,12,231,0,1150
dataset7_CLINIC_metal_0047_data,12,232,0,1177
dataset7_CLINIC_metal_0047_data,12,233,0,1204
dataset7_CLINIC_metal_0047_data,12,234,0,1231
dataset7_CLINIC_metal_0047_data,12,235,25,1231
dataset7_CLINIC_metal_0047_data,12,236,0,1231
dataset7_CLINIC_metal_0047_data,12,237,0,1204
dataset7_CLINIC_metal_0047_data,12,238,0,1177
dataset7_CLINIC_metal_0047_data,12,239,0,1150
dataset7_CLINIC_metal_0047_data,12,240,0,1120
dataset7_CLINIC_metal_0047_data,12,241,0,1040
dataset7_CLINIC_metal_0047_data,12,242,0,1013
dataset7_CLINIC_metal_0047_data,12,243,0,928
dataset7_CLINIC_metal_0047_data,12,244,0,829
dataset7_CLINIC_metal_0047_data,12,245,0,772
dataset7_CLINIC_metal_0047_data,12,246,0,658
dataset7_CLINIC_metal_0047_data,12,247,0,533
dataset7_CLINIC_metal_0047_data,12,248,0,425
dataset7_CLINIC_metal_0047_data,12,249,0,246
dataset7_CLINIC_metal_0047_data,13,108,0,150
dataset7_CLINIC_metal_0047_data,13,109,0,462
dataset7_CLINIC_metal_0047_data,13,110,0,790
dataset7_CLINIC_metal_0047_data,13,111,0,1151
dataset7_CLINIC_metal_0047_data,13,112,0,1404
dataset7_CLINIC_metal_0047_data,13,113,0,1625
dataset7_CLINIC_metal_0047_data,13,114,0,1843
dataset7_CLINIC_metal_0047_data,13,115,0,2078
dataset7_CLINIC_metal_0047_data,13,116,0,2298
dataset7_CLINIC_metal_0047_data,13,117,0,2548
dataset7_CLINIC_metal_0047_data,13,118,0,2770
dataset7_CLINIC_metal_0047_data,13,119,0,2971
dataset7_CLINIC_metal_0047_data,13,120,0,3167
dataset7_CLINIC_metal_0047_data,13,121,0,3348
dataset7_CLINIC_metal_0047_data,13,122,8,3534
dataset7_CLINIC_metal_0047_data,13,123,121,3722
dataset7_CLINIC_metal_0047_data,13,124,273,3896
dataset7_CLINIC_metal_0047_data,13,125,447,4068
dataset7_CLINIC_metal_0047_data,13,126,526,4218
dataset7_CLINIC_metal_0047_data,13,127,620,4381
dataset7_CLINIC_metal_0047_data,13,128,700,4498
dataset7_CLINIC_metal_0047_data,13,129,760,4609
dataset7_CLINIC_metal_0047_data,13,130,816,4731
dataset7_CLINIC_metal_0047_data,13,131,974,4825
dataset7_CLINIC_metal_0047_data,13,132,1101,4888
dataset7_CLINIC_metal_0047_data,13,133,1208,4972
dataset7_CLINIC_metal_0047_data,13,134,1286,5026
dataset7_CLINIC_metal_0047_data,13,135,1376,5067
dataset7_CLINIC_metal_0047_data,13,136,1471,5102
dataset7_CLINIC_metal_0047_data,13,137,1596,5131
dataset7_CLINIC_metal_0047_data,13,138,1630,5163
dataset7_CLINIC_metal_0047_data,13,139,1602,5178
dataset7_CLINIC_metal_0047_data,13,140,1493,5191
dataset7_CLINIC_metal_0047_data,13,141,1301,5190
dataset7_CLINIC_metal_0047_data,13,142,1215,5188
dataset7_CLINIC_metal_0047_data,13,143,1047,5177
dataset7_CLINIC_metal_0047_data,13,144,975,5148
dataset7_CLINIC_metal_0047_data,13,145,856,5106
dataset7_CLINIC_metal_0047_data,13,146,809,5068
dataset7_CLINIC_metal_0047_data,13,147,762,4997
dataset7_CLINIC_metal_0047_data,13,148,614,4928
dataset7_CLINIC_metal_0047_data,13,149,482,4820
dataset7_CLINIC_metal_0047_data,13,150,379,4713
dataset7_CLINIC_metal_0047_data,13,151,263,4590
dataset7_CLINIC_metal_0047_data,13,152,160,4444
dataset7_CLINIC_metal_0047_data,13,153,82,4277
dataset7_CLINIC_metal_0047_data,13,154,19,4104
dataset7_CLINIC_metal_0047_data,13,155,0,3919
dataset7_CLINIC_metal_0047_data,13,156,0,3705
dataset7_CLINIC_metal_0047_data,13,157,0,3480
dataset7_CLINIC_metal_0047_data,13,158,0,3280
dataset7_CLINIC_metal_0047_data,13,159,0,2994
dataset7_CLINIC_metal_0047_data,13,160,0,2674
dataset7_CLINIC_metal_0047_data,13,161,0,2412
dataset7_CLINIC_metal_0047_data,13,162,0,2097
dataset7_CLINIC_metal_0047_data,13,163,0,1736
dataset7_CLINIC_metal_0047_data,13,164,0,1494
dataset7_CLINIC_metal_0047_data,13,165,0,1253
dataset7_CLINIC_metal_0047_data,13,166,0,942
dataset7_CLINIC_metal_0047_data,13,167,0,451
dataset7_CLINIC_metal_0047_data,13,168,0,196
dataset7_CLINIC_metal_0047_data,14,126,0,266
dataset7_CLINIC_metal_0047_data,14,127,0,497
dataset7_CLINIC_metal_0047_data,14,128,0,721
dataset7_CLINIC_metal_0047_data,14,129,0,935
dataset7_CLINIC_metal_0047_data,14,130,0,1112
dataset7_CLINIC_metal_0047_data,14,131,0,1286
dataset7_CLINIC_metal_0047_data,14,132,0,1441
dataset7_CLINIC_metal_0047_data,14,133,0,1574
dataset7_CLINIC_metal_0047_data,14,134,0,1702
dataset7_CLINIC_metal_0047_data,14,135,0,1826
dataset7_CLINIC_metal_0047_data,14,136,0,2075
dataset7_CLINIC_metal_0047_data,14,137,0,2260
dataset7_CLINIC_metal_0047_data,14,138,0,2416
dataset7_CLINIC_metal_0047_data,14,139,0,2570
dataset7_CLINIC_metal_0047_data,14,140,39,2716
dataset7_CLINIC_metal_0047_data,14,141,133,2845
dataset7_CLINIC_metal_0047_data,14,142,232,2981
dataset7_CLINIC_metal_0047_data,14,143,280,3112
dataset7_CLINIC_metal_0047_data,14,144,300,3233
dataset7_CLINIC_metal_0047_data,14,145,277,3360
dataset7_CLINIC_metal_0047_data,14,146,202,3467
dataset7_CLINIC_metal_0047_data,14,147,152,3784
dataset7_CLINIC_metal_0047_data,14,148,141,4115
dataset7_CLINIC_metal_0047_data,14,149,150,4338
dataset7_CLINIC_metal_0047_data,14,150,254,4615
dataset7_CLINIC_metal_0047_data,14,151,343,4822
dataset7_CLINIC_metal_0047_data,14,152,408,4970
dataset7_CLINIC_metal_0047_data,14,153,420,5098
dataset7_CLINIC_metal_0047_data,14,154,443,5220
dataset7_CLINIC_metal_0047_data,14,155,464,5293
dataset7_CLINIC_metal_0047_data,14,156,418,5365
dataset7_CLINIC_metal_0047_data,14,157,456,5392
dataset7_CLINIC_metal_0047_data,14,158,552,5439
dataset7_CLINIC_metal_0047_data,14,159,697,5455
dataset7_CLINIC_metal_0047_data,14,160,786,5456
dataset7_CLINIC_metal_0047_data,14,161,825,5501
dataset7_CLINIC_metal_0047_data,14,162,874,5596
dataset7_CLINIC_metal_0047_data,14,163,955,5711
dataset7_CLINIC_metal_0047_data,14,164,1007,5841
dataset7_CLINIC_metal_0047_data,14,165,1054,5983
dataset7_CLINIC_metal_0047_data,14,166,1069,6169
dataset7_CLINIC_metal_0047_data,14,167,1108,6405
dataset7_CLINIC_metal_0047_data,14,168,1116,6610
dataset7_CLINIC_metal_0047_data,14,169,1137,6827
dataset7_CLINIC_metal_0047_data,14,170,1079,7064
dataset7_CLINIC_metal_0047_data,14,171,988,7277
dataset7_CLINIC_metal_0047_data,14,172,893,7510
dataset7_CLINIC_metal_0047_data,14,173,832,7745
dataset7_CLINIC_metal_0047_data,14,174,808,7941
dataset7_CLINIC_metal_0047_data,14,175,760,8148
dataset7_CLINIC_metal_0047_data,14,176,649,8341
dataset7_CLINIC_metal_0047_data,14,177,563,8583
dataset7_CLINIC_metal_0047_data,14,178,548,8851
dataset7_CLINIC_metal_0047_data,14,179,546,9110
dataset7_CLINIC_metal_0047_data,14,180,564,9338
dataset7_CLINIC_metal_0047_data,14,181,567,9591
dataset7_CLINIC_metal_0047_data,14,182,592,9707
dataset7_CLINIC_metal_0047_data,14,183,633,9826
dataset7_CLINIC_metal_0047_data,14,184,687,9930
dataset7_CLINIC_metal_0047_data,14,185,743,10028
dataset7_CLINIC_metal_0047_data,14,186,757,10187
dataset7_CLINIC_metal_0047_data,14,187,764,10310
dataset7_CLINIC_metal_0047_data,14,188,792,10622
dataset7_CLINIC_metal_0047_data,14,189,801,11010
dataset7_CLINIC_metal_0047_data,14,190,824,11274
dataset7_CLINIC_metal_0047_data,14,191,835,11449
dataset7_CLINIC_metal_0047_data,14,192,854,11607
dataset7_CLINIC_metal_0047_data,14,193,865,11675
dataset7_CLINIC_metal_0047_data,14,194,869,11726
dataset7_CLINIC_metal_0047_data,14,195,787,11717
dataset7_CLINIC_metal_0047_data,14,196,755,11692
dataset7_CLINIC_metal_0047_data,14,197,666,11699
dataset7_CLINIC_metal_0047_data,14,198,614,11656
dataset7_CLINIC_metal_0047_data,14,199,651,11655
dataset7_CLINIC_metal_0047_data,14,200,827,11637
dataset7_CLINIC_metal_0047_data,14,201,1073,11634
dataset7_CLINIC_metal_0047_data,14,202,1290,11629
dataset7_CLINIC_metal_0047_data,14,203,1187,11596
dataset7_CLINIC_metal_0047_data,14,204,1146,11498
dataset7_CLINIC_metal_0047_data,14,205,966,11399
dataset7_CLINIC_metal_0047_data,14,206,770,11227
dataset7_CLINIC_metal_0047_data,14,207,814,11081
dataset7_CLINIC_metal_0047_data,14,208,829,10859
dataset7_CLINIC_metal_0047_data,14,209,839,10574
dataset7_CLINIC_metal_0047_data,14,210,835,10309
dataset7_CLINIC_metal_0047_data,14,211,816,9968
dataset7_CLINIC_metal_0047_data,14,212,758,9630
dataset7_CLINIC_metal_0047_data,14,213,701,9218
dataset7_CLINIC_metal_0047_data,14,214,726,8672
dataset7_CLINIC_metal_0047_data,14,215,774,8227
dataset7_CLINIC_metal_0047_data,14,216,820,7540
dataset7_CLINIC_metal_0047_data,14,217,825,6168
dataset7_CLINIC_metal_0047_data,14,218,804,5224
dataset7_CLINIC_metal_0047_data,14,219,719,4479
dataset7_CLINIC_metal_0047_data,14,220,440,4067
dataset7_CLINIC_metal_0047_data,14,221,312,3598
dataset7_CLINIC_metal_0047_data,14,222,395,3174
dataset7_CLINIC_metal_0047_data,14,223,408,3126
dataset7_CLINIC_metal_0047_data,14,224,391,3091
dataset7_CLINIC_metal_0047_data,14,225,317,3047
dataset7_CLINIC_metal_0047_data,14,226,281,2976
dataset7_CLINIC_metal_0047_data,14,227,270,2917
dataset7_CLINIC_metal_0047_data,14,228,282,2870
dataset7_CLINIC_metal_0047_data,14,229,253,2816
dataset7_CLINIC_metal_0047_data,14,230,192,2744
dataset7_CLINIC_metal_0047_data,14,231,163,2685
dataset7_CLINIC_metal_0047_data,14,232,158,2635
dataset7_CLINIC_metal_0047_data,14,233,139,2603
dataset7_CLINIC_metal_0047_data,14,234,264,2568
dataset7_CLINIC_metal_0047_data,14,235,292,2517
dataset7_CLINIC_metal_0047_data,14,236,264,2478
dataset7_CLINIC_metal_0047_data,14,237,230,2427
dataset7_CLINIC_metal_0047_data,14,238,147,2351
dataset7_CLINIC_metal_0047_data,14,239,0,2279
dataset7_CLINIC_metal_0047_data,14,240,0,2207
dataset7_CLINIC_metal_0047_data,14,241,0,2118
dataset7_CLINIC_metal_0047_data,14,242,0,2010
dataset7_CLINIC_metal_0047_data,14,243,0,1909
dataset7_CLINIC_metal_0047_data,14,244,0,1776
dataset7_CLINIC_metal_0047_data,14,245,0,1649
dataset7_CLINIC_metal_0047_data,14,246,0,1506
dataset7_CLINIC_metal_0047_data,14,247,0,1369
dataset7_CLINIC_metal_0047_data,14,248,0,1223
dataset7_CLINIC_metal_0047_data,14,249,0,1052
dataset7_CLINIC_metal_0047_data,14,250,0,898
dataset7_CLINIC_metal_0047_data,14,251,0,731
dataset7_CLINIC_metal_0047_data,14,252,0,498
dataset7_CLINIC_metal_0047_data,15,131,0,173
dataset7_CLINIC_metal_0047_data,15,132,0,315
dataset7_CLINIC_metal_0047_data,15,133,0,417
dataset7_CLINIC_metal_0047_data,15,134,0,525
dataset7_CLINIC_metal_0047_data,15,135,0,634
dataset7_CLINIC_metal_0047_data,15,136,0,728
dataset7_CLINIC_metal_0047_data,15,137,0,815
dataset7_CLINIC_metal_0047_data,15,138,0,899
dataset7_CLINIC_metal_0047_data,15,139,0,971
dataset7_CLINIC_metal_0047_data,15,140,0,1031
dataset7_CLINIC_metal_0047_data,15,141,0,1090
dataset7_CLINIC_metal_0047_data,15,142,0,1129
dataset7_CLINIC_metal_0047_data,15,143,0,1171
dataset7_CLINIC_metal_0047_data,15,144,0,1202
dataset7_CLINIC_metal_0047_data,15,145,12,1232
dataset7_CLINIC_metal_0047_data,15,146,25,1247
dataset7_CLINIC_metal_0047_data,15,147,17,1262
dataset7_CLINIC_metal_0047_data,15,148,21,1264
dataset7_CLINIC_metal_0047_data,15,149,19,1269
dataset7_CLINIC_metal_0047_data,15,150,11,1266
dataset7_CLINIC_metal_0047_data,15,151,8,1263
dataset7_CLINIC_metal_0047_data,15,152,10,1238
dataset7_CLINIC_metal_0047_data,15,153,12,1230
dataset7_CLINIC_metal_0047_data,15,154,11,1199
dataset7_CLINIC_metal_0047_data,15,155,8,1156
dataset7_CLINIC_metal_0047_data,15,156,0,1122
dataset7_CLINIC_metal_0047_data,15,157,0,1069
dataset7_CLINIC_metal_0047_data,15,158,0,1005
dataset7_CLINIC_metal_0047_data,15,159,0,956
dataset7_CLINIC_metal_0047_data,15,160,0,893
dataset7_CLINIC_metal_0047_data,15,161,0,828
dataset7_CLINIC_metal_0047_data,15,162,0,772
dataset7_CLINIC_metal_0047_data,15,163,0,697
dataset7_CLINIC_metal_0047_data,15,164,0,623
dataset7_CLINIC_metal_0047_data,15,165,0,561
dataset7_CLINIC_metal_0047_data,15,166,0,465
dataset7_CLINIC_metal_0047_data,15,167,0,367
dataset7_CLINIC_metal_0047_data,15,168,0,279
dataset7_CLINIC_metal_0047_data,15,169,0,146
dataset7_CLINIC_metal_0050_data,0,51,0,147
dataset7_CLINIC_metal_0050_data,0,52,0,348
dataset7_CLINIC_metal_0050_data,0,53,0,557
dataset7_CLINIC_metal_0050_data,0,54,0,759
dataset7_CLINIC_metal_0050_data,0,55,0,962
dataset7_CLINIC_metal_0050_data,0,56,0,1147
dataset7_CLINIC_metal_0050_data,0,57,0,1328
dataset7_CLINIC_metal_0050_data,0,58,0,1503
dataset7_CLINIC_metal_0050_data,0,59,0,1665
dataset7_CLINIC_metal_0050_data,0,60,0,1817
dataset7_CLINIC_metal_0050_data,0,61,0,1967
dataset7_CLINIC_metal_0050_data,0,62,0,2102
dataset7_CLINIC_metal_0050_data,0,63,0,2247
dataset7_CLINIC_metal_0050_data,0,64,0,2374
dataset7_CLINIC_metal_0050_data,0,65,9,2505
dataset7_CLINIC_metal_0050_data,0,66,22,2634
dataset7_CLINIC_metal_0050_data,0,67,49,2758
dataset7_CLINIC_metal_0050_data,0,68,64,2870
dataset7_CLINIC_metal_0050_data,0,69,75,2991
dataset7_CLINIC_metal_0050_data,0,70,78,3092
dataset7_CLINIC_metal_0050_data,0,71,84,3204
dataset7_CLINIC_metal_0050_data,0,72,83,3304
dataset7_CLINIC_metal_0050_data,0,73,88,3382
dataset7_CLINIC_metal_0050_data,0,74,99,3472
dataset7_CLINIC_metal_0050_data,0,75,122,3538
dataset7_CLINIC_metal_0050_data,0,76,142,3613
dataset7_CLINIC_metal_0050_data,0,77,150,3666
dataset7_CLINIC_metal_0050_data,0,78,161,3719
dataset7_CLINIC_metal_0050_data,0,79,162,3775
dataset7_CLINIC_metal_0050_data,0,80,168,3837
dataset7_CLINIC_metal_0050_data,0,81,169,3894
dataset7_CLINIC_metal_0050_data,0,82,171,3961
dataset7_CLINIC_metal_0050_data,0,83,172,4022
dataset7_CLINIC_metal_0050_data,0,84,172,4082
dataset7_CLINIC_metal_0050_data,0,85,176,4132
dataset7_CLINIC_metal_0050_data,0,86,181,4204
dataset7_CLINIC_metal_0050_data,0,87,184,4255
dataset7_CLINIC_metal_0050_data,0,88,182,4310
dataset7_CLINIC_metal_0050_data,0,89,186,4352
dataset7_CLINIC_metal_0050_data,0,90,180,4394
dataset7_CLINIC_metal_0050_data,0,91,177,4425
dataset7_CLINIC_metal_0050_data,0,92,183,4456
dataset7_CLINIC_metal_0050_data,0,93,169,4521
dataset7_CLINIC_metal_0050_data,0,94,171,4787
dataset7_CLINIC_metal_0050_data,0,95,165,4939
dataset7_CLINIC_metal_0050_data,0,96,165,5032
dataset7_CLINIC_metal_0050_data,0,97,162,5142
dataset7_CLINIC_metal_0050_data,0,98,162,5190
dataset7_CLINIC_metal_0050_data,0,99,168,5228
dataset7_CLINIC_metal_0050_data,0,100,163,5293
dataset7_CLINIC_metal_0050_data,0,101,162,5335
dataset7_CLINIC_metal_0050_data,0,102,162,5341
dataset7_CLINIC_metal_0050_data,0,103,161,5334
dataset7_CLINIC_metal_0050_data,0,104,157,5325
dataset7_CLINIC_metal_0050_data,0,105,159,5304
dataset7_CLINIC_metal_0050_data,0,106,163,5268
dataset7_CLINIC_metal_0050_data,0,107,164,5227
dataset7_CLINIC_metal_0050_data,0,108,185,5181
dataset7_CLINIC_metal_0050_data,0,109,287,5129
dataset7_CLINIC_metal_0050_data,0,110,377,5078
dataset7_CLINIC_metal_0050_data,0,111,449,5014
dataset7_CLINIC_metal_0050_data,0,112,546,4963
dataset7_CLINIC_metal_0050_data,0,113,592,4897
dataset7_CLINIC_metal_0050_data,0,114,704,4821
dataset7_CLINIC_metal_0050_data,0,115,759,4751
dataset7_CLINIC_metal_0050_data,0,116,773,4676
dataset7_CLINIC_metal_0050_data,0,117,703,4591
dataset7_CLINIC_metal_0050_data,0,118,574,4500
dataset7_CLINIC_metal_0050_data,0,119,438,4423
dataset7_CLINIC_metal_0050_data,0,120,297,4336
dataset7_CLINIC_metal_0050_data,0,121,217,4237
dataset7_CLINIC_metal_0050_data,0,122,159,4144
dataset7_CLINIC_metal_0050_data,0,123,88,4036
dataset7_CLINIC_metal_0050_data,0,124,48,3938
dataset7_CLINIC_metal_0050_data,0,125,8,3830
dataset7_CLINIC_metal_0050_data,0,126,0,3703
dataset7_CLINIC_metal_0050_data,0,127,0,3555
dataset7_CLINIC_metal_0050_data,0,128,0,3396
dataset7_CLINIC_metal_0050_data,0,129,0,3205
dataset7_CLINIC_metal_0050_data,0,130,0,2994
dataset7_CLINIC_metal_0050_data,0,131,0,2733
dataset7_CLINIC_metal_0050_data,0,132,0,2411
dataset7_CLINIC_metal_0050_data,0,133,0,2005
dataset7_CLINIC_metal_0050_data,0,134,0,1532
dataset7_CLINIC_metal_0050_data,0,135,0,1104
dataset7_CLINIC_metal_0050_data,0,136,0,797
dataset7_CLINIC_metal_0050_data,0,137,0,442
dataset7_CLINIC_metal_0050_data,0,138,0,263
dataset7_CLINIC_metal_0050_data,0,139,0,144
dataset7_CLINIC_metal_0050_data,1,208,0,167
dataset7_CLINIC_metal_0050_data,1,209,0,301
dataset7_CLINIC_metal_0050_data,1,210,0,456
dataset7_CLINIC_metal_0050_data,1,211,0,645
dataset7_CLINIC_metal_0050_data,1,212,0,790
dataset7_CLINIC_metal_0050_data,1,213,0,966
dataset7_CLINIC_metal_0050_data,1,214,0,1150
dataset7_CLINIC_metal_0050_data,1,215,0,1343
dataset7_CLINIC_metal_0050_data,1,216,0,1527
dataset7_CLINIC_metal_0050_data,1,217,0,1726
dataset7_CLINIC_metal_0050_data,1,218,0,1915
dataset7_CLINIC_metal_0050_data,1,219,0,2125
dataset7_CLINIC_metal_0050_data,1,220,0,2322
dataset7_CLINIC_metal_0050_data,1,221,0,2523
dataset7_CLINIC_metal_0050_data,1,222,10,2713
dataset7_CLINIC_metal_0050_data,1,223,44,2934
dataset7_CLINIC_metal_0050_data,1,224,72,3207
dataset7_CLINIC_metal_0050_data,1,225,107,3419
dataset7_CLINIC_metal_0050_data,1,226,131,3594
dataset7_CLINIC_metal_0050_data,1,227,161,3742
dataset7_CLINIC_metal_0050_data,1,228,163,3853
dataset7_CLINIC_metal_0050_data,1,229,161,3951
dataset7_CLINIC_metal_0050_data,1,230,155,4039
dataset7_CLINIC_metal_0050_data,1,231,150,4103
dataset7_CLINIC_metal_0050_data,1,232,150,4147
dataset7_CLINIC_metal_0050_data,1,233,151,4165
dataset7_CLINIC_metal_0050_data,1,234,153,4178
dataset7_CLINIC_metal_0050_data,1,235,157,4165
dataset7_CLINIC_metal_0050_data,1,236,154,4141
dataset7_CLINIC_metal_0050_data,1,237,161,4094
dataset7_CLINIC_metal_0050_data,1,238,161,4022
dataset7_CLINIC_metal_0050_data,1,239,193,3934
dataset7_CLINIC_metal_0050_data,1,240,192,3825
dataset7_CLINIC_metal_0050_data,1,241,179,3692
dataset7_CLINIC_metal_0050_data,1,242,145,3538
dataset7_CLINIC_metal_0050_data,1,243,111,3330
dataset7_CLINIC_metal_0050_data,1,244,77,3140
dataset7_CLINIC_metal_0050_data,1,245,61,2915
dataset7_CLINIC_metal_0050_data,1,246,38,2719
dataset7_CLINIC_metal_0050_data,1,247,10,2523
dataset7_CLINIC_metal_0050_data,1,248,0,2325
dataset7_CLINIC_metal_0050_data,1,249,0,2132
dataset7_CLINIC_metal_0050_data,1,250,0,1925
dataset7_CLINIC_metal_0050_data,1,251,0,1735
dataset7_CLINIC_metal_0050_data,1,252,0,1540
dataset7_CLINIC_metal_0050_data,1,253,0,1348
dataset7_CLINIC_metal_0050_data,1,254,0,1157
dataset7_CLINIC_metal_0050_data,1,255,0,981
dataset7_CLINIC_metal_0050_data,1,256,0,807
dataset7_CLINIC_metal_0050_data,1,257,0,651
dataset7_CLINIC_metal_0050_data,1,258,0,511
dataset7_CLINIC_metal_0050_data,1,259,0,392
dataset7_CLINIC_metal_0050_data,1,260,0,268
dataset7_CLINIC_metal_0050_data,1,261,0,150
dataset7_CLINIC_metal_0050_data,2,192,0,155
dataset7_CLINIC_metal_0050_data,2,193,0,278
dataset7_CLINIC_metal_0050_data,2,194,0,449
dataset7_CLINIC_metal_0050_data,2,195,0,610
dataset7_CLINIC_metal_0050_data,2,196,0,761
dataset7_CLINIC_metal_0050_data,2,197,0,935
dataset7_CLINIC_metal_0050_data,2,198,0,1118
dataset7_CLINIC_metal_0050_data,2,199,0,1312
dataset7_CLINIC_metal_0050_data,2,200,0,1506
dataset7_CLINIC_metal_0050_data,2,201,0,1697
dataset7_CLINIC_metal_0050_data,2,202,0,1893
dataset7_CLINIC_metal_0050_data,2,203,0,2098
dataset7_CLINIC_metal_0050_data,2,204,0,2294
dataset7_CLINIC_metal_0050_data,2,205,0,2495
dataset7_CLINIC_metal_0050_data,2,206,11,2772
dataset7_CLINIC_metal_0050_data,2,207,37,2978
dataset7_CLINIC_metal_0050_data,2,208,73,3156
dataset7_CLINIC_metal_0050_data,2,209,109,3308
dataset7_CLINIC_metal_0050_data,2,210,135,3419
dataset7_CLINIC_metal_0050_data,2,211,152,3517
dataset7_CLINIC_metal_0050_data,2,212,159,3608
dataset7_CLINIC_metal_0050_data,2,213,156,3679
dataset7_CLINIC_metal_0050_data,2,214,156,3719
dataset7_CLINIC_metal_0050_data,2,215,153,3735
dataset7_CLINIC_metal_0050_data,2,216,152,3760
dataset7_CLINIC_metal_0050_data,2,217,154,3753
dataset7_CLINIC_metal_0050_data,2,218,156,3744
dataset7_CLINIC_metal_0050_data,2,219,156,3715
dataset7_CLINIC_metal_0050_data,2,220,173,3661
dataset7_CLINIC_metal_0050_data,2,221,196,3595
dataset7_CLINIC_metal_0050_data,2,222,178,3516
dataset7_CLINIC_metal_0050_data,2,223,160,3419
dataset7_CLINIC_metal_0050_data,2,224,128,3301
dataset7_CLINIC_metal_0050_data,2,225,94,3162
dataset7_CLINIC_metal_0050_data,2,226,70,3016
dataset7_CLINIC_metal_0050_data,2,227,54,2836
dataset7_CLINIC_metal_0050_data,2,228,27,2640
dataset7_CLINIC_metal_0050_data,2,229,0,2433
dataset7_CLINIC_metal_0050_data,2,230,0,2232
dataset7_CLINIC_metal_0050_data,2,231,0,2041
dataset7_CLINIC_metal_0050_data,2,232,0,1851
dataset7_CLINIC_metal_0050_data,2,233,0,1656
dataset7_CLINIC_metal_0050_data,2,234,0,1471
dataset7_CLINIC_metal_0050_data,2,235,0,1287
dataset7_CLINIC_metal_0050_data,2,236,0,1109
dataset7_CLINIC_metal_0050_data,2,237,0,925
dataset7_CLINIC_metal_0050_data,2,238,0,753
dataset7_CLINIC_metal_0050_data,2,239,0,595
dataset7_CLINIC_metal_0050_data,2,240,0,466
dataset7_CLINIC_metal_0050_data,2,241,0,335
dataset7_CLINIC_metal_0050_data,2,242,0,211
dataset7_CLINIC_metal_0051_data,0,122,0,148
dataset7_CLINIC_metal_0051_data,0,123,0,274
dataset7_CLINIC_metal_0051_data,0,124,0,439
dataset7_CLINIC_metal_0051_data,0,125,0,571
dataset7_CLINIC_metal_0051_data,0,126,0,715
dataset7_CLINIC_metal_0051_data,0,127,0,845
dataset7_CLINIC_metal_0051_data,0,128,0,984
dataset7_CLINIC_metal_0051_data,0,129,0,1120
dataset7_CLINIC_metal_0051_data,0,130,0,1241
dataset7_CLINIC_metal_0051_data,0,131,0,1413
dataset7_CLINIC_metal_0051_data,0,132,0,1570
dataset7_CLINIC_metal_0051_data,0,133,0,1739
dataset7_CLINIC_metal_0051_data,0,134,0,1922
dataset7_CLINIC_metal_0051_data,0,135,0,2120
dataset7_CLINIC_metal_0051_data,0,136,10,2342
dataset7_CLINIC_metal_0051_data,0,137,45,2573
dataset7_CLINIC_metal_0051_data,0,138,101,2822
dataset7_CLINIC_metal_0051_data,0,139,139,3112
dataset7_CLINIC_metal_0051_data,0,140,162,3418
dataset7_CLINIC_metal_0051_data,0,141,190,3724
dataset7_CLINIC_metal_0051_data,0,142,241,4046
dataset7_CLINIC_metal_0051_data,0,143,264,4367
dataset7_CLINIC_metal_0051_data,0,144,313,4715
dataset7_CLINIC_metal_0051_data,0,145,358,5082
dataset7_CLINIC_metal_0051_data,0,146,390,4876
dataset7_CLINIC_metal_0051_data,0,147,427,5176
dataset7_CLINIC_metal_0051_data,0,148,456,5506
dataset7_CLINIC_metal_0051_data,0,149,484,5953
dataset7_CLINIC_metal_0051_data,0,150,519,6497
dataset7_CLINIC_metal_0051_data,0,151,497,7044
dataset7_CLINIC_metal_0051_data,0,152,470,7728
dataset7_CLINIC_metal_0051_data,0,153,457,8539
dataset7_CLINIC_metal_0051_data,0,154,423,9282
dataset7_CLINIC_metal_0051_data,0,155,407,9775
dataset7_CLINIC_metal_0051_data,0,156,407,10260
dataset7_CLINIC_metal_0051_data,0,157,421,10618
dataset7_CLINIC_metal_0051_data,0,158,433,10956
dataset7_CLINIC_metal_0051_data,0,159,448,11219
dataset7_CLINIC_metal_0051_data,0,160,461,11499
dataset7_CLINIC_metal_0051_data,0,161,497,11729
dataset7_CLINIC_metal_0051_data,0,162,653,11904
dataset7_CLINIC_metal_0051_data,0,163,715,12069
dataset7_CLINIC_metal_0051_data,0,164,770,12164
dataset7_CLINIC_metal_0051_data,0,165,834,12211
dataset7_CLINIC_metal_0051_data,0,166,932,12188
dataset7_CLINIC_metal_0051_data,0,167,1082,12071
dataset7_CLINIC_metal_0051_data,0,168,1227,11969
dataset7_CLINIC_metal_0051_data,0,169,1222,11840
dataset7_CLINIC_metal_0051_data,0,170,1173,11663
dataset7_CLINIC_metal_0051_data,0,171,1066,11475
dataset7_CLINIC_metal_0051_data,0,172,834,11262
dataset7_CLINIC_metal_0051_data,0,173,528,11000
dataset7_CLINIC_metal_0051_data,0,174,447,10705
dataset7_CLINIC_metal_0051_data,0,175,424,10411
dataset7_CLINIC_metal_0051_data,0,176,356,10090
dataset7_CLINIC_metal_0051_data,0,177,215,9708
dataset7_CLINIC_metal_0051_data,0,178,213,9294
dataset7_CLINIC_metal_0051_data,0,179,209,8858
dataset7_CLINIC_metal_0051_data,0,180,205,8386
dataset7_CLINIC_metal_0051_data,0,181,193,7876
dataset7_CLINIC_metal_0051_data,0,182,175,7308
dataset7_CLINIC_metal_0051_data,0,183,140,6713
dataset7_CLINIC_metal_0051_data,0,184,111,6074
dataset7_CLINIC_metal_0051_data,0,185,77,5418
dataset7_CLINIC_metal_0051_data,0,186,35,4708
dataset7_CLINIC_metal_0051_data,0,187,0,3858
dataset7_CLINIC_metal_0051_data,0,188,0,2975
dataset7_CLINIC_metal_0051_data,0,189,0,2655
dataset7_CLINIC_metal_0051_data,0,190,0,2314
dataset7_CLINIC_metal_0051_data,0,191,0,1860
dataset7_CLINIC_metal_0051_data,0,192,0,1516
dataset7_CLINIC_metal_0051_data,0,193,0,1348
dataset7_CLINIC_metal_0051_data,0,194,0,1163
dataset7_CLINIC_metal_0051_data,0,195,0,1007
dataset7_CLINIC_metal_0051_data,0,196,0,853
dataset7_CLINIC_metal_0051_data,0,197,0,696
dataset7_CLINIC_metal_0051_data,0,198,0,517
dataset7_CLINIC_metal_0051_data,0,199,0,384
dataset7_CLINIC_metal_0051_data,0,200,0,232
dataset7_CLINIC_metal_0051_data,1,116,0,177
dataset7_CLINIC_metal_0051_data,1,117,0,294
dataset7_CLINIC_metal_0051_data,1,118,0,382
dataset7_CLINIC_metal_0051_data,1,119,0,489
dataset7_CLINIC_metal_0051_data,1,120,0,581
dataset7_CLINIC_metal_0051_data,1,121,0,664
dataset7_CLINIC_metal_0051_data,1,122,0,741
dataset7_CLINIC_metal_0051_data,1,123,0,821
dataset7_CLINIC_metal_0051_data,1,124,0,895
dataset7_CLINIC_metal_0051_data,1,125,0,964
dataset7_CLINIC_metal_0051_data,1,126,0,1026
dataset7_CLINIC_metal_0051_data,1,127,0,1083
dataset7_CLINIC_metal_0051_data,1,128,0,1132
dataset7_CLINIC_metal_0051_data,1,129,0,1175
dataset7_CLINIC_metal_0051_data,1,130,19,1218
dataset7_CLINIC_metal_0051_data,1,131,34,1262
dataset7_CLINIC_metal_0051_data,1,132,30,1302
dataset7_CLINIC_metal_0051_data,1,133,24,1350
dataset7_CLINIC_metal_0051_data,1,134,21,1403
dataset7_CLINIC_metal_0051_data,1,135,22,1446
dataset7_CLINIC_metal_0051_data,1,136,20,1496
dataset7_CLINIC_metal_0051_data,1,137,21,1534
dataset7_CLINIC_metal_0051_data,1,138,18,1580
dataset7_CLINIC_metal_0051_data,1,139,19,1613
dataset7_CLINIC_metal_0051_data,1,140,23,1643
dataset7_CLINIC_metal_0051_data,1,141,23,1655
dataset7_CLINIC_metal_0051_data,1,142,26,1662
dataset7_CLINIC_metal_0051_data,1,143,24,1664
dataset7_CLINIC_metal_0051_data,1,144,28,1659
dataset7_CLINIC_metal_0051_data,1,145,23,1650
dataset7_CLINIC_metal_0051_data,1,146,17,1637
dataset7_CLINIC_metal_0051_data,1,147,10,1622
dataset7_CLINIC_metal_0051_data,1,148,1,1597
dataset7_CLINIC_metal_0051_data,1,149,0,1567
dataset7_CLINIC_metal_0051_data,1,150,0,1529
dataset7_CLINIC_metal_0051_data,1,151,0,1480
dataset7_CLINIC_metal_0051_data,1,152,0,1421
dataset7_CLINIC_metal_0051_data,1,153,0,1358
dataset7_CLINIC_metal_0051_data,1,154,0,1270
dataset7_CLINIC_metal_0051_data,1,155,0,1171
dataset7_CLINIC_metal_0051_data,1,156,0,1051
dataset7_CLINIC_metal_0051_data,1,157,0,927
dataset7_CLINIC_metal_0051_data,1,158,0,785
dataset7_CLINIC_metal_0051_data,1,159,0,620
dataset7_CLINIC_metal_0051_data,1,160,0,460
dataset7_CLINIC_metal_0051_data,1,161,0,297
dataset7_CLINIC_metal_0051_data,1,162,0,94
dataset7_CLINIC_metal_0051_data,2,177,0,193
dataset7_CLINIC_metal_0051_data,2,178,0,315
dataset7_CLINIC_metal_0051_data,2,179,0,412
dataset7_CLINIC_metal_0051_data,2,180,0,539
dataset7_CLINIC_metal_0051_data,2,181,0,687
dataset7_CLINIC_metal_0051_data,2,182,0,838
dataset7_CLINIC_metal_0051_data,2,183,0,1000
dataset7_CLINIC_metal_0051_data,2,184,0,1164
dataset7_CLINIC_metal_0051_data,2,185,0,1342
dataset7_CLINIC_metal_0051_data,2,186,0,1510
dataset7_CLINIC_metal_0051_data,2,187,0,1696
dataset7_CLINIC_metal_0051_data,2,188,0,1870
dataset7_CLINIC_metal_0051_data,2,189,0,2038
dataset7_CLINIC_metal_0051_data,2,190,0,2217
dataset7_CLINIC_metal_0051_data,2,191,25,2386
dataset7_CLINIC_metal_0051_data,2,192,48,2562
dataset7_CLINIC_metal_0051_data,2,193,63,2738
dataset7_CLINIC_metal_0051_data,2,194,84,2905
dataset7_CLINIC_metal_0051_data,2,195,121,3070
dataset7_CLINIC_metal_0051_data,2,196,151,3230
dataset7_CLINIC_metal_0051_data,2,197,185,3412
dataset7_CLINIC_metal_0051_data,2,198,195,3597
dataset7_CLINIC_metal_0051_data,2,199,187,3739
dataset7_CLINIC_metal_0051_data,2,200,167,3890
dataset7_CLINIC_metal_0051_data,2,201,166,4008
dataset7_CLINIC_metal_0051_data,2,202,164,4094
dataset7_CLINIC_metal_0051_data,2,203,164,4169
dataset7_CLINIC_metal_0051_data,2,204,159,4211
dataset7_CLINIC_metal_0051_data,2,205,156,4230
dataset7_CLINIC_metal_0051_data,2,206,152,4233
dataset7_CLINIC_metal_0051_data,2,207,152,4216
dataset7_CLINIC_metal_0051_data,2,208,155,4194
dataset7_CLINIC_metal_0051_data,2,209,154,4142
dataset7_CLINIC_metal_0051_data,2,210,153,4046
dataset7_CLINIC_metal_0051_data,2,211,158,3952
dataset7_CLINIC_metal_0051_data,2,212,157,3817
dataset7_CLINIC_metal_0051_data,2,213,164,3664
dataset7_CLINIC_metal_0051_data,2,214,165,3438
dataset7_CLINIC_metal_0051_data,2,215,151,3251
dataset7_CLINIC_metal_0051_data,2,216,130,3079
dataset7_CLINIC_metal_0051_data,2,217,94,2917
dataset7_CLINIC_metal_0051_data,2,218,74,2741
dataset7_CLINIC_metal_0051_data,2,219,46,2576
dataset7_CLINIC_metal_0051_data,2,220,15,2403
dataset7_CLINIC_metal_0051_data,2,221,0,2221
dataset7_CLINIC_metal_0051_data,2,222,0,2054
dataset7_CLINIC_metal_0051_data,2,223,0,1886
dataset7_CLINIC_metal_0051_data,2,224,0,1711
dataset7_CLINIC_metal_0051_data,2,225,0,1548
dataset7_CLINIC_metal_0051_data,2,226,0,1374
dataset7_CLINIC_metal_0051_data,2,227,0,1206
dataset7_CLINIC_metal_0051_data,2,228,0,1039
dataset7_CLINIC_metal_0051_data,2,229,0,885
dataset7_CLINIC_metal_0051_data,2,230,0,733
dataset7_CLINIC_metal_0051_data,2,231,0,577
dataset7_CLINIC_metal_0051_data,2,232,0,431
dataset7_CLINIC_metal_0051_data,2,233,0,304
dataset7_CLINIC_metal_0051_data,2,234,0,172
dataset7_CLINIC_metal_0051_data,3,133,0,225
dataset7_CLINIC_metal_0051_data,3,134,0,416
dataset7_CLINIC_metal_0051_data,3,135,0,566
dataset7_CLINIC_metal_0051_data,3,136,0,698
dataset7_CLINIC_metal_0051_data,3,137,0,832
dataset7_CLINIC_metal_0051_data,3,138,0,940
dataset7_CLINIC_metal_0051_data,3,139,0,1026
dataset7_CLINIC_metal_0051_data,3,140,0,1113
dataset7_CLINIC_metal_0051_data,3,141,0,1198
dataset7_CLINIC_metal_0051_data,3,142,0,1270
dataset7_CLINIC_metal_0051_data,3,143,0,1324
dataset7_CLINIC_metal_0051_data,3,144,0,1359
dataset7_CLINIC_metal_0051_data,3,145,0,1396
dataset7_CLINIC_metal_0051_data,3,146,0,1421
dataset7_CLINIC_metal_0051_data,3,147,23,1433
dataset7_CLINIC_metal_0051_data,3,148,54,1441
dataset7_CLINIC_metal_0051_data,3,149,45,1441
dataset7_CLINIC_metal_0051_data,3,150,17,1438
dataset7_CLINIC_metal_0051_data,3,151,0,1427
dataset7_CLINIC_metal_0051_data,3,152,0,1412
dataset7_CLINIC_metal_0051_data,3,153,0,1383
dataset7_CLINIC_metal_0051_data,3,154,0,1342
dataset7_CLINIC_metal_0051_data,3,155,0,1301
dataset7_CLINIC_metal_0051_data,3,156,0,1238
dataset7_CLINIC_metal_0051_data,3,157,0,1158
dataset7_CLINIC_metal_0051_data,3,158,0,1071
dataset7_CLINIC_metal_0051_data,3,159,0,984
dataset7_CLINIC_metal_0051_data,3,160,0,887
dataset7_CLINIC_metal_0051_data,3,161,0,772
dataset7_CLINIC_metal_0051_data,3,162,0,618
dataset7_CLINIC_metal_0051_data,3,163,0,486
dataset7_CLINIC_metal_0051_data,3,164,0,274
dataset7_CLINIC_metal_0052_data,0,85,0,80
dataset7_CLINIC_metal_0052_data,0,86,0,148
dataset7_CLINIC_metal_0052_data,0,87,0,213
dataset7_CLINIC_metal_0052_data,0,88,0,343
dataset7_CLINIC_metal_0052_data,0,89,0,462
dataset7_CLINIC_metal_0052_data,0,90,0,569
dataset7_CLINIC_metal_0052_data,0,91,0,663
dataset7_CLINIC_metal_0052_data,0,92,0,758
dataset7_CLINIC_metal_0052_data,0,93,0,850
dataset7_CLINIC_metal_0052_data,0,94,0,937
dataset7_CLINIC_metal_0052_data,0,95,0,1017
dataset7_CLINIC_metal_0052_data,0,96,0,1097
dataset7_CLINIC_metal_0052_data,0,97,0,1170
dataset7_CLINIC_metal_0052_data,0,98,0,1228
dataset7_CLINIC_metal_0052_data,0,99,4,1290
dataset7_CLINIC_metal_0052_data,0,100,9,1344
dataset7_CLINIC_metal_0052_data,0,101,14,1392
dataset7_CLINIC_metal_0052_data,0,102,22,1441
dataset7_CLINIC_metal_0052_data,0,103,33,1463
dataset7_CLINIC_metal_0052_data,0,104,38,1507
dataset7_CLINIC_metal_0052_data,0,105,39,1542
dataset7_CLINIC_metal_0052_data,0,106,41,1562
dataset7_CLINIC_metal_0052_data,0,107,42,1587
dataset7_CLINIC_metal_0052_data,0,108,41,1603
dataset7_CLINIC_metal_0052_data,0,109,40,1621
dataset7_CLINIC_metal_0052_data,0,110,41,1629
dataset7_CLINIC_metal_0052_data,0,111,42,1638
dataset7_CLINIC_metal_0052_data,0,112,41,1645
dataset7_CLINIC_metal_0052_data,0,113,41,1653
dataset7_CLINIC_metal_0052_data,0,114,43,1650
dataset7_CLINIC_metal_0052_data,0,115,46,1648
dataset7_CLINIC_metal_0052_data,0,116,45,1638
dataset7_CLINIC_metal_0052_data,0,117,44,1636
dataset7_CLINIC_metal_0052_data,0,118,43,1638
dataset7_CLINIC_metal_0052_data,0,119,40,1628
dataset7_CLINIC_metal_0052_data,0,120,33,1640
dataset7_CLINIC_metal_0052_data,0,121,33,1626
dataset7_CLINIC_metal_0052_data,0,122,37,1620
dataset7_CLINIC_metal_0052_data,0,123,38,1619
dataset7_CLINIC_metal_0052_data,0,124,38,1611
dataset7_CLINIC_metal_0052_data,0,125,39,1619
dataset7_CLINIC_metal_0052_data,0,126,38,1604
dataset7_CLINIC_metal_0052_data,0,127,36,1627
dataset7_CLINIC_metal_0052_data,0,128,37,1739
dataset7_CLINIC_metal_0052_data,0,129,36,1906
dataset7_CLINIC_metal_0052_data,0,130,41,2011
dataset7_CLINIC_metal_0052_data,0,131,37,2143
dataset7_CLINIC_metal_0052_data,0,132,37,2239
dataset7_CLINIC_metal_0052_data,0,133,37,2341
dataset7_CLINIC_metal_0052_data,0,134,34,2423
dataset7_CLINIC_metal_0052_data,0,135,36,2512
dataset7_CLINIC_metal_0052_data,0,136,30,2601
dataset7_CLINIC_metal_0052_data,0,137,37,2697
dataset7_CLINIC_metal_0052_data,0,138,35,2795
dataset7_CLINIC_metal_0052_data,0,139,40,2882
dataset7_CLINIC_metal_0052_data,0,140,39,2983
dataset7_CLINIC_metal_0052_data,0,141,51,3081
dataset7_CLINIC_metal_0052_data,0,142,87,3188
dataset7_CLINIC_metal_0052_data,0,143,178,3271
dataset7_CLINIC_metal_0052_data,0,144,330,3363
dataset7_CLINIC_metal_0052_data,0,145,442,3444
dataset7_CLINIC_metal_0052_data,0,146,462,3525
dataset7_CLINIC_metal_0052_data,0,147,413,3602
dataset7_CLINIC_metal_0052_data,0,148,324,3680
dataset7_CLINIC_metal_0052_data,0,149,266,3733
dataset7_CLINIC_metal_0052_data,0,150,227,3796
dataset7_CLINIC_metal_0052_data,0,151,209,3851
dataset7_CLINIC_metal_0052_data,0,152,187,3898
dataset7_CLINIC_metal_0052_data,0,153,187,3917
dataset7_CLINIC_metal_0052_data,0,154,181,3941
dataset7_CLINIC_metal_0052_data,0,155,164,3952
dataset7_CLINIC_metal_0052_data,0,156,147,3937
dataset7_CLINIC_metal_0052_data,0,157,130,3916
dataset7_CLINIC_metal_0052_data,0,158,125,3879
dataset7_CLINIC_metal_0052_data,0,159,128,3822
dataset7_CLINIC_metal_0052_data,0,160,133,3725
dataset7_CLINIC_metal_0052_data,0,161,131,3589
dataset7_CLINIC_metal_0052_data,0,162,132,3398
dataset7_CLINIC_metal_0052_data,0,163,121,3159
dataset7_CLINIC_metal_0052_data,0,164,123,2941
dataset7_CLINIC_metal_0052_data,0,165,123,2836
dataset7_CLINIC_metal_0052_data,0,166,117,2738
dataset7_CLINIC_metal_0052_data,0,167,98,2677
dataset7_CLINIC_metal_0052_data,0,168,101,2617
dataset7_CLINIC_metal_0052_data,0,169,103,2558
dataset7_CLINIC_metal_0052_data,0,170,107,2500
dataset7_CLINIC_metal_0052_data,0,171,107,2456
dataset7_CLINIC_metal_0052_data,0,172,110,2431
dataset7_CLINIC_metal_0052_data,0,173,100,2442
dataset7_CLINIC_metal_0052_data,0,174,101,2498
dataset7_CLINIC_metal_0052_data,0,175,107,2707
dataset7_CLINIC_metal_0052_data,0,176,115,2981
dataset7_CLINIC_metal_0052_data,0,177,106,3200
dataset7_CLINIC_metal_0052_data,0,178,89,3404
dataset7_CLINIC_metal_0052_data,0,179,86,3563
dataset7_CLINIC_metal_0052_data,0,180,83,3671
dataset7_CLINIC_metal_0052_data,0,181,89,3770
dataset7_CLINIC_metal_0052_data,0,182,89,3859
dataset7_CLINIC_metal_0052_data,0,183,91,3933
dataset7_CLINIC_metal_0052_data,0,184,102,4016
dataset7_CLINIC_metal_0052_data,0,185,114,4032
dataset7_CLINIC_metal_0052_data,0,186,149,4093
dataset7_CLINIC_metal_0052_data,0,187,203,4110
dataset7_CLINIC_metal_0052_data,0,188,239,4139
dataset7_CLINIC_metal_0052_data,0,189,311,4143
dataset7_CLINIC_metal_0052_data,0,190,415,4144
dataset7_CLINIC_metal_0052_data,0,191,457,4134
dataset7_CLINIC_metal_0052_data,0,192,373,4125
dataset7_CLINIC_metal_0052_data,0,193,240,4112
dataset7_CLINIC_metal_0052_data,0,194,150,4107
dataset7_CLINIC_metal_0052_data,0,195,111,4072
dataset7_CLINIC_metal_0052_data,0,196,85,4044
dataset7_CLINIC_metal_0052_data,0,197,83,4000
dataset7_CLINIC_metal_0052_data,0,198,92,3942
dataset7_CLINIC_metal_0052_data,0,199,102,3896
dataset7_CLINIC_metal_0052_data,0,200,111,3832
dataset7_CLINIC_metal_0052_data,0,201,138,3788
dataset7_CLINIC_metal_0052_data,0,202,227,3711
dataset7_CLINIC_metal_0052_data,0,203,351,3653
dataset7_CLINIC_metal_0052_data,0,204,418,3585
dataset7_CLINIC_metal_0052_data,0,205,343,3544
dataset7_CLINIC_metal_0052_data,0,206,228,3482
dataset7_CLINIC_metal_0052_data,0,207,183,3435
dataset7_CLINIC_metal_0052_data,0,208,144,3344
dataset7_CLINIC_metal_0052_data,0,209,100,3256
dataset7_CLINIC_metal_0052_data,0,210,50,3171
dataset7_CLINIC_metal_0052_data,0,211,18,3091
dataset7_CLINIC_metal_0052_data,0,212,0,2974
dataset7_CLINIC_metal_0052_data,0,213,0,2849
dataset7_CLINIC_metal_0052_data,0,214,0,2702
dataset7_CLINIC_metal_0052_data,0,215,0,2568
dataset7_CLINIC_metal_0052_data,0,216,0,2390
dataset7_CLINIC_metal_0052_data,0,217,0,2209
dataset7_CLINIC_metal_0052_data,0,218,0,1989
dataset7_CLINIC_metal_0052_data,0,219,0,1763
dataset7_CLINIC_metal_0052_data,0,220,0,1493
dataset7_CLINIC_metal_0052_data,0,221,0,1149
dataset7_CLINIC_metal_0052_data,0,222,0,893
dataset7_CLINIC_metal_0052_data,0,223,0,656
dataset7_CLINIC_metal_0052_data,0,224,0,425
dataset7_CLINIC_metal_0052_data,0,225,0,150
dataset7_CLINIC_metal_0054_data,0,0,125,1516
dataset7_CLINIC_metal_0054_data,0,1,127,1520
dataset7_CLINIC_metal_0054_data,0,2,128,1523
dataset7_CLINIC_metal_0054_data,0,3,125,1529
dataset7_CLINIC_metal_0054_data,0,4,124,1530
dataset7_CLINIC_metal_0054_data,0,5,124,1528
dataset7_CLINIC_metal_0054_data,0,6,127,1530
dataset7_CLINIC_metal_0054_data,0,7,125,1522
dataset7_CLINIC_metal_0054_data,0,8,127,1523
dataset7_CLINIC_metal_0054_data,0,9,125,1523
dataset7_CLINIC_metal_0054_data,0,10,127,1525
dataset7_CLINIC_metal_0054_data,0,11,131,1526
dataset7_CLINIC_metal_0054_data,0,12,129,1523
dataset7_CLINIC_metal_0054_data,0,13,129,1530
dataset7_CLINIC_metal_0054_data,0,14,128,1535
dataset7_CLINIC_metal_0054_data,0,15,127,1538
dataset7_CLINIC_metal_0054_data,0,16,126,1538
dataset7_CLINIC_metal_0054_data,0,17,128,1538
dataset7_CLINIC_metal_0054_data,0,18,129,1533
dataset7_CLINIC_metal_0054_data,0,19,130,1525
dataset7_CLINIC_metal_0054_data,0,20,126,1527
dataset7_CLINIC_metal_0054_data,0,21,124,1533
dataset7_CLINIC_metal_0054_data,0,22,122,1533
dataset7_CLINIC_metal_0054_data,0,23,127,1532
dataset7_CLINIC_metal_0054_data,0,24,128,1533
dataset7_CLINIC_metal_0054_data,0,25,128,1528
dataset7_CLINIC_metal_0054_data,0,26,129,1533
dataset7_CLINIC_metal_0054_data,0,27,126,1534
dataset7_CLINIC_metal_0054_data,0,28,124,1535
dataset7_CLINIC_metal_0054_data,0,29,131,1534
dataset7_CLINIC_metal_0054_data,0,30,132,1529
dataset7_CLINIC_metal_0054_data,0,31,132,1526
dataset7_CLINIC_metal_0054_data,0,32,132,1529
dataset7_CLINIC_metal_0054_data,0,33,130,1527
dataset7_CLINIC_metal_0054_data,0,34,127,1528
dataset7_CLINIC_metal_0054_data,0,35,129,1527
dataset7_CLINIC_metal_0054_data,0,36,130,1532
dataset7_CLINIC_metal_0054_data,0,37,130,1535
dataset7_CLINIC_metal_0054_data,0,38,129,1538
dataset7_CLINIC_metal_0054_data,0,39,127,1541
dataset7_CLINIC_metal_0054_data,0,40,127,1540
dataset7_CLINIC_metal_0054_data,0,41,127,1532
dataset7_CLINIC_metal_0054_data,0,42,131,1531
dataset7_CLINIC_metal_0054_data,0,43,127,1525
dataset7_CLINIC_metal_0054_data,0,44,126,1521
dataset7_CLINIC_metal_0054_data,0,45,129,1524
dataset7_CLINIC_metal_0054_data,0,46,129,1525
dataset7_CLINIC_metal_0054_data,0,47,124,1530
dataset7_CLINIC_metal_0054_data,0,48,125,1531
dataset7_CLINIC_metal_0054_data,0,49,127,1527
dataset7_CLINIC_metal_0054_data,0,50,127,1525
dataset7_CLINIC_metal_0054_data,0,51,126,1522
dataset7_CLINIC_metal_0054_data,0,52,126,1527
dataset7_CLINIC_metal_0054_data,0,53,124,1527
dataset7_CLINIC_metal_0054_data,0,54,126,1526
dataset7_CLINIC_metal_0054_data,0,55,128,1523
dataset7_CLINIC_metal_0054_data,0,56,126,1526
dataset7_CLINIC_metal_0054_data,0,57,124,1524
dataset7_CLINIC_metal_0054_data,0,58,125,1529
dataset7_CLINIC_metal_0054_data,0,59,127,1530
dataset7_CLINIC_metal_0054_data,0,60,126,1529
dataset7_CLINIC_metal_0054_data,0,61,128,1527
dataset7_CLINIC_metal_0054_data,0,62,129,1517
dataset7_CLINIC_metal_0054_data,0,63,129,1521
dataset7_CLINIC_metal_0054_data,0,64,129,1525
dataset7_CLINIC_metal_0054_data,0,65,126,1531
dataset7_CLINIC_metal_0054_data,0,66,126,1532
dataset7_CLINIC_metal_0054_data,0,67,128,1531
dataset7_CLINIC_metal_0054_data,0,68,128,1537
dataset7_CLINIC_metal_0054_data,0,69,126,1534
dataset7_CLINIC_metal_0054_data,0,70,127,1532
dataset7_CLINIC_metal_0054_data,0,71,129,1533
dataset7_CLINIC_metal_0054_data,0,72,128,1525
dataset7_CLINIC_metal_0054_data,0,73,130,1528
dataset7_CLINIC_metal_0054_data,0,74,129,1533
dataset7_CLINIC_metal_0054_data,0,75,130,1535
dataset7_CLINIC_metal_0054_data,0,76,132,1535
dataset7_CLINIC_metal_0054_data,0,77,131,1535
dataset7_CLINIC_metal_0054_data,0,78,129,1533
dataset7_CLINIC_metal_0054_data,0,79,124,1529
dataset7_CLINIC_metal_0054_data,0,80,127,1529
dataset7_CLINIC_metal_0054_data,0,81,125,1524
dataset7_CLINIC_metal_0054_data,0,82,124,1523
dataset7_CLINIC_metal_0054_data,0,83,124,1519
dataset7_CLINIC_metal_0054_data,0,84,127,1526
dataset7_CLINIC_metal_0054_data,0,85,127,1529
dataset7_CLINIC_metal_0054_data,0,86,129,1527
dataset7_CLINIC_metal_0054_data,0,87,126,1528
dataset7_CLINIC_metal_0054_data,0,88,127,1529
dataset7_CLINIC_metal_0054_data,0,89,125,1531
dataset7_CLINIC_metal_0054_data,0,90,124,1531
dataset7_CLINIC_metal_0054_data,0,91,121,1528
dataset7_CLINIC_metal_0054_data,0,92,124,1523
dataset7_CLINIC_metal_0054_data,0,93,127,1527
dataset7_CLINIC_metal_0054_data,0,94,128,1539
dataset7_CLINIC_metal_0054_data,0,95,128,1553
dataset7_CLINIC_metal_0054_data,0,96,129,1568
dataset7_CLINIC_metal_0054_data,0,97,130,1593
dataset7_CLINIC_metal_0054_data,0,98,138,1612
dataset7_CLINIC_metal_0054_data,0,99,142,1635
dataset7_CLINIC_metal_0054_data,0,100,157,1654
dataset7_CLINIC_metal_0054_data,0,101,167,1676
dataset7_CLINIC_metal_0054_data,0,102,177,1717
dataset7_CLINIC_metal_0054_data,0,103,182,1738
dataset7_CLINIC_metal_0054_data,0,104,195,1754
dataset7_CLINIC_metal_0054_data,0,105,208,1776
dataset7_CLINIC_metal_0054_data,0,106,212,1794
dataset7_CLINIC_metal_0054_data,0,107,220,1803
dataset7_CLINIC_metal_0054_data,0,108,228,1816
dataset7_CLINIC_metal_0054_data,0,109,228,1822
dataset7_CLINIC_metal_0054_data,0,110,228,1919
dataset7_CLINIC_metal_0054_data,0,111,224,2004
dataset7_CLINIC_metal_0054_data,0,112,221,2084
dataset7_CLINIC_metal_0054_data,0,113,213,2145
dataset7_CLINIC_metal_0054_data,0,114,210,2211
dataset7_CLINIC_metal_0054_data,0,115,195,2274
dataset7_CLINIC_metal_0054_data,0,116,189,2345
dataset7_CLINIC_metal_0054_data,0,117,186,2391
dataset7_CLINIC_metal_0054_data,0,118,180,2452
dataset7_CLINIC_metal_0054_data,0,119,181,2488
dataset7_CLINIC_metal_0054_data,0,120,186,2539
dataset7_CLINIC_metal_0054_data,0,121,193,2571
dataset7_CLINIC_metal_0054_data,0,122,202,2604
dataset7_CLINIC_metal_0054_data,0,123,198,2630
dataset7_CLINIC_metal_0054_data,0,124,199,2653
dataset7_CLINIC_metal_0054_data,0,125,213,2665
dataset7_CLINIC_metal_0054_data,0,126,209,2680
dataset7_CLINIC_metal_0054_data,0,127,218,2698
dataset7_CLINIC_metal_0054_data,0,128,222,2706
dataset7_CLINIC_metal_0054_data,0,129,229,2702
dataset7_CLINIC_metal_0054_data,0,130,242,2700
dataset7_CLINIC_metal_0054_data,0,131,239,2697
dataset7_CLINIC_metal_0054_data,0,132,246,2679
dataset7_CLINIC_metal_0054_data,0,133,239,2670
dataset7_CLINIC_metal_0054_data,0,134,235,2650
dataset7_CLINIC_metal_0054_data,0,135,228,2634
dataset7_CLINIC_metal_0054_data,0,136,232,2601
dataset7_CLINIC_metal_0054_data,0,137,230,2581
dataset7_CLINIC_metal_0054_data,0,138,228,2545
dataset7_CLINIC_metal_0054_data,0,139,241,2525
dataset7_CLINIC_metal_0054_data,0,140,240,2489
dataset7_CLINIC_metal_0054_data,0,141,244,2458
dataset7_CLINIC_metal_0054_data,0,142,248,2416
dataset7_CLINIC_metal_0054_data,0,143,245,2376
dataset7_CLINIC_metal_0054_data,0,144,238,2326
dataset7_CLINIC_metal_0054_data,0,145,234,2278
dataset7_CLINIC_metal_0054_data,0,146,238,2225
dataset7_CLINIC_metal_0054_data,0,147,246,2175
dataset7_CLINIC_metal_0054_data,0,148,242,2137
dataset7_CLINIC_metal_0054_data,0,149,238,2100
dataset7_CLINIC_metal_0054_data,0,150,234,2065
dataset7_CLINIC_metal_0054_data,0,151,239,2042
dataset7_CLINIC_metal_0054_data,0,152,237,2023
dataset7_CLINIC_metal_0054_data,0,153,239,2015
dataset7_CLINIC_metal_0054_data,0,154,239,2018
dataset7_CLINIC_metal_0054_data,0,155,231,2028
dataset7_CLINIC_metal_0054_data,0,156,231,2063
dataset7_CLINIC_metal_0054_data,0,157,232,2098
dataset7_CLINIC_metal_0054_data,0,158,234,2136
dataset7_CLINIC_metal_0054_data,0,159,235,2181
dataset7_CLINIC_metal_0054_data,0,160,236,2230
dataset7_CLINIC_metal_0054_data,0,161,242,2280
dataset7_CLINIC_metal_0054_data,0,162,249,2324
dataset7_CLINIC_metal_0054_data,0,163,256,2361
dataset7_CLINIC_metal_0054_data,0,164,265,2399
dataset7_CLINIC_metal_0054_data,0,165,271,2436
dataset7_CLINIC_metal_0054_data,0,166,268,2464
dataset7_CLINIC_metal_0054_data,0,167,259,2476
dataset7_CLINIC_metal_0054_data,0,168,258,2487
dataset7_CLINIC_metal_0054_data,0,169,255,2501
dataset7_CLINIC_metal_0054_data,0,170,265,2507
dataset7_CLINIC_metal_0054_data,0,171,266,2499
dataset7_CLINIC_metal_0054_data,0,172,261,2499
dataset7_CLINIC_metal_0054_data,0,173,241,2491
dataset7_CLINIC_metal_0054_data,0,174,236,2487
dataset7_CLINIC_metal_0054_data,0,175,225,2476
dataset7_CLINIC_metal_0054_data,0,176,218,2462
dataset7_CLINIC_metal_0054_data,0,177,194,2442
dataset7_CLINIC_metal_0054_data,0,178,165,2410
dataset7_CLINIC_metal_0054_data,0,179,142,2376
dataset7_CLINIC_metal_0054_data,0,180,129,2340
dataset7_CLINIC_metal_0054_data,0,181,80,2288
dataset7_CLINIC_metal_0054_data,0,182,23,2236
dataset7_CLINIC_metal_0054_data,0,183,0,2169
dataset7_CLINIC_metal_0054_data,0,184,0,2099
dataset7_CLINIC_metal_0054_data,0,185,0,2024
dataset7_CLINIC_metal_0054_data,0,186,0,1950
dataset7_CLINIC_metal_0054_data,0,187,0,1850
dataset7_CLINIC_metal_0054_data,0,188,0,1740
dataset7_CLINIC_metal_0054_data,0,189,0,1620
dataset7_CLINIC_metal_0054_data,0,190,0,1490
dataset7_CLINIC_metal_0054_data,0,191,0,1334
dataset7_CLINIC_metal_0054_data,0,192,0,1151
dataset7_CLINIC_metal_0054_data,0,193,0,875
dataset7_CLINIC_metal_0054_data,0,194,0,716
dataset7_CLINIC_metal_0054_data,0,195,0,506
dataset7_CLINIC_metal_0054_data,0,196,0,215
dataset7_CLINIC_metal_0054_data,1,110,0,146
dataset7_CLINIC_metal_0054_data,1,111,0,251
dataset7_CLINIC_metal_0054_data,1,112,0,341
dataset7_CLINIC_metal_0054_data,1,113,0,572
dataset7_CLINIC_metal_0054_data,1,114,0,753
dataset7_CLINIC_metal_0054_data,1,115,0,925
dataset7_CLINIC_metal_0054_data,1,116,0,1066
dataset7_CLINIC_metal_0054_data,1,117,0,1204
dataset7_CLINIC_metal_0054_data,1,118,0,1351
dataset7_CLINIC_metal_0054_data,1,119,0,1471
dataset7_CLINIC_metal_0054_data,1,120,0,1591
dataset7_CLINIC_metal_0054_data,1,121,0,1698
dataset7_CLINIC_metal_0054_data,1,122,0,1801
dataset7_CLINIC_metal_0054_data,1,123,0,1895
dataset7_CLINIC_metal_0054_data,1,124,9,1962
dataset7_CLINIC_metal_0054_data,1,125,15,2050
dataset7_CLINIC_metal_0054_data,1,126,21,2115
dataset7_CLINIC_metal_0054_data,1,127,37,2174
dataset7_CLINIC_metal_0054_data,1,128,43,2220
dataset7_CLINIC_metal_0054_data,1,129,49,2270
dataset7_CLINIC_metal_0054_data,1,130,53,2308
dataset7_CLINIC_metal_0054_data,1,131,53,2334
dataset7_CLINIC_metal_0054_data,1,132,59,2380
dataset7_CLINIC_metal_0054_data,1,133,56,2387
dataset7_CLINIC_metal_0054_data,1,134,61,2412
dataset7_CLINIC_metal_0054_data,1,135,63,2430
dataset7_CLINIC_metal_0054_data,1,136,62,2438
dataset7_CLINIC_metal_0054_data,1,137,56,2451
dataset7_CLINIC_metal_0054_data,1,138,55,2445
dataset7_CLINIC_metal_0054_data,1,139,56,2447
dataset7_CLINIC_metal_0054_data,1,140,57,2443
dataset7_CLINIC_metal_0054_data,1,141,61,2442
dataset7_CLINIC_metal_0054_data,1,142,62,2436
dataset7_CLINIC_metal_0054_data,1,143,59,2431
dataset7_CLINIC_metal_0054_data,1,144,57,2415
dataset7_CLINIC_metal_0054_data,1,145,52,2425
dataset7_CLINIC_metal_0054_data,1,146,52,2413
dataset7_CLINIC_metal_0054_data,1,147,50,2414
dataset7_CLINIC_metal_0054_data,1,148,57,2419
dataset7_CLINIC_metal_0054_data,1,149,57,2407
dataset7_CLINIC_metal_0054_data,1,150,58,2404
dataset7_CLINIC_metal_0054_data,1,151,53,2409
dataset7_CLINIC_metal_0054_data,1,152,53,2399
dataset7_CLINIC_metal_0054_data,1,153,53,2392
dataset7_CLINIC_metal_0054_data,1,154,51,2416
dataset7_CLINIC_metal_0054_data,1,155,51,2792
dataset7_CLINIC_metal_0054_data,1,156,54,2984
dataset7_CLINIC_metal_0054_data,1,157,57,3100
dataset7_CLINIC_metal_0054_data,1,158,57,3312
dataset7_CLINIC_metal_0054_data,1,159,55,3491
dataset7_CLINIC_metal_0054_data,1,160,54,3642
dataset7_CLINIC_metal_0054_data,1,161,53,3777
dataset7_CLINIC_metal_0054_data,1,162,52,3918
dataset7_CLINIC_metal_0054_data,1,163,53,4059
dataset7_CLINIC_metal_0054_data,1,164,56,4232
dataset7_CLINIC_metal_0054_data,1,165,59,4430
dataset7_CLINIC_metal_0054_data,1,166,59,4605
dataset7_CLINIC_metal_0054_data,1,167,55,4772
dataset7_CLINIC_metal_0054_data,1,168,86,4948
dataset7_CLINIC_metal_0054_data,1,169,195,5118
dataset7_CLINIC_metal_0054_data,1,170,472,5247
dataset7_CLINIC_metal_0054_data,1,171,649,5384
dataset7_CLINIC_metal_0054_data,1,172,680,5508
dataset7_CLINIC_metal_0054_data,1,173,655,5638
dataset7_CLINIC_metal_0054_data,1,174,530,5747
dataset7_CLINIC_metal_0054_data,1,175,408,5850
dataset7_CLINIC_metal_0054_data,1,176,318,5970
dataset7_CLINIC_metal_0054_data,1,177,269,6067
dataset7_CLINIC_metal_0054_data,1,178,282,6142
dataset7_CLINIC_metal_0054_data,1,179,291,6192
dataset7_CLINIC_metal_0054_data,1,180,297,6242
dataset7_CLINIC_metal_0054_data,1,181,262,6245
dataset7_CLINIC_metal_0054_data,1,182,208,6224
dataset7_CLINIC_metal_0054_data,1,183,182,6171
dataset7_CLINIC_metal_0054_data,1,184,168,6096
dataset7_CLINIC_metal_0054_data,1,185,171,5991
dataset7_CLINIC_metal_0054_data,1,186,185,5853
dataset7_CLINIC_metal_0054_data,1,187,199,5644
dataset7_CLINIC_metal_0054_data,1,188,212,5369
dataset7_CLINIC_metal_0054_data,1,189,198,4873
dataset7_CLINIC_metal_0054_data,1,190,191,4608
dataset7_CLINIC_metal_0054_data,1,191,179,4410
dataset7_CLINIC_metal_0054_data,1,192,147,4309
dataset7_CLINIC_metal_0054_data,1,193,145,4191
dataset7_CLINIC_metal_0054_data,1,194,141,4087
dataset7_CLINIC_metal_0054_data,1,195,137,3986
dataset7_CLINIC_metal_0054_data,1,196,150,3875
dataset7_CLINIC_metal_0054_data,1,197,161,3799
dataset7_CLINIC_metal_0054_data,1,198,174,4350
dataset7_CLINIC_metal_0054_data,1,199,176,4622
dataset7_CLINIC_metal_0054_data,1,200,167,4910
dataset7_CLINIC_metal_0054_data,1,201,163,5162
dataset7_CLINIC_metal_0054_data,1,202,141,5419
dataset7_CLINIC_metal_0054_data,1,203,139,5665
dataset7_CLINIC_metal_0054_data,1,204,140,5863
dataset7_CLINIC_metal_0054_data,1,205,133,6008
dataset7_CLINIC_metal_0054_data,1,206,127,6154
dataset7_CLINIC_metal_0054_data,1,207,123,6244
dataset7_CLINIC_metal_0054_data,1,208,125,6325
dataset7_CLINIC_metal_0054_data,1,209,144,6368
dataset7_CLINIC_metal_0054_data,1,210,163,6403
dataset7_CLINIC_metal_0054_data,1,211,187,6419
dataset7_CLINIC_metal_0054_data,1,212,328,6417
dataset7_CLINIC_metal_0054_data,1,213,603,6402
dataset7_CLINIC_metal_0054_data,1,214,769,6401
dataset7_CLINIC_metal_0054_data,1,215,650,6390
dataset7_CLINIC_metal_0054_data,1,216,410,6395
dataset7_CLINIC_metal_0054_data,1,217,343,6410
dataset7_CLINIC_metal_0054_data,1,218,278,6374
dataset7_CLINIC_metal_0054_data,1,219,210,6360
dataset7_CLINIC_metal_0054_data,1,220,145,6305
dataset7_CLINIC_metal_0054_data,1,221,114,6251
dataset7_CLINIC_metal_0054_data,1,222,119,6153
dataset7_CLINIC_metal_0054_data,1,223,138,6064
dataset7_CLINIC_metal_0054_data,1,224,168,5975
dataset7_CLINIC_metal_0054_data,1,225,293,5865
dataset7_CLINIC_metal_0054_data,1,226,451,5777
dataset7_CLINIC_metal_0054_data,1,227,482,5670
dataset7_CLINIC_metal_0054_data,1,228,391,5578
dataset7_CLINIC_metal_0054_data,1,229,329,5498
dataset7_CLINIC_metal_0054_data,1,230,347,5398
dataset7_CLINIC_metal_0054_data,1,231,324,5277
dataset7_CLINIC_metal_0054_data,1,232,276,5169
dataset7_CLINIC_metal_0054_data,1,233,225,5029
dataset7_CLINIC_metal_0054_data,1,234,151,4877
dataset7_CLINIC_metal_0054_data,1,235,59,4755
dataset7_CLINIC_metal_0054_data,1,236,2,4600
dataset7_CLINIC_metal_0054_data,1,237,0,4408
dataset7_CLINIC_metal_0054_data,1,238,0,4181
dataset7_CLINIC_metal_0054_data,1,239,0,3958
dataset7_CLINIC_metal_0054_data,1,240,0,3694
dataset7_CLINIC_metal_0054_data,1,241,0,3372
dataset7_CLINIC_metal_0054_data,1,242,0,3039
dataset7_CLINIC_metal_0054_data,1,243,0,2582
dataset7_CLINIC_metal_0054_data,1,244,0,2324
dataset7_CLINIC_metal_0054_data,1,245,0,2054
dataset7_CLINIC_metal_0054_data,1,246,0,1742
dataset7_CLINIC_metal_0054_data,1,247,0,1361
dataset7_CLINIC_metal_0054_data,1,248,0,947
dataset7_CLINIC_metal_0054_data,1,249,0,553
dataset7_CLINIC_metal_0054_data,1,250,0,108
dataset7_CLINIC_metal_0055_data,0,58,0,80
dataset7_CLINIC_metal_0055_data,0,59,0,148
dataset7_CLINIC_metal_0055_data,0,60,0,208
dataset7_CLINIC_metal_0055_data,0,61,0,256
dataset7_CLINIC_metal_0055_data,0,62,0,316
dataset7_CLINIC_metal_0055_data,0,63,0,357
dataset7_CLINIC_metal_0055_data,0,64,0,406
dataset7_CLINIC_metal_0055_data,0,65,0,460
dataset7_CLINIC_metal_0055_data,0,66,0,504
dataset7_CLINIC_metal_0055_data,0,67,0,564
dataset7_CLINIC_metal_0055_data,0,68,0,603
dataset7_CLINIC_metal_0055_data,0,69,0,660
dataset7_CLINIC_metal_0055_data,0,70,0,700
dataset7_CLINIC_metal_0055_data,0,71,0,734
dataset7_CLINIC_metal_0055_data,0,72,4,775
dataset7_CLINIC_metal_0055_data,0,73,6,812
dataset7_CLINIC_metal_0055_data,0,74,11,843
dataset7_CLINIC_metal_0055_data,0,75,24,876
dataset7_CLINIC_metal_0055_data,0,76,36,906
dataset7_CLINIC_metal_0055_data,0,77,38,930
dataset7_CLINIC_metal_0055_data,0,78,42,945
dataset7_CLINIC_metal_0055_data,0,79,43,968
dataset7_CLINIC_metal_0055_data,0,80,43,982
dataset7_CLINIC_metal_0055_data,0,81,43,998
dataset7_CLINIC_metal_0055_data,0,82,41,1014
dataset7_CLINIC_metal_0055_data,0,83,42,1026
dataset7_CLINIC_metal_0055_data,0,84,41,1036
dataset7_CLINIC_metal_0055_data,0,85,43,1040
dataset7_CLINIC_metal_0055_data,0,86,41,1046
dataset7_CLINIC_metal_0055_data,0,87,39,1051
dataset7_CLINIC_metal_0055_data,0,88,38,1055
dataset7_CLINIC_metal_0055_data,0,89,36,1058
dataset7_CLINIC_metal_0055_data,0,90,36,1056
dataset7_CLINIC_metal_0055_data,0,91,32,1059
dataset7_CLINIC_metal_0055_data,0,92,35,1057
dataset7_CLINIC_metal_0055_data,0,93,32,1056
dataset7_CLINIC_metal_0055_data,0,94,31,1053
dataset7_CLINIC_metal_0055_data,0,95,30,1046
dataset7_CLINIC_metal_0055_data,0,96,30,1044
dataset7_CLINIC_metal_0055_data,0,97,32,1044
dataset7_CLINIC_metal_0055_data,0,98,32,1037
dataset7_CLINIC_metal_0055_data,0,99,30,1037
dataset7_CLINIC_metal_0055_data,0,100,30,1049
dataset7_CLINIC_metal_0055_data,0,101,28,1046
dataset7_CLINIC_metal_0055_data,0,102,29,1046
dataset7_CLINIC_metal_0055_data,0,103,33,1040
dataset7_CLINIC_metal_0055_data,0,104,32,1036
dataset7_CLINIC_metal_0055_data,0,105,31,1036
dataset7_CLINIC_metal_0055_data,0,106,28,1031
dataset7_CLINIC_metal_0055_data,0,107,31,1033
dataset7_CLINIC_metal_0055_data,0,108,31,1031
dataset7_CLINIC_metal_0055_data,0,109,33,1023
dataset7_CLINIC_metal_0055_data,0,110,33,1030
dataset7_CLINIC_metal_0055_data,0,111,32,1032
dataset7_CLINIC_metal_0055_data,0,112,30,1031
dataset7_CLINIC_metal_0055_data,0,113,33,1042
dataset7_CLINIC_metal_0055_data,0,114,34,1037
dataset7_CLINIC_metal_0055_data,0,115,32,1037
dataset7_CLINIC_metal_0055_data,0,116,30,1043
dataset7_CLINIC_metal_0055_data,0,117,29,1037
dataset7_CLINIC_metal_0055_data,0,118,29,1037
dataset7_CLINIC_metal_0055_data,0,119,32,1040
dataset7_CLINIC_metal_0055_data,0,120,33,1034
dataset7_CLINIC_metal_0055_data,0,121,33,1038
dataset7_CLINIC_metal_0055_data,0,122,32,1042
dataset7_CLINIC_metal_0055_data,0,123,31,1046
dataset7_CLINIC_metal_0055_data,0,124,33,1044
dataset7_CLINIC_metal_0055_data,0,125,34,1041
dataset7_CLINIC_metal_0055_data,0,126,33,1042
dataset7_CLINIC_metal_0055_data,0,127,30,1046
dataset7_CLINIC_metal_0055_data,0,128,31,1042
dataset7_CLINIC_metal_0055_data,0,129,33,1042
dataset7_CLINIC_metal_0055_data,0,130,34,1043
dataset7_CLINIC_metal_0055_data,0,131,32,1040
dataset7_CLINIC_metal_0055_data,0,132,34,1043
dataset7_CLINIC_metal_0055_data,0,133,30,1057
dataset7_CLINIC_metal_0055_data,0,134,32,1068
dataset7_CLINIC_metal_0055_data,0,135,33,1076
dataset7_CLINIC_metal_0055_data,0,136,33,1083
dataset7_CLINIC_metal_0055_data,0,137,32,1095
dataset7_CLINIC_metal_0055_data,0,138,30,1110
dataset7_CLINIC_metal_0055_data,0,139,31,1109
dataset7_CLINIC_metal_0055_data,0,140,32,1105
dataset7_CLINIC_metal_0055_data,0,141,33,1097
dataset7_CLINIC_metal_0055_data,0,142,33,1098
dataset7_CLINIC_metal_0055_data,0,143,32,1092
dataset7_CLINIC_metal_0055_data,0,144,30,1077
dataset7_CLINIC_metal_0055_data,0,145,33,1070
dataset7_CLINIC_metal_0055_data,0,146,34,1056
dataset7_CLINIC_metal_0055_data,0,147,42,1033
dataset7_CLINIC_metal_0055_data,0,148,51,1016
dataset7_CLINIC_metal_0055_data,0,149,52,997
dataset7_CLINIC_metal_0055_data,0,150,46,967
dataset7_CLINIC_metal_0055_data,0,151,38,942
dataset7_CLINIC_metal_0055_data,0,152,35,913
dataset7_CLINIC_metal_0055_data,0,153,29,886
dataset7_CLINIC_metal_0055_data,0,154,23,853
dataset7_CLINIC_metal_0055_data,0,155,10,822
dataset7_CLINIC_metal_0055_data,0,156,0,781
dataset7_CLINIC_metal_0055_data,0,157,0,748
dataset7_CLINIC_metal_0055_data,0,158,0,705
dataset7_CLINIC_metal_0055_data,0,159,0,673
dataset7_CLINIC_metal_0055_data,0,160,0,629
dataset7_CLINIC_metal_0055_data,0,161,0,590
dataset7_CLINIC_metal_0055_data,0,162,0,544
dataset7_CLINIC_metal_0055_data,0,163,0,492
dataset7_CLINIC_metal_0055_data,0,164,0,449
dataset7_CLINIC_metal_0055_data,0,165,0,382
dataset7_CLINIC_metal_0055_data,0,166,0,320
dataset7_CLINIC_metal_0055_data,0,167,0,253
dataset7_CLINIC_metal_0055_data,0,168,0,185
dataset7_CLINIC_metal_0055_data,0,169,0,109
dataset7_CLINIC_metal_0055_data,1,187,0,189
dataset7_CLINIC_metal_0055_data,1,188,0,293
dataset7_CLINIC_metal_0055_data,1,189,0,379
dataset7_CLINIC_metal_0055_data,1,190,0,449
dataset7_CLINIC_metal_0055_data,1,191,0,527
dataset7_CLINIC_metal_0055_data,1,192,0,576
dataset7_CLINIC_metal_0055_data,1,193,0,634
dataset7_CLINIC_metal_0055_data,1,194,0,672
dataset7_CLINIC_metal_0055_data,1,195,0,716
dataset7_CLINIC_metal_0055_data,1,196,0,751
dataset7_CLINIC_metal_0055_data,1,197,0,770
dataset7_CLINIC_metal_0055_data,1,198,0,799
dataset7_CLINIC_metal_0055_data,1,199,0,829
dataset7_CLINIC_metal_0055_data,1,200,0,838
dataset7_CLINIC_metal_0055_data,1,201,28,843
dataset7_CLINIC_metal_0055_data,1,202,40,849
dataset7_CLINIC_metal_0055_data,1,203,8,843
dataset7_CLINIC_metal_0055_data,1,204,3,845
dataset7_CLINIC_metal_0055_data,1,205,18,835
dataset7_CLINIC_metal_0055_data,1,206,39,824
dataset7_CLINIC_metal_0055_data,1,207,4,815
dataset7_CLINIC_metal_0055_data,1,208,0,812
dataset7_CLINIC_metal_0055_data,1,209,0,794
dataset7_CLINIC_metal_0055_data,1,210,0,751
dataset7_CLINIC_metal_0055_data,1,211,0,741
dataset7_CLINIC_metal_0055_data,1,212,0,713
dataset7_CLINIC_metal_0055_data,1,213,0,664
dataset7_CLINIC_metal_0055_data,1,214,0,635
dataset7_CLINIC_metal_0055_data,1,215,0,573
dataset7_CLINIC_metal_0055_data,1,216,0,537
dataset7_CLINIC_metal_0055_data,1,217,0,462
dataset7_CLINIC_metal_0055_data,1,218,0,391
dataset7_CLINIC_metal_0055_data,1,219,0,317
dataset7_CLINIC_metal_0055_data,1,220,0,222
dataset7_CLINIC_metal_0055_data,1,221,0,97
dataset7_CLINIC_metal_0055_data,2,210,0,129
dataset7_CLINIC_metal_0055_data,2,211,0,279
dataset7_CLINIC_metal_0055_data,2,212,0,387
dataset7_CLINIC_metal_0055_data,2,213,0,486
dataset7_CLINIC_metal_0055_data,2,214,0,650
dataset7_CLINIC_metal_0055_data,2,215,0,797
dataset7_CLINIC_metal_0055_data,2,216,0,926
dataset7_CLINIC_metal_0055_data,2,217,0,1033
dataset7_CLINIC_metal_0055_data,2,218,0,1150
dataset7_CLINIC_metal_0055_data,2,219,0,1224
dataset7_CLINIC_metal_0055_data,2,220,0,1324
dataset7_CLINIC_metal_0055_data,2,221,0,1372
dataset7_CLINIC_metal_0055_data,2,222,0,1448
dataset7_CLINIC_metal_0055_data,2,223,0,1493
dataset7_CLINIC_metal_0055_data,2,224,6,1532
dataset7_CLINIC_metal_0055_data,2,225,61,1578
dataset7_CLINIC_metal_0055_data,2,226,57,1599
dataset7_CLINIC_metal_0055_data,2,227,47,1628
dataset7_CLINIC_metal_0055_data,2,228,101,1643
dataset7_CLINIC_metal_0055_data,2,229,142,1644
dataset7_CLINIC_metal_0055_data,2,230,152,1655
dataset7_CLINIC_metal_0055_data,2,231,73,1649
dataset7_CLINIC_metal_0055_data,2,232,9,1621
dataset7_CLINIC_metal_0055_data,2,233,50,1605
dataset7_CLINIC_metal_0055_data,2,234,72,1572
dataset7_CLINIC_metal_0055_data,2,235,32,1532
dataset7_CLINIC_metal_0055_data,2,236,0,1504
dataset7_CLINIC_metal_0055_data,2,237,0,1440
dataset7_CLINIC_metal_0055_data,2,238,0,1376
dataset7_CLINIC_metal_0055_data,2,239,0,1303
dataset7_CLINIC_metal_0055_data,2,240,0,1227
dataset7_CLINIC_metal_0055_data,2,241,0,1117
dataset7_CLINIC_metal_0055_data,2,242,0,997
dataset7_CLINIC_metal_0055_data,2,243,0,812
dataset7_CLINIC_metal_0055_data,2,244,0,694
dataset7_CLINIC_metal_0055_data,2,245,0,584
dataset7_CLINIC_metal_0055_data,2,246,0,501
dataset7_CLINIC_metal_0055_data,2,247,0,418
dataset7_CLINIC_metal_0055_data,2,248,0,317
dataset7_CLINIC_metal_0055_data,2,249,0,187
dataset7_CLINIC_metal_0055_data,3,47,0,77
dataset7_CLINIC_metal_0055_data,3,48,0,145
dataset7_CLINIC_metal_0055_data,3,49,0,212
dataset7_CLINIC_metal_0055_data,3,50,0,280
dataset7_CLINIC_metal_0055_data,3,51,0,345
dataset7_CLINIC_metal_0055_data,3,52,0,409
dataset7_CLINIC_metal_0055_data,3,53,0,462
dataset7_CLINIC_metal_0055_data,3,54,0,513
dataset7_CLINIC_metal_0055_data,3,55,0,575
dataset7_CLINIC_metal_0055_data,3,56,0,624
dataset7_CLINIC_metal_0055_data,3,57,0,674
dataset7_CLINIC_metal_0055_data,3,58,0,713
dataset7_CLINIC_metal_0055_data,3,59,0,781
dataset7_CLINIC_metal_0055_data,3,60,0,925
dataset7_CLINIC_metal_0055_data,3,61,3,1040
dataset7_CLINIC_metal_0055_data,3,62,14,1128
dataset7_CLINIC_metal_0055_data,3,63,22,1214
dataset7_CLINIC_metal_0055_data,3,64,23,1299
dataset7_CLINIC_metal_0055_data,3,65,25,1368
dataset7_CLINIC_metal_0055_data,3,66,26,1438
dataset7_CLINIC_metal_0055_data,3,67,27,1490
dataset7_CLINIC_metal_0055_data,3,68,27,1548
dataset7_CLINIC_metal_0055_data,3,69,28,1665
dataset7_CLINIC_metal_0055_data,3,70,27,1746
dataset7_CLINIC_metal_0055_data,3,71,25,1823
dataset7_CLINIC_metal_0055_data,3,72,25,1902
dataset7_CLINIC_metal_0055_data,3,73,28,1951
dataset7_CLINIC_metal_0055_data,3,74,37,1997
dataset7_CLINIC_metal_0055_data,3,75,43,2040
dataset7_CLINIC_metal_0055_data,3,76,46,2066
dataset7_CLINIC_metal_0055_data,3,77,48,2108
dataset7_CLINIC_metal_0055_data,3,78,54,2109
dataset7_CLINIC_metal_0055_data,3,79,55,2122
dataset7_CLINIC_metal_0055_data,3,80,55,2123
dataset7_CLINIC_metal_0055_data,3,81,54,2124
dataset7_CLINIC_metal_0055_data,3,82,58,2124
dataset7_CLINIC_metal_0055_data,3,83,64,2109
dataset7_CLINIC_metal_0055_data,3,84,78,2104
dataset7_CLINIC_metal_0055_data,3,85,107,2104
dataset7_CLINIC_metal_0055_data,3,86,114,2103
dataset7_CLINIC_metal_0055_data,3,87,123,2101
dataset7_CLINIC_metal_0055_data,3,88,122,2082
dataset7_CLINIC_metal_0055_data,3,89,113,2072
dataset7_CLINIC_metal_0055_data,3,90,134,2052
dataset7_CLINIC_metal_0055_data,3,91,151,2035
dataset7_CLINIC_metal_0055_data,3,92,164,2004
dataset7_CLINIC_metal_0055_data,3,93,167,1963
dataset7_CLINIC_metal_0055_data,3,94,159,1924
dataset7_CLINIC_metal_0055_data,3,95,118,1907
dataset7_CLINIC_metal_0055_data,3,96,76,1871
dataset7_CLINIC_metal_0055_data,3,97,71,1844
dataset7_CLINIC_metal_0055_data,3,98,89,1824
dataset7_CLINIC_metal_0055_data,3,99,99,1804
dataset7_CLINIC_metal_0055_data,3,100,110,1795
dataset7_CLINIC_metal_0055_data,3,101,88,1766
dataset7_CLINIC_metal_0055_data,3,102,64,1762
dataset7_CLINIC_metal_0055_data,3,103,40,1727
dataset7_CLINIC_metal_0055_data,3,104,34,1702
dataset7_CLINIC_metal_0055_data,3,105,38,1675
dataset7_CLINIC_metal_0055_data,3,106,43,1642
dataset7_CLINIC_metal_0055_data,3,107,55,1610
dataset7_CLINIC_metal_0055_data,3,108,77,1573
dataset7_CLINIC_metal_0055_data,3,109,99,1534
dataset7_CLINIC_metal_0055_data,3,110,88,1494
dataset7_CLINIC_metal_0055_data,3,111,62,1467
dataset7_CLINIC_metal_0055_data,3,112,45,1454
dataset7_CLINIC_metal_0055_data,3,113,36,1434
dataset7_CLINIC_metal_0055_data,3,114,32,1406
dataset7_CLINIC_metal_0055_data,3,115,35,1386
dataset7_CLINIC_metal_0055_data,3,116,40,1362
dataset7_CLINIC_metal_0055_data,3,117,45,1354
dataset7_CLINIC_metal_0055_data,3,118,65,1339
dataset7_CLINIC_metal_0055_data,3,119,92,1324
dataset7_CLINIC_metal_0055_data,3,120,95,1314
dataset7_CLINIC_metal_0055_data,3,121,65,1307
dataset7_CLINIC_metal_0055_data,3,122,45,1301
dataset7_CLINIC_metal_0055_data,3,123,38,1296
dataset7_CLINIC_metal_0055_data,3,124,34,1285
dataset7_CLINIC_metal_0055_data,3,125,37,1296
dataset7_CLINIC_metal_0055_data,3,126,40,1287
dataset7_CLINIC_metal_0055_data,3,127,40,1286
dataset7_CLINIC_metal_0055_data,3,128,46,1277
dataset7_CLINIC_metal_0055_data,3,129,61,1256
dataset7_CLINIC_metal_0055_data,3,130,73,1246
dataset7_CLINIC_metal_0055_data,3,131,68,1219
dataset7_CLINIC_metal_0055_data,3,132,55,1194
dataset7_CLINIC_metal_0055_data,3,133,42,1189
dataset7_CLINIC_metal_0055_data,3,134,40,1173
dataset7_CLINIC_metal_0055_data,3,135,37,1182
dataset7_CLINIC_metal_0055_data,3,136,38,1264
dataset7_CLINIC_metal_0055_data,3,137,33,1307
dataset7_CLINIC_metal_0055_data,3,138,33,1344
dataset7_CLINIC_metal_0055_data,3,139,37,1352
dataset7_CLINIC_metal_0055_data,3,140,46,1378
dataset7_CLINIC_metal_0055_data,3,141,45,1394
dataset7_CLINIC_metal_0055_data,3,142,48,1397
dataset7_CLINIC_metal_0055_data,3,143,47,1403
dataset7_CLINIC_metal_0055_data,3,144,48,1395
dataset7_CLINIC_metal_0055_data,3,145,47,1416
dataset7_CLINIC_metal_0055_data,3,146,38,1409
dataset7_CLINIC_metal_0055_data,3,147,39,1402
dataset7_CLINIC_metal_0055_data,3,148,36,1411
dataset7_CLINIC_metal_0055_data,3,149,38,1405
dataset7_CLINIC_metal_0055_data,3,150,43,1393
dataset7_CLINIC_metal_0055_data,3,151,53,1370
dataset7_CLINIC_metal_0055_data,3,152,57,1360
dataset7_CLINIC_metal_0055_data,3,153,66,1343
dataset7_CLINIC_metal_0055_data,3,154,74,1324
dataset7_CLINIC_metal_0055_data,3,155,75,1311
dataset7_CLINIC_metal_0055_data,3,156,75,1312
dataset7_CLINIC_metal_0055_data,3,157,88,1319
dataset7_CLINIC_metal_0055_data,3,158,83,1320
dataset7_CLINIC_metal_0055_data,3,159,80,1329
dataset7_CLINIC_metal_0055_data,3,160,69,1324
dataset7_CLINIC_metal_0055_data,3,161,68,1334
dataset7_CLINIC_metal_0055_data,3,162,68,1327
dataset7_CLINIC_metal_0055_data,3,163,59,1339
dataset7_CLINIC_metal_0055_data,3,164,47,1332
dataset7_CLINIC_metal_0055_data,3,165,40,1329
dataset7_CLINIC_metal_0055_data,3,166,41,1332
dataset7_CLINIC_metal_0055_data,3,167,47,1338
dataset7_CLINIC_metal_0055_data,3,168,50,1331
dataset7_CLINIC_metal_0055_data,3,169,61,1322
dataset7_CLINIC_metal_0055_data,3,170,74,1311
dataset7_CLINIC_metal_0055_data,3,171,81,1287
dataset7_CLINIC_metal_0055_data,3,172,81,1281
dataset7_CLINIC_metal_0055_data,3,173,70,1278
dataset7_CLINIC_metal_0055_data,3,174,77,1276
dataset7_CLINIC_metal_0055_data,3,175,82,1270
dataset7_CLINIC_metal_0055_data,3,176,79,1276
dataset7_CLINIC_metal_0055_data,3,177,72,1266
dataset7_CLINIC_metal_0055_data,3,178,67,1270
dataset7_CLINIC_metal_0055_data,3,179,62,1253
dataset7_CLINIC_metal_0055_data,3,180,57,1244
dataset7_CLINIC_metal_0055_data,3,181,55,1240
dataset7_CLINIC_metal_0055_data,3,182,51,1241
dataset7_CLINIC_metal_0055_data,3,183,53,1226
dataset7_CLINIC_metal_0055_data,3,184,65,1224
dataset7_CLINIC_metal_0055_data,3,185,71,1214
dataset7_CLINIC_metal_0055_data,3,186,67,1191
dataset7_CLINIC_metal_0055_data,3,187,78,1180
dataset7_CLINIC_metal_0055_data,3,188,84,1160
dataset7_CLINIC_metal_0055_data,3,189,80,1132
dataset7_CLINIC_metal_0055_data,3,190,75,1109
dataset7_CLINIC_metal_0055_data,3,191,65,1069
dataset7_CLINIC_metal_0055_data,3,192,60,1039
dataset7_CLINIC_metal_0055_data,3,193,59,1004
dataset7_CLINIC_metal_0055_data,3,194,52,967
dataset7_CLINIC_metal_0055_data,3,195,36,928
dataset7_CLINIC_metal_0055_data,3,196,26,888
dataset7_CLINIC_metal_0055_data,3,197,10,852
dataset7_CLINIC_metal_0055_data,3,198,0,806
dataset7_CLINIC_metal_0055_data,3,199,0,776
dataset7_CLINIC_metal_0055_data,3,200,0,738
dataset7_CLINIC_metal_0055_data,3,201,0,692
dataset7_CLINIC_metal_0055_data,3,202,0,653
dataset7_CLINIC_metal_0055_data,3,203,0,598
dataset7_CLINIC_metal_0055_data,3,204,0,559
dataset7_CLINIC_metal_0055_data,3,205,0,495
dataset7_CLINIC_metal_0055_data,3,206,0,450
dataset7_CLINIC_metal_0055_data,3,207,0,379
dataset7_CLINIC_metal_0055_data,3,208,0,317
dataset7_CLINIC_metal_0055_data,3,209,0,251
dataset7_CLINIC_metal_0055_data,3,210,0,182
dataset7_CLINIC_metal_0055_data,3,211,0,106
dataset7_CLINIC_metal_0055_data,4,209,0,140
dataset7_CLINIC_metal_0055_data,4,210,0,230
dataset7_CLINIC_metal_0055_data,4,211,0,304
dataset7_CLINIC_metal_0055_data,4,212,0,363
dataset7_CLINIC_metal_0055_data,4,213,0,435
dataset7_CLINIC_metal_0055_data,4,214,0,468
dataset7_CLINIC_metal_0055_data,4,215,0,524
dataset7_CLINIC_metal_0055_data,4,216,0,551
dataset7_CLINIC_metal_0055_data,4,217,0,595
dataset7_CLINIC_metal_0055_data,4,218,0,621
dataset7_CLINIC_metal_0055_data,4,219,0,630
dataset7_CLINIC_metal_0055_data,4,220,0,669
dataset7_CLINIC_metal_0055_data,4,221,0,686
dataset7_CLINIC_metal_0055_data,4,222,0,686
dataset7_CLINIC_metal_0055_data,4,223,15,695
dataset7_CLINIC_metal_0055_data,4,224,0,686
dataset7_CLINIC_metal_0055_data,4,225,0,686
dataset7_CLINIC_metal_0055_data,4,226,0,669
dataset7_CLINIC_metal_0055_data,4,227,0,630
dataset7_CLINIC_metal_0055_data,4,228,0,621
dataset7_CLINIC_metal_0055_data,4,229,0,595
dataset7_CLINIC_metal_0055_data,4,230,0,551
dataset7_CLINIC_metal_0055_data,4,231,0,524
dataset7_CLINIC_metal_0055_data,4,232,0,468
dataset7_CLINIC_metal_0055_data,4,233,0,435
dataset7_CLINIC_metal_0055_data,4,234,0,363
dataset7_CLINIC_metal_0055_data,4,235,0,304
dataset7_CLINIC_metal_0055_data,4,236,0,230
dataset7_CLINIC_metal_0055_data,4,237,0,140
dataset7_CLINIC_metal_0055_data,5,213,0,147
dataset7_CLINIC_metal_0055_data,5,214,0,241
dataset7_CLINIC_metal_0055_data,5,215,0,315
dataset7_CLINIC_metal_0055_data,5,216,0,376
dataset7_CLINIC_metal_0055_data,5,217,0,450
dataset7_CLINIC_metal_0055_data,5,218,0,479
dataset7_CLINIC_metal_0055_data,5,219,0,539
dataset7_CLINIC_metal_0055_data,5,220,0,564
dataset7_CLINIC_metal_0055_data,5,221,0,613
dataset7_CLINIC_metal_0055_data,5,222,0,637
dataset7_CLINIC_metal_0055_data,5,223,0,645
dataset7_CLINIC_metal_0055_data,5,224,0,690
dataset7_CLINIC_metal_0055_data,5,225,0,706
dataset7_CLINIC_metal_0055_data,5,226,0,706
dataset7_CLINIC_metal_0055_data,5,227,17,714
dataset7_CLINIC_metal_0055_data,5,228,0,706
dataset7_CLINIC_metal_0055_data,5,229,0,706
dataset7_CLINIC_metal_0055_data,5,230,0,690
dataset7_CLINIC_metal_0055_data,5,231,0,645
dataset7_CLINIC_metal_0055_data,5,232,0,637
dataset7_CLINIC_metal_0055_data,5,233,0,613
dataset7_CLINIC_metal_0055_data,5,234,0,564
dataset7_CLINIC_metal_0055_data,5,235,0,539
dataset7_CLINIC_metal_0055_data,5,236,0,479
dataset7_CLINIC_metal_0055_data,5,237,0,450
dataset7_CLINIC_metal_0055_data,5,238,0,376
dataset7_CLINIC_metal_0055_data,5,239,0,315
dataset7_CLINIC_metal_0055_data,5,240,0,241
dataset7_CLINIC_metal_0055_data,5,241,0,147
dataset7_CLINIC_metal_0055_data,6,143,0,92
dataset7_CLINIC_metal_0055_data,6,144,0,162
dataset7_CLINIC_metal_0055_data,6,145,0,226
dataset7_CLINIC_metal_0055_data,6,146,0,281
dataset7_CLINIC_metal_0055_data,6,147,0,347
dataset7_CLINIC_metal_0055_data,6,148,0,397
dataset7_CLINIC_metal_0055_data,6,149,0,448
dataset7_CLINIC_metal_0055_data,6,150,0,499
dataset7_CLINIC_metal_0055_data,6,151,0,543
dataset7_CLINIC_metal_0055_data,6,152,0,592
dataset7_CLINIC_metal_0055_data,6,153,0,631
dataset7_CLINIC_metal_0055_data,6,154,0,682
dataset7_CLINIC_metal_0055_data,6,155,0,782
dataset7_CLINIC_metal_0055_data,6,156,0,856
dataset7_CLINIC_metal_0055_data,6,157,6,911
dataset7_CLINIC_metal_0055_data,6,158,13,967
dataset7_CLINIC_metal_0055_data,6,159,19,1022
dataset7_CLINIC_metal_0055_data,6,160,23,1088
dataset7_CLINIC_metal_0055_data,6,161,24,1151
dataset7_CLINIC_metal_0055_data,6,162,23,1201
dataset7_CLINIC_metal_0055_data,6,163,27,1257
dataset7_CLINIC_metal_0055_data,6,164,25,1303
dataset7_CLINIC_metal_0055_data,6,165,27,1351
dataset7_CLINIC_metal_0055_data,6,166,26,1393
dataset7_CLINIC_metal_0055_data,6,167,26,1435
dataset7_CLINIC_metal_0055_data,6,168,24,1467
dataset7_CLINIC_metal_0055_data,6,169,31,1509
dataset7_CLINIC_metal_0055_data,6,170,52,1528
dataset7_CLINIC_metal_0055_data,6,171,75,1552
dataset7_CLINIC_metal_0055_data,6,172,95,1576
dataset7_CLINIC_metal_0055_data,6,173,107,1579
dataset7_CLINIC_metal_0055_data,6,174,114,1586
dataset7_CLINIC_metal_0055_data,6,175,110,1594
dataset7_CLINIC_metal_0055_data,6,176,95,1604
dataset7_CLINIC_metal_0055_data,6,177,92,1616
dataset7_CLINIC_metal_0055_data,6,178,98,1628
dataset7_CLINIC_metal_0055_data,6,179,116,1748
dataset7_CLINIC_metal_0055_data,6,180,120,1830
dataset7_CLINIC_metal_0055_data,6,181,136,1909
dataset7_CLINIC_metal_0055_data,6,182,126,1997
dataset7_CLINIC_metal_0055_data,6,183,95,2062
dataset7_CLINIC_metal_0055_data,6,184,81,2150
dataset7_CLINIC_metal_0055_data,6,185,66,2198
dataset7_CLINIC_metal_0055_data,6,186,63,2270
dataset7_CLINIC_metal_0055_data,6,187,60,2293
dataset7_CLINIC_metal_0055_data,6,188,66,2325
dataset7_CLINIC_metal_0055_data,6,189,92,2335
dataset7_CLINIC_metal_0055_data,6,190,94,2338
dataset7_CLINIC_metal_0055_data,6,191,67,2352
dataset7_CLINIC_metal_0055_data,6,192,48,2344
dataset7_CLINIC_metal_0055_data,6,193,57,2328
dataset7_CLINIC_metal_0055_data,6,194,67,2296
dataset7_CLINIC_metal_0055_data,6,195,85,2270
dataset7_CLINIC_metal_0055_data,6,196,92,2240
dataset7_CLINIC_metal_0055_data,6,197,91,2244
dataset7_CLINIC_metal_0055_data,6,198,99,2245
dataset7_CLINIC_metal_0055_data,6,199,118,2240
dataset7_CLINIC_metal_0055_data,6,200,122,2227
dataset7_CLINIC_metal_0055_data,6,201,116,2219
dataset7_CLINIC_metal_0055_data,6,202,112,2209
dataset7_CLINIC_metal_0055_data,6,203,103,2183
dataset7_CLINIC_metal_0055_data,6,204,101,2171
dataset7_CLINIC_metal_0055_data,6,205,93,2160
dataset7_CLINIC_metal_0055_data,6,206,79,2164
dataset7_CLINIC_metal_0055_data,6,207,69,2220
dataset7_CLINIC_metal_0055_data,6,208,56,2316
dataset7_CLINIC_metal_0055_data,6,209,52,2379
dataset7_CLINIC_metal_0055_data,6,210,45,2429
dataset7_CLINIC_metal_0055_data,6,211,65,2452
dataset7_CLINIC_metal_0055_data,6,212,95,2495
dataset7_CLINIC_metal_0055_data,6,213,115,2501
dataset7_CLINIC_metal_0055_data,6,214,132,2537
dataset7_CLINIC_metal_0055_data,6,215,140,2543
dataset7_CLINIC_metal_0055_data,6,216,134,2548
dataset7_CLINIC_metal_0055_data,6,217,145,2550
dataset7_CLINIC_metal_0055_data,6,218,179,2529
dataset7_CLINIC_metal_0055_data,6,219,178,2529
dataset7_CLINIC_metal_0055_data,6,220,181,2510
dataset7_CLINIC_metal_0055_data,6,221,157,2478
dataset7_CLINIC_metal_0055_data,6,222,141,2450
dataset7_CLINIC_metal_0055_data,6,223,85,2435
dataset7_CLINIC_metal_0055_data,6,224,104,2445
dataset7_CLINIC_metal_0055_data,6,225,82,2459
dataset7_CLINIC_metal_0055_data,6,226,124,2454
dataset7_CLINIC_metal_0055_data,6,227,116,2454
dataset7_CLINIC_metal_0055_data,6,228,95,2454
dataset7_CLINIC_metal_0055_data,6,229,92,2449
dataset7_CLINIC_metal_0055_data,6,230,108,2447
dataset7_CLINIC_metal_0055_data,6,231,100,2441
dataset7_CLINIC_metal_0055_data,6,232,66,2411
dataset7_CLINIC_metal_0055_data,6,233,38,2385
dataset7_CLINIC_metal_0055_data,6,234,35,2368
dataset7_CLINIC_metal_0055_data,6,235,56,2302
dataset7_CLINIC_metal_0055_data,6,236,137,2239
dataset7_CLINIC_metal_0055_data,6,237,259,2151
dataset7_CLINIC_metal_0055_data,6,238,261,2104
dataset7_CLINIC_metal_0055_data,6,239,151,2073
dataset7_CLINIC_metal_0055_data,6,240,79,2041
dataset7_CLINIC_metal_0055_data,6,241,59,1979
dataset7_CLINIC_metal_0055_data,6,242,48,1926
dataset7_CLINIC_metal_0055_data,6,243,44,1887
dataset7_CLINIC_metal_0055_data,6,244,40,1844
dataset7_CLINIC_metal_0055_data,6,245,38,1803
dataset7_CLINIC_metal_0055_data,6,246,42,1796
dataset7_CLINIC_metal_0055_data,6,247,48,1817
dataset7_CLINIC_metal_0055_data,6,248,43,1848
dataset7_CLINIC_metal_0055_data,6,249,32,1872
dataset7_CLINIC_metal_0055_data,6,250,32,1898
dataset7_CLINIC_metal_0055_data,6,251,53,1926
dataset7_CLINIC_metal_0055_data,6,252,118,1926
dataset7_CLINIC_metal_0055_data,6,253,234,1918
dataset7_CLINIC_metal_0055_data,6,254,264,1907
dataset7_CLINIC_metal_0055_data,6,255,173,1896
dataset7_CLINIC_metal_0055_data,6,256,104,1883
dataset7_CLINIC_metal_0055_data,6,257,70,1843
dataset7_CLINIC_metal_0055_data,6,258,61,1792
dataset7_CLINIC_metal_0055_data,6,259,51,1761
dataset7_CLINIC_metal_0055_data,6,260,40,1726
dataset7_CLINIC_metal_0055_data,6,261,24,1660
dataset7_CLINIC_metal_0055_data,6,262,3,1603
dataset7_CLINIC_metal_0055_data,6,263,0,1525
dataset7_CLINIC_metal_0055_data,6,264,0,1460
dataset7_CLINIC_metal_0055_data,6,265,0,1354
dataset7_CLINIC_metal_0055_data,6,266,0,1244
dataset7_CLINIC_metal_0055_data,6,267,0,1115
dataset7_CLINIC_metal_0055_data,6,268,0,970
dataset7_CLINIC_metal_0055_data,6,269,0,775
dataset7_CLINIC_metal_0055_data,6,270,0,581
dataset7_CLINIC_metal_0055_data,6,271,0,447
dataset7_CLINIC_metal_0055_data,6,272,0,373
dataset7_CLINIC_metal_0055_data,6,273,0,310
dataset7_CLINIC_metal_0055_data,6,274,0,234
dataset7_CLINIC_metal_0055_data,6,275,0,150
dataset7_CLINIC_metal_0055_data,6,276,0,77
dataset7_CLINIC_metal_0055_data,7,212,0,145
dataset7_CLINIC_metal_0055_data,7,213,0,237
dataset7_CLINIC_metal_0055_data,7,214,0,313
dataset7_CLINIC_metal_0055_data,7,215,0,373
dataset7_CLINIC_metal_0055_data,7,216,0,446
dataset7_CLINIC_metal_0055_data,7,217,0,481
dataset7_CLINIC_metal_0055_data,7,218,0,537
dataset7_CLINIC_metal_0055_data,7,219,0,565
dataset7_CLINIC_metal_0055_data,7,220,0,608
dataset7_CLINIC_metal_0055_data,7,221,0,635
dataset7_CLINIC_metal_0055_data,7,222,0,645
dataset7_CLINIC_metal_0055_data,7,223,0,683
dataset7_CLINIC_metal_0055_data,7,224,0,700
dataset7_CLINIC_metal_0055_data,7,225,0,700
dataset7_CLINIC_metal_0055_data,7,226,15,710
dataset7_CLINIC_metal_0055_data,7,227,0,700
dataset7_CLINIC_metal_0055_data,7,228,0,700
dataset7_CLINIC_metal_0055_data,7,229,0,683
dataset7_CLINIC_metal_0055_data,7,230,0,645
dataset7_CLINIC_metal_0055_data,7,231,0,635
dataset7_CLINIC_metal_0055_data,7,232,0,608
dataset7_CLINIC_metal_0055_data,7,233,0,565
dataset7_CLINIC_metal_0055_data,7,234,0,537
dataset7_CLINIC_metal_0055_data,7,235,0,481
dataset7_CLINIC_metal_0055_data,7,236,0,446
dataset7_CLINIC_metal_0055_data,7,237,0,373
dataset7_CLINIC_metal_0055_data,7,238,0,313
dataset7_CLINIC_metal_0055_data,7,239,0,237
dataset7_CLINIC_metal_0055_data,7,240,0,145
dataset7_CLINIC_metal_0055_data,8,186,0,114
dataset7_CLINIC_metal_0055_data,8,187,0,192
dataset7_CLINIC_metal_0055_data,8,188,0,264
dataset7_CLINIC_metal_0055_data,8,189,0,332
dataset7_CLINIC_metal_0055_data,8,190,0,405
dataset7_CLINIC_metal_0055_data,8,191,0,464
dataset7_CLINIC_metal_0055_data,8,192,0,518
dataset7_CLINIC_metal_0055_data,8,193,0,562
dataset7_CLINIC_metal_0055_data,8,194,0,604
dataset7_CLINIC_metal_0055_data,8,195,0,648
dataset7_CLINIC_metal_0055_data,8,196,0,679
dataset7_CLINIC_metal_0055_data,8,197,0,720
dataset7_CLINIC_metal_0055_data,8,198,0,749
dataset7_CLINIC_metal_0055_data,8,199,0,770
dataset7_CLINIC_metal_0055_data,8,200,12,802
dataset7_CLINIC_metal_0055_data,8,201,24,823
dataset7_CLINIC_metal_0055_data,8,202,24,826
dataset7_CLINIC_metal_0055_data,8,203,18,841
dataset7_CLINIC_metal_0055_data,8,204,15,845
dataset7_CLINIC_metal_0055_data,8,205,15,845
dataset7_CLINIC_metal_0055_data,8,206,31,847
dataset7_CLINIC_metal_0055_data,8,207,31,842
dataset7_CLINIC_metal_0055_data,8,208,18,833
dataset7_CLINIC_metal_0055_data,8,209,4,816
dataset7_CLINIC_metal_0055_data,8,210,0,789
dataset7_CLINIC_metal_0055_data,8,211,0,771
dataset7_CLINIC_metal_0055_data,8,212,0,739
dataset7_CLINIC_metal_0055_data,8,213,0,701
dataset7_CLINIC_metal_0055_data,8,214,0,672
dataset7_CLINIC_metal_0055_data,8,215,0,614
dataset7_CLINIC_metal_0055_data,8,216,0,577
dataset7_CLINIC_metal_0055_data,8,217,0,511
dataset7_CLINIC_metal_0055_data,8,218,0,451
dataset7_CLINIC_metal_0055_data,8,219,0,373
dataset7_CLINIC_metal_0055_data,8,220,0,297
dataset7_CLINIC_metal_0055_data,8,221,0,214
dataset7_CLINIC_metal_0055_data,8,222,0,152
dataset7_CLINIC_metal_0055_data,8,223,0,84
dataset7_CLINIC_metal_0055_data,9,222,0,113
dataset7_CLINIC_metal_0055_data,9,223,0,281
dataset7_CLINIC_metal_0055_data,9,224,0,396
dataset7_CLINIC_metal_0055_data,9,225,0,486
dataset7_CLINIC_metal_0055_data,9,226,0,582
dataset7_CLINIC_metal_0055_data,9,227,0,661
dataset7_CLINIC_metal_0055_data,9,228,0,739
dataset7_CLINIC_metal_0055_data,9,229,0,799
dataset7_CLINIC_metal_0055_data,9,230,0,858
dataset7_CLINIC_metal_0055_data,9,231,0,910
dataset7_CLINIC_metal_0055_data,9,232,0,957
dataset7_CLINIC_metal_0055_data,9,233,0,998
dataset7_CLINIC_metal_0055_data,9,234,0,1038
dataset7_CLINIC_metal_0055_data,9,235,0,1079
dataset7_CLINIC_metal_0055_data,9,236,9,1106
dataset7_CLINIC_metal_0055_data,9,237,31,1152
dataset7_CLINIC_metal_0055_data,9,238,55,1193
dataset7_CLINIC_metal_0055_data,9,239,71,1229
dataset7_CLINIC_metal_0055_data,9,240,87,1262
dataset7_CLINIC_metal_0055_data,9,241,92,1285
dataset7_CLINIC_metal_0055_data,9,242,87,1305
dataset7_CLINIC_metal_0055_data,9,243,81,1360
dataset7_CLINIC_metal_0055_data,9,244,68,1410
dataset7_CLINIC_metal_0055_data,9,245,59,1454
dataset7_CLINIC_metal_0055_data,9,246,56,1489
dataset7_CLINIC_metal_0055_data,9,247,51,1514
dataset7_CLINIC_metal_0055_data,9,248,48,1546
dataset7_CLINIC_metal_0055_data,9,249,61,1565
dataset7_CLINIC_metal_0055_data,9,250,96,1568
dataset7_CLINIC_metal_0055_data,9,251,111,1608
dataset7_CLINIC_metal_0055_data,9,252,114,1638
dataset7_CLINIC_metal_0055_data,9,253,96,1681
dataset7_CLINIC_metal_0055_data,9,254,85,1707
dataset7_CLINIC_metal_0055_data,9,255,68,1743
dataset7_CLINIC_metal_0055_data,9,256,58,1817
dataset7_CLINIC_metal_0055_data,9,257,58,1866
dataset7_CLINIC_metal_0055_data,9,258,85,1929
dataset7_CLINIC_metal_0055_data,9,259,114,2045
dataset7_CLINIC_metal_0055_data,9,260,136,2121
dataset7_CLINIC_metal_0055_data,9,261,145,2180
dataset7_CLINIC_metal_0055_data,9,262,127,2231
dataset7_CLINIC_metal_0055_data,9,263,85,2302
dataset7_CLINIC_metal_0055_data,9,264,68,2426
dataset7_CLINIC_metal_0055_data,9,265,71,2500
dataset7_CLINIC_metal_0055_data,9,266,91,2563
dataset7_CLINIC_metal_0055_data,9,267,102,2600
dataset7_CLINIC_metal_0055_data,9,268,92,2635
dataset7_CLINIC_metal_0055_data,9,269,95,2651
dataset7_CLINIC_metal_0055_data,9,270,112,2661
dataset7_CLINIC_metal_0055_data,9,271,144,2645
dataset7_CLINIC_metal_0055_data,9,272,171,2633
dataset7_CLINIC_metal_0055_data,9,273,185,2613
dataset7_CLINIC_metal_0055_data,9,274,204,2575
dataset7_CLINIC_metal_0055_data,9,275,207,2552
dataset7_CLINIC_metal_0055_data,9,276,202,2527
dataset7_CLINIC_metal_0055_data,9,277,201,2501
dataset7_CLINIC_metal_0055_data,9,278,234,2451
dataset7_CLINIC_metal_0055_data,9,279,278,2412
dataset7_CLINIC_metal_0055_data,9,280,264,2369
dataset7_CLINIC_metal_0055_data,9,281,197,2302
dataset7_CLINIC_metal_0055_data,9,282,119,2247
dataset7_CLINIC_metal_0055_data,9,283,75,2169
dataset7_CLINIC_metal_0055_data,9,284,52,2075
dataset7_CLINIC_metal_0055_data,9,285,23,1985
dataset7_CLINIC_metal_0055_data,9,286,0,1884
dataset7_CLINIC_metal_0055_data,9,287,0,1791
dataset7_CLINIC_metal_0055_data,9,288,0,1691
dataset7_CLINIC_metal_0055_data,9,289,0,1582
dataset7_CLINIC_metal_0055_data,9,290,0,1468
dataset7_CLINIC_metal_0055_data,9,291,0,1332
dataset7_CLINIC_metal_0055_data,9,292,0,1194
dataset7_CLINIC_metal_0055_data,9,293,0,1041
dataset7_CLINIC_metal_0055_data,9,294,0,878
dataset7_CLINIC_metal_0055_data,9,295,0,691
dataset7_CLINIC_metal_0055_data,9,296,0,509
dataset7_CLINIC_metal_0055_data,9,297,0,349
dataset7_CLINIC_metal_0055_data,9,298,0,242
dataset7_CLINIC_metal_0055_data,9,299,0,150
dataset7_CLINIC_metal_0057_data,0,188,0,112
dataset7_CLINIC_metal_0057_data,0,189,0,200
dataset7_CLINIC_metal_0057_data,0,190,0,290
dataset7_CLINIC_metal_0057_data,0,191,0,378
dataset7_CLINIC_metal_0057_data,0,192,0,455
dataset7_CLINIC_metal_0057_data,0,193,0,534
dataset7_CLINIC_metal_0057_data,0,194,0,616
dataset7_CLINIC_metal_0057_data,0,195,0,705
dataset7_CLINIC_metal_0057_data,0,196,0,789
dataset7_CLINIC_metal_0057_data,0,197,0,881
dataset7_CLINIC_metal_0057_data,0,198,0,958
dataset7_CLINIC_metal_0057_data,0,199,0,1061
dataset7_CLINIC_metal_0057_data,0,200,0,1145
dataset7_CLINIC_metal_0057_data,0,201,0,1235
dataset7_CLINIC_metal_0057_data,0,202,4,1324
dataset7_CLINIC_metal_0057_data,0,203,20,1404
dataset7_CLINIC_metal_0057_data,0,204,32,1476
dataset7_CLINIC_metal_0057_data,0,205,41,1550
dataset7_CLINIC_metal_0057_data,0,206,55,1618
dataset7_CLINIC_metal_0057_data,0,207,68,1682
dataset7_CLINIC_metal_0057_data,0,208,73,1750
dataset7_CLINIC_metal_0057_data,0,209,61,1813
dataset7_CLINIC_metal_0057_data,0,210,49,1871
dataset7_CLINIC_metal_0057_data,0,211,50,1922
dataset7_CLINIC_metal_0057_data,0,212,49,1962
dataset7_CLINIC_metal_0057_data,0,213,49,2008
dataset7_CLINIC_metal_0057_data,0,214,49,2035
dataset7_CLINIC_metal_0057_data,0,215,48,2072
dataset7_CLINIC_metal_0057_data,0,216,46,2097
dataset7_CLINIC_metal_0057_data,0,217,43,2098
dataset7_CLINIC_metal_0057_data,0,218,42,2098
dataset7_CLINIC_metal_0057_data,0,219,44,2087
dataset7_CLINIC_metal_0057_data,0,220,41,2073
dataset7_CLINIC_metal_0057_data,0,221,42,2045
dataset7_CLINIC_metal_0057_data,0,222,42,2008
dataset7_CLINIC_metal_0057_data,0,223,42,1952
dataset7_CLINIC_metal_0057_data,0,224,45,1847
dataset7_CLINIC_metal_0057_data,0,225,45,1798
dataset7_CLINIC_metal_0057_data,0,226,43,1745
dataset7_CLINIC_metal_0057_data,0,227,45,1687
dataset7_CLINIC_metal_0057_data,0,228,45,1627
dataset7_CLINIC_metal_0057_data,0,229,43,1563
dataset7_CLINIC_metal_0057_data,0,230,41,1495
dataset7_CLINIC_metal_0057_data,0,231,35,1429
dataset7_CLINIC_metal_0057_data,0,232,22,1364
dataset7_CLINIC_metal_0057_data,0,233,7,1295
dataset7_CLINIC_metal_0057_data,0,234,0,1223
dataset7_CLINIC_metal_0057_data,0,235,0,1154
dataset7_CLINIC_metal_0057_data,0,236,0,1076
dataset7_CLINIC_metal_0057_data,0,237,0,991
dataset7_CLINIC_metal_0057_data,0,238,0,920
dataset7_CLINIC_metal_0057_data,0,239,0,839
dataset7_CLINIC_metal_0057_data,0,240,0,753
dataset7_CLINIC_metal_0057_data,0,241,0,668
dataset7_CLINIC_metal_0057_data,0,242,0,577
dataset7_CLINIC_metal_0057_data,0,243,0,491
dataset7_CLINIC_metal_0057_data,0,244,0,408
dataset7_CLINIC_metal_0057_data,0,245,0,325
dataset7_CLINIC_metal_0057_data,0,246,0,232
dataset7_CLINIC_metal_0057_data,0,247,0,132
dataset7_CLINIC_metal_0057_data,1,15,0,132
dataset7_CLINIC_metal_0057_data,1,16,0,227
dataset7_CLINIC_metal_0057_data,1,17,0,307
dataset7_CLINIC_metal_0057_data,1,18,0,381
dataset7_CLINIC_metal_0057_data,1,19,0,460
dataset7_CLINIC_metal_0057_data,1,20,0,535
dataset7_CLINIC_metal_0057_data,1,21,0,609
dataset7_CLINIC_metal_0057_data,1,22,0,683
dataset7_CLINIC_metal_0057_data,1,23,0,737
dataset7_CLINIC_metal_0057_data,1,24,0,803
dataset7_CLINIC_metal_0057_data,1,25,0,856
dataset7_CLINIC_metal_0057_data,1,26,0,901
dataset7_CLINIC_metal_0057_data,1,27,0,955
dataset7_CLINIC_metal_0057_data,1,28,0,997
dataset7_CLINIC_metal_0057_data,1,29,7,1044
dataset7_CLINIC_metal_0057_data,1,30,16,1081
dataset7_CLINIC_metal_0057_data,1,31,23,1117
dataset7_CLINIC_metal_0057_data,1,32,29,1154
dataset7_CLINIC_metal_0057_data,1,33,32,1183
dataset7_CLINIC_metal_0057_data,1,34,29,1210
dataset7_CLINIC_metal_0057_data,1,35,32,1237
dataset7_CLINIC_metal_0057_data,1,36,32,1260
dataset7_CLINIC_metal_0057_data,1,37,31,1262
dataset7_CLINIC_metal_0057_data,1,38,32,1435
dataset7_CLINIC_metal_0057_data,1,39,32,1544
dataset7_CLINIC_metal_0057_data,1,40,30,1634
dataset7_CLINIC_metal_0057_data,1,41,31,1715
dataset7_CLINIC_metal_0057_data,1,42,31,1810
dataset7_CLINIC_metal_0057_data,1,43,31,1886
dataset7_CLINIC_metal_0057_data,1,44,30,1967
dataset7_CLINIC_metal_0057_data,1,45,31,2052
dataset7_CLINIC_metal_0057_data,1,46,32,2117
dataset7_CLINIC_metal_0057_data,1,47,29,2173
dataset7_CLINIC_metal_0057_data,1,48,31,2256
dataset7_CLINIC_metal_0057_data,1,49,30,2345
dataset7_CLINIC_metal_0057_data,1,50,30,2537
dataset7_CLINIC_metal_0057_data,1,51,31,2687
dataset7_CLINIC_metal_0057_data,1,52,41,2813
dataset7_CLINIC_metal_0057_data,1,53,52,2928
dataset7_CLINIC_metal_0057_data,1,54,60,3173
dataset7_CLINIC_metal_0057_data,1,55,64,3386
dataset7_CLINIC_metal_0057_data,1,56,64,3568
dataset7_CLINIC_metal_0057_data,1,57,64,3736
dataset7_CLINIC_metal_0057_data,1,58,66,3884
dataset7_CLINIC_metal_0057_data,1,59,64,4012
dataset7_CLINIC_metal_0057_data,1,60,66,4149
dataset7_CLINIC_metal_0057_data,1,61,69,4266
dataset7_CLINIC_metal_0057_data,1,62,68,4364
dataset7_CLINIC_metal_0057_data,1,63,78,4456
dataset7_CLINIC_metal_0057_data,1,64,114,4536
dataset7_CLINIC_metal_0057_data,1,65,144,4721
dataset7_CLINIC_metal_0057_data,1,66,174,4834
dataset7_CLINIC_metal_0057_data,1,67,177,4929
dataset7_CLINIC_metal_0057_data,1,68,177,4987
dataset7_CLINIC_metal_0057_data,1,69,183,5023
dataset7_CLINIC_metal_0057_data,1,70,180,5076
dataset7_CLINIC_metal_0057_data,1,71,186,5106
dataset7_CLINIC_metal_0057_data,1,72,183,5113
dataset7_CLINIC_metal_0057_data,1,73,184,5098
dataset7_CLINIC_metal_0057_data,1,74,188,5071
dataset7_CLINIC_metal_0057_data,1,75,185,5028
dataset7_CLINIC_metal_0057_data,1,76,190,4974
dataset7_CLINIC_metal_0057_data,1,77,193,4918
dataset7_CLINIC_metal_0057_data,1,78,197,4841
dataset7_CLINIC_metal_0057_data,1,79,201,4745
dataset7_CLINIC_metal_0057_data,1,80,220,4650
dataset7_CLINIC_metal_0057_data,1,81,238,4546
dataset7_CLINIC_metal_0057_data,1,82,243,4450
dataset7_CLINIC_metal_0057_data,1,83,239,4483
dataset7_CLINIC_metal_0057_data,1,84,264,4498
dataset7_CLINIC_metal_0057_data,1,85,309,4489
dataset7_CLINIC_metal_0057_data,1,86,342,4477
dataset7_CLINIC_metal_0057_data,1,87,314,4526
dataset7_CLINIC_metal_0057_data,1,88,254,4562
dataset7_CLINIC_metal_0057_data,1,89,165,4581
dataset7_CLINIC_metal_0057_data,1,90,163,4641
dataset7_CLINIC_metal_0057_data,1,91,175,4715
dataset7_CLINIC_metal_0057_data,1,92,173,4769
dataset7_CLINIC_metal_0057_data,1,93,161,4827
dataset7_CLINIC_metal_0057_data,1,94,141,4824
dataset7_CLINIC_metal_0057_data,1,95,123,4848
dataset7_CLINIC_metal_0057_data,1,96,123,4843
dataset7_CLINIC_metal_0057_data,1,97,130,4839
dataset7_CLINIC_metal_0057_data,1,98,123,4808
dataset7_CLINIC_metal_0057_data,1,99,137,4798
dataset7_CLINIC_metal_0057_data,1,100,146,4767
dataset7_CLINIC_metal_0057_data,1,101,161,4737
dataset7_CLINIC_metal_0057_data,1,102,185,4676
dataset7_CLINIC_metal_0057_data,1,103,203,4541
dataset7_CLINIC_metal_0057_data,1,104,233,4509
dataset7_CLINIC_metal_0057_data,1,105,241,4454
dataset7_CLINIC_metal_0057_data,1,106,233,4378
dataset7_CLINIC_metal_0057_data,1,107,216,4321
dataset7_CLINIC_metal_0057_data,1,108,208,4262
dataset7_CLINIC_metal_0057_data,1,109,210,4206
dataset7_CLINIC_metal_0057_data,1,110,225,4151
dataset7_CLINIC_metal_0057_data,1,111,231,4087
dataset7_CLINIC_metal_0057_data,1,112,226,4044
dataset7_CLINIC_metal_0057_data,1,113,217,3993
dataset7_CLINIC_metal_0057_data,1,114,204,3948
dataset7_CLINIC_metal_0057_data,1,115,202,3879
dataset7_CLINIC_metal_0057_data,1,116,189,3813
dataset7_CLINIC_metal_0057_data,1,117,178,3728
dataset7_CLINIC_metal_0057_data,1,118,172,3649
dataset7_CLINIC_metal_0057_data,1,119,161,3612
dataset7_CLINIC_metal_0057_data,1,120,158,3605
dataset7_CLINIC_metal_0057_data,1,121,163,3614
dataset7_CLINIC_metal_0057_data,1,122,169,3639
dataset7_CLINIC_metal_0057_data,1,123,165,3668
dataset7_CLINIC_metal_0057_data,1,124,158,3714
dataset7_CLINIC_metal_0057_data,1,125,156,3773
dataset7_CLINIC_metal_0057_data,1,126,155,3825
dataset7_CLINIC_metal_0057_data,1,127,156,3911
dataset7_CLINIC_metal_0057_data,1,128,161,3959
dataset7_CLINIC_metal_0057_data,1,129,172,4038
dataset7_CLINIC_metal_0057_data,1,130,173,4078
dataset7_CLINIC_metal_0057_data,1,131,169,4141
dataset7_CLINIC_metal_0057_data,1,132,184,4195
dataset7_CLINIC_metal_0057_data,1,133,223,4244
dataset7_CLINIC_metal_0057_data,1,134,252,4286
dataset7_CLINIC_metal_0057_data,1,135,247,4299
dataset7_CLINIC_metal_0057_data,1,136,213,4320
dataset7_CLINIC_metal_0057_data,1,137,180,4315
dataset7_CLINIC_metal_0057_data,1,138,176,4308
dataset7_CLINIC_metal_0057_data,1,139,184,4280
dataset7_CLINIC_metal_0057_data,1,140,196,4277
dataset7_CLINIC_metal_0057_data,1,141,216,4254
dataset7_CLINIC_metal_0057_data,1,142,196,4248
dataset7_CLINIC_metal_0057_data,1,143,173,4217
dataset7_CLINIC_metal_0057_data,1,144,138,4192
dataset7_CLINIC_metal_0057_data,1,145,120,4175
dataset7_CLINIC_metal_0057_data,1,146,133,4148
dataset7_CLINIC_metal_0057_data,1,147,143,4104
dataset7_CLINIC_metal_0057_data,1,148,147,4041
dataset7_CLINIC_metal_0057_data,1,149,125,3994
dataset7_CLINIC_metal_0057_data,1,150,120,3933
dataset7_CLINIC_metal_0057_data,1,151,136,3860
dataset7_CLINIC_metal_0057_data,1,152,154,3777
dataset7_CLINIC_metal_0057_data,1,153,196,3685
dataset7_CLINIC_metal_0057_data,1,154,211,3611
dataset7_CLINIC_metal_0057_data,1,155,211,3536
dataset7_CLINIC_metal_0057_data,1,156,195,3478
dataset7_CLINIC_metal_0057_data,1,157,179,3425
dataset7_CLINIC_metal_0057_data,1,158,176,3372
dataset7_CLINIC_metal_0057_data,1,159,195,3332
dataset7_CLINIC_metal_0057_data,1,160,208,3316
dataset7_CLINIC_metal_0057_data,1,161,212,3305
dataset7_CLINIC_metal_0057_data,1,162,203,3282
dataset7_CLINIC_metal_0057_data,1,163,196,3244
dataset7_CLINIC_metal_0057_data,1,164,190,3194
dataset7_CLINIC_metal_0057_data,1,165,194,3153
dataset7_CLINIC_metal_0057_data,1,166,209,3094
dataset7_CLINIC_metal_0057_data,1,167,225,3054
dataset7_CLINIC_metal_0057_data,1,168,230,3003
dataset7_CLINIC_metal_0057_data,1,169,211,2949
dataset7_CLINIC_metal_0057_data,1,170,189,2908
dataset7_CLINIC_metal_0057_data,1,171,171,2867
dataset7_CLINIC_metal_0057_data,1,172,144,2815
dataset7_CLINIC_metal_0057_data,1,173,111,2772
dataset7_CLINIC_metal_0057_data,1,174,98,2737
dataset7_CLINIC_metal_0057_data,1,175,75,2696
dataset7_CLINIC_metal_0057_data,1,176,55,2640
dataset7_CLINIC_metal_0057_data,1,177,49,2590
dataset7_CLINIC_metal_0057_data,1,178,47,2537
dataset7_CLINIC_metal_0057_data,1,179,55,2486
dataset7_CLINIC_metal_0057_data,1,180,66,2415
dataset7_CLINIC_metal_0057_data,1,181,66,2340
dataset7_CLINIC_metal_0057_data,1,182,58,2244
dataset7_CLINIC_metal_0057_data,1,183,54,2151
dataset7_CLINIC_metal_0057_data,1,184,52,2061
dataset7_CLINIC_metal_0057_data,1,185,51,1961
dataset7_CLINIC_metal_0057_data,1,186,61,1831
dataset7_CLINIC_metal_0057_data,1,187,73,1708
dataset7_CLINIC_metal_0057_data,1,188,79,1580
dataset7_CLINIC_metal_0057_data,1,189,56,1706
dataset7_CLINIC_metal_0057_data,1,190,50,1963
dataset7_CLINIC_metal_0057_data,1,191,49,2225
dataset7_CLINIC_metal_0057_data,1,192,47,2414
dataset7_CLINIC_metal_0057_data,1,193,62,2568
dataset7_CLINIC_metal_0057_data,1,194,68,2701
dataset7_CLINIC_metal_0057_data,1,195,61,2819
dataset7_CLINIC_metal_0057_data,1,196,56,2916
dataset7_CLINIC_metal_0057_data,1,197,50,2989
dataset7_CLINIC_metal_0057_data,1,198,69,3069
dataset7_CLINIC_metal_0057_data,1,199,93,3111
dataset7_CLINIC_metal_0057_data,1,200,120,3169
dataset7_CLINIC_metal_0057_data,1,201,142,3234
dataset7_CLINIC_metal_0057_data,1,202,162,3283
dataset7_CLINIC_metal_0057_data,1,203,244,3324
dataset7_CLINIC_metal_0057_data,1,204,364,3361
dataset7_CLINIC_metal_0057_data,1,205,441,3388
dataset7_CLINIC_metal_0057_data,1,206,345,3415
dataset7_CLINIC_metal_0057_data,1,207,231,3425
dataset7_CLINIC_metal_0057_data,1,208,163,3447
dataset7_CLINIC_metal_0057_data,1,209,106,3441
dataset7_CLINIC_metal_0057_data,1,210,87,3450
dataset7_CLINIC_metal_0057_data,1,211,67,3424
dataset7_CLINIC_metal_0057_data,1,212,67,3389
dataset7_CLINIC_metal_0057_data,1,213,136,3355
dataset7_CLINIC_metal_0057_data,1,214,208,3307
dataset7_CLINIC_metal_0057_data,1,215,282,3251
dataset7_CLINIC_metal_0057_data,1,216,296,3189
dataset7_CLINIC_metal_0057_data,1,217,209,3105
dataset7_CLINIC_metal_0057_data,1,218,151,3010
dataset7_CLINIC_metal_0057_data,1,219,118,2899
dataset7_CLINIC_metal_0057_data,1,220,101,2778
dataset7_CLINIC_metal_0057_data,1,221,86,2658
dataset7_CLINIC_metal_0057_data,1,222,55,2535
dataset7_CLINIC_metal_0057_data,1,223,27,2413
dataset7_CLINIC_metal_0057_data,1,224,3,2274
dataset7_CLINIC_metal_0057_data,1,225,0,2111
dataset7_CLINIC_metal_0057_data,1,226,0,1875
dataset7_CLINIC_metal_0057_data,1,227,0,1748
dataset7_CLINIC_metal_0057_data,1,228,0,1596
dataset7_CLINIC_metal_0057_data,1,229,0,1424
dataset7_CLINIC_metal_0057_data,1,230,0,1199
dataset7_CLINIC_metal_0057_data,1,231,0,920
dataset7_CLINIC_metal_0057_data,1,232,0,734
dataset7_CLINIC_metal_0057_data,1,233,0,641
dataset7_CLINIC_metal_0057_data,1,234,0,542
dataset7_CLINIC_metal_0057_data,1,235,0,441
dataset7_CLINIC_metal_0057_data,1,236,0,330
dataset7_CLINIC_metal_0057_data,1,237,0,200
dataset7_CLINIC_metal_0057_data,1,238,0,108
dataset7_CLINIC_metal_0057_data,2,165,0,152
dataset7_CLINIC_metal_0057_data,2,166,0,254
dataset7_CLINIC_metal_0057_data,2,167,0,407
dataset7_CLINIC_metal_0057_data,2,168,0,686
dataset7_CLINIC_metal_0057_data,2,169,0,1021
dataset7_CLINIC_metal_0057_data,2,170,0,1236
dataset7_CLINIC_metal_0057_data,2,171,0,1414
dataset7_CLINIC_metal_0057_data,2,172,0,1572
dataset7_CLINIC_metal_0057_data,2,173,0,1716
dataset7_CLINIC_metal_0057_data,2,174,0,1841
dataset7_CLINIC_metal_0057_data,2,175,0,1961
dataset7_CLINIC_metal_0057_data,2,176,0,2058
dataset7_CLINIC_metal_0057_data,2,177,0,2129
dataset7_CLINIC_metal_0057_data,2,178,0,2209
dataset7_CLINIC_metal_0057_data,2,179,13,2254
dataset7_CLINIC_metal_0057_data,2,180,28,2297
dataset7_CLINIC_metal_0057_data,2,181,66,2350
dataset7_CLINIC_metal_0057_data,2,182,141,2362
dataset7_CLINIC_metal_0057_data,2,183,255,2369
dataset7_CLINIC_metal_0057_data,2,184,285,2370
dataset7_CLINIC_metal_0057_data,2,185,158,2366
dataset7_CLINIC_metal_0057_data,2,186,55,2357
dataset7_CLINIC_metal_0057_data,2,187,0,2332
dataset7_CLINIC_metal_0057_data,2,188,0,2276
dataset7_CLINIC_metal_0057_data,2,189,0,2224
dataset7_CLINIC_metal_0057_data,2,190,0,2169
dataset7_CLINIC_metal_0057_data,2,191,0,2085
dataset7_CLINIC_metal_0057_data,2,192,0,2010
dataset7_CLINIC_metal_0057_data,2,193,0,1901
dataset7_CLINIC_metal_0057_data,2,194,0,1774
dataset7_CLINIC_metal_0057_data,2,195,0,1627
dataset7_CLINIC_metal_0057_data,2,196,0,1473
dataset7_CLINIC_metal_0057_data,2,197,0,1304
dataset7_CLINIC_metal_0057_data,2,198,0,1109
dataset7_CLINIC_metal_0057_data,2,199,0,815
dataset7_CLINIC_metal_0057_data,2,200,0,418
dataset7_CLINIC_metal_0058_data,0,310,0,156
dataset7_CLINIC_metal_0058_data,0,311,0,292
dataset7_CLINIC_metal_0058_data,0,312,0,389
dataset7_CLINIC_metal_0058_data,0,313,0,490
dataset7_CLINIC_metal_0058_data,0,314,0,598
dataset7_CLINIC_metal_0058_data,0,315,0,700
dataset7_CLINIC_metal_0058_data,0,316,0,769
dataset7_CLINIC_metal_0058_data,0,317,0,864
dataset7_CLINIC_metal_0058_data,0,318,0,954
dataset7_CLINIC_metal_0058_data,0,319,0,1008
dataset7_CLINIC_metal_0058_data,0,320,0,1095
dataset7_CLINIC_metal_0058_data,0,321,0,1159
dataset7_CLINIC_metal_0058_data,0,322,0,1218
dataset7_CLINIC_metal_0058_data,0,323,0,1282
dataset7_CLINIC_metal_0058_data,0,324,10,1340
dataset7_CLINIC_metal_0058_data,0,325,27,1390
dataset7_CLINIC_metal_0058_data,0,326,34,1445
dataset7_CLINIC_metal_0058_data,0,327,38,1490
dataset7_CLINIC_metal_0058_data,0,328,40,1527
dataset7_CLINIC_metal_0058_data,0,329,39,1570
dataset7_CLINIC_metal_0058_data,0,330,38,1585
dataset7_CLINIC_metal_0058_data,0,331,37,1607
dataset7_CLINIC_metal_0058_data,0,332,36,1624
dataset7_CLINIC_metal_0058_data,0,333,36,1610
dataset7_CLINIC_metal_0058_data,0,334,38,1613
dataset7_CLINIC_metal_0058_data,0,335,36,1597
dataset7_CLINIC_metal_0058_data,0,336,38,1573
dataset7_CLINIC_metal_0058_data,0,337,38,1534
dataset7_CLINIC_metal_0058_data,0,338,27,1495
dataset7_CLINIC_metal_0058_data,0,339,17,1434
dataset7_CLINIC_metal_0058_data,0,340,10,1377
dataset7_CLINIC_metal_0058_data,0,341,0,1326
dataset7_CLINIC_metal_0058_data,0,342,0,1258
dataset7_CLINIC_metal_0058_data,0,343,0,1193
dataset7_CLINIC_metal_0058_data,0,344,0,1127
dataset7_CLINIC_metal_0058_data,0,345,0,1052
dataset7_CLINIC_metal_0058_data,0,346,0,965
dataset7_CLINIC_metal_0058_data,0,347,0,897
dataset7_CLINIC_metal_0058_data,0,348,0,802
dataset7_CLINIC_metal_0058_data,0,349,0,702
dataset7_CLINIC_metal_0058_data,1,89,0,202
dataset7_CLINIC_metal_0058_data,1,90,0,355
dataset7_CLINIC_metal_0058_data,1,91,0,454
dataset7_CLINIC_metal_0058_data,1,92,0,564
dataset7_CLINIC_metal_0058_data,1,93,0,674
dataset7_CLINIC_metal_0058_data,1,94,0,770
dataset7_CLINIC_metal_0058_data,1,95,0,854
dataset7_CLINIC_metal_0058_data,1,96,0,932
dataset7_CLINIC_metal_0058_data,1,97,0,1023
dataset7_CLINIC_metal_0058_data,1,98,0,1101
dataset7_CLINIC_metal_0058_data,1,99,0,1169
dataset7_CLINIC_metal_0058_data,1,100,0,1259
dataset7_CLINIC_metal_0058_data,1,101,0,1323
dataset7_CLINIC_metal_0058_data,1,102,0,1389
dataset7_CLINIC_metal_0058_data,1,103,21,1460
dataset7_CLINIC_metal_0058_data,1,104,35,1524
dataset7_CLINIC_metal_0058_data,1,105,43,1579
dataset7_CLINIC_metal_0058_data,1,106,47,1636
dataset7_CLINIC_metal_0058_data,1,107,56,1692
dataset7_CLINIC_metal_0058_data,1,108,72,1740
dataset7_CLINIC_metal_0058_data,1,109,86,1788
dataset7_CLINIC_metal_0058_data,1,110,83,1837
dataset7_CLINIC_metal_0058_data,1,111,75,1870
dataset7_CLINIC_metal_0058_data,1,112,60,1901
dataset7_CLINIC_metal_0058_data,1,113,63,1934
dataset7_CLINIC_metal_0058_data,1,114,62,1961
dataset7_CLINIC_metal_0058_data,1,115,64,1963
dataset7_CLINIC_metal_0058_data,1,116,61,1994
dataset7_CLINIC_metal_0058_data,1,117,63,1993
dataset7_CLINIC_metal_0058_data,1,118,57,1989
dataset7_CLINIC_metal_0058_data,1,119,60,1996
dataset7_CLINIC_metal_0058_data,1,120,59,2002
dataset7_CLINIC_metal_0058_data,1,121,61,1991
dataset7_CLINIC_metal_0058_data,1,122,57,1978
dataset7_CLINIC_metal_0058_data,1,123,60,1967
dataset7_CLINIC_metal_0058_data,1,124,55,1958
dataset7_CLINIC_metal_0058_data,1,125,60,1928
dataset7_CLINIC_metal_0058_data,1,126,59,1923
dataset7_CLINIC_metal_0058_data,1,127,60,1921
dataset7_CLINIC_metal_0058_data,1,128,58,1927
dataset7_CLINIC_metal_0058_data,1,129,56,1911
dataset7_CLINIC_metal_0058_data,1,130,58,1927
dataset7_CLINIC_metal_0058_data,1,131,61,1930
dataset7_CLINIC_metal_0058_data,1,132,64,1925
dataset7_CLINIC_metal_0058_data,1,133,62,1935
dataset7_CLINIC_metal_0058_data,1,134,63,1927
dataset7_CLINIC_metal_0058_data,1,135,59,1927
dataset7_CLINIC_metal_0058_data,1,136,66,1937
dataset7_CLINIC_metal_0058_data,1,137,64,1938
dataset7_CLINIC_metal_0058_data,1,138,62,1929
dataset7_CLINIC_metal_0058_data,1,139,62,1932
dataset7_CLINIC_metal_0058_data,1,140,61,1937
dataset7_CLINIC_metal_0058_data,1,141,62,1934
dataset7_CLINIC_metal_0058_data,1,142,61,1940
dataset7_CLINIC_metal_0058_data,1,143,64,1949
dataset7_CLINIC_metal_0058_data,1,144,61,1960
dataset7_CLINIC_metal_0058_data,1,145,57,1953
dataset7_CLINIC_metal_0058_data,1,146,58,1966
dataset7_CLINIC_metal_0058_data,1,147,64,1967
dataset7_CLINIC_metal_0058_data,1,148,60,1976
dataset7_CLINIC_metal_0058_data,1,149,57,1967
dataset7_CLINIC_metal_0058_data,1,150,59,1975
dataset7_CLINIC_metal_0058_data,1,151,59,1975
dataset7_CLINIC_metal_0058_data,1,152,62,1974
dataset7_CLINIC_metal_0058_data,1,153,59,1976
dataset7_CLINIC_metal_0058_data,1,154,61,1975
dataset7_CLINIC_metal_0058_data,1,155,60,1967
dataset7_CLINIC_metal_0058_data,1,156,64,1956
dataset7_CLINIC_metal_0058_data,1,157,67,1952
dataset7_CLINIC_metal_0058_data,1,158,75,1933
dataset7_CLINIC_metal_0058_data,1,159,72,1914
dataset7_CLINIC_metal_0058_data,1,160,75,1891
dataset7_CLINIC_metal_0058_data,1,161,77,1859
dataset7_CLINIC_metal_0058_data,1,162,77,1831
dataset7_CLINIC_metal_0058_data,1,163,75,1799
dataset7_CLINIC_metal_0058_data,1,164,74,1764
dataset7_CLINIC_metal_0058_data,1,165,74,1718
dataset7_CLINIC_metal_0058_data,1,166,69,1669
dataset7_CLINIC_metal_0058_data,1,167,52,1627
dataset7_CLINIC_metal_0058_data,1,168,40,1577
dataset7_CLINIC_metal_0058_data,1,169,31,1520
dataset7_CLINIC_metal_0058_data,1,170,14,1463
dataset7_CLINIC_metal_0058_data,1,171,0,1410
dataset7_CLINIC_metal_0058_data,1,172,0,1342
dataset7_CLINIC_metal_0058_data,1,173,0,1263
dataset7_CLINIC_metal_0058_data,1,174,0,1196
dataset7_CLINIC_metal_0058_data,1,175,0,1123
dataset7_CLINIC_metal_0058_data,1,176,0,1026
dataset7_CLINIC_metal_0058_data,1,177,0,957
dataset7_CLINIC_metal_0058_data,1,178,0,866
dataset7_CLINIC_metal_0058_data,1,179,0,769
dataset7_CLINIC_metal_0058_data,1,180,0,688
dataset7_CLINIC_metal_0058_data,1,181,0,575
dataset7_CLINIC_metal_0058_data,1,182,0,466
dataset7_CLINIC_metal_0058_data,1,183,0,354
dataset7_CLINIC_metal_0058_data,1,184,0,201
dataset7_CLINIC_metal_0058_data,2,257,0,253
dataset7_CLINIC_metal_0058_data,2,258,0,599
dataset7_CLINIC_metal_0058_data,2,259,0,1219
dataset7_CLINIC_metal_0058_data,2,260,0,1727
dataset7_CLINIC_metal_0058_data,2,261,0,2084
dataset7_CLINIC_metal_0058_data,2,262,0,2345
dataset7_CLINIC_metal_0058_data,2,263,0,2609
dataset7_CLINIC_metal_0058_data,2,264,0,2837
dataset7_CLINIC_metal_0058_data,2,265,0,3016
dataset7_CLINIC_metal_0058_data,2,266,0,3195
dataset7_CLINIC_metal_0058_data,2,267,0,3345
dataset7_CLINIC_metal_0058_data,2,268,0,3460
dataset7_CLINIC_metal_0058_data,2,269,0,3569
dataset7_CLINIC_metal_0058_data,2,270,0,3657
dataset7_CLINIC_metal_0058_data,2,271,24,3722
dataset7_CLINIC_metal_0058_data,2,272,41,3783
dataset7_CLINIC_metal_0058_data,2,273,61,3837
dataset7_CLINIC_metal_0058_data,2,274,169,3874
dataset7_CLINIC_metal_0058_data,2,275,197,3893
dataset7_CLINIC_metal_0058_data,2,276,220,3888
dataset7_CLINIC_metal_0058_data,2,277,195,3873
dataset7_CLINIC_metal_0058_data,2,278,151,3829
dataset7_CLINIC_metal_0058_data,2,279,111,3774
dataset7_CLINIC_metal_0058_data,2,280,35,3688
dataset7_CLINIC_metal_0058_data,2,281,0,3615
dataset7_CLINIC_metal_0058_data,2,282,0,3498
dataset7_CLINIC_metal_0058_data,2,283,0,3359
dataset7_CLINIC_metal_0058_data,2,284,0,3223
dataset7_CLINIC_metal_0058_data,2,285,0,3041
dataset7_CLINIC_metal_0058_data,2,286,0,2832
dataset7_CLINIC_metal_0058_data,2,287,0,2608
dataset7_CLINIC_metal_0058_data,2,288,0,2295
dataset7_CLINIC_metal_0058_data,2,289,0,1866
dataset7_CLINIC_metal_0058_data,2,290,0,1488
dataset7_CLINIC_metal_0058_data,2,291,0,1086
dataset7_CLINIC_metal_0058_data,2,292,0,762
dataset7_CLINIC_metal_0058_data,2,293,0,531
dataset7_CLINIC_metal_0058_data,2,294,0,259
dataset7_CLINIC_metal_0058_data,3,250,0,216
dataset7_CLINIC_metal_0058_data,3,251,0,517
dataset7_CLINIC_metal_0058_data,3,252,0,815
dataset7_CLINIC_metal_0058_data,3,253,0,1231
dataset7_CLINIC_metal_0058_data,3,254,0,1506
dataset7_CLINIC_metal_0058_data,3,255,0,1715
dataset7_CLINIC_metal_0058_data,3,256,0,1919
dataset7_CLINIC_metal_0058_data,3,257,0,2069
dataset7_CLINIC_metal_0058_data,3,258,0,2212
dataset7_CLINIC_metal_0058_data,3,259,0,2346
dataset7_CLINIC_metal_0058_data,3,260,0,2437
dataset7_CLINIC_metal_0058_data,3,261,0,2536
dataset7_CLINIC_metal_0058_data,3,262,0,2609
dataset7_CLINIC_metal_0058_data,3,263,0,2660
dataset7_CLINIC_metal_0058_data,3,264,18,2707
dataset7_CLINIC_metal_0058_data,3,265,100,2751
dataset7_CLINIC_metal_0058_data,3,266,103,2769
dataset7_CLINIC_metal_0058_data,3,267,139,2781
dataset7_CLINIC_metal_0058_data,3,268,156,2767
dataset7_CLINIC_metal_0058_data,3,269,133,2760
dataset7_CLINIC_metal_0058_data,3,270,95,2721
dataset7_CLINIC_metal_0058_data,3,271,21,2688
dataset7_CLINIC_metal_0058_data,3,272,0,2625
dataset7_CLINIC_metal_0058_data,3,273,0,2560
dataset7_CLINIC_metal_0058_data,3,274,0,2482
dataset7_CLINIC_metal_0058_data,3,275,0,2377
dataset7_CLINIC_metal_0058_data,3,276,0,2252
dataset7_CLINIC_metal_0058_data,3,277,0,2140
dataset7_CLINIC_metal_0058_data,3,278,0,1979
dataset7_CLINIC_metal_0058_data,3,279,0,1792
dataset7_CLINIC_metal_0058_data,3,280,0,1615
dataset7_CLINIC_metal_0058_data,3,281,0,1351
dataset7_CLINIC_metal_0058_data,3,282,0,983
dataset7_CLINIC_metal_0058_data,3,283,0,665
dataset7_CLINIC_metal_0058_data,3,284,0,485
dataset7_CLINIC_metal_0058_data,3,285,0,225
dataset7_CLINIC_metal_0058_data,4,111,0,136
dataset7_CLINIC_metal_0058_data,4,112,0,281
dataset7_CLINIC_metal_0058_data,4,113,0,414
dataset7_CLINIC_metal_0058_data,4,114,0,526
dataset7_CLINIC_metal_0058_data,4,115,0,638
dataset7_CLINIC_metal_0058_data,4,116,0,744
dataset7_CLINIC_metal_0058_data,4,117,0,829
dataset7_CLINIC_metal_0058_data,4,118,0,917
dataset7_CLINIC_metal_0058_data,4,119,0,1011
dataset7_CLINIC_metal_0058_data,4,120,0,1075
dataset7_CLINIC_metal_0058_data,4,121,0,1155
dataset7_CLINIC_metal_0058_data,4,122,0,1234
dataset7_CLINIC_metal_0058_data,4,123,0,1301
dataset7_CLINIC_metal_0058_data,4,124,0,1370
dataset7_CLINIC_metal_0058_data,4,125,6,1433
dataset7_CLINIC_metal_0058_data,4,126,27,1492
dataset7_CLINIC_metal_0058_data,4,127,39,1531
dataset7_CLINIC_metal_0058_data,4,128,41,1586
dataset7_CLINIC_metal_0058_data,4,129,60,1623
dataset7_CLINIC_metal_0058_data,4,130,73,1675
dataset7_CLINIC_metal_0058_data,4,131,72,1715
dataset7_CLINIC_metal_0058_data,4,132,77,1761
dataset7_CLINIC_metal_0058_data,4,133,75,1793
dataset7_CLINIC_metal_0058_data,4,134,76,1826
dataset7_CLINIC_metal_0058_data,4,135,78,1855
dataset7_CLINIC_metal_0058_data,4,136,74,1866
dataset7_CLINIC_metal_0058_data,4,137,75,1892
dataset7_CLINIC_metal_0058_data,4,138,68,1905
dataset7_CLINIC_metal_0058_data,4,139,67,1911
dataset7_CLINIC_metal_0058_data,4,140,61,1924
dataset7_CLINIC_metal_0058_data,4,141,63,1919
dataset7_CLINIC_metal_0058_data,4,142,58,1931
dataset7_CLINIC_metal_0058_data,4,143,55,1932
dataset7_CLINIC_metal_0058_data,4,144,56,1916
dataset7_CLINIC_metal_0058_data,4,145,57,1927
dataset7_CLINIC_metal_0058_data,4,146,57,1918
dataset7_CLINIC_metal_0058_data,4,147,59,1912
dataset7_CLINIC_metal_0058_data,4,148,57,1917
dataset7_CLINIC_metal_0058_data,4,149,60,1919
dataset7_CLINIC_metal_0058_data,4,150,58,1907
dataset7_CLINIC_metal_0058_data,4,151,57,1909
dataset7_CLINIC_metal_0058_data,4,152,60,1908
dataset7_CLINIC_metal_0058_data,4,153,58,1898
dataset7_CLINIC_metal_0058_data,4,154,59,1898
dataset7_CLINIC_metal_0058_data,4,155,59,1892
dataset7_CLINIC_metal_0058_data,4,156,57,1892
dataset7_CLINIC_metal_0058_data,4,157,55,1887
dataset7_CLINIC_metal_0058_data,4,158,58,1887
dataset7_CLINIC_metal_0058_data,4,159,59,1889
dataset7_CLINIC_metal_0058_data,4,160,56,1886
dataset7_CLINIC_metal_0058_data,4,161,58,1877
dataset7_CLINIC_metal_0058_data,4,162,60,1888
dataset7_CLINIC_metal_0058_data,4,163,56,1883
dataset7_CLINIC_metal_0058_data,4,164,60,1875
dataset7_CLINIC_metal_0058_data,4,165,59,1885
dataset7_CLINIC_metal_0058_data,4,166,61,1876
dataset7_CLINIC_metal_0058_data,4,167,58,1864
dataset7_CLINIC_metal_0058_data,4,168,58,1877
dataset7_CLINIC_metal_0058_data,4,169,60,1871
dataset7_CLINIC_metal_0058_data,4,170,60,1861
dataset7_CLINIC_metal_0058_data,4,171,56,1870
dataset7_CLINIC_metal_0058_data,4,172,62,1859
dataset7_CLINIC_metal_0058_data,4,173,59,1873
dataset7_CLINIC_metal_0058_data,4,174,60,1874
dataset7_CLINIC_metal_0058_data,4,175,62,1863
dataset7_CLINIC_metal_0058_data,4,176,56,1878
dataset7_CLINIC_metal_0058_data,4,177,59,1875
dataset7_CLINIC_metal_0058_data,4,178,59,1867
dataset7_CLINIC_metal_0058_data,4,179,57,1877
dataset7_CLINIC_metal_0058_data,4,180,60,1872
dataset7_CLINIC_metal_0058_data,4,181,59,1870
dataset7_CLINIC_metal_0058_data,4,182,61,1876
dataset7_CLINIC_metal_0058_data,4,183,58,1876
dataset7_CLINIC_metal_0058_data,4,184,58,1874
dataset7_CLINIC_metal_0058_data,4,185,61,1872
dataset7_CLINIC_metal_0058_data,4,186,63,1872
dataset7_CLINIC_metal_0058_data,4,187,62,1872
dataset7_CLINIC_metal_0058_data,4,188,61,1873
dataset7_CLINIC_metal_0058_data,4,189,59,1875
dataset7_CLINIC_metal_0058_data,4,190,59,1879
dataset7_CLINIC_metal_0058_data,4,191,60,1876
dataset7_CLINIC_metal_0058_data,4,192,58,1879
dataset7_CLINIC_metal_0058_data,4,193,59,1879
dataset7_CLINIC_metal_0058_data,4,194,60,1886
dataset7_CLINIC_metal_0058_data,4,195,57,1884
dataset7_CLINIC_metal_0058_data,4,196,61,1887
dataset7_CLINIC_metal_0058_data,4,197,58,1890
dataset7_CLINIC_metal_0058_data,4,198,61,1910
dataset7_CLINIC_metal_0058_data,4,199,64,1928
dataset7_CLINIC_metal_0058_data,4,200,58,1943
dataset7_CLINIC_metal_0058_data,4,201,60,1947
dataset7_CLINIC_metal_0058_data,4,202,59,1964
dataset7_CLINIC_metal_0058_data,4,203,59,1957
dataset7_CLINIC_metal_0058_data,4,204,63,1948
dataset7_CLINIC_metal_0058_data,4,205,58,1958
dataset7_CLINIC_metal_0058_data,4,206,61,1938
dataset7_CLINIC_metal_0058_data,4,207,64,1916
dataset7_CLINIC_metal_0058_data,4,208,64,1914
dataset7_CLINIC_metal_0058_data,4,209,61,1887
dataset7_CLINIC_metal_0058_data,4,210,64,1854
dataset7_CLINIC_metal_0058_data,4,211,76,1832
dataset7_CLINIC_metal_0058_data,4,212,84,1794
dataset7_CLINIC_metal_0058_data,4,213,80,1746
dataset7_CLINIC_metal_0058_data,4,214,68,1708
dataset7_CLINIC_metal_0058_data,4,215,55,1662
dataset7_CLINIC_metal_0058_data,4,216,48,1608
dataset7_CLINIC_metal_0058_data,4,217,41,1557
dataset7_CLINIC_metal_0058_data,4,218,34,1495
dataset7_CLINIC_metal_0058_data,4,219,14,1433
dataset7_CLINIC_metal_0058_data,4,220,0,1374
dataset7_CLINIC_metal_0058_data,4,221,0,1301
dataset7_CLINIC_metal_0058_data,4,222,0,1231
dataset7_CLINIC_metal_0058_data,4,223,0,1150
dataset7_CLINIC_metal_0058_data,4,224,0,1081
dataset7_CLINIC_metal_0058_data,4,225,0,1012
dataset7_CLINIC_metal_0058_data,4,226,0,920
dataset7_CLINIC_metal_0058_data,4,227,0,833
dataset7_CLINIC_metal_0058_data,4,228,0,755
dataset7_CLINIC_metal_0058_data,4,229,0,652
dataset7_CLINIC_metal_0058_data,4,230,0,540
dataset7_CLINIC_metal_0058_data,4,231,0,432
dataset7_CLINIC_metal_0058_data,4,232,0,322
dataset7_CLINIC_metal_0058_data,4,233,0,177
dataset7_CLINIC_metal_0058_data,5,241,0,101
dataset7_CLINIC_metal_0058_data,5,242,0,228
dataset7_CLINIC_metal_0058_data,5,243,0,372
dataset7_CLINIC_metal_0058_data,5,244,0,544
dataset7_CLINIC_metal_0058_data,5,245,0,854
dataset7_CLINIC_metal_0058_data,5,246,0,1185
dataset7_CLINIC_metal_0058_data,5,247,0,1484
dataset7_CLINIC_metal_0058_data,5,248,0,1713
dataset7_CLINIC_metal_0058_data,5,249,0,1903
dataset7_CLINIC_metal_0058_data,5,250,0,2064
dataset7_CLINIC_metal_0058_data,5,251,0,2212
dataset7_CLINIC_metal_0058_data,5,252,0,2329
dataset7_CLINIC_metal_0058_data,5,253,0,2440
dataset7_CLINIC_metal_0058_data,5,254,0,2534
dataset7_CLINIC_metal_0058_data,5,255,1,2595
dataset7_CLINIC_metal_0058_data,5,256,26,2662
dataset7_CLINIC_metal_0058_data,5,257,47,2704
dataset7_CLINIC_metal_0058_data,5,258,80,2742
dataset7_CLINIC_metal_0058_data,5,259,133,2766
dataset7_CLINIC_metal_0058_data,5,260,151,2811
dataset7_CLINIC_metal_0058_data,5,261,132,2832
dataset7_CLINIC_metal_0058_data,5,262,72,2859
dataset7_CLINIC_metal_0058_data,5,263,47,2864
dataset7_CLINIC_metal_0058_data,5,264,29,2869
dataset7_CLINIC_metal_0058_data,5,265,25,2869
dataset7_CLINIC_metal_0058_data,5,266,43,2858
dataset7_CLINIC_metal_0058_data,5,267,59,2833
dataset7_CLINIC_metal_0058_data,5,268,121,2803
dataset7_CLINIC_metal_0058_data,5,269,130,2760
dataset7_CLINIC_metal_0058_data,5,270,75,2713
dataset7_CLINIC_metal_0058_data,5,271,68,2693
dataset7_CLINIC_metal_0058_data,5,272,99,2663
dataset7_CLINIC_metal_0058_data,5,273,35,2632
dataset7_CLINIC_metal_0058_data,5,274,15,2591
dataset7_CLINIC_metal_0058_data,5,275,0,2529
dataset7_CLINIC_metal_0058_data,5,276,0,2449
dataset7_CLINIC_metal_0058_data,5,277,0,2379
dataset7_CLINIC_metal_0058_data,5,278,0,2250
dataset7_CLINIC_metal_0058_data,5,279,0,2143
dataset7_CLINIC_metal_0058_data,5,280,0,2016
dataset7_CLINIC_metal_0058_data,5,281,0,1839
dataset7_CLINIC_metal_0058_data,5,282,0,1667
dataset7_CLINIC_metal_0058_data,5,283,0,1465
dataset7_CLINIC_metal_0058_data,5,284,0,1182
dataset7_CLINIC_metal_0058_data,5,285,0,780
dataset7_CLINIC_metal_0058_data,5,286,0,589
dataset7_CLINIC_metal_0058_data,5,287,0,318
dataset7_CLINIC_metal_0058_data,5,288,0,176
dataset7_CLINIC_metal_0058_data,6,0,134,1685
dataset7_CLINIC_metal_0058_data,6,1,138,1696
dataset7_CLINIC_metal_0058_data,6,2,142,1701
dataset7_CLINIC_metal_0058_data,6,3,142,1706
dataset7_CLINIC_metal_0058_data,6,4,139,1708
dataset7_CLINIC_metal_0058_data,6,5,139,1711
dataset7_CLINIC_metal_0058_data,6,6,138,1717
dataset7_CLINIC_metal_0058_data,6,7,138,1712
dataset7_CLINIC_metal_0058_data,6,8,137,1708
dataset7_CLINIC_metal_0058_data,6,9,139,1706
dataset7_CLINIC_metal_0058_data,6,10,139,1712
dataset7_CLINIC_metal_0058_data,6,11,143,1715
dataset7_CLINIC_metal_0058_data,6,12,140,1714
dataset7_CLINIC_metal_0058_data,6,13,139,1719
dataset7_CLINIC_metal_0058_data,6,14,141,1722
dataset7_CLINIC_metal_0058_data,6,15,143,1720
dataset7_CLINIC_metal_0058_data,6,16,142,1714
dataset7_CLINIC_metal_0058_data,6,17,144,1722
dataset7_CLINIC_metal_0058_data,6,18,142,1725
dataset7_CLINIC_metal_0058_data,6,19,143,1724
dataset7_CLINIC_metal_0058_data,6,20,140,1727
dataset7_CLINIC_metal_0058_data,6,21,142,1731
dataset7_CLINIC_metal_0058_data,6,22,145,1732
dataset7_CLINIC_metal_0058_data,6,23,148,1733
dataset7_CLINIC_metal_0058_data,6,24,149,1745
dataset7_CLINIC_metal_0058_data,6,25,153,1744
dataset7_CLINIC_metal_0058_data,6,26,152,1751
dataset7_CLINIC_metal_0058_data,6,27,152,1760
dataset7_CLINIC_metal_0058_data,6,28,155,1771
dataset7_CLINIC_metal_0058_data,6,29,157,1777
dataset7_CLINIC_metal_0058_data,6,30,160,1790
dataset7_CLINIC_metal_0058_data,6,31,165,1792
dataset7_CLINIC_metal_0058_data,6,32,167,1795
dataset7_CLINIC_metal_0058_data,6,33,167,1806
dataset7_CLINIC_metal_0058_data,6,34,171,1819
dataset7_CLINIC_metal_0058_data,6,35,177,1829
dataset7_CLINIC_metal_0058_data,6,36,177,1839
dataset7_CLINIC_metal_0058_data,6,37,181,1846
dataset7_CLINIC_metal_0058_data,6,38,188,1855
dataset7_CLINIC_metal_0058_data,6,39,187,1867
dataset7_CLINIC_metal_0058_data,6,40,189,1881
dataset7_CLINIC_metal_0058_data,6,41,195,1893
dataset7_CLINIC_metal_0058_data,6,42,198,1909
dataset7_CLINIC_metal_0058_data,6,43,198,1912
dataset7_CLINIC_metal_0058_data,6,44,204,1923
dataset7_CLINIC_metal_0058_data,6,45,208,1925
dataset7_CLINIC_metal_0058_data,6,46,214,1940
dataset7_CLINIC_metal_0058_data,6,47,219,1949
dataset7_CLINIC_metal_0058_data,6,48,218,1969
dataset7_CLINIC_metal_0058_data,6,49,223,2165
dataset7_CLINIC_metal_0058_data,6,50,233,2286
dataset7_CLINIC_metal_0058_data,6,51,237,2381
dataset7_CLINIC_metal_0058_data,6,52,238,2465
dataset7_CLINIC_metal_0058_data,6,53,244,2554
dataset7_CLINIC_metal_0058_data,6,54,243,2631
dataset7_CLINIC_metal_0058_data,6,55,251,2715
dataset7_CLINIC_metal_0058_data,6,56,254,2781
dataset7_CLINIC_metal_0058_data,6,57,259,2862
dataset7_CLINIC_metal_0058_data,6,58,266,2932
dataset7_CLINIC_metal_0058_data,6,59,267,3003
dataset7_CLINIC_metal_0058_data,6,60,270,3059
dataset7_CLINIC_metal_0058_data,6,61,277,3118
dataset7_CLINIC_metal_0058_data,6,62,285,3167
dataset7_CLINIC_metal_0058_data,6,63,317,3219
dataset7_CLINIC_metal_0058_data,6,64,339,3258
dataset7_CLINIC_metal_0058_data,6,65,358,3292
dataset7_CLINIC_metal_0058_data,6,66,376,3324
dataset7_CLINIC_metal_0058_data,6,67,410,3342
dataset7_CLINIC_metal_0058_data,6,68,460,3350
dataset7_CLINIC_metal_0058_data,6,69,500,3362
dataset7_CLINIC_metal_0058_data,6,70,528,3366
dataset7_CLINIC_metal_0058_data,6,71,543,3368
dataset7_CLINIC_metal_0058_data,6,72,548,3357
dataset7_CLINIC_metal_0058_data,6,73,564,3342
dataset7_CLINIC_metal_0058_data,6,74,563,3319
dataset7_CLINIC_metal_0058_data,6,75,545,3293
dataset7_CLINIC_metal_0058_data,6,76,523,3269
dataset7_CLINIC_metal_0058_data,6,77,507,3235
dataset7_CLINIC_metal_0058_data,6,78,502,3202
dataset7_CLINIC_metal_0058_data,6,79,505,3150
dataset7_CLINIC_metal_0058_data,6,80,512,3096
dataset7_CLINIC_metal_0058_data,6,81,519,3057
dataset7_CLINIC_metal_0058_data,6,82,501,3007
dataset7_CLINIC_metal_0058_data,6,83,489,2950
dataset7_CLINIC_metal_0058_data,6,84,482,2903
dataset7_CLINIC_metal_0058_data,6,85,471,2844
dataset7_CLINIC_metal_0058_data,6,86,457,2789
dataset7_CLINIC_metal_0058_data,6,87,435,2730
dataset7_CLINIC_metal_0058_data,6,88,413,2675
dataset7_CLINIC_metal_0058_data,6,89,397,2616
dataset7_CLINIC_metal_0058_data,6,90,379,2582
dataset7_CLINIC_metal_0058_data,6,91,364,2576
dataset7_CLINIC_metal_0058_data,6,92,362,2568
dataset7_CLINIC_metal_0058_data,6,93,369,2575
dataset7_CLINIC_metal_0058_data,6,94,379,2588
dataset7_CLINIC_metal_0058_data,6,95,393,2617
dataset7_CLINIC_metal_0058_data,6,96,407,2661
dataset7_CLINIC_metal_0058_data,6,97,422,2718
dataset7_CLINIC_metal_0058_data,6,98,426,2776
dataset7_CLINIC_metal_0058_data,6,99,438,2830
dataset7_CLINIC_metal_0058_data,6,100,455,2887
dataset7_CLINIC_metal_0058_data,6,101,474,2937
dataset7_CLINIC_metal_0058_data,6,102,489,2992
dataset7_CLINIC_metal_0058_data,6,103,505,3051
dataset7_CLINIC_metal_0058_data,6,104,526,3118
dataset7_CLINIC_metal_0058_data,6,105,546,3171
dataset7_CLINIC_metal_0058_data,6,106,567,3230
dataset7_CLINIC_metal_0058_data,6,107,573,3294
dataset7_CLINIC_metal_0058_data,6,108,572,3357
dataset7_CLINIC_metal_0058_data,6,109,575,3429
dataset7_CLINIC_metal_0058_data,6,110,585,3476
dataset7_CLINIC_metal_0058_data,6,111,590,3542
dataset7_CLINIC_metal_0058_data,6,112,587,3606
dataset7_CLINIC_metal_0058_data,6,113,591,3656
dataset7_CLINIC_metal_0058_data,6,114,596,3728
dataset7_CLINIC_metal_0058_data,6,115,591,3786
dataset7_CLINIC_metal_0058_data,6,116,581,3832
dataset7_CLINIC_metal_0058_data,6,117,577,3891
dataset7_CLINIC_metal_0058_data,6,118,583,3936
dataset7_CLINIC_metal_0058_data,6,119,549,3990
dataset7_CLINIC_metal_0058_data,6,120,507,4047
dataset7_CLINIC_metal_0058_data,6,121,488,4093
dataset7_CLINIC_metal_0058_data,6,122,493,4131
dataset7_CLINIC_metal_0058_data,6,123,487,4196
dataset7_CLINIC_metal_0058_data,6,124,486,4237
dataset7_CLINIC_metal_0058_data,6,125,488,4276
dataset7_CLINIC_metal_0058_data,6,126,482,4333
dataset7_CLINIC_metal_0058_data,6,127,475,4373
dataset7_CLINIC_metal_0058_data,6,128,504,4407
dataset7_CLINIC_metal_0058_data,6,129,547,4451
dataset7_CLINIC_metal_0058_data,6,130,581,4470
dataset7_CLINIC_metal_0058_data,6,131,586,4484
dataset7_CLINIC_metal_0058_data,6,132,580,4516
dataset7_CLINIC_metal_0058_data,6,133,586,4542
dataset7_CLINIC_metal_0058_data,6,134,583,4568
dataset7_CLINIC_metal_0058_data,6,135,582,4574
dataset7_CLINIC_metal_0058_data,6,136,583,4589
dataset7_CLINIC_metal_0058_data,6,137,567,4599
dataset7_CLINIC_metal_0058_data,6,138,526,4607
dataset7_CLINIC_metal_0058_data,6,139,501,4607
dataset7_CLINIC_metal_0058_data,6,140,477,4610
dataset7_CLINIC_metal_0058_data,6,141,467,4591
dataset7_CLINIC_metal_0058_data,6,142,436,4587
dataset7_CLINIC_metal_0058_data,6,143,419,4562
dataset7_CLINIC_metal_0058_data,6,144,410,4536
dataset7_CLINIC_metal_0058_data,6,145,395,4510
dataset7_CLINIC_metal_0058_data,6,146,317,4492
dataset7_CLINIC_metal_0058_data,6,147,250,4458
dataset7_CLINIC_metal_0058_data,6,148,182,4431
dataset7_CLINIC_metal_0058_data,6,149,157,4388
dataset7_CLINIC_metal_0058_data,6,150,129,4335
dataset7_CLINIC_metal_0058_data,6,151,127,4279
dataset7_CLINIC_metal_0058_data,6,152,135,4204
dataset7_CLINIC_metal_0058_data,6,153,122,4115
dataset7_CLINIC_metal_0058_data,6,154,131,4021
dataset7_CLINIC_metal_0058_data,6,155,135,3900
dataset7_CLINIC_metal_0058_data,6,156,124,3773
dataset7_CLINIC_metal_0058_data,6,157,131,3618
dataset7_CLINIC_metal_0058_data,6,158,134,3447
dataset7_CLINIC_metal_0058_data,6,159,125,3258
dataset7_CLINIC_metal_0058_data,6,160,130,3021
dataset7_CLINIC_metal_0058_data,6,161,122,2761
dataset7_CLINIC_metal_0058_data,6,162,121,2450
dataset7_CLINIC_metal_0058_data,6,163,125,2163
dataset7_CLINIC_metal_0058_data,6,164,106,1955
dataset7_CLINIC_metal_0058_data,6,165,95,1777
dataset7_CLINIC_metal_0058_data,6,166,78,1719
dataset7_CLINIC_metal_0058_data,6,167,51,1668
dataset7_CLINIC_metal_0058_data,6,168,34,1610
dataset7_CLINIC_metal_0058_data,6,169,19,1543
dataset7_CLINIC_metal_0058_data,6,170,0,1479
dataset7_CLINIC_metal_0058_data,6,171,0,1410
dataset7_CLINIC_metal_0058_data,6,172,0,1318
dataset7_CLINIC_metal_0058_data,6,173,0,1243
dataset7_CLINIC_metal_0058_data,6,174,0,1160
dataset7_CLINIC_metal_0058_data,6,175,0,1055
dataset7_CLINIC_metal_0058_data,6,176,0,960
dataset7_CLINIC_metal_0058_data,6,177,0,867
dataset7_CLINIC_metal_0058_data,6,178,0,765
dataset7_CLINIC_metal_0058_data,6,179,0,664
dataset7_CLINIC_metal_0058_data,6,180,0,554
dataset7_CLINIC_metal_0058_data,6,181,0,444
dataset7_CLINIC_metal_0058_data,6,182,0,343
dataset7_CLINIC_metal_0058_data,6,183,0,192
dataset7_CLINIC_metal_0060_data,0,52,0,112
dataset7_CLINIC_metal_0060_data,0,53,0,230
dataset7_CLINIC_metal_0060_data,0,54,0,327
dataset7_CLINIC_metal_0060_data,0,55,0,427
dataset7_CLINIC_metal_0060_data,0,56,0,664
dataset7_CLINIC_metal_0060_data,0,57,0,888
dataset7_CLINIC_metal_0060_data,0,58,0,1046
dataset7_CLINIC_metal_0060_data,0,59,0,1219
dataset7_CLINIC_metal_0060_data,0,60,0,1397
dataset7_CLINIC_metal_0060_data,0,61,0,1532
dataset7_CLINIC_metal_0060_data,0,62,0,1659
dataset7_CLINIC_metal_0060_data,0,63,0,1783
dataset7_CLINIC_metal_0060_data,0,64,0,1877
dataset7_CLINIC_metal_0060_data,0,65,0,1966
dataset7_CLINIC_metal_0060_data,0,66,2,2046
dataset7_CLINIC_metal_0060_data,0,67,14,2113
dataset7_CLINIC_metal_0060_data,0,68,23,2177
dataset7_CLINIC_metal_0060_data,0,69,27,2244
dataset7_CLINIC_metal_0060_data,0,70,36,2445
dataset7_CLINIC_metal_0060_data,0,71,44,2595
dataset7_CLINIC_metal_0060_data,0,72,52,2723
dataset7_CLINIC_metal_0060_data,0,73,52,2851
dataset7_CLINIC_metal_0060_data,0,74,58,2960
dataset7_CLINIC_metal_0060_data,0,75,60,3045
dataset7_CLINIC_metal_0060_data,0,76,62,3143
dataset7_CLINIC_metal_0060_data,0,77,63,3212
dataset7_CLINIC_metal_0060_data,0,78,62,3293
dataset7_CLINIC_metal_0060_data,0,79,60,3477
dataset7_CLINIC_metal_0060_data,0,80,57,3680
dataset7_CLINIC_metal_0060_data,0,81,59,3829
dataset7_CLINIC_metal_0060_data,0,82,59,3965
dataset7_CLINIC_metal_0060_data,0,83,69,4117
dataset7_CLINIC_metal_0060_data,0,84,82,4232
dataset7_CLINIC_metal_0060_data,0,85,98,4348
dataset7_CLINIC_metal_0060_data,0,86,102,4452
dataset7_CLINIC_metal_0060_data,0,87,108,4546
dataset7_CLINIC_metal_0060_data,0,88,115,4687
dataset7_CLINIC_metal_0060_data,0,89,113,4833
dataset7_CLINIC_metal_0060_data,0,90,106,4945
dataset7_CLINIC_metal_0060_data,0,91,117,5086
dataset7_CLINIC_metal_0060_data,0,92,124,5178
dataset7_CLINIC_metal_0060_data,0,93,142,5295
dataset7_CLINIC_metal_0060_data,0,94,225,5371
dataset7_CLINIC_metal_0060_data,0,95,325,5462
dataset7_CLINIC_metal_0060_data,0,96,487,5515
dataset7_CLINIC_metal_0060_data,0,97,615,5597
dataset7_CLINIC_metal_0060_data,0,98,732,5683
dataset7_CLINIC_metal_0060_data,0,99,676,5759
dataset7_CLINIC_metal_0060_data,0,100,587,5823
dataset7_CLINIC_metal_0060_data,0,101,516,5872
dataset7_CLINIC_metal_0060_data,0,102,456,5929
dataset7_CLINIC_metal_0060_data,0,103,423,5942
dataset7_CLINIC_metal_0060_data,0,104,354,5951
dataset7_CLINIC_metal_0060_data,0,105,284,5954
dataset7_CLINIC_metal_0060_data,0,106,270,5931
dataset7_CLINIC_metal_0060_data,0,107,241,5885
dataset7_CLINIC_metal_0060_data,0,108,215,5870
dataset7_CLINIC_metal_0060_data,0,109,220,5818
dataset7_CLINIC_metal_0060_data,0,110,220,5775
dataset7_CLINIC_metal_0060_data,0,111,220,5729
dataset7_CLINIC_metal_0060_data,0,112,222,5665
dataset7_CLINIC_metal_0060_data,0,113,223,5568
dataset7_CLINIC_metal_0060_data,0,114,203,5457
dataset7_CLINIC_metal_0060_data,0,115,192,5314
dataset7_CLINIC_metal_0060_data,0,116,188,5087
dataset7_CLINIC_metal_0060_data,0,117,162,4763
dataset7_CLINIC_metal_0060_data,0,118,150,4629
dataset7_CLINIC_metal_0060_data,0,119,142,4474
dataset7_CLINIC_metal_0060_data,0,120,143,4278
dataset7_CLINIC_metal_0060_data,0,121,166,4170
dataset7_CLINIC_metal_0060_data,0,122,185,4094
dataset7_CLINIC_metal_0060_data,0,123,184,4066
dataset7_CLINIC_metal_0060_data,0,124,170,4054
dataset7_CLINIC_metal_0060_data,0,125,156,4036
dataset7_CLINIC_metal_0060_data,0,126,157,3998
dataset7_CLINIC_metal_0060_data,0,127,164,3952
dataset7_CLINIC_metal_0060_data,0,128,151,3931
dataset7_CLINIC_metal_0060_data,0,129,139,3904
dataset7_CLINIC_metal_0060_data,0,130,123,3850
dataset7_CLINIC_metal_0060_data,0,131,119,3837
dataset7_CLINIC_metal_0060_data,0,132,126,3785
dataset7_CLINIC_metal_0060_data,0,133,142,3750
dataset7_CLINIC_metal_0060_data,0,134,166,3690
dataset7_CLINIC_metal_0060_data,0,135,186,3647
dataset7_CLINIC_metal_0060_data,0,136,160,3613
dataset7_CLINIC_metal_0060_data,0,137,134,3578
dataset7_CLINIC_metal_0060_data,0,138,129,3613
dataset7_CLINIC_metal_0060_data,0,139,138,3689
dataset7_CLINIC_metal_0060_data,0,140,151,3794
dataset7_CLINIC_metal_0060_data,0,141,136,3937
dataset7_CLINIC_metal_0060_data,0,142,127,4099
dataset7_CLINIC_metal_0060_data,0,143,113,4257
dataset7_CLINIC_metal_0060_data,0,144,107,4409
dataset7_CLINIC_metal_0060_data,0,145,111,4543
dataset7_CLINIC_metal_0060_data,0,146,127,4637
dataset7_CLINIC_metal_0060_data,0,147,148,4722
dataset7_CLINIC_metal_0060_data,0,148,166,4828
dataset7_CLINIC_metal_0060_data,0,149,180,4928
dataset7_CLINIC_metal_0060_data,0,150,191,4996
dataset7_CLINIC_metal_0060_data,0,151,226,5071
dataset7_CLINIC_metal_0060_data,0,152,277,5213
dataset7_CLINIC_metal_0060_data,0,153,331,5462
dataset7_CLINIC_metal_0060_data,0,154,331,5777
dataset7_CLINIC_metal_0060_data,0,155,291,6092
dataset7_CLINIC_metal_0060_data,0,156,267,6264
dataset7_CLINIC_metal_0060_data,0,157,252,6398
dataset7_CLINIC_metal_0060_data,0,158,237,6501
dataset7_CLINIC_metal_0060_data,0,159,218,6585
dataset7_CLINIC_metal_0060_data,0,160,186,6634
dataset7_CLINIC_metal_0060_data,0,161,198,6646
dataset7_CLINIC_metal_0060_data,0,162,281,6641
dataset7_CLINIC_metal_0060_data,0,163,396,6619
dataset7_CLINIC_metal_0060_data,0,164,502,6573
dataset7_CLINIC_metal_0060_data,0,165,400,6560
dataset7_CLINIC_metal_0060_data,0,166,334,6520
dataset7_CLINIC_metal_0060_data,0,167,365,6478
dataset7_CLINIC_metal_0060_data,0,168,452,6519
dataset7_CLINIC_metal_0060_data,0,169,482,6539
dataset7_CLINIC_metal_0060_data,0,170,355,6528
dataset7_CLINIC_metal_0060_data,0,171,228,6533
dataset7_CLINIC_metal_0060_data,0,172,124,6504
dataset7_CLINIC_metal_0060_data,0,173,57,6434
dataset7_CLINIC_metal_0060_data,0,174,49,6369
dataset7_CLINIC_metal_0060_data,0,175,48,6231
dataset7_CLINIC_metal_0060_data,0,176,54,6109
dataset7_CLINIC_metal_0060_data,0,177,61,5916
dataset7_CLINIC_metal_0060_data,0,178,76,5674
dataset7_CLINIC_metal_0060_data,0,179,110,5308
dataset7_CLINIC_metal_0060_data,0,180,130,4938
dataset7_CLINIC_metal_0060_data,0,181,154,4746
dataset7_CLINIC_metal_0060_data,0,182,216,4688
dataset7_CLINIC_metal_0060_data,0,183,299,4596
dataset7_CLINIC_metal_0060_data,0,184,403,4501
dataset7_CLINIC_metal_0060_data,0,185,471,4406
dataset7_CLINIC_metal_0060_data,0,186,461,4246
dataset7_CLINIC_metal_0060_data,0,187,398,4110
dataset7_CLINIC_metal_0060_data,0,188,329,3957
dataset7_CLINIC_metal_0060_data,0,189,253,3900
dataset7_CLINIC_metal_0060_data,0,190,179,3844
dataset7_CLINIC_metal_0060_data,0,191,132,3755
dataset7_CLINIC_metal_0060_data,0,192,103,3705
dataset7_CLINIC_metal_0060_data,0,193,91,3807
dataset7_CLINIC_metal_0060_data,0,194,75,3904
dataset7_CLINIC_metal_0060_data,0,195,73,3921
dataset7_CLINIC_metal_0060_data,0,196,85,3940
dataset7_CLINIC_metal_0060_data,0,197,106,3948
dataset7_CLINIC_metal_0060_data,0,198,107,3898
dataset7_CLINIC_metal_0060_data,0,199,81,3864
dataset7_CLINIC_metal_0060_data,0,200,66,3817
dataset7_CLINIC_metal_0060_data,0,201,62,3735
dataset7_CLINIC_metal_0060_data,0,202,66,3662
dataset7_CLINIC_metal_0060_data,0,203,72,3576
dataset7_CLINIC_metal_0060_data,0,204,92,3479
dataset7_CLINIC_metal_0060_data,0,205,92,3371
dataset7_CLINIC_metal_0060_data,0,206,82,3278
dataset7_CLINIC_metal_0060_data,0,207,112,3260
dataset7_CLINIC_metal_0060_data,0,208,147,3250
dataset7_CLINIC_metal_0060_data,0,209,211,3215
dataset7_CLINIC_metal_0060_data,0,210,259,3180
dataset7_CLINIC_metal_0060_data,0,211,252,3129
dataset7_CLINIC_metal_0060_data,0,212,236,3082
dataset7_CLINIC_metal_0060_data,0,213,193,3021
dataset7_CLINIC_metal_0060_data,0,214,158,2957
dataset7_CLINIC_metal_0060_data,0,215,128,2893
dataset7_CLINIC_metal_0060_data,0,216,114,2819
dataset7_CLINIC_metal_0060_data,0,217,108,2742
dataset7_CLINIC_metal_0060_data,0,218,98,2657
dataset7_CLINIC_metal_0060_data,0,219,91,2587
dataset7_CLINIC_metal_0060_data,0,220,77,2497
dataset7_CLINIC_metal_0060_data,0,221,65,2402
dataset7_CLINIC_metal_0060_data,0,222,78,2293
dataset7_CLINIC_metal_0060_data,0,223,97,2385
dataset7_CLINIC_metal_0060_data,0,224,103,2645
dataset7_CLINIC_metal_0060_data,0,225,87,2953
dataset7_CLINIC_metal_0060_data,0,226,61,3133
dataset7_CLINIC_metal_0060_data,0,227,55,3357
dataset7_CLINIC_metal_0060_data,0,228,55,3528
dataset7_CLINIC_metal_0060_data,0,229,59,3658
dataset7_CLINIC_metal_0060_data,0,230,64,3773
dataset7_CLINIC_metal_0060_data,0,231,88,3874
dataset7_CLINIC_metal_0060_data,0,232,97,3957
dataset7_CLINIC_metal_0060_data,0,233,91,4043
dataset7_CLINIC_metal_0060_data,0,234,79,4081
dataset7_CLINIC_metal_0060_data,0,235,83,4126
dataset7_CLINIC_metal_0060_data,0,236,101,4155
dataset7_CLINIC_metal_0060_data,0,237,114,4155
dataset7_CLINIC_metal_0060_data,0,238,222,4157
dataset7_CLINIC_metal_0060_data,0,239,390,4151
dataset7_CLINIC_metal_0060_data,0,240,560,4127
dataset7_CLINIC_metal_0060_data,0,241,387,4092
dataset7_CLINIC_metal_0060_data,0,242,193,4039
dataset7_CLINIC_metal_0060_data,0,243,116,3994
dataset7_CLINIC_metal_0060_data,0,244,101,3935
dataset7_CLINIC_metal_0060_data,0,245,97,3844
dataset7_CLINIC_metal_0060_data,0,246,92,3834
dataset7_CLINIC_metal_0060_data,0,247,83,3812
dataset7_CLINIC_metal_0060_data,0,248,77,3771
dataset7_CLINIC_metal_0060_data,0,249,94,3745
dataset7_CLINIC_metal_0060_data,0,250,99,3705
dataset7_CLINIC_metal_0060_data,0,251,94,3612
dataset7_CLINIC_metal_0060_data,0,252,93,3530
dataset7_CLINIC_metal_0060_data,0,253,108,3431
dataset7_CLINIC_metal_0060_data,0,254,144,3314
dataset7_CLINIC_metal_0060_data,0,255,186,3301
dataset7_CLINIC_metal_0060_data,0,256,241,3303
dataset7_CLINIC_metal_0060_data,0,257,276,3291
dataset7_CLINIC_metal_0060_data,0,258,236,3265
dataset7_CLINIC_metal_0060_data,0,259,223,3251
dataset7_CLINIC_metal_0060_data,0,260,190,3231
dataset7_CLINIC_metal_0060_data,0,261,126,3193
dataset7_CLINIC_metal_0060_data,0,262,51,3146
dataset7_CLINIC_metal_0060_data,0,263,2,3086
dataset7_CLINIC_metal_0060_data,0,264,0,3002
dataset7_CLINIC_metal_0060_data,0,265,0,2919
dataset7_CLINIC_metal_0060_data,0,266,0,2811
dataset7_CLINIC_metal_0060_data,0,267,0,2693
dataset7_CLINIC_metal_0060_data,0,268,0,2554
dataset7_CLINIC_metal_0060_data,0,269,0,2397
dataset7_CLINIC_metal_0060_data,0,270,0,2216
dataset7_CLINIC_metal_0060_data,0,271,0,2018
dataset7_CLINIC_metal_0060_data,0,272,0,1785
dataset7_CLINIC_metal_0060_data,0,273,0,1468
dataset7_CLINIC_metal_0060_data,0,274,0,1112
dataset7_CLINIC_metal_0060_data,0,275,0,786
dataset7_CLINIC_metal_0060_data,0,276,0,449
dataset7_CLINIC_metal_0060_data,0,277,0,128
dataset7_CLINIC_metal_0060_data,1,236,0,168
dataset7_CLINIC_metal_0060_data,1,237,0,451
dataset7_CLINIC_metal_0060_data,1,238,0,700
dataset7_CLINIC_metal_0060_data,1,239,0,897
dataset7_CLINIC_metal_0060_data,1,240,0,1059
dataset7_CLINIC_metal_0060_data,1,241,0,1213
dataset7_CLINIC_metal_0060_data,1,242,0,1339
dataset7_CLINIC_metal_0060_data,1,243,0,1462
dataset7_CLINIC_metal_0060_data,1,244,0,1706
dataset7_CLINIC_metal_0060_data,1,245,0,1907
dataset7_CLINIC_metal_0060_data,1,246,0,2087
dataset7_CLINIC_metal_0060_data,1,247,0,2234
dataset7_CLINIC_metal_0060_data,1,248,0,2361
dataset7_CLINIC_metal_0060_data,1,249,0,2491
dataset7_CLINIC_metal_0060_data,1,250,10,2590
dataset7_CLINIC_metal_0060_data,1,251,44,2736
dataset7_CLINIC_metal_0060_data,1,252,111,2864
dataset7_CLINIC_metal_0060_data,1,253,178,2948
dataset7_CLINIC_metal_0060_data,1,254,201,3038
dataset7_CLINIC_metal_0060_data,1,255,191,3113
dataset7_CLINIC_metal_0060_data,1,256,166,3237
dataset7_CLINIC_metal_0060_data,1,257,140,3329
dataset7_CLINIC_metal_0060_data,1,258,150,3452
dataset7_CLINIC_metal_0060_data,1,259,242,3716
dataset7_CLINIC_metal_0060_data,1,260,299,3987
dataset7_CLINIC_metal_0060_data,1,261,328,4327
dataset7_CLINIC_metal_0060_data,1,262,302,4627
dataset7_CLINIC_metal_0060_data,1,263,223,4939
dataset7_CLINIC_metal_0060_data,1,264,155,5337
dataset7_CLINIC_metal_0060_data,1,265,157,5675
dataset7_CLINIC_metal_0060_data,1,266,211,6032
dataset7_CLINIC_metal_0060_data,1,267,245,6323
dataset7_CLINIC_metal_0060_data,1,268,214,6490
dataset7_CLINIC_metal_0060_data,1,269,175,6623
dataset7_CLINIC_metal_0060_data,1,270,119,6681
dataset7_CLINIC_metal_0060_data,1,271,107,6741
dataset7_CLINIC_metal_0060_data,1,272,157,6780
dataset7_CLINIC_metal_0060_data,1,273,219,6762
dataset7_CLINIC_metal_0060_data,1,274,261,6753
dataset7_CLINIC_metal_0060_data,1,275,307,6718
dataset7_CLINIC_metal_0060_data,1,276,336,6652
dataset7_CLINIC_metal_0060_data,1,277,313,6589
dataset7_CLINIC_metal_0060_data,1,278,344,6473
dataset7_CLINIC_metal_0060_data,1,279,393,6405
dataset7_CLINIC_metal_0060_data,1,280,479,6301
dataset7_CLINIC_metal_0060_data,1,281,661,6188
dataset7_CLINIC_metal_0060_data,1,282,700,6064
dataset7_CLINIC_metal_0060_data,1,283,681,5896
dataset7_CLINIC_metal_0060_data,1,284,545,5711
dataset7_CLINIC_metal_0060_data,1,285,406,5507
dataset7_CLINIC_metal_0060_data,1,286,253,5324
dataset7_CLINIC_metal_0060_data,1,287,144,5108
dataset7_CLINIC_metal_0060_data,1,288,93,4890
dataset7_CLINIC_metal_0060_data,1,289,61,4632
dataset7_CLINIC_metal_0060_data,1,290,26,4360
dataset7_CLINIC_metal_0060_data,1,291,0,4045
dataset7_CLINIC_metal_0060_data,1,292,0,3712
dataset7_CLINIC_metal_0060_data,1,293,0,3492
dataset7_CLINIC_metal_0060_data,1,294,0,3285
dataset7_CLINIC_metal_0060_data,1,295,0,3057
dataset7_CLINIC_metal_0060_data,1,296,0,2790
dataset7_CLINIC_metal_0060_data,1,297,0,2488
dataset7_CLINIC_metal_0060_data,1,298,0,2128
dataset7_CLINIC_metal_0060_data,1,299,0,1782
dataset7_CLINIC_metal_0060_data,1,300,0,1335
dataset7_CLINIC_metal_0060_data,1,301,0,901
dataset7_CLINIC_metal_0060_data,1,302,0,515
dataset7_CLINIC_metal_0060_data,1,303,0,366
dataset7_CLINIC_metal_0060_data,1,304,0,213
dataset7_CLINIC_metal_0060_data,2,0,220,1956
dataset7_CLINIC_metal_0060_data,2,1,218,1974
dataset7_CLINIC_metal_0060_data,2,2,222,1983
dataset7_CLINIC_metal_0060_data,2,3,226,1983
dataset7_CLINIC_metal_0060_data,2,4,227,1990
dataset7_CLINIC_metal_0060_data,2,5,229,1989
dataset7_CLINIC_metal_0060_data,2,6,229,1998
dataset7_CLINIC_metal_0060_data,2,7,226,2002
dataset7_CLINIC_metal_0060_data,2,8,231,2002
dataset7_CLINIC_metal_0060_data,2,9,229,2011
dataset7_CLINIC_metal_0060_data,2,10,234,2018
dataset7_CLINIC_metal_0060_data,2,11,236,2015
dataset7_CLINIC_metal_0060_data,2,12,235,2023
dataset7_CLINIC_metal_0060_data,2,13,238,2031
dataset7_CLINIC_metal_0060_data,2,14,236,2046
dataset7_CLINIC_metal_0060_data,2,15,241,2049
dataset7_CLINIC_metal_0060_data,2,16,248,2049
dataset7_CLINIC_metal_0060_data,2,17,248,2052
dataset7_CLINIC_metal_0060_data,2,18,248,2052
dataset7_CLINIC_metal_0060_data,2,19,247,2061
dataset7_CLINIC_metal_0060_data,2,20,250,2064
dataset7_CLINIC_metal_0060_data,2,21,253,2063
dataset7_CLINIC_metal_0060_data,2,22,251,2069
dataset7_CLINIC_metal_0060_data,2,23,251,2077
dataset7_CLINIC_metal_0060_data,2,24,255,2075
dataset7_CLINIC_metal_0060_data,2,25,253,2079
dataset7_CLINIC_metal_0060_data,2,26,252,2090
dataset7_CLINIC_metal_0060_data,2,27,255,2091
dataset7_CLINIC_metal_0060_data,2,28,258,2095
dataset7_CLINIC_metal_0060_data,2,29,257,2090
dataset7_CLINIC_metal_0060_data,2,30,257,2096
dataset7_CLINIC_metal_0060_data,2,31,258,2095
dataset7_CLINIC_metal_0060_data,2,32,259,2100
dataset7_CLINIC_metal_0060_data,2,33,262,2096
dataset7_CLINIC_metal_0060_data,2,34,263,2105
dataset7_CLINIC_metal_0060_data,2,35,262,2107
dataset7_CLINIC_metal_0060_data,2,36,265,2113
dataset7_CLINIC_metal_0060_data,2,37,264,2113
dataset7_CLINIC_metal_0060_data,2,38,266,2135
dataset7_CLINIC_metal_0060_data,2,39,270,2138
dataset7_CLINIC_metal_0060_data,2,40,269,2154
dataset7_CLINIC_metal_0060_data,2,41,271,2160
dataset7_CLINIC_metal_0060_data,2,42,276,2171
dataset7_CLINIC_metal_0060_data,2,43,283,2189
dataset7_CLINIC_metal_0060_data,2,44,286,2195
dataset7_CLINIC_metal_0060_data,2,45,285,2203
dataset7_CLINIC_metal_0060_data,2,46,295,2241
dataset7_CLINIC_metal_0060_data,2,47,299,2363
dataset7_CLINIC_metal_0060_data,2,48,306,2459
dataset7_CLINIC_metal_0060_data,2,49,320,2537
dataset7_CLINIC_metal_0060_data,2,50,323,2622
dataset7_CLINIC_metal_0060_data,2,51,329,2709
dataset7_CLINIC_metal_0060_data,2,52,335,2791
dataset7_CLINIC_metal_0060_data,2,53,342,2867
dataset7_CLINIC_metal_0060_data,2,54,346,2940
dataset7_CLINIC_metal_0060_data,2,55,350,2988
dataset7_CLINIC_metal_0060_data,2,56,361,3054
dataset7_CLINIC_metal_0060_data,2,57,364,3110
dataset7_CLINIC_metal_0060_data,2,58,362,3160
dataset7_CLINIC_metal_0060_data,2,59,371,3211
dataset7_CLINIC_metal_0060_data,2,60,372,3257
dataset7_CLINIC_metal_0060_data,2,61,391,3279
dataset7_CLINIC_metal_0060_data,2,62,418,3305
dataset7_CLINIC_metal_0060_data,2,63,431,3319
dataset7_CLINIC_metal_0060_data,2,64,459,3328
dataset7_CLINIC_metal_0060_data,2,65,474,3330
dataset7_CLINIC_metal_0060_data,2,66,509,3332
dataset7_CLINIC_metal_0060_data,2,67,533,3321
dataset7_CLINIC_metal_0060_data,2,68,546,3323
dataset7_CLINIC_metal_0060_data,2,69,563,3298
dataset7_CLINIC_metal_0060_data,2,70,563,3289
dataset7_CLINIC_metal_0060_data,2,71,566,3262
dataset7_CLINIC_metal_0060_data,2,72,572,3231
dataset7_CLINIC_metal_0060_data,2,73,578,3200
dataset7_CLINIC_metal_0060_data,2,74,570,3161
dataset7_CLINIC_metal_0060_data,2,75,563,3112
dataset7_CLINIC_metal_0060_data,2,76,545,3083
dataset7_CLINIC_metal_0060_data,2,77,526,3031
dataset7_CLINIC_metal_0060_data,2,78,509,2979
dataset7_CLINIC_metal_0060_data,2,79,491,2927
dataset7_CLINIC_metal_0060_data,2,80,463,2874
dataset7_CLINIC_metal_0060_data,2,81,441,2816
dataset7_CLINIC_metal_0060_data,2,82,410,2764
dataset7_CLINIC_metal_0060_data,2,83,400,2705
dataset7_CLINIC_metal_0060_data,2,84,395,2650
dataset7_CLINIC_metal_0060_data,2,85,393,2618
dataset7_CLINIC_metal_0060_data,2,86,395,2610
dataset7_CLINIC_metal_0060_data,2,87,400,2614
dataset7_CLINIC_metal_0060_data,2,88,410,2631
dataset7_CLINIC_metal_0060_data,2,89,418,2665
dataset7_CLINIC_metal_0060_data,2,90,440,2725
dataset7_CLINIC_metal_0060_data,2,91,456,2788
dataset7_CLINIC_metal_0060_data,2,92,483,2864
dataset7_CLINIC_metal_0060_data,2,93,494,2930
dataset7_CLINIC_metal_0060_data,2,94,501,3002
dataset7_CLINIC_metal_0060_data,2,95,511,3084
dataset7_CLINIC_metal_0060_data,2,96,532,3149
dataset7_CLINIC_metal_0060_data,2,97,560,3207
dataset7_CLINIC_metal_0060_data,2,98,580,3277
dataset7_CLINIC_metal_0060_data,2,99,600,3343
dataset7_CLINIC_metal_0060_data,2,100,614,3390
dataset7_CLINIC_metal_0060_data,2,101,629,3455
dataset7_CLINIC_metal_0060_data,2,102,633,3520
dataset7_CLINIC_metal_0060_data,2,103,646,3561
dataset7_CLINIC_metal_0060_data,2,104,649,3637
dataset7_CLINIC_metal_0060_data,2,105,657,3694
dataset7_CLINIC_metal_0060_data,2,106,661,3742
dataset7_CLINIC_metal_0060_data,2,107,655,3803
dataset7_CLINIC_metal_0060_data,2,108,660,3862
dataset7_CLINIC_metal_0060_data,2,109,663,3920
dataset7_CLINIC_metal_0060_data,2,110,656,3970
dataset7_CLINIC_metal_0060_data,2,111,641,4025
dataset7_CLINIC_metal_0060_data,2,112,628,4062
dataset7_CLINIC_metal_0060_data,2,113,607,4104
dataset7_CLINIC_metal_0060_data,2,114,575,4161
dataset7_CLINIC_metal_0060_data,2,115,543,4187
dataset7_CLINIC_metal_0060_data,2,116,534,4226
dataset7_CLINIC_metal_0060_data,2,117,499,4269
dataset7_CLINIC_metal_0060_data,2,118,480,4299
dataset7_CLINIC_metal_0060_data,2,119,505,4342
dataset7_CLINIC_metal_0060_data,2,120,531,4390
dataset7_CLINIC_metal_0060_data,2,121,568,4419
dataset7_CLINIC_metal_0060_data,2,122,586,4459
dataset7_CLINIC_metal_0060_data,2,123,571,4499
dataset7_CLINIC_metal_0060_data,2,124,563,4518
dataset7_CLINIC_metal_0060_data,2,125,570,4530
dataset7_CLINIC_metal_0060_data,2,126,549,4537
dataset7_CLINIC_metal_0060_data,2,127,559,4539
dataset7_CLINIC_metal_0060_data,2,128,550,4543
dataset7_CLINIC_metal_0060_data,2,129,547,4518
dataset7_CLINIC_metal_0060_data,2,130,550,4491
dataset7_CLINIC_metal_0060_data,2,131,536,4473
dataset7_CLINIC_metal_0060_data,2,132,531,4445
dataset7_CLINIC_metal_0060_data,2,133,518,4389
dataset7_CLINIC_metal_0060_data,2,134,489,4332
dataset7_CLINIC_metal_0060_data,2,135,439,4264
dataset7_CLINIC_metal_0060_data,2,136,349,4180
dataset7_CLINIC_metal_0060_data,2,137,226,4090
dataset7_CLINIC_metal_0060_data,2,138,151,3993
dataset7_CLINIC_metal_0060_data,2,139,61,3888
dataset7_CLINIC_metal_0060_data,2,140,4,3758
dataset7_CLINIC_metal_0060_data,2,141,0,3645
dataset7_CLINIC_metal_0060_data,2,142,0,3482
dataset7_CLINIC_metal_0060_data,2,143,0,3306
dataset7_CLINIC_metal_0060_data,2,144,0,3128
dataset7_CLINIC_metal_0060_data,2,145,0,2919
dataset7_CLINIC_metal_0060_data,2,146,0,2689
dataset7_CLINIC_metal_0060_data,2,147,0,2442
dataset7_CLINIC_metal_0060_data,2,148,0,2190
dataset7_CLINIC_metal_0060_data,2,149,0,1895
dataset7_CLINIC_metal_0060_data,2,150,0,1571
dataset7_CLINIC_metal_0060_data,2,151,0,1242
dataset7_CLINIC_metal_0060_data,2,152,0,925
dataset7_CLINIC_metal_0060_data,2,153,0,546
dataset7_CLINIC_metal_0060_data,2,154,0,146
dataset7_CLINIC_metal_0062_data,0,223,0,166
dataset7_CLINIC_metal_0062_data,0,224,0,305
dataset7_CLINIC_metal_0062_data,0,225,0,459
dataset7_CLINIC_metal_0062_data,0,226,0,687
dataset7_CLINIC_metal_0062_data,0,227,0,881
dataset7_CLINIC_metal_0062_data,0,228,0,1027
dataset7_CLINIC_metal_0062_data,0,229,0,1147
dataset7_CLINIC_metal_0062_data,0,230,0,1272
dataset7_CLINIC_metal_0062_data,0,231,0,1367
dataset7_CLINIC_metal_0062_data,0,232,0,1462
dataset7_CLINIC_metal_0062_data,0,233,0,1546
dataset7_CLINIC_metal_0062_data,0,234,0,1598
dataset7_CLINIC_metal_0062_data,0,235,0,1666
dataset7_CLINIC_metal_0062_data,0,236,0,1706
dataset7_CLINIC_metal_0062_data,0,237,12,1750
dataset7_CLINIC_metal_0062_data,0,238,40,1784
dataset7_CLINIC_metal_0062_data,0,239,63,1826
dataset7_CLINIC_metal_0062_data,0,240,105,1867
dataset7_CLINIC_metal_0062_data,0,241,43,1909
dataset7_CLINIC_metal_0062_data,0,242,33,1912
dataset7_CLINIC_metal_0062_data,0,243,52,1950
dataset7_CLINIC_metal_0062_data,0,244,77,1958
dataset7_CLINIC_metal_0062_data,0,245,66,1957
dataset7_CLINIC_metal_0062_data,0,246,67,1954
dataset7_CLINIC_metal_0062_data,0,247,73,1949
dataset7_CLINIC_metal_0062_data,0,248,92,1924
dataset7_CLINIC_metal_0062_data,0,249,38,1894
dataset7_CLINIC_metal_0062_data,0,250,30,1849
dataset7_CLINIC_metal_0062_data,0,251,46,1817
dataset7_CLINIC_metal_0062_data,0,252,59,1772
dataset7_CLINIC_metal_0062_data,0,253,46,1724
dataset7_CLINIC_metal_0062_data,0,254,27,1658
dataset7_CLINIC_metal_0062_data,0,255,0,1602
dataset7_CLINIC_metal_0062_data,0,256,0,1539
dataset7_CLINIC_metal_0062_data,0,257,0,1459
dataset7_CLINIC_metal_0062_data,0,258,0,1393
dataset7_CLINIC_metal_0062_data,0,259,0,1303
dataset7_CLINIC_metal_0062_data,0,260,0,1214
dataset7_CLINIC_metal_0062_data,0,261,0,1108
dataset7_CLINIC_metal_0062_data,0,262,0,993
dataset7_CLINIC_metal_0062_data,0,263,0,885
dataset7_CLINIC_metal_0062_data,0,264,0,780
dataset7_CLINIC_metal_0062_data,0,265,0,659
dataset7_CLINIC_metal_0062_data,0,266,0,512
dataset7_CLINIC_metal_0062_data,0,267,0,378
dataset7_CLINIC_metal_0062_data,0,268,0,218
dataset7_CLINIC_metal_0062_data,1,62,0,201
dataset7_CLINIC_metal_0062_data,1,63,0,352
dataset7_CLINIC_metal_0062_data,1,64,0,454
dataset7_CLINIC_metal_0062_data,1,65,0,565
dataset7_CLINIC_metal_0062_data,1,66,0,677
dataset7_CLINIC_metal_0062_data,1,67,0,782
dataset7_CLINIC_metal_0062_data,1,68,0,856
dataset7_CLINIC_metal_0062_data,1,69,0,946
dataset7_CLINIC_metal_0062_data,1,70,0,1040
dataset7_CLINIC_metal_0062_data,1,71,0,1133
dataset7_CLINIC_metal_0062_data,1,72,0,1224
dataset7_CLINIC_metal_0062_data,1,73,0,1316
dataset7_CLINIC_metal_0062_data,1,74,0,1416
dataset7_CLINIC_metal_0062_data,1,75,0,1493
dataset7_CLINIC_metal_0062_data,1,76,22,1577
dataset7_CLINIC_metal_0062_data,1,77,40,1656
dataset7_CLINIC_metal_0062_data,1,78,46,1741
dataset7_CLINIC_metal_0062_data,1,79,51,1806
dataset7_CLINIC_metal_0062_data,1,80,61,1878
dataset7_CLINIC_metal_0062_data,1,81,74,1944
dataset7_CLINIC_metal_0062_data,1,82,97,2021
dataset7_CLINIC_metal_0062_data,1,83,108,2080
dataset7_CLINIC_metal_0062_data,1,84,103,2137
dataset7_CLINIC_metal_0062_data,1,85,82,2193
dataset7_CLINIC_metal_0062_data,1,86,73,2247
dataset7_CLINIC_metal_0062_data,1,87,76,2285
dataset7_CLINIC_metal_0062_data,1,88,78,2323
dataset7_CLINIC_metal_0062_data,1,89,76,2360
dataset7_CLINIC_metal_0062_data,1,90,75,2389
dataset7_CLINIC_metal_0062_data,1,91,75,2414
dataset7_CLINIC_metal_0062_data,1,92,73,2432
dataset7_CLINIC_metal_0062_data,1,93,73,2443
dataset7_CLINIC_metal_0062_data,1,94,75,2462
dataset7_CLINIC_metal_0062_data,1,95,75,2461
dataset7_CLINIC_metal_0062_data,1,96,74,2460
dataset7_CLINIC_metal_0062_data,1,97,73,2453
dataset7_CLINIC_metal_0062_data,1,98,75,2427
dataset7_CLINIC_metal_0062_data,1,99,74,2411
dataset7_CLINIC_metal_0062_data,1,100,73,2386
dataset7_CLINIC_metal_0062_data,1,101,75,2392
dataset7_CLINIC_metal_0062_data,1,102,76,2396
dataset7_CLINIC_metal_0062_data,1,103,79,2390
dataset7_CLINIC_metal_0062_data,1,104,76,2390
dataset7_CLINIC_metal_0062_data,1,105,77,2391
dataset7_CLINIC_metal_0062_data,1,106,76,2376
dataset7_CLINIC_metal_0062_data,1,107,79,2374
dataset7_CLINIC_metal_0062_data,1,108,80,2354
dataset7_CLINIC_metal_0062_data,1,109,84,2338
dataset7_CLINIC_metal_0062_data,1,110,85,2308
dataset7_CLINIC_metal_0062_data,1,111,89,2284
dataset7_CLINIC_metal_0062_data,1,112,93,2252
dataset7_CLINIC_metal_0062_data,1,113,95,2209
dataset7_CLINIC_metal_0062_data,1,114,99,2179
dataset7_CLINIC_metal_0062_data,1,115,102,2131
dataset7_CLINIC_metal_0062_data,1,116,103,2070
dataset7_CLINIC_metal_0062_data,1,117,97,2014
dataset7_CLINIC_metal_0062_data,1,118,89,1961
dataset7_CLINIC_metal_0062_data,1,119,80,1890
dataset7_CLINIC_metal_0062_data,1,120,54,1825
dataset7_CLINIC_metal_0062_data,1,121,30,1747
dataset7_CLINIC_metal_0062_data,1,122,20,1672
dataset7_CLINIC_metal_0062_data,1,123,11,1586
dataset7_CLINIC_metal_0062_data,1,124,0,1514
dataset7_CLINIC_metal_0062_data,1,125,0,1424
dataset7_CLINIC_metal_0062_data,1,126,0,1321
dataset7_CLINIC_metal_0062_data,1,127,0,1241
dataset7_CLINIC_metal_0062_data,1,128,0,1135
dataset7_CLINIC_metal_0062_data,1,129,0,1025
dataset7_CLINIC_metal_0062_data,1,130,0,929
dataset7_CLINIC_metal_0062_data,1,131,0,822
dataset7_CLINIC_metal_0062_data,1,132,0,709
dataset7_CLINIC_metal_0062_data,1,133,0,612
dataset7_CLINIC_metal_0062_data,1,134,0,503
dataset7_CLINIC_metal_0062_data,1,135,0,398
dataset7_CLINIC_metal_0062_data,1,136,0,298
dataset7_CLINIC_metal_0062_data,1,137,0,159
dataset7_CLINIC_metal_0062_data,2,163,0,308
dataset7_CLINIC_metal_0062_data,2,164,0,617
dataset7_CLINIC_metal_0062_data,2,165,0,839
dataset7_CLINIC_metal_0062_data,2,166,0,1029
dataset7_CLINIC_metal_0062_data,2,167,0,1240
dataset7_CLINIC_metal_0062_data,2,168,0,1439
dataset7_CLINIC_metal_0062_data,2,169,0,1601
dataset7_CLINIC_metal_0062_data,2,170,0,1764
dataset7_CLINIC_metal_0062_data,2,171,0,1912
dataset7_CLINIC_metal_0062_data,2,172,0,2041
dataset7_CLINIC_metal_0062_data,2,173,0,2161
dataset7_CLINIC_metal_0062_data,2,174,0,2261
dataset7_CLINIC_metal_0062_data,2,175,0,2350
dataset7_CLINIC_metal_0062_data,2,176,0,2430
dataset7_CLINIC_metal_0062_data,2,177,39,2500
dataset7_CLINIC_metal_0062_data,2,178,91,2548
dataset7_CLINIC_metal_0062_data,2,179,80,2590
dataset7_CLINIC_metal_0062_data,2,180,50,2610
dataset7_CLINIC_metal_0062_data,2,181,52,2629
dataset7_CLINIC_metal_0062_data,2,182,50,2631
dataset7_CLINIC_metal_0062_data,2,183,55,2614
dataset7_CLINIC_metal_0062_data,2,184,52,2586
dataset7_CLINIC_metal_0062_data,2,185,43,2555
dataset7_CLINIC_metal_0062_data,2,186,42,2499
dataset7_CLINIC_metal_0062_data,2,187,38,2437
dataset7_CLINIC_metal_0062_data,2,188,19,2359
dataset7_CLINIC_metal_0062_data,2,189,0,2265
dataset7_CLINIC_metal_0062_data,2,190,0,2153
dataset7_CLINIC_metal_0062_data,2,191,0,2034
dataset7_CLINIC_metal_0062_data,2,192,0,1888
dataset7_CLINIC_metal_0062_data,2,193,0,1715
dataset7_CLINIC_metal_0062_data,2,194,0,1495
dataset7_CLINIC_metal_0062_data,2,195,0,1312
dataset7_CLINIC_metal_0062_data,2,196,0,1104
dataset7_CLINIC_metal_0062_data,2,197,0,946
dataset7_CLINIC_metal_0062_data,2,198,0,788
dataset7_CLINIC_metal_0062_data,2,199,0,624
dataset7_CLINIC_metal_0062_data,2,200,0,481
dataset7_CLINIC_metal_0062_data,2,201,0,351
dataset7_CLINIC_metal_0062_data,2,202,0,197
dataset7_CLINIC_metal_0062_data,3,227,0,276
dataset7_CLINIC_metal_0062_data,3,228,0,469
dataset7_CLINIC_metal_0062_data,3,229,0,641
dataset7_CLINIC_metal_0062_data,3,230,0,775
dataset7_CLINIC_metal_0062_data,3,231,0,921
dataset7_CLINIC_metal_0062_data,3,232,0,1056
dataset7_CLINIC_metal_0062_data,3,233,0,1145
dataset7_CLINIC_metal_0062_data,3,234,0,1244
dataset7_CLINIC_metal_0062_data,3,235,0,1350
dataset7_CLINIC_metal_0062_data,3,236,0,1417
dataset7_CLINIC_metal_0062_data,3,237,0,1484
dataset7_CLINIC_metal_0062_data,3,238,0,1558
dataset7_CLINIC_metal_0062_data,3,239,0,1608
dataset7_CLINIC_metal_0062_data,3,240,0,1663
dataset7_CLINIC_metal_0062_data,3,241,16,1727
dataset7_CLINIC_metal_0062_data,3,242,94,1790
dataset7_CLINIC_metal_0062_data,3,243,90,1846
dataset7_CLINIC_metal_0062_data,3,244,27,1880
dataset7_CLINIC_metal_0062_data,3,245,81,1920
dataset7_CLINIC_metal_0062_data,3,246,124,1946
dataset7_CLINIC_metal_0062_data,3,247,106,1959
dataset7_CLINIC_metal_0062_data,3,248,25,1956
dataset7_CLINIC_metal_0062_data,3,249,27,1959
dataset7_CLINIC_metal_0062_data,3,250,117,1958
dataset7_CLINIC_metal_0062_data,3,251,112,1947
dataset7_CLINIC_metal_0062_data,3,252,68,1909
dataset7_CLINIC_metal_0062_data,3,253,71,1902
dataset7_CLINIC_metal_0062_data,3,254,136,1865
dataset7_CLINIC_metal_0062_data,3,255,118,1821
dataset7_CLINIC_metal_0062_data,3,256,25,1771
dataset7_CLINIC_metal_0062_data,3,257,0,1728
dataset7_CLINIC_metal_0062_data,3,258,0,1674
dataset7_CLINIC_metal_0062_data,3,259,0,1640
dataset7_CLINIC_metal_0062_data,3,260,0,1570
dataset7_CLINIC_metal_0062_data,3,261,0,1508
dataset7_CLINIC_metal_0062_data,3,262,0,1434
dataset7_CLINIC_metal_0062_data,3,263,0,1320
dataset7_CLINIC_metal_0062_data,3,264,0,1220
dataset7_CLINIC_metal_0062_data,3,265,0,1127
dataset7_CLINIC_metal_0062_data,3,266,0,983
dataset7_CLINIC_metal_0062_data,3,267,0,831
dataset7_CLINIC_metal_0062_data,3,268,0,692
dataset7_CLINIC_metal_0062_data,3,269,0,501
dataset7_CLINIC_metal_0062_data,3,270,0,274
dataset7_CLINIC_metal_0062_data,4,79,0,140
dataset7_CLINIC_metal_0062_data,4,80,0,267
dataset7_CLINIC_metal_0062_data,4,81,0,355
dataset7_CLINIC_metal_0062_data,4,82,0,466
dataset7_CLINIC_metal_0062_data,4,83,0,574
dataset7_CLINIC_metal_0062_data,4,84,0,671
dataset7_CLINIC_metal_0062_data,4,85,0,770
dataset7_CLINIC_metal_0062_data,4,86,0,851
dataset7_CLINIC_metal_0062_data,4,87,0,948
dataset7_CLINIC_metal_0062_data,4,88,0,1023
dataset7_CLINIC_metal_0062_data,4,89,0,1110
dataset7_CLINIC_metal_0062_data,4,90,0,1190
dataset7_CLINIC_metal_0062_data,4,91,0,1259
dataset7_CLINIC_metal_0062_data,4,92,0,1335
dataset7_CLINIC_metal_0062_data,4,93,6,1398
dataset7_CLINIC_metal_0062_data,4,94,13,1458
dataset7_CLINIC_metal_0062_data,4,95,30,1515
dataset7_CLINIC_metal_0062_data,4,96,39,1567
dataset7_CLINIC_metal_0062_data,4,97,57,1606
dataset7_CLINIC_metal_0062_data,4,98,68,1648
dataset7_CLINIC_metal_0062_data,4,99,75,1685
dataset7_CLINIC_metal_0062_data,4,100,75,1719
dataset7_CLINIC_metal_0062_data,4,101,76,1750
dataset7_CLINIC_metal_0062_data,4,102,77,1782
dataset7_CLINIC_metal_0062_data,4,103,78,1807
dataset7_CLINIC_metal_0062_data,4,104,78,1824
dataset7_CLINIC_metal_0062_data,4,105,75,1850
dataset7_CLINIC_metal_0062_data,4,106,72,1855
dataset7_CLINIC_metal_0062_data,4,107,69,1862
dataset7_CLINIC_metal_0062_data,4,108,67,1872
dataset7_CLINIC_metal_0062_data,4,109,63,1880
dataset7_CLINIC_metal_0062_data,4,110,62,1881
dataset7_CLINIC_metal_0062_data,4,111,61,1884
dataset7_CLINIC_metal_0062_data,4,112,60,1876
dataset7_CLINIC_metal_0062_data,4,113,57,1879
dataset7_CLINIC_metal_0062_data,4,114,58,1882
dataset7_CLINIC_metal_0062_data,4,115,59,1874
dataset7_CLINIC_metal_0062_data,4,116,59,1875
dataset7_CLINIC_metal_0062_data,4,117,61,1869
dataset7_CLINIC_metal_0062_data,4,118,61,1865
dataset7_CLINIC_metal_0062_data,4,119,57,1861
dataset7_CLINIC_metal_0062_data,4,120,57,1861
dataset7_CLINIC_metal_0062_data,4,121,60,1856
dataset7_CLINIC_metal_0062_data,4,122,60,1853
dataset7_CLINIC_metal_0062_data,4,123,60,1847
dataset7_CLINIC_metal_0062_data,4,124,61,1845
dataset7_CLINIC_metal_0062_data,4,125,56,1856
dataset7_CLINIC_metal_0062_data,4,126,56,1858
dataset7_CLINIC_metal_0062_data,4,127,62,1859
dataset7_CLINIC_metal_0062_data,4,128,60,1857
dataset7_CLINIC_metal_0062_data,4,129,58,1853
dataset7_CLINIC_metal_0062_data,4,130,60,1861
dataset7_CLINIC_metal_0062_data,4,131,56,1860
dataset7_CLINIC_metal_0062_data,4,132,59,1868
dataset7_CLINIC_metal_0062_data,4,133,60,1867
dataset7_CLINIC_metal_0062_data,4,134,60,1861
dataset7_CLINIC_metal_0062_data,4,135,64,1863
dataset7_CLINIC_metal_0062_data,4,136,64,1869
dataset7_CLINIC_metal_0062_data,4,137,64,1869
dataset7_CLINIC_metal_0062_data,4,138,64,1870
dataset7_CLINIC_metal_0062_data,4,139,63,1870
dataset7_CLINIC_metal_0062_data,4,140,64,1868
dataset7_CLINIC_metal_0062_data,4,141,64,1868
dataset7_CLINIC_metal_0062_data,4,142,65,1873
dataset7_CLINIC_metal_0062_data,4,143,65,1867
dataset7_CLINIC_metal_0062_data,4,144,64,1871
dataset7_CLINIC_metal_0062_data,4,145,63,1874
dataset7_CLINIC_metal_0062_data,4,146,64,1873
dataset7_CLINIC_metal_0062_data,4,147,66,1874
dataset7_CLINIC_metal_0062_data,4,148,64,1878
dataset7_CLINIC_metal_0062_data,4,149,66,1885
dataset7_CLINIC_metal_0062_data,4,150,62,1890
dataset7_CLINIC_metal_0062_data,4,151,63,1912
dataset7_CLINIC_metal_0062_data,4,152,66,1928
dataset7_CLINIC_metal_0062_data,4,153,65,1938
dataset7_CLINIC_metal_0062_data,4,154,59,1958
dataset7_CLINIC_metal_0062_data,4,155,63,1975
dataset7_CLINIC_metal_0062_data,4,156,61,1971
dataset7_CLINIC_metal_0062_data,4,157,65,1973
dataset7_CLINIC_metal_0062_data,4,158,65,1971
dataset7_CLINIC_metal_0062_data,4,159,62,1958
dataset7_CLINIC_metal_0062_data,4,160,64,1948
dataset7_CLINIC_metal_0062_data,4,161,66,1928
dataset7_CLINIC_metal_0062_data,4,162,66,1910
dataset7_CLINIC_metal_0062_data,4,163,65,1880
dataset7_CLINIC_metal_0062_data,4,164,75,1841
dataset7_CLINIC_metal_0062_data,4,165,88,1808
dataset7_CLINIC_metal_0062_data,4,166,84,1770
dataset7_CLINIC_metal_0062_data,4,167,72,1731
dataset7_CLINIC_metal_0062_data,4,168,58,1681
dataset7_CLINIC_metal_0062_data,4,169,48,1630
dataset7_CLINIC_metal_0062_data,4,170,44,1570
dataset7_CLINIC_metal_0062_data,4,171,35,1515
dataset7_CLINIC_metal_0062_data,4,172,19,1457
dataset7_CLINIC_metal_0062_data,4,173,0,1387
dataset7_CLINIC_metal_0062_data,4,174,0,1320
dataset7_CLINIC_metal_0062_data,4,175,0,1253
dataset7_CLINIC_metal_0062_data,4,176,0,1163
dataset7_CLINIC_metal_0062_data,4,177,0,1103
dataset7_CLINIC_metal_0062_data,4,178,0,1025
dataset7_CLINIC_metal_0062_data,4,179,0,931
dataset7_CLINIC_metal_0062_data,4,180,0,847
dataset7_CLINIC_metal_0062_data,4,181,0,763
dataset7_CLINIC_metal_0062_data,4,182,0,665
dataset7_CLINIC_metal_0062_data,4,183,0,557
dataset7_CLINIC_metal_0062_data,4,184,0,445
dataset7_CLINIC_metal_0062_data,4,185,0,349
dataset7_CLINIC_metal_0062_data,4,186,0,195
dataset7_CLINIC_metal_0063_data,0,218,0,155
dataset7_CLINIC_metal_0063_data,0,219,0,263
dataset7_CLINIC_metal_0063_data,0,220,0,354
dataset7_CLINIC_metal_0063_data,0,221,0,446
dataset7_CLINIC_metal_0063_data,0,222,0,537
dataset7_CLINIC_metal_0063_data,0,223,0,605
dataset7_CLINIC_metal_0063_data,0,224,0,645
dataset7_CLINIC_metal_0063_data,0,225,0,713
dataset7_CLINIC_metal_0063_data,0,226,0,765
dataset7_CLINIC_metal_0063_data,0,227,0,809
dataset7_CLINIC_metal_0063_data,0,228,0,842
dataset7_CLINIC_metal_0063_data,0,229,0,879
dataset7_CLINIC_metal_0063_data,0,230,0,901
dataset7_CLINIC_metal_0063_data,0,231,0,921
dataset7_CLINIC_metal_0063_data,0,232,11,934
dataset7_CLINIC_metal_0063_data,0,233,14,946
dataset7_CLINIC_metal_0063_data,0,234,16,946
dataset7_CLINIC_metal_0063_data,0,235,16,958
dataset7_CLINIC_metal_0063_data,0,236,18,958
dataset7_CLINIC_metal_0063_data,0,237,13,958
dataset7_CLINIC_metal_0063_data,0,238,8,937
dataset7_CLINIC_metal_0063_data,0,239,7,937
dataset7_CLINIC_metal_0063_data,0,240,7,917
dataset7_CLINIC_metal_0063_data,0,241,6,902
dataset7_CLINIC_metal_0063_data,0,242,0,883
dataset7_CLINIC_metal_0063_data,0,243,0,848
dataset7_CLINIC_metal_0063_data,0,244,0,832
dataset7_CLINIC_metal_0063_data,0,245,0,789
dataset7_CLINIC_metal_0063_data,0,246,0,764
dataset7_CLINIC_metal_0063_data,0,247,0,718
dataset7_CLINIC_metal_0063_data,0,248,0,670
dataset7_CLINIC_metal_0063_data,0,249,0,604
dataset7_CLINIC_metal_0063_data,0,250,0,566
dataset7_CLINIC_metal_0063_data,0,251,0,500
dataset7_CLINIC_metal_0063_data,0,252,0,413
dataset7_CLINIC_metal_0063_data,0,253,0,325
dataset7_CLINIC_metal_0063_data,0,254,0,238
dataset7_CLINIC_metal_0063_data,0,255,0,136
dataset7_CLINIC_metal_0063_data,1,0,94,1562
dataset7_CLINIC_metal_0063_data,1,1,74,1618
dataset7_CLINIC_metal_0063_data,1,2,55,1660
dataset7_CLINIC_metal_0063_data,1,3,46,1705
dataset7_CLINIC_metal_0063_data,1,4,46,1862
dataset7_CLINIC_metal_0063_data,1,5,51,2009
dataset7_CLINIC_metal_0063_data,1,6,59,2147
dataset7_CLINIC_metal_0063_data,1,7,84,2267
dataset7_CLINIC_metal_0063_data,1,8,94,2371
dataset7_CLINIC_metal_0063_data,1,9,102,2775
dataset7_CLINIC_metal_0063_data,1,10,100,3006
dataset7_CLINIC_metal_0063_data,1,11,99,3180
dataset7_CLINIC_metal_0063_data,1,12,89,3456
dataset7_CLINIC_metal_0063_data,1,13,65,3634
dataset7_CLINIC_metal_0063_data,1,14,54,3771
dataset7_CLINIC_metal_0063_data,1,15,46,3897
dataset7_CLINIC_metal_0063_data,1,16,48,4050
dataset7_CLINIC_metal_0063_data,1,17,57,4171
dataset7_CLINIC_metal_0063_data,1,18,87,4243
dataset7_CLINIC_metal_0063_data,1,19,115,4289
dataset7_CLINIC_metal_0063_data,1,20,138,4348
dataset7_CLINIC_metal_0063_data,1,21,146,4409
dataset7_CLINIC_metal_0063_data,1,22,161,4540
dataset7_CLINIC_metal_0063_data,1,23,220,4643
dataset7_CLINIC_metal_0063_data,1,24,294,4779
dataset7_CLINIC_metal_0063_data,1,25,299,5001
dataset7_CLINIC_metal_0063_data,1,26,257,5152
dataset7_CLINIC_metal_0063_data,1,27,212,5273
dataset7_CLINIC_metal_0063_data,1,28,216,5391
dataset7_CLINIC_metal_0063_data,1,29,266,5480
dataset7_CLINIC_metal_0063_data,1,30,374,5552
dataset7_CLINIC_metal_0063_data,1,31,404,5605
dataset7_CLINIC_metal_0063_data,1,32,354,5642
dataset7_CLINIC_metal_0063_data,1,33,258,5691
dataset7_CLINIC_metal_0063_data,1,34,279,5729
dataset7_CLINIC_metal_0063_data,1,35,292,5769
dataset7_CLINIC_metal_0063_data,1,36,301,5761
dataset7_CLINIC_metal_0063_data,1,37,296,5795
dataset7_CLINIC_metal_0063_data,1,38,340,5819
dataset7_CLINIC_metal_0063_data,1,39,400,5832
dataset7_CLINIC_metal_0063_data,1,40,415,5846
dataset7_CLINIC_metal_0063_data,1,41,401,5850
dataset7_CLINIC_metal_0063_data,1,42,394,5833
dataset7_CLINIC_metal_0063_data,1,43,411,5809
dataset7_CLINIC_metal_0063_data,1,44,453,5770
dataset7_CLINIC_metal_0063_data,1,45,465,5750
dataset7_CLINIC_metal_0063_data,1,46,426,5714
dataset7_CLINIC_metal_0063_data,1,47,392,5694
dataset7_CLINIC_metal_0063_data,1,48,297,5663
dataset7_CLINIC_metal_0063_data,1,49,241,5707
dataset7_CLINIC_metal_0063_data,1,50,254,5768
dataset7_CLINIC_metal_0063_data,1,51,281,5832
dataset7_CLINIC_metal_0063_data,1,52,293,5874
dataset7_CLINIC_metal_0063_data,1,53,267,5882
dataset7_CLINIC_metal_0063_data,1,54,217,5884
dataset7_CLINIC_metal_0063_data,1,55,199,5844
dataset7_CLINIC_metal_0063_data,1,56,194,5794
dataset7_CLINIC_metal_0063_data,1,57,206,5711
dataset7_CLINIC_metal_0063_data,1,58,246,5657
dataset7_CLINIC_metal_0063_data,1,59,316,5567
dataset7_CLINIC_metal_0063_data,1,60,338,5411
dataset7_CLINIC_metal_0063_data,1,61,269,5338
dataset7_CLINIC_metal_0063_data,1,62,201,5267
dataset7_CLINIC_metal_0063_data,1,63,169,5258
dataset7_CLINIC_metal_0063_data,1,64,176,5295
dataset7_CLINIC_metal_0063_data,1,65,207,5327
dataset7_CLINIC_metal_0063_data,1,66,245,5344
dataset7_CLINIC_metal_0063_data,1,67,292,5343
dataset7_CLINIC_metal_0063_data,1,68,350,5356
dataset7_CLINIC_metal_0063_data,1,69,377,5352
dataset7_CLINIC_metal_0063_data,1,70,374,5336
dataset7_CLINIC_metal_0063_data,1,71,375,5300
dataset7_CLINIC_metal_0063_data,1,72,337,5276
dataset7_CLINIC_metal_0063_data,1,73,295,5224
dataset7_CLINIC_metal_0063_data,1,74,246,5182
dataset7_CLINIC_metal_0063_data,1,75,218,5119
dataset7_CLINIC_metal_0063_data,1,76,205,5049
dataset7_CLINIC_metal_0063_data,1,77,209,4947
dataset7_CLINIC_metal_0063_data,1,78,221,4827
dataset7_CLINIC_metal_0063_data,1,79,228,4685
dataset7_CLINIC_metal_0063_data,1,80,236,4514
dataset7_CLINIC_metal_0063_data,1,81,233,4314
dataset7_CLINIC_metal_0063_data,1,82,226,4107
dataset7_CLINIC_metal_0063_data,1,83,217,3936
dataset7_CLINIC_metal_0063_data,1,84,223,3807
dataset7_CLINIC_metal_0063_data,1,85,207,3719
dataset7_CLINIC_metal_0063_data,1,86,159,3654
dataset7_CLINIC_metal_0063_data,1,87,146,3578
dataset7_CLINIC_metal_0063_data,1,88,144,3507
dataset7_CLINIC_metal_0063_data,1,89,145,3421
dataset7_CLINIC_metal_0063_data,1,90,135,3316
dataset7_CLINIC_metal_0063_data,1,91,136,3205
dataset7_CLINIC_metal_0063_data,1,92,114,3096
dataset7_CLINIC_metal_0063_data,1,93,86,3010
dataset7_CLINIC_metal_0063_data,1,94,63,2935
dataset7_CLINIC_metal_0063_data,1,95,56,2858
dataset7_CLINIC_metal_0063_data,1,96,62,2780
dataset7_CLINIC_metal_0063_data,1,97,80,2717
dataset7_CLINIC_metal_0063_data,1,98,87,2638
dataset7_CLINIC_metal_0063_data,1,99,72,2543
dataset7_CLINIC_metal_0063_data,1,100,52,2456
dataset7_CLINIC_metal_0063_data,1,101,49,2355
dataset7_CLINIC_metal_0063_data,1,102,48,2225
dataset7_CLINIC_metal_0063_data,1,103,45,2082
dataset7_CLINIC_metal_0063_data,1,104,55,1937
dataset7_CLINIC_metal_0063_data,1,105,69,1787
dataset7_CLINIC_metal_0063_data,1,106,72,1651
dataset7_CLINIC_metal_0063_data,1,107,70,1521
dataset7_CLINIC_metal_0063_data,1,108,55,1334
dataset7_CLINIC_metal_0063_data,1,109,31,1302
dataset7_CLINIC_metal_0063_data,1,110,4,1263
dataset7_CLINIC_metal_0063_data,1,111,0,1217
dataset7_CLINIC_metal_0063_data,1,112,0,1171
dataset7_CLINIC_metal_0063_data,1,113,0,1123
dataset7_CLINIC_metal_0063_data,1,114,0,1057
dataset7_CLINIC_metal_0063_data,1,115,0,984
dataset7_CLINIC_metal_0063_data,1,116,0,908
dataset7_CLINIC_metal_0063_data,1,117,0,841
dataset7_CLINIC_metal_0063_data,1,118,0,753
dataset7_CLINIC_metal_0063_data,1,119,0,655
dataset7_CLINIC_metal_0063_data,1,120,0,550
dataset7_CLINIC_metal_0063_data,1,121,0,447
dataset7_CLINIC_metal_0063_data,1,122,0,339
dataset7_CLINIC_metal_0063_data,1,123,0,216
dataset7_CLINIC_metal_0063_data,1,124,0,120
dataset7_CLINIC_metal_0063_data,2,92,0,182
dataset7_CLINIC_metal_0063_data,2,93,0,298
dataset7_CLINIC_metal_0063_data,2,94,0,406
dataset7_CLINIC_metal_0063_data,2,95,0,509
dataset7_CLINIC_metal_0063_data,2,96,0,611
dataset7_CLINIC_metal_0063_data,2,97,0,880
dataset7_CLINIC_metal_0063_data,2,98,0,1058
dataset7_CLINIC_metal_0063_data,2,99,0,1229
dataset7_CLINIC_metal_0063_data,2,100,0,1372
dataset7_CLINIC_metal_0063_data,2,101,0,1505
dataset7_CLINIC_metal_0063_data,2,102,0,1638
dataset7_CLINIC_metal_0063_data,2,103,0,1743
dataset7_CLINIC_metal_0063_data,2,104,0,1832
dataset7_CLINIC_metal_0063_data,2,105,0,1903
dataset7_CLINIC_metal_0063_data,2,106,18,1981
dataset7_CLINIC_metal_0063_data,2,107,42,2052
dataset7_CLINIC_metal_0063_data,2,108,58,2117
dataset7_CLINIC_metal_0063_data,2,109,68,2172
dataset7_CLINIC_metal_0063_data,2,110,79,2238
dataset7_CLINIC_metal_0063_data,2,111,130,2280
dataset7_CLINIC_metal_0063_data,2,112,220,2337
dataset7_CLINIC_metal_0063_data,2,113,257,2399
dataset7_CLINIC_metal_0063_data,2,114,212,2445
dataset7_CLINIC_metal_0063_data,2,115,122,2496
dataset7_CLINIC_metal_0063_data,2,116,85,2544
dataset7_CLINIC_metal_0063_data,2,117,85,2562
dataset7_CLINIC_metal_0063_data,2,118,83,2586
dataset7_CLINIC_metal_0063_data,2,119,80,2617
dataset7_CLINIC_metal_0063_data,2,120,82,2636
dataset7_CLINIC_metal_0063_data,2,121,83,2664
dataset7_CLINIC_metal_0063_data,2,122,83,2667
dataset7_CLINIC_metal_0063_data,2,123,86,2689
dataset7_CLINIC_metal_0063_data,2,124,118,2674
dataset7_CLINIC_metal_0063_data,2,125,193,2651
dataset7_CLINIC_metal_0063_data,2,126,242,2618
dataset7_CLINIC_metal_0063_data,2,127,226,2611
dataset7_CLINIC_metal_0063_data,2,128,149,2598
dataset7_CLINIC_metal_0063_data,2,129,93,2610
dataset7_CLINIC_metal_0063_data,2,130,93,2639
dataset7_CLINIC_metal_0063_data,2,131,105,2675
dataset7_CLINIC_metal_0063_data,2,132,94,2712
dataset7_CLINIC_metal_0063_data,2,133,91,2753
dataset7_CLINIC_metal_0063_data,2,134,86,2764
dataset7_CLINIC_metal_0063_data,2,135,87,2815
dataset7_CLINIC_metal_0063_data,2,136,87,2845
dataset7_CLINIC_metal_0063_data,2,137,98,2880
dataset7_CLINIC_metal_0063_data,2,138,120,2891
dataset7_CLINIC_metal_0063_data,2,139,151,2899
dataset7_CLINIC_metal_0063_data,2,140,169,3003
dataset7_CLINIC_metal_0063_data,2,141,204,3035
dataset7_CLINIC_metal_0063_data,2,142,205,3031
dataset7_CLINIC_metal_0063_data,2,143,168,3191
dataset7_CLINIC_metal_0063_data,2,144,105,3242
dataset7_CLINIC_metal_0063_data,2,145,67,3363
dataset7_CLINIC_metal_0063_data,2,146,53,3450
dataset7_CLINIC_metal_0063_data,2,147,53,3545
dataset7_CLINIC_metal_0063_data,2,148,59,3634
dataset7_CLINIC_metal_0063_data,2,149,105,3716
dataset7_CLINIC_metal_0063_data,2,150,149,3770
dataset7_CLINIC_metal_0063_data,2,151,185,3824
dataset7_CLINIC_metal_0063_data,2,152,170,3867
dataset7_CLINIC_metal_0063_data,2,153,126,3912
dataset7_CLINIC_metal_0063_data,2,154,124,3934
dataset7_CLINIC_metal_0063_data,2,155,188,3943
dataset7_CLINIC_metal_0063_data,2,156,238,3963
dataset7_CLINIC_metal_0063_data,2,157,295,3942
dataset7_CLINIC_metal_0063_data,2,158,327,3905
dataset7_CLINIC_metal_0063_data,2,159,340,3793
dataset7_CLINIC_metal_0063_data,2,160,316,3809
dataset7_CLINIC_metal_0063_data,2,161,299,3813
dataset7_CLINIC_metal_0063_data,2,162,314,3799
dataset7_CLINIC_metal_0063_data,2,163,315,3783
dataset7_CLINIC_metal_0063_data,2,164,273,3752
dataset7_CLINIC_metal_0063_data,2,165,247,3706
dataset7_CLINIC_metal_0063_data,2,166,202,3638
dataset7_CLINIC_metal_0063_data,2,167,156,3566
dataset7_CLINIC_metal_0063_data,2,168,119,3461
dataset7_CLINIC_metal_0063_data,2,169,82,3394
dataset7_CLINIC_metal_0063_data,2,170,54,3318
dataset7_CLINIC_metal_0063_data,2,171,27,3230
dataset7_CLINIC_metal_0063_data,2,172,23,3114
dataset7_CLINIC_metal_0063_data,2,173,14,3009
dataset7_CLINIC_metal_0063_data,2,174,0,2858
dataset7_CLINIC_metal_0063_data,2,175,0,2645
dataset7_CLINIC_metal_0063_data,2,176,0,2500
dataset7_CLINIC_metal_0063_data,2,177,0,2330
dataset7_CLINIC_metal_0063_data,2,178,0,2145
dataset7_CLINIC_metal_0063_data,2,179,0,1953
dataset7_CLINIC_metal_0063_data,2,180,0,1766
dataset7_CLINIC_metal_0063_data,2,181,0,1552
dataset7_CLINIC_metal_0063_data,2,182,0,1313
dataset7_CLINIC_metal_0063_data,2,183,0,1026
dataset7_CLINIC_metal_0063_data,2,184,0,680
dataset7_CLINIC_metal_0063_data,2,185,0,470
dataset7_CLINIC_metal_0063_data,2,186,0,274
dataset7_CLINIC_metal_0063_data,2,187,0,164
dataset7_CLINIC_metal_0067_data,0,228,0,127
dataset7_CLINIC_metal_0067_data,0,229,0,235
dataset7_CLINIC_metal_0067_data,0,230,0,353
dataset7_CLINIC_metal_0067_data,0,231,0,462
dataset7_CLINIC_metal_0067_data,0,232,0,593
dataset7_CLINIC_metal_0067_data,0,233,0,873
dataset7_CLINIC_metal_0067_data,0,234,0,1137
dataset7_CLINIC_metal_0067_data,0,235,0,1529
dataset7_CLINIC_metal_0067_data,0,236,0,1786
dataset7_CLINIC_metal_0067_data,0,237,0,2041
dataset7_CLINIC_metal_0067_data,0,238,0,2302
dataset7_CLINIC_metal_0067_data,0,239,0,2526
dataset7_CLINIC_metal_0067_data,0,240,0,2756
dataset7_CLINIC_metal_0067_data,0,241,0,2951
dataset7_CLINIC_metal_0067_data,0,242,6,3116
dataset7_CLINIC_metal_0067_data,0,243,27,3270
dataset7_CLINIC_metal_0067_data,0,244,44,3406
dataset7_CLINIC_metal_0067_data,0,245,57,3534
dataset7_CLINIC_metal_0067_data,0,246,68,3688
dataset7_CLINIC_metal_0067_data,0,247,86,3835
dataset7_CLINIC_metal_0067_data,0,248,115,4051
dataset7_CLINIC_metal_0067_data,0,249,174,4197
dataset7_CLINIC_metal_0067_data,0,250,207,4343
dataset7_CLINIC_metal_0067_data,0,251,212,4563
dataset7_CLINIC_metal_0067_data,0,252,226,4878
dataset7_CLINIC_metal_0067_data,0,253,270,5111
dataset7_CLINIC_metal_0067_data,0,254,276,5309
dataset7_CLINIC_metal_0067_data,0,255,261,5439
dataset7_CLINIC_metal_0067_data,0,256,231,5510
dataset7_CLINIC_metal_0067_data,0,257,201,5582
dataset7_CLINIC_metal_0067_data,0,258,196,5631
dataset7_CLINIC_metal_0067_data,0,259,203,5636
dataset7_CLINIC_metal_0067_data,0,260,299,5635
dataset7_CLINIC_metal_0067_data,0,261,307,5622
dataset7_CLINIC_metal_0067_data,0,262,285,5584
dataset7_CLINIC_metal_0067_data,0,263,304,5540
dataset7_CLINIC_metal_0067_data,0,264,343,5474
dataset7_CLINIC_metal_0067_data,0,265,431,5406
dataset7_CLINIC_metal_0067_data,0,266,446,5333
dataset7_CLINIC_metal_0067_data,0,267,491,5268
dataset7_CLINIC_metal_0067_data,0,268,485,5219
dataset7_CLINIC_metal_0067_data,0,269,445,5173
dataset7_CLINIC_metal_0067_data,0,270,419,5130
dataset7_CLINIC_metal_0067_data,0,271,409,5064
dataset7_CLINIC_metal_0067_data,0,272,394,5030
dataset7_CLINIC_metal_0067_data,0,273,308,4948
dataset7_CLINIC_metal_0067_data,0,274,289,4876
dataset7_CLINIC_metal_0067_data,0,275,302,4802
dataset7_CLINIC_metal_0067_data,0,276,289,4719
dataset7_CLINIC_metal_0067_data,0,277,262,4645
dataset7_CLINIC_metal_0067_data,0,278,272,4564
dataset7_CLINIC_metal_0067_data,0,279,287,4465
dataset7_CLINIC_metal_0067_data,0,280,292,4367
dataset7_CLINIC_metal_0067_data,0,281,268,4250
dataset7_CLINIC_metal_0067_data,0,282,267,4133
dataset7_CLINIC_metal_0067_data,0,283,223,4023
dataset7_CLINIC_metal_0067_data,0,284,153,3887
dataset7_CLINIC_metal_0067_data,0,285,75,3732
dataset7_CLINIC_metal_0067_data,0,286,25,3566
dataset7_CLINIC_metal_0067_data,0,287,16,3375
dataset7_CLINIC_metal_0067_data,0,288,3,3150
dataset7_CLINIC_metal_0067_data,0,289,0,2969
dataset7_CLINIC_metal_0067_data,0,290,0,2802
dataset7_CLINIC_metal_0067_data,0,291,0,2635
dataset7_CLINIC_metal_0067_data,0,292,0,2414
dataset7_CLINIC_metal_0067_data,0,293,0,2185
dataset7_CLINIC_metal_0067_data,0,294,0,1908
dataset7_CLINIC_metal_0067_data,0,295,0,1546
dataset7_CLINIC_metal_0067_data,0,296,0,1195
dataset7_CLINIC_metal_0067_data,0,297,0,902
dataset7_CLINIC_metal_0067_data,0,298,0,660
dataset7_CLINIC_metal_0067_data,0,299,0,456
dataset7_CLINIC_metal_0067_data,0,300,0,291
dataset7_CLINIC_metal_0067_data,0,301,0,187
dataset7_CLINIC_metal_0067_data,0,302,0,108
dataset7_CLINIC_metal_0067_data,1,66,0,125
dataset7_CLINIC_metal_0067_data,1,67,0,210
dataset7_CLINIC_metal_0067_data,1,68,0,298
dataset7_CLINIC_metal_0067_data,1,69,0,355
dataset7_CLINIC_metal_0067_data,1,70,0,427
dataset7_CLINIC_metal_0067_data,1,71,0,496
dataset7_CLINIC_metal_0067_data,1,72,0,566
dataset7_CLINIC_metal_0067_data,1,73,0,718
dataset7_CLINIC_metal_0067_data,1,74,0,846
dataset7_CLINIC_metal_0067_data,1,75,0,967
dataset7_CLINIC_metal_0067_data,1,76,0,1059
dataset7_CLINIC_metal_0067_data,1,77,0,1141
dataset7_CLINIC_metal_0067_data,1,78,0,1223
dataset7_CLINIC_metal_0067_data,1,79,0,1299
dataset7_CLINIC_metal_0067_data,1,80,6,1363
dataset7_CLINIC_metal_0067_data,1,81,11,1426
dataset7_CLINIC_metal_0067_data,1,82,17,1481
dataset7_CLINIC_metal_0067_data,1,83,18,1526
dataset7_CLINIC_metal_0067_data,1,84,18,1569
dataset7_CLINIC_metal_0067_data,1,85,20,1606
dataset7_CLINIC_metal_0067_data,1,86,20,1656
dataset7_CLINIC_metal_0067_data,1,87,24,1710
dataset7_CLINIC_metal_0067_data,1,88,30,1762
dataset7_CLINIC_metal_0067_data,1,89,38,1813
dataset7_CLINIC_metal_0067_data,1,90,43,1866
dataset7_CLINIC_metal_0067_data,1,91,42,1906
dataset7_CLINIC_metal_0067_data,1,92,46,1948
dataset7_CLINIC_metal_0067_data,1,93,45,1980
dataset7_CLINIC_metal_0067_data,1,94,45,2021
dataset7_CLINIC_metal_0067_data,1,95,44,2068
dataset7_CLINIC_metal_0067_data,1,96,45,2094
dataset7_CLINIC_metal_0067_data,1,97,50,2109
dataset7_CLINIC_metal_0067_data,1,98,80,2129
dataset7_CLINIC_metal_0067_data,1,99,113,2146
dataset7_CLINIC_metal_0067_data,1,100,129,2181
dataset7_CLINIC_metal_0067_data,1,101,148,2241
dataset7_CLINIC_metal_0067_data,1,102,170,2314
dataset7_CLINIC_metal_0067_data,1,103,203,2372
dataset7_CLINIC_metal_0067_data,1,104,232,2430
dataset7_CLINIC_metal_0067_data,1,105,202,2475
dataset7_CLINIC_metal_0067_data,1,106,167,2511
dataset7_CLINIC_metal_0067_data,1,107,148,2530
dataset7_CLINIC_metal_0067_data,1,108,134,2544
dataset7_CLINIC_metal_0067_data,1,109,122,2563
dataset7_CLINIC_metal_0067_data,1,110,105,2570
dataset7_CLINIC_metal_0067_data,1,111,91,2582
dataset7_CLINIC_metal_0067_data,1,112,92,2585
dataset7_CLINIC_metal_0067_data,1,113,92,2570
dataset7_CLINIC_metal_0067_data,1,114,98,2548
dataset7_CLINIC_metal_0067_data,1,115,96,2526
dataset7_CLINIC_metal_0067_data,1,116,90,2489
dataset7_CLINIC_metal_0067_data,1,117,84,2438
dataset7_CLINIC_metal_0067_data,1,118,81,2370
dataset7_CLINIC_metal_0067_data,1,119,79,2275
dataset7_CLINIC_metal_0067_data,1,120,75,2185
dataset7_CLINIC_metal_0067_data,1,121,67,2099
dataset7_CLINIC_metal_0067_data,1,122,62,2054
dataset7_CLINIC_metal_0067_data,1,123,64,2010
dataset7_CLINIC_metal_0067_data,1,124,74,1964
dataset7_CLINIC_metal_0067_data,1,125,83,1930
dataset7_CLINIC_metal_0067_data,1,126,84,1887
dataset7_CLINIC_metal_0067_data,1,127,79,1849
dataset7_CLINIC_metal_0067_data,1,128,61,1826
dataset7_CLINIC_metal_0067_data,1,129,63,1811
dataset7_CLINIC_metal_0067_data,1,130,70,1793
dataset7_CLINIC_metal_0067_data,1,131,70,1781
dataset7_CLINIC_metal_0067_data,1,132,68,1772
dataset7_CLINIC_metal_0067_data,1,133,61,1752
dataset7_CLINIC_metal_0067_data,1,134,55,1720
dataset7_CLINIC_metal_0067_data,1,135,50,1694
dataset7_CLINIC_metal_0067_data,1,136,55,1667
dataset7_CLINIC_metal_0067_data,1,137,62,1640
dataset7_CLINIC_metal_0067_data,1,138,69,1611
dataset7_CLINIC_metal_0067_data,1,139,73,1590
dataset7_CLINIC_metal_0067_data,1,140,71,1554
dataset7_CLINIC_metal_0067_data,1,141,58,1535
dataset7_CLINIC_metal_0067_data,1,142,49,1516
dataset7_CLINIC_metal_0067_data,1,143,50,1568
dataset7_CLINIC_metal_0067_data,1,144,56,1796
dataset7_CLINIC_metal_0067_data,1,145,62,1986
dataset7_CLINIC_metal_0067_data,1,146,66,2112
dataset7_CLINIC_metal_0067_data,1,147,62,2213
dataset7_CLINIC_metal_0067_data,1,148,49,2280
dataset7_CLINIC_metal_0067_data,1,149,45,2350
dataset7_CLINIC_metal_0067_data,1,150,41,2412
dataset7_CLINIC_metal_0067_data,1,151,45,2475
dataset7_CLINIC_metal_0067_data,1,152,48,2511
dataset7_CLINIC_metal_0067_data,1,153,60,2532
dataset7_CLINIC_metal_0067_data,1,154,66,2561
dataset7_CLINIC_metal_0067_data,1,155,69,2579
dataset7_CLINIC_metal_0067_data,1,156,70,2576
dataset7_CLINIC_metal_0067_data,1,157,76,2634
dataset7_CLINIC_metal_0067_data,1,158,189,2672
dataset7_CLINIC_metal_0067_data,1,159,348,2811
dataset7_CLINIC_metal_0067_data,1,160,385,2886
dataset7_CLINIC_metal_0067_data,1,161,311,2973
dataset7_CLINIC_metal_0067_data,1,162,134,3038
dataset7_CLINIC_metal_0067_data,1,163,64,3106
dataset7_CLINIC_metal_0067_data,1,164,58,3183
dataset7_CLINIC_metal_0067_data,1,165,49,3253
dataset7_CLINIC_metal_0067_data,1,166,39,3299
dataset7_CLINIC_metal_0067_data,1,167,36,3335
dataset7_CLINIC_metal_0067_data,1,168,35,3360
dataset7_CLINIC_metal_0067_data,1,169,40,3388
dataset7_CLINIC_metal_0067_data,1,170,46,3398
dataset7_CLINIC_metal_0067_data,1,171,70,3389
dataset7_CLINIC_metal_0067_data,1,172,108,3388
dataset7_CLINIC_metal_0067_data,1,173,152,3390
dataset7_CLINIC_metal_0067_data,1,174,151,3375
dataset7_CLINIC_metal_0067_data,1,175,167,3401
dataset7_CLINIC_metal_0067_data,1,176,201,3414
dataset7_CLINIC_metal_0067_data,1,177,234,3416
dataset7_CLINIC_metal_0067_data,1,178,302,3536
dataset7_CLINIC_metal_0067_data,1,179,391,3591
dataset7_CLINIC_metal_0067_data,1,180,411,3644
dataset7_CLINIC_metal_0067_data,1,181,328,3677
dataset7_CLINIC_metal_0067_data,1,182,264,3700
dataset7_CLINIC_metal_0067_data,1,183,216,3740
dataset7_CLINIC_metal_0067_data,1,184,167,3771
dataset7_CLINIC_metal_0067_data,1,185,159,3895
dataset7_CLINIC_metal_0067_data,1,186,162,3964
dataset7_CLINIC_metal_0067_data,1,187,186,4021
dataset7_CLINIC_metal_0067_data,1,188,191,4061
dataset7_CLINIC_metal_0067_data,1,189,190,4090
dataset7_CLINIC_metal_0067_data,1,190,188,4107
dataset7_CLINIC_metal_0067_data,1,191,189,4120
dataset7_CLINIC_metal_0067_data,1,192,191,4117
dataset7_CLINIC_metal_0067_data,1,193,185,4112
dataset7_CLINIC_metal_0067_data,1,194,192,4099
dataset7_CLINIC_metal_0067_data,1,195,200,4092
dataset7_CLINIC_metal_0067_data,1,196,193,4085
dataset7_CLINIC_metal_0067_data,1,197,179,4059
dataset7_CLINIC_metal_0067_data,1,198,163,4041
dataset7_CLINIC_metal_0067_data,1,199,172,4051
dataset7_CLINIC_metal_0067_data,1,200,183,4049
dataset7_CLINIC_metal_0067_data,1,201,202,4039
dataset7_CLINIC_metal_0067_data,1,202,212,4018
dataset7_CLINIC_metal_0067_data,1,203,210,3997
dataset7_CLINIC_metal_0067_data,1,204,217,3983
dataset7_CLINIC_metal_0067_data,1,205,231,3956
dataset7_CLINIC_metal_0067_data,1,206,220,3913
dataset7_CLINIC_metal_0067_data,1,207,207,3874
dataset7_CLINIC_metal_0067_data,1,208,187,3823
dataset7_CLINIC_metal_0067_data,1,209,170,3796
dataset7_CLINIC_metal_0067_data,1,210,153,3748
dataset7_CLINIC_metal_0067_data,1,211,155,3708
dataset7_CLINIC_metal_0067_data,1,212,148,3653
dataset7_CLINIC_metal_0067_data,1,213,139,3611
dataset7_CLINIC_metal_0067_data,1,214,133,3570
dataset7_CLINIC_metal_0067_data,1,215,118,3537
dataset7_CLINIC_metal_0067_data,1,216,118,3501
dataset7_CLINIC_metal_0067_data,1,217,135,3452
dataset7_CLINIC_metal_0067_data,1,218,164,3423
dataset7_CLINIC_metal_0067_data,1,219,185,3388
dataset7_CLINIC_metal_0067_data,1,220,191,3343
dataset7_CLINIC_metal_0067_data,1,221,184,3296
dataset7_CLINIC_metal_0067_data,1,222,180,3254
dataset7_CLINIC_metal_0067_data,1,223,172,3208
dataset7_CLINIC_metal_0067_data,1,224,159,3151
dataset7_CLINIC_metal_0067_data,1,225,152,3088
dataset7_CLINIC_metal_0067_data,1,226,157,3023
dataset7_CLINIC_metal_0067_data,1,227,158,2968
dataset7_CLINIC_metal_0067_data,1,228,152,2922
dataset7_CLINIC_metal_0067_data,1,229,151,2866
dataset7_CLINIC_metal_0067_data,1,230,147,2801
dataset7_CLINIC_metal_0067_data,1,231,160,2734
dataset7_CLINIC_metal_0067_data,1,232,165,2663
dataset7_CLINIC_metal_0067_data,1,233,160,2594
dataset7_CLINIC_metal_0067_data,1,234,163,2508
dataset7_CLINIC_metal_0067_data,1,235,158,2423
dataset7_CLINIC_metal_0067_data,1,236,161,2336
dataset7_CLINIC_metal_0067_data,1,237,168,2233
dataset7_CLINIC_metal_0067_data,1,238,156,2123
dataset7_CLINIC_metal_0067_data,1,239,130,2012
dataset7_CLINIC_metal_0067_data,1,240,119,1900
dataset7_CLINIC_metal_0067_data,1,241,110,1786
dataset7_CLINIC_metal_0067_data,1,242,104,1674
dataset7_CLINIC_metal_0067_data,1,243,82,1574
dataset7_CLINIC_metal_0067_data,1,244,56,1469
dataset7_CLINIC_metal_0067_data,1,245,14,1395
dataset7_CLINIC_metal_0067_data,1,246,0,1307
dataset7_CLINIC_metal_0067_data,1,247,0,1221
dataset7_CLINIC_metal_0067_data,1,248,0,1150
dataset7_CLINIC_metal_0067_data,1,249,0,1069
dataset7_CLINIC_metal_0067_data,1,250,0,1016
dataset7_CLINIC_metal_0067_data,1,251,0,942
dataset7_CLINIC_metal_0067_data,1,252,0,861
dataset7_CLINIC_metal_0067_data,1,253,0,771
dataset7_CLINIC_metal_0067_data,1,254,0,682
dataset7_CLINIC_metal_0067_data,1,255,0,592
dataset7_CLINIC_metal_0067_data,1,256,0,511
dataset7_CLINIC_metal_0067_data,1,257,0,402
dataset7_CLINIC_metal_0067_data,1,258,0,288
dataset7_CLINIC_metal_0067_data,1,259,0,182
dataset7_CLINIC_metal_0067_data,2,66,0,172
dataset7_CLINIC_metal_0067_data,2,67,0,271
dataset7_CLINIC_metal_0067_data,2,68,0,368
dataset7_CLINIC_metal_0067_data,2,69,0,436
dataset7_CLINIC_metal_0067_data,2,70,0,513
dataset7_CLINIC_metal_0067_data,2,71,0,591
dataset7_CLINIC_metal_0067_data,2,72,0,669
dataset7_CLINIC_metal_0067_data,2,73,0,742
dataset7_CLINIC_metal_0067_data,2,74,0,802
dataset7_CLINIC_metal_0067_data,2,75,0,880
dataset7_CLINIC_metal_0067_data,2,76,0,941
dataset7_CLINIC_metal_0067_data,2,77,0,1007
dataset7_CLINIC_metal_0067_data,2,78,0,1077
dataset7_CLINIC_metal_0067_data,2,79,0,1130
dataset7_CLINIC_metal_0067_data,2,80,17,1200
dataset7_CLINIC_metal_0067_data,2,81,28,1259
dataset7_CLINIC_metal_0067_data,2,82,32,1307
dataset7_CLINIC_metal_0067_data,2,83,38,1366
dataset7_CLINIC_metal_0067_data,2,84,46,1412
dataset7_CLINIC_metal_0067_data,2,85,53,1469
dataset7_CLINIC_metal_0067_data,2,86,68,1506
dataset7_CLINIC_metal_0067_data,2,87,79,1543
dataset7_CLINIC_metal_0067_data,2,88,74,1580
dataset7_CLINIC_metal_0067_data,2,89,66,1614
dataset7_CLINIC_metal_0067_data,2,90,53,1647
dataset7_CLINIC_metal_0067_data,2,91,54,1676
dataset7_CLINIC_metal_0067_data,2,92,54,1696
dataset7_CLINIC_metal_0067_data,2,93,56,1717
dataset7_CLINIC_metal_0067_data,2,94,48,1735
dataset7_CLINIC_metal_0067_data,2,95,53,1749
dataset7_CLINIC_metal_0067_data,2,96,51,1753
dataset7_CLINIC_metal_0067_data,2,97,55,1749
dataset7_CLINIC_metal_0067_data,2,98,50,1750
dataset7_CLINIC_metal_0067_data,2,99,53,1740
dataset7_CLINIC_metal_0067_data,2,100,52,1752
dataset7_CLINIC_metal_0067_data,2,101,52,1732
dataset7_CLINIC_metal_0067_data,2,102,51,1716
dataset7_CLINIC_metal_0067_data,2,103,54,1709
dataset7_CLINIC_metal_0067_data,2,104,56,1690
dataset7_CLINIC_metal_0067_data,2,105,53,1689
dataset7_CLINIC_metal_0067_data,2,106,52,1685
dataset7_CLINIC_metal_0067_data,2,107,55,1690
dataset7_CLINIC_metal_0067_data,2,108,60,1695
dataset7_CLINIC_metal_0067_data,2,109,57,1691
dataset7_CLINIC_metal_0067_data,2,110,55,1680
dataset7_CLINIC_metal_0067_data,2,111,55,1691
dataset7_CLINIC_metal_0067_data,2,112,60,1689
dataset7_CLINIC_metal_0067_data,2,113,58,1689
dataset7_CLINIC_metal_0067_data,2,114,55,1682
dataset7_CLINIC_metal_0067_data,2,115,57,1688
dataset7_CLINIC_metal_0067_data,2,116,58,1688
dataset7_CLINIC_metal_0067_data,2,117,57,1688
dataset7_CLINIC_metal_0067_data,2,118,53,1683
dataset7_CLINIC_metal_0067_data,2,119,55,1684
dataset7_CLINIC_metal_0067_data,2,120,55,1687
dataset7_CLINIC_metal_0067_data,2,121,56,1683
dataset7_CLINIC_metal_0067_data,2,122,53,1681
dataset7_CLINIC_metal_0067_data,2,123,54,1685
dataset7_CLINIC_metal_0067_data,2,124,56,1692
dataset7_CLINIC_metal_0067_data,2,125,58,1689
dataset7_CLINIC_metal_0067_data,2,126,52,1684
dataset7_CLINIC_metal_0067_data,2,127,54,1687
dataset7_CLINIC_metal_0067_data,2,128,56,1689
dataset7_CLINIC_metal_0067_data,2,129,59,1687
dataset7_CLINIC_metal_0067_data,2,130,53,1686
dataset7_CLINIC_metal_0067_data,2,131,54,1682
dataset7_CLINIC_metal_0067_data,2,132,54,1691
dataset7_CLINIC_metal_0067_data,2,133,55,1678
dataset7_CLINIC_metal_0067_data,2,134,53,1691
dataset7_CLINIC_metal_0067_data,2,135,50,1684
dataset7_CLINIC_metal_0067_data,2,136,55,1691
dataset7_CLINIC_metal_0067_data,2,137,54,1683
dataset7_CLINIC_metal_0067_data,2,138,54,1688
dataset7_CLINIC_metal_0067_data,2,139,48,1687
dataset7_CLINIC_metal_0067_data,2,140,56,1693
dataset7_CLINIC_metal_0067_data,2,141,50,1685
dataset7_CLINIC_metal_0067_data,2,142,54,1689
dataset7_CLINIC_metal_0067_data,2,143,54,1694
dataset7_CLINIC_metal_0067_data,2,144,58,1693
dataset7_CLINIC_metal_0067_data,2,145,52,1690
dataset7_CLINIC_metal_0067_data,2,146,55,1687
dataset7_CLINIC_metal_0067_data,2,147,57,1684
dataset7_CLINIC_metal_0067_data,2,148,58,1685
dataset7_CLINIC_metal_0067_data,2,149,58,1677
dataset7_CLINIC_metal_0067_data,2,150,56,1674
dataset7_CLINIC_metal_0067_data,2,151,59,1666
dataset7_CLINIC_metal_0067_data,2,152,63,1643
dataset7_CLINIC_metal_0067_data,2,153,62,1629
dataset7_CLINIC_metal_0067_data,2,154,58,1594
dataset7_CLINIC_metal_0067_data,2,155,62,1577
dataset7_CLINIC_metal_0067_data,2,156,59,1547
dataset7_CLINIC_metal_0067_data,2,157,60,1506
dataset7_CLINIC_metal_0067_data,2,158,55,1473
dataset7_CLINIC_metal_0067_data,2,159,56,1428
dataset7_CLINIC_metal_0067_data,2,160,53,1392
dataset7_CLINIC_metal_0067_data,2,161,41,1346
dataset7_CLINIC_metal_0067_data,2,162,27,1297
dataset7_CLINIC_metal_0067_data,2,163,22,1242
dataset7_CLINIC_metal_0067_data,2,164,10,1190
dataset7_CLINIC_metal_0067_data,2,165,0,1132
dataset7_CLINIC_metal_0067_data,2,166,0,1069
dataset7_CLINIC_metal_0067_data,2,167,0,1007
dataset7_CLINIC_metal_0067_data,2,168,0,941
dataset7_CLINIC_metal_0067_data,2,169,0,872
dataset7_CLINIC_metal_0067_data,2,170,0,807
dataset7_CLINIC_metal_0067_data,2,171,0,733
dataset7_CLINIC_metal_0067_data,2,172,0,670
dataset7_CLINIC_metal_0067_data,2,173,0,588
dataset7_CLINIC_metal_0067_data,2,174,0,504
dataset7_CLINIC_metal_0067_data,2,175,0,425
dataset7_CLINIC_metal_0067_data,2,176,0,353
dataset7_CLINIC_metal_0067_data,2,177,0,253
dataset7_CLINIC_metal_0067_data,2,178,0,158
dataset7_CLINIC_metal_0067_data,3,205,0,108
dataset7_CLINIC_metal_0067_data,3,206,0,187
dataset7_CLINIC_metal_0067_data,3,207,0,271
dataset7_CLINIC_metal_0067_data,3,208,0,326
dataset7_CLINIC_metal_0067_data,3,209,0,394
dataset7_CLINIC_metal_0067_data,3,210,0,461
dataset7_CLINIC_metal_0067_data,3,211,0,525
dataset7_CLINIC_metal_0067_data,3,212,0,564
dataset7_CLINIC_metal_0067_data,3,213,0,605
dataset7_CLINIC_metal_0067_data,3,214,0,647
dataset7_CLINIC_metal_0067_data,3,215,0,671
dataset7_CLINIC_metal_0067_data,3,216,0,701
dataset7_CLINIC_metal_0067_data,3,217,0,723
dataset7_CLINIC_metal_0067_data,3,218,0,736
dataset7_CLINIC_metal_0067_data,3,219,3,753
dataset7_CLINIC_metal_0067_data,3,220,5,760
dataset7_CLINIC_metal_0067_data,3,221,5,763
dataset7_CLINIC_metal_0067_data,3,222,4,758
dataset7_CLINIC_metal_0067_data,3,223,4,755
dataset7_CLINIC_metal_0067_data,3,224,1,745
dataset7_CLINIC_metal_0067_data,3,225,0,730
dataset7_CLINIC_metal_0067_data,3,226,0,713
dataset7_CLINIC_metal_0067_data,3,227,0,685
dataset7_CLINIC_metal_0067_data,3,228,0,670
dataset7_CLINIC_metal_0067_data,3,229,0,626
dataset7_CLINIC_metal_0067_data,3,230,0,581
dataset7_CLINIC_metal_0067_data,3,231,0,549
dataset7_CLINIC_metal_0067_data,3,232,0,493
dataset7_CLINIC_metal_0067_data,3,233,0,427
dataset7_CLINIC_metal_0067_data,3,234,0,361
dataset7_CLINIC_metal_0067_data,3,235,0,298
dataset7_CLINIC_metal_0067_data,3,236,0,241
dataset7_CLINIC_metal_0067_data,3,237,0,161
dataset7_CLINIC_metal_0067_data,3,238,0,89
dataset7_CLINIC_metal_0067_data,4,215,0,128
dataset7_CLINIC_metal_0067_data,4,216,0,214
dataset7_CLINIC_metal_0067_data,4,217,0,302
dataset7_CLINIC_metal_0067_data,4,218,0,360
dataset7_CLINIC_metal_0067_data,4,219,0,432
dataset7_CLINIC_metal_0067_data,4,220,0,502
dataset7_CLINIC_metal_0067_data,4,221,0,568
dataset7_CLINIC_metal_0067_data,4,222,0,600
dataset7_CLINIC_metal_0067_data,4,223,0,647
dataset7_CLINIC_metal_0067_data,4,224,0,688
dataset7_CLINIC_metal_0067_data,4,225,0,702
dataset7_CLINIC_metal_0067_data,4,226,0,738
dataset7_CLINIC_metal_0067_data,4,227,0,749
dataset7_CLINIC_metal_0067_data,4,228,0,763
dataset7_CLINIC_metal_0067_data,4,229,6,773
dataset7_CLINIC_metal_0067_data,4,230,6,773
dataset7_CLINIC_metal_0067_data,4,231,4,781
dataset7_CLINIC_metal_0067_data,4,232,4,798
dataset7_CLINIC_metal_0067_data,4,233,1,807
dataset7_CLINIC_metal_0067_data,4,234,1,825
dataset7_CLINIC_metal_0067_data,4,235,1,837
dataset7_CLINIC_metal_0067_data,4,236,3,850
dataset7_CLINIC_metal_0067_data,4,237,12,857
dataset7_CLINIC_metal_0067_data,4,238,9,852
dataset7_CLINIC_metal_0067_data,4,239,6,841
dataset7_CLINIC_metal_0067_data,4,240,4,833
dataset7_CLINIC_metal_0067_data,4,241,7,817
dataset7_CLINIC_metal_0067_data,4,242,7,818
dataset7_CLINIC_metal_0067_data,4,243,3,807
dataset7_CLINIC_metal_0067_data,4,244,0,781
dataset7_CLINIC_metal_0067_data,4,245,0,767
dataset7_CLINIC_metal_0067_data,4,246,0,731
dataset7_CLINIC_metal_0067_data,4,247,0,716
dataset7_CLINIC_metal_0067_data,4,248,0,688
dataset7_CLINIC_metal_0067_data,4,249,0,637
dataset7_CLINIC_metal_0067_data,4,250,0,602
dataset7_CLINIC_metal_0067_data,4,251,0,549
dataset7_CLINIC_metal_0067_data,4,252,0,479
dataset7_CLINIC_metal_0067_data,4,253,0,407
dataset7_CLINIC_metal_0067_data,4,254,0,341
dataset7_CLINIC_metal_0067_data,4,255,0,275
dataset7_CLINIC_metal_0067_data,4,256,0,191
dataset7_CLINIC_metal_0067_data,4,257,0,111
dataset7_CLINIC_metal_0069_data,0,66,0,114
dataset7_CLINIC_metal_0069_data,0,67,0,323
dataset7_CLINIC_metal_0069_data,0,68,0,493
dataset7_CLINIC_metal_0069_data,0,69,0,645
dataset7_CLINIC_metal_0069_data,0,70,0,781
dataset7_CLINIC_metal_0069_data,0,71,0,927
dataset7_CLINIC_metal_0069_data,0,72,0,1151
dataset7_CLINIC_metal_0069_data,0,73,0,1344
dataset7_CLINIC_metal_0069_data,0,74,0,1512
dataset7_CLINIC_metal_0069_data,0,75,0,1651
dataset7_CLINIC_metal_0069_data,0,76,0,1788
dataset7_CLINIC_metal_0069_data,0,77,0,1924
dataset7_CLINIC_metal_0069_data,0,78,0,2117
dataset7_CLINIC_metal_0069_data,0,79,0,2284
dataset7_CLINIC_metal_0069_data,0,80,3,2409
dataset7_CLINIC_metal_0069_data,0,81,18,2538
dataset7_CLINIC_metal_0069_data,0,82,27,2672
dataset7_CLINIC_metal_0069_data,0,83,34,2797
dataset7_CLINIC_metal_0069_data,0,84,40,2932
dataset7_CLINIC_metal_0069_data,0,85,41,3041
dataset7_CLINIC_metal_0069_data,0,86,47,3138
dataset7_CLINIC_metal_0069_data,0,87,59,3225
dataset7_CLINIC_metal_0069_data,0,88,60,3321
dataset7_CLINIC_metal_0069_data,0,89,67,3383
dataset7_CLINIC_metal_0069_data,0,90,68,3449
dataset7_CLINIC_metal_0069_data,0,91,70,3502
dataset7_CLINIC_metal_0069_data,0,92,78,3545
dataset7_CLINIC_metal_0069_data,0,93,86,3583
dataset7_CLINIC_metal_0069_data,0,94,89,3631
dataset7_CLINIC_metal_0069_data,0,95,97,3654
dataset7_CLINIC_metal_0069_data,0,96,105,3673
dataset7_CLINIC_metal_0069_data,0,97,113,3707
dataset7_CLINIC_metal_0069_data,0,98,117,3779
dataset7_CLINIC_metal_0069_data,0,99,117,3835
dataset7_CLINIC_metal_0069_data,0,100,122,3876
dataset7_CLINIC_metal_0069_data,0,101,116,3914
dataset7_CLINIC_metal_0069_data,0,102,124,3948
dataset7_CLINIC_metal_0069_data,0,103,114,3973
dataset7_CLINIC_metal_0069_data,0,104,119,4010
dataset7_CLINIC_metal_0069_data,0,105,119,4049
dataset7_CLINIC_metal_0069_data,0,106,119,4093
dataset7_CLINIC_metal_0069_data,0,107,117,4171
dataset7_CLINIC_metal_0069_data,0,108,120,4263
dataset7_CLINIC_metal_0069_data,0,109,123,4345
dataset7_CLINIC_metal_0069_data,0,110,170,4451
dataset7_CLINIC_metal_0069_data,0,111,290,4520
dataset7_CLINIC_metal_0069_data,0,112,588,4600
dataset7_CLINIC_metal_0069_data,0,113,629,4660
dataset7_CLINIC_metal_0069_data,0,114,576,4742
dataset7_CLINIC_metal_0069_data,0,115,506,4811
dataset7_CLINIC_metal_0069_data,0,116,468,4857
dataset7_CLINIC_metal_0069_data,0,117,430,4875
dataset7_CLINIC_metal_0069_data,0,118,357,4911
dataset7_CLINIC_metal_0069_data,0,119,320,4934
dataset7_CLINIC_metal_0069_data,0,120,239,4926
dataset7_CLINIC_metal_0069_data,0,121,200,4916
dataset7_CLINIC_metal_0069_data,0,122,140,4873
dataset7_CLINIC_metal_0069_data,0,123,88,4807
dataset7_CLINIC_metal_0069_data,0,124,79,4711
dataset7_CLINIC_metal_0069_data,0,125,77,4605
dataset7_CLINIC_metal_0069_data,0,126,78,4484
dataset7_CLINIC_metal_0069_data,0,127,94,4318
dataset7_CLINIC_metal_0069_data,0,128,106,4109
dataset7_CLINIC_metal_0069_data,0,129,103,3853
dataset7_CLINIC_metal_0069_data,0,130,87,3446
dataset7_CLINIC_metal_0069_data,0,131,64,3087
dataset7_CLINIC_metal_0069_data,0,132,67,2828
dataset7_CLINIC_metal_0069_data,0,133,66,2592
dataset7_CLINIC_metal_0069_data,0,134,61,2374
dataset7_CLINIC_metal_0069_data,0,135,58,2157
dataset7_CLINIC_metal_0069_data,0,136,58,2085
dataset7_CLINIC_metal_0069_data,0,137,63,1985
dataset7_CLINIC_metal_0069_data,0,138,75,2039
dataset7_CLINIC_metal_0069_data,0,139,86,2087
dataset7_CLINIC_metal_0069_data,0,140,89,2110
dataset7_CLINIC_metal_0069_data,0,141,64,2124
dataset7_CLINIC_metal_0069_data,0,142,64,2141
dataset7_CLINIC_metal_0069_data,0,143,70,2151
dataset7_CLINIC_metal_0069_data,0,144,68,2151
dataset7_CLINIC_metal_0069_data,0,145,61,2157
dataset7_CLINIC_metal_0069_data,0,146,56,2159
dataset7_CLINIC_metal_0069_data,0,147,52,2152
dataset7_CLINIC_metal_0069_data,0,148,55,2148
dataset7_CLINIC_metal_0069_data,0,149,60,2127
dataset7_CLINIC_metal_0069_data,0,150,75,2105
dataset7_CLINIC_metal_0069_data,0,151,123,2063
dataset7_CLINIC_metal_0069_data,0,152,176,2099
dataset7_CLINIC_metal_0069_data,0,153,199,2283
dataset7_CLINIC_metal_0069_data,0,154,161,2356
dataset7_CLINIC_metal_0069_data,0,155,114,2420
dataset7_CLINIC_metal_0069_data,0,156,87,2465
dataset7_CLINIC_metal_0069_data,0,157,73,2515
dataset7_CLINIC_metal_0069_data,0,158,62,2565
dataset7_CLINIC_metal_0069_data,0,159,56,2622
dataset7_CLINIC_metal_0069_data,0,160,48,2674
dataset7_CLINIC_metal_0069_data,0,161,51,2716
dataset7_CLINIC_metal_0069_data,0,162,55,2725
dataset7_CLINIC_metal_0069_data,0,163,67,2768
dataset7_CLINIC_metal_0069_data,0,164,75,2774
dataset7_CLINIC_metal_0069_data,0,165,82,2801
dataset7_CLINIC_metal_0069_data,0,166,103,2790
dataset7_CLINIC_metal_0069_data,0,167,310,2778
dataset7_CLINIC_metal_0069_data,0,168,386,2755
dataset7_CLINIC_metal_0069_data,0,169,265,2728
dataset7_CLINIC_metal_0069_data,0,170,92,2701
dataset7_CLINIC_metal_0069_data,0,171,64,2674
dataset7_CLINIC_metal_0069_data,0,172,56,2615
dataset7_CLINIC_metal_0069_data,0,173,49,2563
dataset7_CLINIC_metal_0069_data,0,174,44,2505
dataset7_CLINIC_metal_0069_data,0,175,45,2452
dataset7_CLINIC_metal_0069_data,0,176,50,2425
dataset7_CLINIC_metal_0069_data,0,177,58,2387
dataset7_CLINIC_metal_0069_data,0,178,71,2355
dataset7_CLINIC_metal_0069_data,0,179,82,2326
dataset7_CLINIC_metal_0069_data,0,180,94,2284
dataset7_CLINIC_metal_0069_data,0,181,128,2270
dataset7_CLINIC_metal_0069_data,0,182,160,2258
dataset7_CLINIC_metal_0069_data,0,183,201,2263
dataset7_CLINIC_metal_0069_data,0,184,213,2272
dataset7_CLINIC_metal_0069_data,0,185,183,2283
dataset7_CLINIC_metal_0069_data,0,186,154,2275
dataset7_CLINIC_metal_0069_data,0,187,136,2259
dataset7_CLINIC_metal_0069_data,0,188,108,2224
dataset7_CLINIC_metal_0069_data,0,189,54,2190
dataset7_CLINIC_metal_0069_data,0,190,12,2152
dataset7_CLINIC_metal_0069_data,0,191,0,2088
dataset7_CLINIC_metal_0069_data,0,192,0,2032
dataset7_CLINIC_metal_0069_data,0,193,0,1955
dataset7_CLINIC_metal_0069_data,0,194,0,1856
dataset7_CLINIC_metal_0069_data,0,195,0,1765
dataset7_CLINIC_metal_0069_data,0,196,0,1651
dataset7_CLINIC_metal_0069_data,0,197,0,1523
dataset7_CLINIC_metal_0069_data,0,198,0,1385
dataset7_CLINIC_metal_0069_data,0,199,0,1220
dataset7_CLINIC_metal_0069_data,0,200,0,1066
dataset7_CLINIC_metal_0069_data,0,201,0,892
dataset7_CLINIC_metal_0069_data,0,202,0,683
dataset7_CLINIC_metal_0069_data,0,203,0,448
dataset7_CLINIC_metal_0069_data,0,204,0,172
dataset7_CLINIC_metal_0069_data,1,193,0,151
dataset7_CLINIC_metal_0069_data,1,194,0,253
dataset7_CLINIC_metal_0069_data,1,195,0,353
dataset7_CLINIC_metal_0069_data,1,196,0,446
dataset7_CLINIC_metal_0069_data,1,197,0,545
dataset7_CLINIC_metal_0069_data,1,198,0,638
dataset7_CLINIC_metal_0069_data,1,199,0,758
dataset7_CLINIC_metal_0069_data,1,200,0,1012
dataset7_CLINIC_metal_0069_data,1,201,0,1363
dataset7_CLINIC_metal_0069_data,1,202,0,1616
dataset7_CLINIC_metal_0069_data,1,203,0,1866
dataset7_CLINIC_metal_0069_data,1,204,0,2119
dataset7_CLINIC_metal_0069_data,1,205,0,2375
dataset7_CLINIC_metal_0069_data,1,206,0,2551
dataset7_CLINIC_metal_0069_data,1,207,12,2689
dataset7_CLINIC_metal_0069_data,1,208,26,2816
dataset7_CLINIC_metal_0069_data,1,209,42,2921
dataset7_CLINIC_metal_0069_data,1,210,49,3026
dataset7_CLINIC_metal_0069_data,1,211,48,3093
dataset7_CLINIC_metal_0069_data,1,212,54,3176
dataset7_CLINIC_metal_0069_data,1,213,53,3251
dataset7_CLINIC_metal_0069_data,1,214,66,3308
dataset7_CLINIC_metal_0069_data,1,215,90,3350
dataset7_CLINIC_metal_0069_data,1,216,129,3402
dataset7_CLINIC_metal_0069_data,1,217,189,3585
dataset7_CLINIC_metal_0069_data,1,218,208,3733
dataset7_CLINIC_metal_0069_data,1,219,221,3876
dataset7_CLINIC_metal_0069_data,1,220,251,4036
dataset7_CLINIC_metal_0069_data,1,221,292,4216
dataset7_CLINIC_metal_0069_data,1,222,303,4412
dataset7_CLINIC_metal_0069_data,1,223,297,4557
dataset7_CLINIC_metal_0069_data,1,224,275,4621
dataset7_CLINIC_metal_0069_data,1,225,218,4663
dataset7_CLINIC_metal_0069_data,1,226,157,4662
dataset7_CLINIC_metal_0069_data,1,227,193,4643
dataset7_CLINIC_metal_0069_data,1,228,227,4612
dataset7_CLINIC_metal_0069_data,1,229,190,4562
dataset7_CLINIC_metal_0069_data,1,230,138,4508
dataset7_CLINIC_metal_0069_data,1,231,89,4445
dataset7_CLINIC_metal_0069_data,1,232,100,4359
dataset7_CLINIC_metal_0069_data,1,233,130,4284
dataset7_CLINIC_metal_0069_data,1,234,155,4203
dataset7_CLINIC_metal_0069_data,1,235,187,4112
dataset7_CLINIC_metal_0069_data,1,236,258,4020
dataset7_CLINIC_metal_0069_data,1,237,284,3918
dataset7_CLINIC_metal_0069_data,1,238,278,3807
dataset7_CLINIC_metal_0069_data,1,239,208,3665
dataset7_CLINIC_metal_0069_data,1,240,163,3511
dataset7_CLINIC_metal_0069_data,1,241,134,3331
dataset7_CLINIC_metal_0069_data,1,242,111,3123
dataset7_CLINIC_metal_0069_data,1,243,109,2976
dataset7_CLINIC_metal_0069_data,1,244,105,2825
dataset7_CLINIC_metal_0069_data,1,245,85,2659
dataset7_CLINIC_metal_0069_data,1,246,60,2480
dataset7_CLINIC_metal_0069_data,1,247,28,2306
dataset7_CLINIC_metal_0069_data,1,248,0,2110
dataset7_CLINIC_metal_0069_data,1,249,0,1891
dataset7_CLINIC_metal_0069_data,1,250,0,1657
dataset7_CLINIC_metal_0069_data,1,251,0,1433
dataset7_CLINIC_metal_0069_data,1,252,0,1230
dataset7_CLINIC_metal_0069_data,1,253,0,1039
dataset7_CLINIC_metal_0069_data,1,254,0,888
dataset7_CLINIC_metal_0069_data,1,255,0,796
dataset7_CLINIC_metal_0069_data,1,256,0,713
dataset7_CLINIC_metal_0069_data,1,257,0,622
dataset7_CLINIC_metal_0069_data,1,258,0,529
dataset7_CLINIC_metal_0069_data,1,259,0,423
dataset7_CLINIC_metal_0069_data,1,260,0,315
dataset7_CLINIC_metal_0069_data,1,261,0,200
dataset7_CLINIC_metal_0069_data,2,240,0,150
dataset7_CLINIC_metal_0069_data,2,241,0,273
dataset7_CLINIC_metal_0069_data,2,242,0,423
dataset7_CLINIC_metal_0069_data,2,243,0,717
dataset7_CLINIC_metal_0069_data,2,244,0,986
dataset7_CLINIC_metal_0069_data,2,245,0,1252
dataset7_CLINIC_metal_0069_data,2,246,0,1458
dataset7_CLINIC_metal_0069_data,2,247,0,1629
dataset7_CLINIC_metal_0069_data,2,248,0,1768
dataset7_CLINIC_metal_0069_data,2,249,0,1896
dataset7_CLINIC_metal_0069_data,2,250,0,2012
dataset7_CLINIC_metal_0069_data,2,251,0,2105
dataset7_CLINIC_metal_0069_data,2,252,0,2202
dataset7_CLINIC_metal_0069_data,2,253,0,2277
dataset7_CLINIC_metal_0069_data,2,254,11,2329
dataset7_CLINIC_metal_0069_data,2,255,37,2384
dataset7_CLINIC_metal_0069_data,2,256,56,2430
dataset7_CLINIC_metal_0069_data,2,257,96,2473
dataset7_CLINIC_metal_0069_data,2,258,131,2518
dataset7_CLINIC_metal_0069_data,2,259,154,2538
dataset7_CLINIC_metal_0069_data,2,260,167,2554
dataset7_CLINIC_metal_0069_data,2,261,187,2570
dataset7_CLINIC_metal_0069_data,2,262,179,2569
dataset7_CLINIC_metal_0069_data,2,263,145,2564
dataset7_CLINIC_metal_0069_data,2,264,115,2549
dataset7_CLINIC_metal_0069_data,2,265,93,2515
dataset7_CLINIC_metal_0069_data,2,266,93,2463
dataset7_CLINIC_metal_0069_data,2,267,91,2429
dataset7_CLINIC_metal_0069_data,2,268,85,2382
dataset7_CLINIC_metal_0069_data,2,269,98,2329
dataset7_CLINIC_metal_0069_data,2,270,104,2263
dataset7_CLINIC_metal_0069_data,2,271,101,2196
dataset7_CLINIC_metal_0069_data,2,272,70,2134
dataset7_CLINIC_metal_0069_data,2,273,52,2133
dataset7_CLINIC_metal_0069_data,2,274,47,2172
dataset7_CLINIC_metal_0069_data,2,275,44,2227
dataset7_CLINIC_metal_0069_data,2,276,44,2258
dataset7_CLINIC_metal_0069_data,2,277,55,2291
dataset7_CLINIC_metal_0069_data,2,278,76,2362
dataset7_CLINIC_metal_0069_data,2,279,89,2429
dataset7_CLINIC_metal_0069_data,2,280,126,2491
dataset7_CLINIC_metal_0069_data,2,281,130,2546
dataset7_CLINIC_metal_0069_data,2,282,109,2605
dataset7_CLINIC_metal_0069_data,2,283,102,2677
dataset7_CLINIC_metal_0069_data,2,284,99,2738
dataset7_CLINIC_metal_0069_data,2,285,107,2796
dataset7_CLINIC_metal_0069_data,2,286,140,2836
dataset7_CLINIC_metal_0069_data,2,287,187,2872
dataset7_CLINIC_metal_0069_data,2,288,250,2893
dataset7_CLINIC_metal_0069_data,2,289,272,2903
dataset7_CLINIC_metal_0069_data,2,290,255,2905
dataset7_CLINIC_metal_0069_data,2,291,204,2911
dataset7_CLINIC_metal_0069_data,2,292,127,2910
dataset7_CLINIC_metal_0069_data,2,293,105,2885
dataset7_CLINIC_metal_0069_data,2,294,108,2864
dataset7_CLINIC_metal_0069_data,2,295,134,2845
dataset7_CLINIC_metal_0069_data,2,296,174,2826
dataset7_CLINIC_metal_0069_data,2,297,212,2772
dataset7_CLINIC_metal_0069_data,2,298,192,2725
dataset7_CLINIC_metal_0069_data,2,299,151,2658
dataset7_CLINIC_metal_0069_data,2,300,108,2574
dataset7_CLINIC_metal_0069_data,2,301,39,2482
dataset7_CLINIC_metal_0069_data,2,302,0,2378
dataset7_CLINIC_metal_0069_data,2,303,0,2272
dataset7_CLINIC_metal_0069_data,2,304,0,2129
dataset7_CLINIC_metal_0069_data,2,305,0,1972
dataset7_CLINIC_metal_0069_data,2,306,0,1825
dataset7_CLINIC_metal_0069_data,2,307,0,1686
dataset7_CLINIC_metal_0069_data,2,308,0,1596
dataset7_CLINIC_metal_0069_data,2,309,0,1484
dataset7_CLINIC_metal_0069_data,2,310,0,1355
dataset7_CLINIC_metal_0069_data,2,311,0,1218
dataset7_CLINIC_metal_0069_data,2,312,0,1059
dataset7_CLINIC_metal_0069_data,2,313,0,879
dataset7_CLINIC_metal_0069_data,2,314,0,646
dataset7_CLINIC_metal_0069_data,2,315,0,391
dataset7_CLINIC_metal_0070_data,0,254,0,174
dataset7_CLINIC_metal_0070_data,0,255,0,300
dataset7_CLINIC_metal_0070_data,0,256,0,564
dataset7_CLINIC_metal_0070_data,0,257,0,907
dataset7_CLINIC_metal_0070_data,0,258,0,1129
dataset7_CLINIC_metal_0070_data,0,259,0,1315
dataset7_CLINIC_metal_0070_data,0,260,0,1454
dataset7_CLINIC_metal_0070_data,0,261,0,1587
dataset7_CLINIC_metal_0070_data,0,262,0,1680
dataset7_CLINIC_metal_0070_data,0,263,0,1763
dataset7_CLINIC_metal_0070_data,0,264,0,1859
dataset7_CLINIC_metal_0070_data,0,265,0,1937
dataset7_CLINIC_metal_0070_data,0,266,0,1965
dataset7_CLINIC_metal_0070_data,0,267,0,2018
dataset7_CLINIC_metal_0070_data,0,268,32,2061
dataset7_CLINIC_metal_0070_data,0,269,56,2080
dataset7_CLINIC_metal_0070_data,0,270,84,2095
dataset7_CLINIC_metal_0070_data,0,271,195,2098
dataset7_CLINIC_metal_0070_data,0,272,186,2097
dataset7_CLINIC_metal_0070_data,0,273,106,2088
dataset7_CLINIC_metal_0070_data,0,274,56,2073
dataset7_CLINIC_metal_0070_data,0,275,32,2061
dataset7_CLINIC_metal_0070_data,0,276,0,2018
dataset7_CLINIC_metal_0070_data,0,277,0,1965
dataset7_CLINIC_metal_0070_data,0,278,0,1925
dataset7_CLINIC_metal_0070_data,0,279,0,1851
dataset7_CLINIC_metal_0070_data,0,280,0,1754
dataset7_CLINIC_metal_0070_data,0,281,0,1669
dataset7_CLINIC_metal_0070_data,0,282,0,1568
dataset7_CLINIC_metal_0070_data,0,283,0,1428
dataset7_CLINIC_metal_0070_data,0,284,0,1277
dataset7_CLINIC_metal_0070_data,0,285,0,1082
dataset7_CLINIC_metal_0070_data,0,286,0,821
dataset7_CLINIC_metal_0070_data,0,287,0,549
dataset7_CLINIC_metal_0070_data,0,288,0,315
dataset7_CLINIC_metal_0070_data,0,289,0,174
dataset7_CLINIC_metal_0070_data,1,254,0,152
dataset7_CLINIC_metal_0070_data,1,255,0,259
dataset7_CLINIC_metal_0070_data,1,256,0,352
dataset7_CLINIC_metal_0070_data,1,257,0,433
dataset7_CLINIC_metal_0070_data,1,258,0,502
dataset7_CLINIC_metal_0070_data,1,259,0,548
dataset7_CLINIC_metal_0070_data,1,260,0,608
dataset7_CLINIC_metal_0070_data,1,262,0,698
dataset7_CLINIC_metal_0070_data,1,264,0,766
dataset7_CLINIC_metal_0070_data,1,265,0,774
dataset7_CLINIC_metal_0070_data,1,266,0,795
dataset7_CLINIC_metal_0070_data,1,267,0,811
dataset7_CLINIC_metal_0070_data,1,268,20,811
dataset7_CLINIC_metal_0070_data,1,269,0,811
dataset7_CLINIC_metal_0070_data,1,270,0,795
dataset7_CLINIC_metal_0070_data,1,271,0,774
dataset7_CLINIC_metal_0070_data,1,272,0,766
dataset7_CLINIC_metal_0070_data,1,273,0,722
dataset7_CLINIC_metal_0070_data,1,274,0,698
dataset7_CLINIC_metal_0070_data,1,275,0,665
dataset7_CLINIC_metal_0070_data,1,276,0,608
dataset7_CLINIC_metal_0070_data,1,277,0,548
dataset7_CLINIC_metal_0070_data,1,278,0,502
dataset7_CLINIC_metal_0070_data,1,279,0,433
dataset7_CLINIC_metal_0070_data,1,280,0,352
dataset7_CLINIC_metal_0070_data,1,281,0,259
dataset7_CLINIC_metal_0070_data,1,282,0,152
dataset7_CLINIC_metal_0070_data,2,85,0,107
dataset7_CLINIC_metal_0070_data,2,86,0,205
dataset7_CLINIC_metal_0070_data,2,87,0,378
dataset7_CLINIC_metal_0070_data,2,88,0,542
dataset7_CLINIC_metal_0070_data,2,89,0,692
dataset7_CLINIC_metal_0070_data,2,90,0,850
dataset7_CLINIC_metal_0070_data,2,91,0,999
dataset7_CLINIC_metal_0070_data,2,92,0,1138
dataset7_CLINIC_metal_0070_data,2,93,0,1269
dataset7_CLINIC_metal_0070_data,2,94,0,1410
dataset7_CLINIC_metal_0070_data,2,95,0,1551
dataset7_CLINIC_metal_0070_data,2,96,0,1676
dataset7_CLINIC_metal_0070_data,2,97,0,1787
dataset7_CLINIC_metal_0070_data,2,98,0,1892
dataset7_CLINIC_metal_0070_data,2,99,7,1988
dataset7_CLINIC_metal_0070_data,2,100,16,2079
dataset7_CLINIC_metal_0070_data,2,101,27,2179
dataset7_CLINIC_metal_0070_data,2,102,40,2274
dataset7_CLINIC_metal_0070_data,2,103,45,2458
dataset7_CLINIC_metal_0070_data,2,104,64,2610
dataset7_CLINIC_metal_0070_data,2,105,76,2738
dataset7_CLINIC_metal_0070_data,2,106,78,2860
dataset7_CLINIC_metal_0070_data,2,107,86,2964
dataset7_CLINIC_metal_0070_data,2,108,92,3077
dataset7_CLINIC_metal_0070_data,2,109,96,3242
dataset7_CLINIC_metal_0070_data,2,110,103,3421
dataset7_CLINIC_metal_0070_data,2,111,106,3561
dataset7_CLINIC_metal_0070_data,2,112,104,3691
dataset7_CLINIC_metal_0070_data,2,113,107,3889
dataset7_CLINIC_metal_0070_data,2,114,105,4028
dataset7_CLINIC_metal_0070_data,2,115,110,4165
dataset7_CLINIC_metal_0070_data,2,116,107,4272
dataset7_CLINIC_metal_0070_data,2,117,119,4370
dataset7_CLINIC_metal_0070_data,2,118,125,4457
dataset7_CLINIC_metal_0070_data,2,119,134,4534
dataset7_CLINIC_metal_0070_data,2,120,130,4606
dataset7_CLINIC_metal_0070_data,2,121,131,4658
dataset7_CLINIC_metal_0070_data,2,122,155,4713
dataset7_CLINIC_metal_0070_data,2,123,215,4745
dataset7_CLINIC_metal_0070_data,2,124,276,4768
dataset7_CLINIC_metal_0070_data,2,125,370,4792
dataset7_CLINIC_metal_0070_data,2,126,471,4801
dataset7_CLINIC_metal_0070_data,2,127,609,4810
dataset7_CLINIC_metal_0070_data,2,128,679,4809
dataset7_CLINIC_metal_0070_data,2,129,723,4804
dataset7_CLINIC_metal_0070_data,2,130,680,4788
dataset7_CLINIC_metal_0070_data,2,131,564,4759
dataset7_CLINIC_metal_0070_data,2,132,508,4729
dataset7_CLINIC_metal_0070_data,2,133,406,4685
dataset7_CLINIC_metal_0070_data,2,134,332,4624
dataset7_CLINIC_metal_0070_data,2,135,234,4586
dataset7_CLINIC_metal_0070_data,2,136,228,4525
dataset7_CLINIC_metal_0070_data,2,137,211,4428
dataset7_CLINIC_metal_0070_data,2,138,201,4322
dataset7_CLINIC_metal_0070_data,2,139,168,4231
dataset7_CLINIC_metal_0070_data,2,140,131,4095
dataset7_CLINIC_metal_0070_data,2,141,117,3932
dataset7_CLINIC_metal_0070_data,2,142,111,3743
dataset7_CLINIC_metal_0070_data,2,143,97,3532
dataset7_CLINIC_metal_0070_data,2,144,72,3264
dataset7_CLINIC_metal_0070_data,2,145,44,2936
dataset7_CLINIC_metal_0070_data,2,146,9,2513
dataset7_CLINIC_metal_0070_data,2,147,0,2143
dataset7_CLINIC_metal_0070_data,2,148,0,1839
dataset7_CLINIC_metal_0070_data,2,149,0,1564
dataset7_CLINIC_metal_0070_data,2,151,0,1080
dataset7_CLINIC_metal_0070_data,2,152,0,937
dataset7_CLINIC_metal_0070_data,2,153,0,816
dataset7_CLINIC_metal_0070_data,2,154,0,717
dataset7_CLINIC_metal_0070_data,2,155,0,632
dataset7_CLINIC_metal_0070_data,2,156,0,530
dataset7_CLINIC_metal_0070_data,2,157,0,432
dataset7_CLINIC_metal_0070_data,2,158,0,333
dataset7_CLINIC_metal_0070_data,2,159,0,226
dataset7_CLINIC_metal_0070_data,2,160,0,111
dataset7_CLINIC_metal_0070_data,3,248,0,139
dataset7_CLINIC_metal_0070_data,3,249,0,317
dataset7_CLINIC_metal_0070_data,3,250,0,507
dataset7_CLINIC_metal_0070_data,3,251,0,712
dataset7_CLINIC_metal_0070_data,3,252,0,868
dataset7_CLINIC_metal_0070_data,3,253,0,1004
dataset7_CLINIC_metal_0070_data,3,254,0,1108
dataset7_CLINIC_metal_0070_data,3,255,0,1201
dataset7_CLINIC_metal_0070_data,3,256,0,1284
dataset7_CLINIC_metal_0070_data,3,257,0,1364
dataset7_CLINIC_metal_0070_data,3,258,0,1429
dataset7_CLINIC_metal_0070_data,3,259,0,1477
dataset7_CLINIC_metal_0070_data,3,260,0,1519
dataset7_CLINIC_metal_0070_data,3,261,0,1567
dataset7_CLINIC_metal_0070_data,3,262,10,1582
dataset7_CLINIC_metal_0070_data,3,263,61,1600
dataset7_CLINIC_metal_0070_data,3,264,112,1610
dataset7_CLINIC_metal_0070_data,3,265,142,1610
dataset7_CLINIC_metal_0070_data,3,266,83,1607
dataset7_CLINIC_metal_0070_data,3,267,83,1592
dataset7_CLINIC_metal_0070_data,3,268,53,1575
dataset7_CLINIC_metal_0070_data,3,269,5,1554
dataset7_CLINIC_metal_0070_data,3,270,0,1503
dataset7_CLINIC_metal_0070_data,3,271,0,1482
dataset7_CLINIC_metal_0070_data,3,272,0,1427
dataset7_CLINIC_metal_0070_data,3,273,0,1359
dataset7_CLINIC_metal_0070_data,3,274,0,1301
dataset7_CLINIC_metal_0070_data,3,275,0,1227
dataset7_CLINIC_metal_0070_data,3,276,0,1124
dataset7_CLINIC_metal_0070_data,3,277,0,1026
dataset7_CLINIC_metal_0070_data,3,278,0,913
dataset7_CLINIC_metal_0070_data,3,279,0,766
dataset7_CLINIC_metal_0070_data,3,280,0,589
dataset7_CLINIC_metal_0070_data,3,281,0,445
dataset7_CLINIC_metal_0070_data,3,282,0,310
dataset7_CLINIC_metal_0070_data,3,283,0,120
