Caso,Tipo de estructura observada,Cantidad aprox.,Ubicación anatómica,Lateralidad,Artefactos,Severidad,Confianza,Metal,Objeto extraño,Evidencia,Láminas,Umbral HU,Fecha propuesta,Estado,Notas
dataset6_CLINIC_0001_data,"Foco denso unico, ovoide/redondeado, homogeneo, en la superficie cutanea o el tejido subcutaneo de la pared abdominal anterolateral; no contacta hueso ni la pelvis osea",1 componente conexo (>=5 voxeles) en hallazgos.json; el conteo de componentes conexos no equivale a numero de objetos,"pared abdominal anterolateral superficial, por delante y por encima de la cresta iliaca; extraoseo y extrapelvico","izquierda geometrica (lado_por_x_ras de hallazgos.json, x_RAS = -93.8 mm); no es lateralidad clinica confirmada y depende de la orientacion del header",incierto,por determinar,media,incierto,sí (propuesto),"hallazgos.json componente 0: 247 voxeles, 120.68 mm3, HU max 5060, bbox 8.6 x 5.5 x 9.6 mm, centroide_ijk [133, 323, 184], cortes_axiales_ijk 178-189, toca_borde_fov false. axiales.png: visible en los cortes 178, 180, 181, 182, 184, 185, 187, 188 y 189. ortogonales.png: sagital 133 / coronal 323 / axial 184, el foco queda por fuera del contorno oseo.",proyecciones.png; ortogonales.png; axiales.png,2500,2026-09-07,propuesta sin validar,"Antecedente 2D en revision.csv: 'excluded_clinic_ids.csv: estado=metal; notas=electrodo' - observacion previa sin validar; coincide con la localizacion superficial que se ve, pero el umbral HU no distingue metal de otros materiales densos, por eso Metal queda incierto. Objeto extraño no puede marcarse 'no': las laminas muestran 16 cortes axiales, no todo el volumen; la ausencia no queda demostrada. Severidad y Confianza son escalas cualitativas ad hoc de esta revision visual, no una escala clinica validada."
dataset6_CLINIC_0005_data,"Estructura alargada arrosariada de alta densidad situada por fuera del contorno cutaneo, anterior a la pared abdominal; ademas multiples focos densos redondeados tambien fuera del cuerpo, dispuestos en arco alrededor del paciente",por determinar; 12 componentes conexos sobre 2500 HU en hallazgos.json (1 alargado + 11 focos). El numero de componentes conexos no equivale al numero de objetos,"extracorporea: la estructura alargada corre en el aire anterior a la pared abdominal a lo largo de ~157 mm craneocaudales; los focos redondeados quedan fuera del contorno cutaneo, lateral y posterolateral. Ninguna estructura se ve dentro de hueso en las laminas","central para los componentes 1, 2 y 9; derecha para 3, 5, 6, 7, 11 y 12; izquierda para 4, 8 y 10, todo segun lado_por_x_ras (geometrico)",no,no aplica,media,sí (propuesto),sí (propuesto),"axiales.png: foco denso en (i~238, j~406-415) por fuera del contorno cutaneo anterior en los cortes 44, 61, 77, 94, 110, 127, 143, 160, 176, 193, 209, 226, 242 y 259; focos perifericos adicionales visibles en los cortes 143, 160, 209, 226, 259 y 276. ortogonales.png: axial 183 y sagital 257 situan el foco en aire, por delante de la piel. hallazgos.json componente 1: 4831 vox, 2359.03 mm3, bbox 16.4x21.1x157.6 mm, cortes 33-229, hu_max 22185. Componentes 3 a 7: 671-725 vox, bbox ~10.2x7.0x10.4 mm, hu_max 17978-18934, cortes 129-271. Componentes 8 y 10 con toca_borde_fov true (332 y 134 vox, x_ras -184.8 y -185.5 mm)",proyecciones.png; ortogonales.png; axiales.png,2500,2026-09-07,propuesta sin validar,"Severidad y confianza son cualitativas, no una escala clinica validada. Lateralidad tomada de lado_por_x_ras (geometrica, signo de x en RAS); si el header estuviera mal orientado, estaria mal. Artefactos = no se refiere solo a que no veo estrias ni oscurecimiento en los 16 cortes de axiales.png ni en ortogonales.png; no recorri el volumen completo. toca_borde_fov true en los componentes 8 y 10: es una alerta, puede ser mesa, brazo, ropa u objeto cortado por el FOV, no una conclusion. El antecedente 2D anota estado=metal; notas=electrodo (excluded_clinic_ids.csv); es una observacion previa sin validar y no la confirmo ni la niego. No propongo tipo de dispositivo ni material: por determinar. Metal si (propuesto) se apoya en hu_max 22185 y en geometria manufacturada, no en composicion quimica."
dataset6_CLINIC_0007_data,"Estructura alargada con cuentas/segmentos repetidos de trayecto oblicuo, extracorpórea en su porción proximal; dos segmentos alargados finos contiguos; cuerpos redondeados de ~5-6 mm alineados en arco por fuera de los muslos","12 componentes conexos >=5 vóxeles (3 alargados + 9 redondeados); es un conteo de componentes conexos, no de dispositivos","Porción alargada en flanco/superficie corporal a la altura de los cortes 301-345; cuerpos redondeados en cortes 1-83, al nivel del colchón/mesa visible en axiales.png; ninguna estructura aparece intraósea","lado_por_x_ras (geométrica, signo de x en RAS): izquierda en los 3 alargados; mixta izquierda/derecha en los redondeados. No es lateralidad clínica confirmada",sí,leve,media,sí (propuesto),sí (propuesto),"hallazgos.json comp.1: 4341 vóx, 2286.76 mm3, bbox 49.5x21.1x22.4 mm, cortes 312-339, HU máx 17679; comp.2: 861 vóx, bbox 29.2x8.1x14.4 mm, cortes 301-318; comp.3: 403 vóx, bbox 36.5x6.5x10.4 mm, cortes 333-345. Visible en axiales.png cortes 302 y 325 (marca roja en el borde lateral) y en proyecciones.png (MIP sagital/coronal/axial: cadena de cuentas que entra al campo desde fuera del contorno). Redondeados: comp.4 330 vóx, bbox 6.5x8.1x8.0 mm, cortes 34-43; comp.10 175 vóx, HU máx 30445, bbox 5.7x5.7x6.4 mm, cortes 5-12; visibles en proyecciones.png (MIP coronal y axial, franja inferior) y en axiales.png corte 69. toca_borde_fov=false en los 12",proyecciones.png; axiales.png,2500,2026-09-07,propuesta sin validar,"Antecedente 2D en revision.csv: 'excluded_clinic_ids.csv: estado=metal; notas=electrodo'. Es observación previa sin validar; lo que veo es coherente con un objeto extracorpóreo alargado y segmentado, pero no puedo confirmar que sea un electrodo ni nombrar el dispositivo. No se observa material intraóseo en los 16 cortes mostrados. Sin grupo duplicado. Severidad y Confianza son cualitativas, propias de esta revisión visual; no son una escala clínica validada. Aquí 'Objeto extraño' se usa como material ajeno al montaje ortopédico; 'incierto' no significa ausencia: las láminas muestran 16 cortes axiales, no todo el CT."
dataset6_CLINIC_0008_data,"Foco puntiforme único de alta densidad (>2500 HU) situado fuera del contorno corporal, en el extremo superior del volumen; no se observa estructura densa dentro del hueso pélvico en los cortes de la lámina","1 componente conexo (rango 1; el conteo es de componentes conexos de hallazgos.json, no de implantes)","Fuera del contorno corporal, junto al costado anterolateral del tronco a nivel de abdomen alto / columna lumbar (cortes axiales ijk 343-349 de 350); fuera de la pelvis ósea","derecha (lado_por_x_ras, lateralidad geométrica derivada del signo de x en RAS; no es lateralidad clínica confirmada)",incierto,por determinar,baja,incierto,incierto,"hallazgos.json componente 1: 107 vóxeles, 79.15 mm3, bbox 6.7x6.7x5.6 mm, HU máx 4677, cortes_axiales_ijk 343-349, toca_borde_fov=true. Visible como foco aislado fuera de la piel en axiales.png cortes 346, 347, 348 y 349 (aprox. i=355, j=340) y en ortogonales.png axial 347 (ventanas -200/2000 y 500/4000). proyecciones.png: un único foco en el mapa de vóxeles >2500 HU. revision.csv: Vóxeles sobre umbral=107, HU máximo=4677, Candidato HU=sí",experiments/exploration-3d/outputs/laminas/dataset6_CLINIC_0008_data/proyecciones.png; experiments/exploration-3d/outputs/laminas/dataset6_CLINIC_0008_data/ortogonales.png; experiments/exploration-3d/outputs/laminas/dataset6_CLINIC_0008_data/axiales.png,2500,2026-09-07,propuesta sin validar,"Severidad (leve/moderada/marcada) y Confianza (baja/media/alta) son escalas cualitativas de esta revisión visual, no una escala clínica validada. toca_borde_fov=true es una alerta, no una conclusión: podría ser mesa, brazo, ropa o un objeto cortado por el FOV; queda incierto. Sin Antecedente 2D ni Grupo duplicado en revision.csv. Objeto extraño se deja incierto: la lámina muestra 16 cortes axiales, no recorre todo el CT, y la ausencia no se demuestra así. El umbral HU no distingue metal de contraste, hueso denso ni objeto externo."
dataset6_CLINIC_0017_data,"Objeto hiperdenso lineal en forma de T/Y en la linea media pelvica, no continuo con hueso; foco hiperdenso puntiforme dentro de una banda anterior situada fuera del contorno corporal",2 componentes conexos sobre umbral (>=5 voxeles); rango 1-2 objetos; por determinar,"Objeto en T/Y: tejido blando de la linea media pelvica, cortes axiales 134-148. Foco puntiforme: banda anterior separada de la piel, cortes axiales 276-284. Ninguno aparece dentro de hueso en los cortes mostrados",Geometrica por x RAS: objeto en T/Y derecha (x=+52.6 mm); foco anterior izquierda (x=-36.2 mm). No es lateralidad clinica,incierto,leve (si se confirma),baja,incierto,sí (propuesto),"hallazgos.json componente 1: 425 voxeles, 303.87 mm3, bbox 17.0x23.6x12.0 mm, HU max 7573, cortes_axiales_ijk 134-148, toca_borde_fov=false; se ve en axiales.png corte 139 y en proyecciones.png (MIP axial y MIP coronal, forma en T/Y). Componente 2: 89 voxeles, 63.63 mm3, bbox 7.6x5.7x7.2 mm, HU max 3898, cortes 276-284, toca_borde_fov=false; se ve en axiales.png corte 278 como foco brillante sobre una banda anterior que en los cortes 129, 139 y 150 aparece separada del contorno cutaneo. revision.csv: Voxeles sobre umbral=515, HU maximo=7573, Candidato HU=si, sin Grupo duplicado",experiments/exploration-3d/outputs/laminas/dataset6_CLINIC_0017_data/proyecciones.png; ortogonales.png; axiales.png; hallazgos.json,2500,2026-09-07,propuesta sin validar,"Antecedente 2D en revision.csv: 'excluded_clinic_ids.csv: estado=metal; notas=DIU', y existe una anotacion parcial previa firmada por otro asistente (Codex). Ambos son observaciones sin validar: no confirman material ni dispositivo y no mandan sobre lo observado. No se propone modelo, marca, material ni indicacion. Severidad y Confianza son cualitativas (leve/moderada/marcada, baja/media/alta) y NO son una escala clinica validada. Criterio usado para Objeto extraño: estructura hiperdensa no anatomica y no continua con hueso. Las laminas muestran 16 cortes axiales, no todo el CT: la ausencia de objetos no queda demostrada. La lateralidad procede de lado_por_x_ras (signo de x en RAS): es geometrica, depende del header; no es lateralidad clinica confirmada. Cantidad aprox. viene del numero de componentes conexos sobre el umbral, no de un conteo de implantes: un componente puede ser un tornillo, un fragmento o varias piezas fusionadas por el artefacto."
dataset6_CLINIC_0019_data,"Objeto denso único, de pared densa y núcleo menos denso, rectangular en el corte axial y alargado en z, situado por fuera del contorno cutáneo; no contacta hueso","1 componente conexo >=5 vóxeles en hallazgos.json; es un recuento de componentes conexos, no de dispositivos","Fuera del contorno cutáneo, apoyado sobre la piel del flanco a la altura de la cresta ilíaca; sin contacto óseo","derecha (geométrica, lado_por_x_ras; x RAS +148,9 mm); coincide con el lado derecho de la imagen en la lámina coronal (convención R->)",incierto,leve,media,incierto,sí (propuesto),"hallazgos.json, componente único: 1226 vóxeles, 598,58 mm3, HU máx 7534, bbox 28,1 x 13,3 x 27,2 mm, cortes_axiales_ijk 244-277, toca_borde_fov false. Visible en axiales.png en los cortes 244, 247, 250, 253, 256, 259, 261, 264, 267, 270, 273 y 276; en ortogonales.png axial 260 y coronal 396 (sección anular); en proyecciones.png MIP sagital como barra alargada. Recorte ampliado del axial 260 muestra el objeto separado del contorno cutáneo.",proyecciones.png; ortogonales.png; axiales.png,2500,2026-09-07,propuesta sin validar,"Severidad y Confianza son etiquetas cualitativas de esta revisión visual, no una escala clínica validada (primera vez que se usan en este lote; vale para todas las filas siguientes). Antecedente 2D en revision.csv: 'excluded_clinic_ids.csv: estado=metal; notas=electrodo'; observación previa sin validar, no la confirmo ni la descarto. Metal incierto: el umbral HU no determina composición. No es osteosíntesis: el objeto no toca hueso. Sin Grupo duplicado."
dataset6_CLINIC_0028_data,"Focos densos por fuera del contorno cutáneo, junto al borde derecho del FOV; no se observa material de osteosíntesis en el hueso en las láminas",por determinar; 5 componentes conexos >=5 vóxeles en hallazgos.json (un componente conexo no equivale a un objeto),"extracorpórea: en aire, lateral al muslo/cadera del lado derecho geométrico, junto al borde de la imagen (i≈476-510); a la altura de los cortes axiales 72-173","derecha por lado_por_x_ras (geométrica, x RAS +208.0 a +235.5 mm, derivada del signo de x en RAS; no es lateralidad clínica confirmada)",incierto,leve (si se confirma; cualitativa),media,incierto,sí (propuesto),"hallazgos.json: comp.0 295 vóx / 173.96 mm3 / HU máx 21133 / bbox 6.0x7.7x8.0 mm / centroide ijk [502,198,76] / cortes axiales 72-81; comp.1 156 vóx / 91.99 mm3 / HU máx 5583 / bbox 15.4x7.7x8.8 mm / ijk [476,186,108] / cortes 102-112; comp.2 25 vóx / cortes 165-173; comp.3 8 vóx / cortes 162-165; comp.4 6 vóx / cortes 96-98; toca_borde_fov=false en todos. axiales.png: foco blanco fuera del contorno cutáneo en los cortes 74, 89, 96, 104, 111, 118 y 163 (lado derecho de la imagen). ortogonales.png: coronal 195 y axial 93 lo sitúan fuera del cuerpo. proyecciones.png: MIP coronal y axial con la señal pegada al borde derecho, separada de la silueta ósea",proyecciones.png; ortogonales.png; axiales.png (cortes 67-178),2500,2026-09-07,propuesta sin validar,"Antecedente 2D del caso: 'excluded_clinic_ids.csv: estado=metal; notas=accesorio'; es una observación previa sin validar, coincide con lo visto (objeto fuera del cuerpo) pero no la doy por confirmada. Aunque toca_borde_fov=false, los componentes están a 2-10 vóxeles del borde de la imagen: podrían estar recortados por el FOV, y eso es una alerta, no una conclusión. axiales.png solo muestra 16 cortes del volumen: no demuestra ausencia de objetos en el resto del CT. Severidad y confianza son cualitativas y propias de esta revision visual preliminar, no una escala clinica validada. Sin grupo duplicado."
dataset6_CLINIC_0031_data,"Foco denso ovalado único en tejido blando superficial de la pared abdominal lateral, sin continuidad con hueso; morfología no identificable a este tamaño","1 componente conexo sobre umbral (conteo de componentes conexos de hallazgos.json, no de dispositivos)","Pared abdominopélvica lateral, plano subcutáneo/superficial, fuera de toda estructura ósea (cortes axiales 296-307)","izquierda (lado_por_x_ras, geométrica por el signo de x en RAS; no es lateralidad clínica confirmada)",no,no aplica (sin estrías ni oscurecimiento visibles en las láminas),media,incierto,sí (propuesto),"hallazgos.json componente único: 180 vóxeles, 100.53 mm3, bbox 6.7x7.5x9.6 mm, HU máx 3984, cortes_axiales_ijk 296-307, centroide_ijk [57,355,302], toca_borde_fov false. axiales.png: foco brillante en el borde lateral izquierdo del corte en axiales 296, 298, 299, 300, 302, 303, 305, 306, 307 (ausente en 291-293 y 309-312). ortogonales.png: axial 302, sagital 57, coronal 355. proyecciones.png: único foco en los tres mapas >2500 HU.",proyecciones.png; ortogonales.png; axiales.png,2500,2026-09-07,propuesta sin validar,"revision.csv: Antecedente 2D = 'excluded_clinic_ids.csv: estado=metal; notas=electrodo' (observación previa sin validar). Lo que veo es compatible con un cuerpo denso superficial, pero no confirmo 'electrodo': el umbral HU no distingue metal de contraste, hueso denso ni objeto externo. Vóxeles sobre umbral 180, HU máximo 3984 (coincide con hallazgos.json). Sin Grupo duplicado. Severidad y Confianza son cualitativas, no una escala clínica validada. Objeto extraño se propone como 'cuerpo denso no anatómico visible en las láminas'; no distingue implante de objeto externo ni afirma composición. No se descarta objeto extraño adicional: axiales.png muestra 16 cortes, no todo el CT."
dataset6_CLINIC_0036_data,"Foco hiperdenso puntiforme situado fuera del contorno cutaneo, sobre una estructura lineal fina que se aleja del cuerpo hacia el borde del FOV; no intraoseo","1-2 (2 componentes conexos >2500 HU, contiguos en z; el conteo es de componentes conexos, no de objetos)","Extracorporeo, lateral derecho a la altura de acetabulo/cadera; cortes axiales 140 y 143 (visible 139-146)","lado_por_x_ras=derecha para ambos componentes (x=+160.6 y +160.9 mm). Es geometrica, derivada del signo de x en RAS; si el header estuviera mal orientado, estaria mal.",no,no aplica (sin estrias ni oscurecimiento visibles),media,incierto,sí (propuesto),"hallazgos.json comp1: 11 vox, 4.11 mm3, bbox 2.7x2.7x0.8 mm, HU max 3395, cortes_axiales_ijk 140, centroide_ijk [490,299,140]. comp2: 6 vox, 2.24 mm3, bbox 2.1x2.1x0.8 mm, HU max 2815, corte 143. ortogonales.png axial 141 y axiales.png cortes 139-146: foco brillante en i~490, j~299, separado del borde cutaneo (el contorno del cuerpo termina en i~470). Zoom propio sobre el NIfTI en cortes 140 y 143 confirma posicion extracorporea y la estructura lineal fina que lo acompana.",proyecciones.png; ortogonales.png; axiales.png,2500,2026-09-07,propuesta sin validar,"Sin Grupo duplicado en revision.csv. Sin Antecedente 2D. HU max 3395 no separa metal de otro material denso: por eso Metal=incierto. Objeto extrano=si se apoya en que el foco cae fuera del contorno cutaneo, no en el umbral. La estructura lineal que lo sostiene podria ser cable, sonda, correa o brazo: no determinado. axiales.png muestra 16 cortes, no todo el CT: no permite demostrar ausencia de material. Lectura usada de ""Objeto extrano"": material no anatomico identificable como pieza discreta. Se marca ""si (propuesto)"" solo cuando hay un componente concreto que no es plausiblemente osteosintesis intraosea (extracorporeo o no oseo); en montajes puramente osteosinteticos se deja ""incierto"" porque no se sabe si la columna busca cuerpo extrano distinto del implante. A resolver por la autora. Severidad y Confianza son cualitativas (leve/moderada/marcada; baja/media/alta), no una escala clinica validada."
dataset6_CLINIC_0037_data,"Focos densos pequeños, redondeados o cortos y alargados, situados POR FUERA del contorno cutáneo (uno apoyado sobre la pared abdominal anterior, otros en el margen lateral del FOV); ninguna estructura sobre umbral dentro del hueso ni del contorno corporal en los cortes revisados","7 componentes conexos sobre 2500 HU (3 de ellos >100 vóxeles, 4 de 6-24 vóxeles); el número de objetos reales es por determinar: se cuentan componentes conexos, no objetos","extracorpórea: sobre la piel de la pared abdominal anterior (comp 0 y 1) y en el margen lateral del FOV (comp 2, 3, 4, 5, 6)","lado_por_x_ras (geométrico, signo de x en RAS): izquierda comp 0, 1, 3, 4, 5, 6; derecha comp 2. No es lateralidad clínica confirmada",no,no aplica (sin estrías ni oscurecimiento visibles en los cortes revisados),media,incierto,incierto,"axiales.png cortes 242, 267, 276 y 284: foco denso en (i~215, j~383) por fuera del contorno cutáneo anterior = comp 0 de hallazgos.json (1584 vóx, 907.0 mm3, bbox 16.9x11.8x17.6 mm, HU max 17129, cortes 267-288) y comp 1 (964 vóx, 552.0 mm3, bbox 8.5x10.2x21.6 mm, HU max 16699, cortes 222-248). ortogonales.png axial 244 (ventanas -200/2000 y 500/4000) confirma que el foco está fuera de la piel, no dentro del abdomen. axiales.png cortes 174 y 182: foco en (i~473, j~299) en el margen lateral = comp 2 (595 vóx, 340.7 mm3, bbox 11.0x9.3x15.2 mm, HU max 9764, cortes 171-189). axiales.png cortes 191, 199, 208 y 216: puntos milimétricos en (i~2-40, j~150-282) sobre la línea de la mesa/soporte = comp 3 (141 vóx), comp 4 (24 vóx), comp 5 (7 vóx) y comp 6 (6 vóx). proyecciones.png MIP coronal y sagital: el mapa de vóxeles >2500 HU no proyecta ningún foco sobre la pelvis ósea.",outputs/laminas/dataset6_CLINIC_0037_data/ : proyecciones.png; ortogonales.png; axiales.png; hallazgos.json,2500,2026-09-07,propuesta sin validar,"Fila con Grupo duplicado en revision.csv (SHA be75f505...e080fec): la propuesta queda DEPENDIENTE de resolver el grupo duplicado antes de clasificar. Antecedente 2D 'excluded_clinic_ids.csv: estado=definitivo; notas=electrodo': compatible con lo observado (foco denso extracorpóreo sobre la piel), pero es una observación previa sin validar y no se toma como confirmación. Metal queda incierto porque el único material sobre umbral está fuera del paciente y el umbral no determina composición. Objeto extraño queda incierto: axiales.png muestra 16 cortes de un volumen de cientos, la ausencia de objetos no se puede demostrar con estas laminas. Severidad y Confianza son etiquetas cualitativas de revision visual, no una escala clinica validada. El umbral HU no distingue metal de contraste, hueso denso, cemento ni objeto externo; nada aqui esta certificado."
dataset6_CLINIC_0039_data,"Reborde denso continuo de aproximadamente 1 vóxel de grosor sobre el contorno cutáneo lateral, en la línea donde el cuerpo queda truncado por el FOV reconstruido; no se identifica objeto discreto","por determinar; 12 componentes conexos, todos laminares (bbox 1.1-2.3 mm en x) y de 93-122 mm de extensión en z. El conteo viene de componentes conexos y no equivale a número de objetos","borde lateral del contorno corporal, coincidente con el límite del FOV reconstruido; no intraóseo en lo observado (cortes 235-387)","derecha (lado_por_x_ras, geométrica por el signo de x en RAS; no es lateralidad clínica confirmada)",sí,leve,media,incierto,incierto,"axiales.png cortes 230, 240, 250 y 261: banda hiperdensa fina que sigue la superficie cutánea del lado derecho de la imagen y no se separa de ella. ortogonales.png axial 332 y sagital 453: el cuerpo aparece cortado por el FOV y el realce coincide exactamente con la línea de truncamiento. proyecciones.png MIP axial y mapa de vóxeles >2500 HU: arco periférico fino, sin cuerpo compacto. hallazgos.json: 12 componentes; el mayor 1303 vóxeles / 1328.56 mm3 / HU máx 3057 / bbox 1.1 x 11.3 x 109.6 mm / cortes 251-387; el de HU más alto 307 vóxeles / 313.02 mm3 / HU máx 3713 / bbox 1.1 x 3.4 x 93.6 mm. revision.csv: 11770 vóxeles sobre umbral, HU máximo 3713",proyecciones.png; ortogonales.png; axiales.png,2500,2026-09-07,propuesta sin validar,"toca_borde_fov=true en los 12 componentes: es una alerta, no una conclusión (puede ser mesa, brazo, ropa u objeto cortado por el FOV), y por eso Metal y Objeto extraño quedan incierto. La geometría observada (láminas de 1 vóxel de ancho que siguen el contorno cutáneo a lo largo de más de 100 mm en z, HU máximo 3713, el más bajo de todo el lote) es compatible con realce de truncamiento del FOV más que con un objeto discreto, pero no lo certifico. El Antecedente 2D dice estado=falso_positivo; notas=artefacto_borde_FOV y coincide con lo observado; es una observación previa sin validar y no manda sobre lo que se ve. Severidad y Confianza son cualitativas (leve/moderada/marcada, baja/media/alta), no una escala clínica validada. Las láminas muestran 16 cortes axiales, no todo el CT: no se demuestra ausencia de objetos. Sin Grupo duplicado en revision.csv. El umbral HU no distingue metal de contraste, hueso denso, cemento ni objeto externo; material, modelo e indicación quedan por determinar. Caso prioritario para recorrer con explorar.py cortes."
dataset6_CLINIC_0040_data,"Estructura densa lineal unica, fina y alargada, situada por fuera del contorno cutaneo; no contacta hueso en los cortes revisados",1 (rango 1-2); derivado de 1 componente conexo en hallazgos.json,"Extracorporea, apoyada sobre/junto al flanco lateral, a la altura de la columna lumbar baja y crestas iliacas (cortes axiales 283-312)","izquierda (geometrica: lado_por_x_ras, x RAS -133.0 mm); no es lateralidad clinica confirmada",no,no aplica (sin estrias ni oscurecimiento visibles en las 16 axiales),media,incierto,sí (propuesto),"axiales.png cortes 283, 285, 288, 291, 296, 298, 301, 306, 309, 311: foco denso puntiforme en el borde lateral, por fuera del contorno cutaneo; ortogonales.png sagital 74 y axial 298: traza lineal separada del esqueleto; proyecciones.png MIP coronal y sagital: unica traza lineal sobre umbral. Componente unico de hallazgos.json: 116 voxeles, 56.67 mm3, bbox 5.5x20.3x24.0 mm, HU max 3701, cortes_axiales_ijk 283-312, toca_borde_fov false. revision.csv: 116 voxeles sobre umbral, HU max 3701",proyecciones.png; ortogonales.png; axiales.png,2500 (umbral por defecto de laminas.py; no se repitio con --hu),2026-09-07,propuesta sin validar,"Severidad y Confianza son cualitativas y propias de esta revision visual, no una escala clinica validada. El umbral de 2500 HU no distingue metal de contraste, hueso denso, cemento ni material externo. Metal queda incierto pese a HU max 3701. 'Objeto extraño: sí' se propone porque la estructura esta fuera del contorno cutaneo en los cortes citados, no por el umbral; podria ser material de la mesa, ropa, cable o un marcador cutaneo, sin poder distinguirlos. Sin Grupo duplicado ni Antecedente 2D en revision.csv. Las laminas muestran 16 cortes axiales, no todo el volumen: no se demuestra ausencia de nada. Revision completa pendiente por la autora con explorar.py cortes."
dataset6_CLINIC_0041_data,"Foco denso unico, ovoide, homogeneo, en la superficie cutanea / tejido subcutaneo de la pared abdominal anterolateral alta; no contacta hueso",1 componente conexo (>=5 voxeles) en hallazgos.json; no equivale a numero de objetos,"pared abdominal anterolateral superficial, a la altura de un cuerpo vertebral lumbar alto (muy craneal a la pelvis osea); extraoseo","izquierda geometrica (lado_por_x_ras, x_RAS = -77.0 mm); no es lateralidad clinica confirmada",incierto,por determinar,media,incierto,sí (propuesto),"hallazgos.json componente 0: 256 voxeles, 114.6 mm3, HU max 4859, bbox 8.2 x 6.0 x 9.6 mm, centroide_ijk [124, 459, 314], cortes_axiales_ijk 309-320, toca_borde_fov false. axiales.png: visible en los cortes 309, 311, 312, 313, 315, 316, 318, 319 y 320. ortogonales.png: sagital 124 / coronal 459 / axial 314; el foco esta sobre el contorno cutaneo, no en hueso.",proyecciones.png; ortogonales.png; axiales.png,2500,2026-09-07,propuesta sin validar,"Antecedente 2D: 'excluded_clinic_ids.csv: estado=metal; notas=electrodo' (sin validar). El corte pasa por abdomen alto, no por la pelvis: si el interes es peri-implante pelvico, este hallazgo puede ser irrelevante. Objeto extraño no puede marcarse 'no': las laminas muestran 16 cortes axiales, no todo el volumen; la ausencia no queda demostrada."
dataset6_CLINIC_0048_data,"Objeto denso unico, compacto y alargado, situado en el aire por fuera del contorno cutaneo del flanco izquierdo, sin contacto con hueso ni con tejido blando del paciente en las laminas",por determinar; 1 componente conexo sobre 2500 HU en hallazgos.json. Un componente conexo no equivale a un objeto,"extracorporea, lateral izquierda, a la altura de columna lumbar baja segun los cortes mostrados; el objeto esta separado del contorno del cuerpo por aire en los cortes 315 a 346",izquierda por lado_por_x_ras (geometrica; x_ras -128.9 mm),no,no aplica,media,sí (propuesto),sí (propuesto),"axiales.png: foco denso en (i~115, j~200) fuera del contorno cutaneo en los cortes 312, 315, 318, 321, 323, 326, 329, 332, 335, 337, 340, 343 y 346. ortogonales.png: axial 324 y coronal 199 lo muestran rodeado de aire, fuera del cuerpo. hallazgos.json componente unico: 1589 vox, 934.58 mm3, bbox 14.6x10.3x29.6 mm, cortes 312-348, hu_max 18002, toca_borde_fov false",proyecciones.png; ortogonales.png; axiales.png,2500,2026-09-07,propuesta sin validar,"Severidad y confianza son cualitativas, no una escala clinica validada. Lateralidad tomada de lado_por_x_ras (geometrica, signo de x en RAS); si el header estuviera mal orientado, estaria mal. ESTA FILA DEPENDE DE RESOLVER EL GRUPO DUPLICADO: revision.csv marca Grupo duplicado 36b9c1861b496999adbb6f3636b19d23a47264cabe7146a829aced95d1204812 para este caso; los duplicados no se clasifican por separado y esta propuesta queda condicionada a que la autora resuelva el grupo primero. Antecedente 2D: estado=definitivo; notas=accesorio, observacion previa sin validar. No propongo que objeto es: por determinar. Artefactos = no solo respecto de lo visible en las laminas."
dataset6_CLINIC_0052_data,"Foco hiperdenso único, redondeado, de ~4-5 mm, situado en el aire por fuera del contorno corporal",1 componente conexo >=5 vóxeles,"No anatómica: fuera del cuerpo, esquina superior del campo (centroide ijk 465,398), a la altura de los muslos (cortes 7-12)","lado_por_x_ras (geométrica, signo de x en RAS): derecha. Sin valor clínico por tratarse de un objeto extracorpóreo",no,leve,media,incierto,sí (propuesto),"hallazgos.json comp.1 (único): 59 vóx, 28.81 mm3, HU máx 4426, bbox 4.7x3.9x4.8 mm, cortes 7-12, centroide ijk 465,398,10, toca_borde_fov=false. Visible como punto brillante aislado en axiales.png cortes 5 a 13 en ~(465,400), fuera de la silueta del paciente, y en proyecciones.png (MIP sagital, coronal y axial) como único foco sobre umbral",proyecciones.png; axiales.png,2500,2026-09-07,propuesta sin validar,"Sin antecedente 2D ni grupo duplicado en revision.csv. HU máx 4426 y tamaño ~4 mm no permiten separar metal de otras densidades altas: Metal queda incierto. Está en aire fuera del paciente, así que puede ser mesa, ropa, cable o marcador; no es un cuerpo extraño intracorpóreo demostrado. En los 16 cortes mostrados no aparece material ortopédico pélvico, pero eso no demuestra ausencia. Severidad y Confianza son cualitativas, propias de esta revisión visual; no son una escala clínica validada. Aquí 'Objeto extraño' se usa como material ajeno al montaje ortopédico; 'incierto' no significa ausencia: las láminas muestran 16 cortes axiales, no todo el CT."
dataset6_CLINIC_0053_data,"Focos compactos de alta densidad (>2500 HU) situados en el aire, por fuera del contorno cutáneo; no se observa estructura densa dentro del hueso pélvico en los cortes de la lámina","4 componentes conexos (rango 3-4 objetos; conteo de componentes conexos de hallazgos.json, no de implantes; dos componentes vecinos en los cortes 182-195 podrían pertenecer al mismo objeto)","Todos fuera del contorno corporal, en el aire adyacente al paciente, a la altura de acetábulo y ala ilíaca (cortes axiales ijk 135-145, 182-188, 183-195 y 201-209)","3 componentes 'derecha' y 1 componente 'izquierda' por lado_por_x_ras (lateralidad geométrica por signo de x en RAS, no clínica)",no,no aplica,media,incierto,sí (propuesto),"hallazgos.json: comp.1 357 vóx / 217.64 mm3 / bbox 9.6x14.0x10.4 mm / HU máx 9157 / cortes 183-195; comp.2 319 vóx / 194.48 mm3 / bbox 7.9x7.9x7.2 mm / HU máx 17162 / cortes 201-209; comp.3 270 vóx / 164.60 mm3 / bbox 6.1x7.0x8.8 mm / cortes 135-145; comp.4 14 vóx / 8.54 mm3 / cortes 182-188; ninguno toca borde de FOV. En axiales.png: foco fuera de la piel en el borde izquierdo de imagen en los cortes 135 y 141, foco en el borde derecho en el corte 191, y foco anterior externo en los cortes 202 y 208. ortogonales.png axial 181 muestra el foco resaltado en aire, lateral a la piel. revision.csv: Vóxeles sobre umbral=961, HU máximo=17162",experiments/exploration-3d/outputs/laminas/dataset6_CLINIC_0053_data/proyecciones.png; experiments/exploration-3d/outputs/laminas/dataset6_CLINIC_0053_data/ortogonales.png; experiments/exploration-3d/outputs/laminas/dataset6_CLINIC_0053_data/axiales.png,2500,2026-09-07,propuesta sin validar,"Severidad (leve/moderada/marcada) y Confianza (baja/media/alta) son escalas cualitativas de esta revisión visual, no una escala clínica validada. Antecedente 2D en revision.csv: 'excluded_clinic_ids.csv: estado=metal; notas=accesorio'. Lo observado es compatible con ese antecedente (todos los componentes están fuera del cuerpo), pero el antecedente no está validado y no manda sobre lo visto. Metal queda incierto: el umbral HU no distingue metal de otros materiales densos. Artefactos 'no' se refiere solo a que no se ven estrías ni oscurecimiento en los 16 cortes de axiales.png ni en ortogonales.png; no es una afirmación sobre todo el volumen."
dataset6_CLINIC_0054_data,"Dos estructuras hiperdensas curvilineas alargadas situadas fuera del contorno corporal, en los bordes laterales del campo de vision",2 componentes conexos sobre umbral; podrian ser un mismo objeto cortado por el FOV o dos objetos simetricos; por determinar,"Extracorporeas, a ambos lados del abdomen/pelvis alta (nivel de L4-L5 y ala iliaca), cortes axiales 298-349. No se observa estructura densa dentro de hueso en los cortes mostrados","Geometrica por x RAS: una izquierda (x=-165.3 mm) y otra derecha (x=+195.8 mm), disposicion bilateral aproximadamente simetrica. No es lateralidad clinica",no,no aplica (no se observa artefacto en los cortes mostrados),media,incierto,incierto,"hallazgos.json componente 1: 994 voxeles, 485.65 mm3, bbox 14.9x21.1x41.5 mm, HU max 11341, cortes 298-349, toca_borde_fov=true. Componente 2: 946 voxeles, 462.19 mm3, bbox 33.6x27.4x29.6 mm, HU max 8861, cortes 313-349, toca_borde_fov=true. Se ven en axiales.png cortes 300, 315, 330 y 349 como focos en los extremos laterales, separados del contorno cutaneo, y en ortogonales.png (axial 327 y coronal 193). En ventana 500/4000 no se aprecian estrias dentro del cuerpo en esos cortes. revision.csv: Voxeles sobre umbral=1940, HU maximo=11341, Candidato HU=si, sin Grupo duplicado",experiments/exploration-3d/outputs/laminas/dataset6_CLINIC_0054_data/proyecciones.png; ortogonales.png; axiales.png; hallazgos.json,2500,2026-09-07,propuesta sin validar,"toca_borde_fov=true en los dos componentes: es una ALERTA, no una conclusion. Podria ser mesa, soporte, brazo, ropa o un objeto cortado por el FOV; por eso Metal y Objeto extraño quedan en incierto. Antecedente 2D sin validar: 'excluded_clinic_ids.csv: estado=metal; notas=accesorio'. Severidad y Confianza son cualitativas (leve/moderada/marcada, baja/media/alta) y NO son una escala clinica validada. Criterio usado para Objeto extraño: estructura hiperdensa no anatomica y no continua con hueso. Las laminas muestran 16 cortes axiales, no todo el CT: la ausencia de objetos no queda demostrada. La lateralidad procede de lado_por_x_ras (signo de x en RAS): es geometrica, depende del header; no es lateralidad clinica confirmada. Cantidad aprox. viene del numero de componentes conexos sobre el umbral, no de un conteo de implantes: un componente puede ser un tornillo, un fragmento o varias piezas fusionadas por el artefacto."
dataset6_CLINIC_0056_data,"Estructura densa anular o en asa, de calibre fino, en tejido blando intrapélvico; no contacta hueso","1 componente conexo >=5 vóxeles; recuento de componentes conexos, no de dispositivos","Cavidad pélvica central, por delante del sacro, entre ambas alas ilíacas; sin contacto óseo","izquierda (geométrica, lado_por_x_ras; x RAS -21,0 mm), prácticamente en la línea media; en las láminas se ve centrada",no,sin estriado ni oscurecimiento apreciable en las láminas,media,incierto,sí (propuesto),"hallazgos.json, componente único: 546 vóxeles, 266,76 mm3, HU máx 5754, bbox 19,6 x 10,9 x 19,2 mm, cortes_axiales_ijk 180-203, toca_borde_fov false. axiales.png cortes 181, 183, 186, 188, 190, 192, 194, 197, 199, 201 y 203: dos focos densos pequeños en la línea media que corresponden al corte transversal de un asa. ortogonales.png coronal 222 (anillo completo) y axial 192; proyecciones.png MIP coronal (anillo) y MIP sagital (asa alargada).",proyecciones.png; ortogonales.png; axiales.png,2500,2026-09-07,propuesta sin validar,"Antecedente 2D en revision.csv: 'excluded_clinic_ids.csv: estado=metal; notas=DIU'; observación previa sin validar, no la confirmo ni la descarto y no nombro dispositivo. Metal incierto: el umbral no determina composición. No es osteosíntesis: la estructura no contacta hueso. Sin Grupo duplicado."
dataset6_CLINIC_0058_data,"Foco denso puntiforme único por fuera del contorno cutáneo dorsal, entre la piel y la línea de la mesa; no se observa material de osteosíntesis en el hueso en las láminas",1 componente conexo >=5 vóxeles; número de objetos por determinar,"extracorpórea: dorsal al sacro, en aire entre el paciente y la mesa/colchoneta; cortes axiales 190-192","derecha por lado_por_x_ras (geométrica, x RAS +19.9 mm, casi en línea media; no es lateralidad clínica confirmada)",no,no aplica (sin artefacto identificado en las láminas),media,incierto,sí (propuesto),"hallazgos.json: comp.0 (único) 7 vóx / 4.58 mm3 / HU máx 2641 / bbox 2.7x0.9x2.4 mm / centroide ijk [280,159,191] / cortes axiales 190-192 / toca_borde_fov=false; voxeles_sobre_umbral=7 en todo el volumen. axiales.png: punto blanco por debajo del contorno cutáneo dorsal en los cortes 187, 188, 189, 190, 191, 192, 193 y 194. ortogonales.png: axial 191 y sagital 280 muestran el punto aislado en aire; en la ventana 500/4000 la pelvis no muestra otra señal",proyecciones.png; ortogonales.png; axiales.png (cortes 185-197),2500,2026-09-07,propuesta sin validar,"HU máx del volumen 2641, apenas 141 HU sobre el umbral: el umbral no distingue metal de hueso muy denso, contraste u objeto externo. axiales.png de este caso cubre solo los cortes 185-197 (13 de 350): no se puede afirmar ausencia de objetos en el resto del CT. Sin antecedente 2D y sin grupo duplicado. Severidad y confianza son cualitativas y propias de esta revision visual preliminar, no una escala clinica validada."
dataset6_CLINIC_0066_data,"Foco denso puntual (5 vóxeles) en el borde del FOV, junto al contorno truncado del brazo/pared lateral; puede ser truncamiento de reconstrucción, mesa, brazo o ropa","1 componente conexo sobre umbral, del tamaño mínimo aceptado por el detector (5 vóxeles); por determinar si corresponde a un objeto","Borde lateral derecho del FOV, en el último corte axial del volumen (349), fuera del contorno pélvico","derecha (lado_por_x_ras, geométrica por el signo de x en RAS; no es lateralidad clínica confirmada)",incierto,por determinar,baja,incierto,incierto,"hallazgos.json componente único: 5 vóxeles, 3.11 mm3, bbox 0.9x4.4x0.8 mm, HU máx 2589, cortes_axiales_ijk 349-349, centroide_ijk [457,256,349], toca_borde_fov TRUE. axiales.png: cortes 344-349; el foco no es identificable a simple vista en la lámina. ortogonales.png: axial 349 (brazo/pared lateral cortados por el FOV en el mismo borde). proyecciones.png: los mapas >2500 HU sagital y coronal quedan vacíos; solo el mapa axial muestra un punto aislado.",proyecciones.png; ortogonales.png; axiales.png,2500,2026-09-07,propuesta sin validar,"toca_borde_fov=true es una alerta, no una conclusión; por eso Metal y Objeto extraño quedan en incierto. HU máximo del volumen 2589, apenas 89 HU sobre el umbral: el hallazgo puede ser solo ruido/truncamiento de borde. revision.csv: Antecedente 2D vacío, sin Grupo duplicado, Vóxeles sobre umbral 5. Caso prioritario para recorrer el volumen con explorar.py cortes. Severidad y Confianza son cualitativas, no una escala clínica validada. Objeto extraño se propone como 'cuerpo denso no anatómico visible en las láminas'; no distingue implante de objeto externo ni afirma composición. No se descarta objeto extraño adicional: axiales.png muestra 16 cortes, no todo el CT."
dataset6_CLINIC_0067_data,"Estructura hiperdensa en partes blandas de la pelvis menor, con morfologia de barra transversal y dos ramas cortas; no intraosea",1 (1 componente conexo >2500 HU),"Partes blandas de la pelvis menor, en la linea media del corte, por debajo de una estructura ocupada por gas; cortes axiales 164-184","hallazgos.json lado_por_x_ras=derecha (x=+33.9 mm), geometrica. DISCREPANCIA: en los cortes el objeto aparece en la linea media (i~260 de 512). Sugiere origen del affine no centrado en el paciente; no convertir en lateralidad clinica.",sí,leve,media,sí (propuesto),sí (propuesto),"hallazgos.json comp unico: 474 vox, 271.75 mm3, bbox 22.8x12.7x16.8 mm, HU max 9982, cortes_axiales_ijk 164-184, centroide_ijk [260,263,174]. ortogonales.png axial 174 y coronal 263; axiales.png cortes 165-183. Zoom propio cortes 169/174/179: en 179 se ve una barra transversal con dos focos laterales; en 169 y 174, dos focos separados. Halo de estriacion leve alrededor.",proyecciones.png; ortogonales.png; axiales.png,2500,2026-09-07,propuesta sin validar,"Sin Grupo duplicado en revision.csv. Antecedente 2D en revision.csv: ""excluded_clinic_ids.csv: estado=metal; notas=DIU"". Lo observado es compatible con ese antecedente (objeto pequeno, muy denso, no oseo, en linea media de la pelvis menor), pero no lo confirma: no se identifica modelo, material ni indicacion, y el umbral no distingue metal de contraste o material denso. Metal=si (propuesto) por HU max 9982, muy por encima de hueso cortical, con estriacion asociada. axiales.png muestra 16 cortes, no todo el CT: no permite demostrar ausencia de material. Lectura usada de ""Objeto extrano"": material no anatomico identificable como pieza discreta. Se marca ""si (propuesto)"" solo cuando hay un componente concreto que no es plausiblemente osteosintesis intraosea (extracorporeo o no oseo); en montajes puramente osteosinteticos se deja ""incierto"" porque no se sabe si la columna busca cuerpo extrano distinto del implante. A resolver por la autora. Severidad y Confianza son cualitativas (leve/moderada/marcada; baja/media/alta), no una escala clinica validada."
dataset6_CLINIC_0068_data,Ninguna estructura sobre 2500 HU dentro del contorno corporal; al bajar el umbral a 1500 HU solo aparecen las corticales femorales (anillos) y un foco pequeño en el margen lateral del FOV,"0 componentes conexos a 2500 HU; a 1500 HU 12 componentes, los dos mayores coincidentes con cortical femoral. Sin elementos tipo implante que contar","no aplica dentro del cuerpo (nada sobre umbral); foco extracorpóreo en el margen lateral del FOV, cortes 0-4",por determinar (el único foco extracorpóreo tiene lado_por_x_ras geométrico 'izquierda'; no es lateralidad clínica),no,no aplica,media,no (propuesto),incierto,"hallazgos.json a 2500 HU: voxeles_sobre_umbral=1, hu_max_volumen=2701, 0 componentes de >=5 vóxeles; por eso axiales.png solo rinde los cortes 0-5 (muslos) y no hay nada resaltado. proyecciones.png (MIP sagital, coronal y axial, que sí recorren todo el volumen): el mapa >2500 HU está prácticamente vacío. Reejecución con --hu 1500 (láminas escritas fuera del repositorio, con --out a un directorio temporal, para no sobrescribir las de 2500): comp 0 (5358 vóx, 4077.8 mm3, bbox 25.4x25.4x43.1 mm, HU max 1716, cortes 0-53, i~132) y comp 1 (4096 vóx, 3117.3 mm3, HU max 1653, cortes 0-54, i~409) coinciden con las dos corticales femorales anulares del MIP axial; comp 2 (97 vóx, 73.8 mm3, bbox 6.8x7.8x4.0 mm, HU max 2701, cortes 0-4, i~36, toca_borde_fov=true) es el único material que supera 2500 HU y está fuera del contorno corporal, visible como línea clara en x~40 en axiales.png cortes 0-5.",outputs/laminas/dataset6_CLINIC_0068_data/ : proyecciones.png; ortogonales.png; axiales.png; hallazgos.json ; juego adicional a 1500 HU generado con --out a directorio temporal (no versionado),2500 (y reejecución a 1500),2026-09-07,propuesta sin validar,"Sin Grupo duplicado y sin Antecedente 2D en revision.csv (Cohorte propuesta='pendiente'). 'no (propuesto)' en Metal se apoya en los MIP de proyecciones.png, que sí recorren todo el volumen, más la reejecución a 1500 HU; aun así es una propuesta basada en umbral y densidad, no una exclusión certificada. toca_borde_fov=true en el foco lateral es una ALERTA, no una conclusión: puede ser mesa, soporte, ropa o un objeto cortado por el FOV; por eso Objeto extraño queda incierto. Objeto extraño queda incierto: axiales.png muestra 16 cortes de un volumen de cientos, la ausencia de objetos no se puede demostrar con estas laminas. Severidad y Confianza son etiquetas cualitativas de revision visual, no una escala clinica validada. El umbral HU no distingue metal de contraste, hueso denso, cemento ni objeto externo; nada aqui esta certificado."
dataset6_CLINIC_0069_data,"Estructuras densas situadas por fuera del contorno cutáneo: una banda o arco que cruza por delante de la pared abdominal de un flanco al otro, con agregados densos compactos en ambos extremos laterales","2 a 3 agregados densos principales; total por determinar (12 componentes conexos, 3 de ellos de 2498-4252 vóxeles y 9 de 6-42 vóxeles). El conteo viene de componentes conexos: uno puede fusionar varias piezas por el artefacto","extracorpórea, por fuera del contorno cutáneo en ambos flancos y cruzando por delante de la pared abdominal anterior, a la altura de los cuerpos lumbares bajos y el sacro (cortes 291-349); no intraósea en lo observado","izquierda y derecha (lado_por_x_ras, geométrica por el signo de x en RAS): 9 componentes izquierda y 2 derecha; no es lateralidad clínica confirmada",sí,moderada,media,sí (propuesto),sí (propuesto),"axiales.png cortes 295, 303, 310, 318, 326, 333, 341 y 349: agregados hiperdensos claramente por fuera de la silueta cutánea en ambos flancos, con estrías locales, y trazo lineal que cruza por delante del abdomen. proyecciones.png MIP coronal y MIP axial: arco continuo de flanco a flanco por delante de la pelvis, separado del hueso. hallazgos.json: componente 4252 vóxeles / 2988.95 mm3 / HU máx 21457 / bbox 23.5 x 47.8 x 47.1 mm / cortes 291-349 / izquierda; componente 4155 vóxeles / 2920.76 mm3 / HU máx 18359 / bbox 22.5 x 47.8 x 22.4 mm / cortes 322-349 / derecha; componente 2498 vóxeles / 1755.97 mm3 / HU máx 19617 / bbox 15.0 x 35.6 x 21.6 mm / cortes 312-338 / izquierda. revision.csv: 11097 vóxeles sobre umbral, HU máximo 21457",proyecciones.png; ortogonales.png; axiales.png,2500,2026-09-07,propuesta sin validar,"Objeto extraño se propone sí porque el material está por fuera del contorno cutáneo y no corresponde a anatomía ni a estructura anclada al hueso en lo observado; qué objeto es (accesorio de posicionamiento, prenda, cable) queda por determinar. Metal se propone sí por densidad muy por encima del hueso y estrías asociadas, pero el umbral no establece composición. Dos de los tres componentes grandes tienen toca_borde_fov=true: alerta, parte del objeto puede quedar cortada por el FOV. El Antecedente 2D dice estado=metal; notas=accesorio y coincide con lo observado; es previo y sin validar. Severidad y Confianza son cualitativas (leve/moderada/marcada, baja/media/alta), no una escala clínica validada. Las láminas muestran 16 cortes axiales, no todo el CT: no se demuestra ausencia de objetos. Sin Grupo duplicado en revision.csv. El umbral HU no distingue metal de contraste, hueso denso, cemento ni objeto externo; material, modelo e indicación quedan por determinar."
dataset6_CLINIC_0070_data,"Estructura densa pequeña con contorno en T/flecha (dos ramas y un eje), intrapelvica, no continua con hueso en los cortes revisados",1 (rango 1-2); derivado de 1 componente conexo en hallazgos.json,"Pelvis menor, linea media, en el espacio de partes blandas entre ambas cabezas femorales y por delante del sacro (cortes axiales 172-185)","derecha (geometrica: lado_por_x_ras, x RAS +20.0 mm), practicamente linea media; no es lateralidad clinica confirmada",no,no aplica (sin estrias evidentes alrededor del foco en las axiales),media,incierto,sí (propuesto),"axiales.png cortes 173, 174, 176, 177, 179, 180, 182, 183, 185: foco denso en linea media dentro de la cavidad pelvica; proyecciones.png MIP axial y coronal: contorno en T/flecha; ortogonales.png axial 179, coronal 231, sagital 249. Componente unico de hallazgos.json: 993 voxeles, 325.36 mm3, bbox 18.6x20.5x11.2 mm, HU max 14389, cortes_axiales_ijk 172-185, toca_borde_fov false. revision.csv: 993 voxeles sobre umbral, HU max 14389",proyecciones.png; ortogonales.png; axiales.png,2500 (umbral por defecto de laminas.py; no se repitio con --hu),2026-09-07,propuesta sin validar,"El umbral de 2500 HU no distingue metal de contraste, hueso denso, cemento ni material externo. revision.csv trae Grupo duplicado (hash 62d23a1c...): esta propuesta queda dependiente de resolver ese grupo antes de usar el caso, y los duplicados no se clasifican por separado. Antecedente 2D sin validar en revision.csv: 'excluded_clinic_ids.csv: estado=definitivo; notas=DIU'; no lo confirmo ni lo niego. Lo que se observa es un objeto denso en T intrapelvico; no puedo establecer material, modelo ni indicacion, por eso Metal incierto. Las laminas muestran 16 cortes axiales, no todo el volumen: no se demuestra ausencia de nada. Revision completa pendiente por la autora con explorar.py cortes."
dataset6_CLINIC_0071_data,"Foco denso unico, ovoide, homogeneo, en la superficie cutanea / tejido subcutaneo de la pared abdominal anterolateral alta; no contacta hueso",1 componente conexo (>=5 voxeles) en hallazgos.json; no equivale a numero de objetos,"pared abdominal anterolateral superficial, a nivel de cuerpo vertebral lumbar (craneal a la pelvis osea); extraoseo","izquierda geometrica (lado_por_x_ras, x_RAS = -104.3 mm); no es lateralidad clinica confirmada",incierto,por determinar,media,incierto,sí (propuesto),"hallazgos.json componente 0: 249 voxeles, 121.34 mm3, HU max 5237, bbox 8.6 x 7.0 x 9.6 mm, centroide_ijk [121, 349, 340], cortes_axiales_ijk 335-346, toca_borde_fov false. axiales.png: visible en los cortes 335, 336, 337, 338, 340, 341, 342, 343, 345 y 346. ortogonales.png: sagital 121 / coronal 349 / axial 340, sobre el contorno cutaneo.",proyecciones.png; ortogonales.png; axiales.png,2500,2026-09-07,propuesta sin validar,"Antecedente 2D: 'excluded_clinic_ids.csv: estado=metal; notas=electrodo' (sin validar). Morfologia y posicion practicamente identicas a dataset6_CLINIC_0001_data y _0041_data: conviene revisarlos juntos. Objeto extraño no puede marcarse 'no': las laminas muestran 16 cortes axiales, no todo el volumen; la ausencia no queda demostrada."
dataset6_CLINIC_0072_data,"Estructura densa pequena en forma de T o arco, en tejido blando de la pelvis menor, en la linea media, sin contacto con hueso; ademas dos focos densos milimetricos separados, anteriores y a la derecha, en el limite del contorno cutaneo",por determinar; 4 componentes conexos sobre 2500 HU. Los componentes 1 y 2 son contiguos y podrian pertenecer a un mismo objeto fragmentado por el umbral; los componentes 3 y 4 son de 9 y 8 voxeles,"componentes 1 y 2: linea media de la pelvis menor, en tejido blando, entre ambas alas iliacas; componentes 3 y 4: anteriores y a la derecha, en el limite del contorno cutaneo, no puedo decidir si dentro o fuera de la piel","central para los componentes 1 y 2; derecha para 3 y 4, por lado_por_x_ras (geometrica)",no,no aplica,media,incierto,sí (propuesto),"axiales.png: estructura densa en (i~250, j~350-360) en los cortes 138, 141, 145 y 149; en el corte 149 aparece como barra transversal. Focos milimetricos en (i~355-375, j~425) en los cortes 159, 163, 167, 170, 174, 177, 181 y 185. ortogonales.png: coronal 354 y axial 145 la situan en la linea media pelvica, en tejido blando, sin contacto oseo. hallazgos.json componente 1: 349 vox, 170.41 mm3, bbox 21.9x14.8x10.4 mm, cortes 136-148, hu_max 10637; componente 2: 112 vox, 54.69 mm3, bbox 18.0x4.7x3.2 mm, cortes 147-150, hu_max 8400; componentes 3 y 4: 9 y 8 vox, cortes 172 y 180, hu_max 3524 y 3128",proyecciones.png; ortogonales.png; axiales.png,2500,2026-09-07,propuesta sin validar,"Severidad y confianza son cualitativas, no una escala clinica validada. Lateralidad tomada de lado_por_x_ras (geometrica, signo de x en RAS); si el header estuviera mal orientado, estaria mal. Metal = incierto: hu_max 10637 y tamano milimetrico no permiten separar metal de material radiopaco no metalico; el umbral HU no establece composicion. El antecedente 2D anota estado=metal; notas=DIU (excluded_clinic_ids.csv); es una observacion previa sin validar, no la confirmo. No propongo tipo de dispositivo, material ni indicacion: por determinar. Artefactos = no solo respecto de lo visible en las laminas."
dataset6_CLINIC_0074_data,"Estructura tubular fina, larga y curvada, con un asa/rizo en la pelvis media y trayecto descendente; densidad por debajo de 1500 HU, no capturada por el umbral",por determinar (0 componentes conexos a 2500 HU; a 1500 HU ningún componente reproduce la forma tubular),"Pelvis media, por dentro del contorno corporal; el asa se ve en los cortes 164-174 y el trayecto continúa hacia caudal según proyecciones.png","por determinar (el objeto no genera componente en hallazgos.json, así que no hay lado_por_x_ras que reportar)",no,leve,media,incierto,sí (propuesto),"A 2500 HU: hallazgos.json con 1 vóxel sobre umbral y 'componentes': [] (ninguno). Pese a ello, proyecciones.png (MIP sagital, coronal y axial) muestra un trayecto tubular continuo con un rizo cerrado, y axiales.png cortes 164 a 174 lo muestran como sección curva brillante alrededor de (200-230, 200-330). Repetición con --hu 1500: 3630 vóxeles y 12 componentes, ninguno tubular; el mayor 833 vóx, bbox 8.9x20.4x20.8 mm, cortes 0-25, toca_borde_fov=true, y el de mayor HU 182 vóx con HU máx 2540, bbox 16.9x8.9x5.6 mm, cortes 166-172, de forma compatible con hueso denso y no con el objeto",proyecciones.png; axiales.png; outputs/hu1500/outputs/laminas/dataset6_CLINIC_0074_data/,2500 y repetición a 1500,2026-09-07,propuesta sin validar,"Caso marcado 'Candidato HU=sí' en revision.csv sólo por 1 vóxel sobre 2500 y HU máx 2540: el umbral no explica lo que se ve. El objeto tubular es evidente visualmente pero queda por debajo de 1500 HU, así que el umbral usado cambia por completo el hallazgo. HU máx de todo el volumen 2540 no apoya metal en bloque, pero no excluye un dispositivo fino o poco atenuante: Metal queda incierto. Sin antecedente 2D ni grupo duplicado. Severidad y Confianza son cualitativas, propias de esta revisión visual; no son una escala clínica validada. Aquí 'Objeto extraño' se usa como material ajeno al montaje ortopédico; 'incierto' no significa ausencia: las láminas muestran 16 cortes axiales, no todo el CT."
dataset6_CLINIC_0075_data,"Dos focos redondeados de alta densidad por fuera del contorno cutáneo a nivel de los muslos, más dos elementos alargados y finos de alta densidad en la banda del colchón/mesa; no se observa estructura densa dentro del hueso pélvico en los cortes de la lámina","4 componentes conexos (rango 2-4 objetos; conteo de componentes conexos de hallazgos.json, no de implantes; los dos componentes grandes son contiguos en z y podrían ser un mismo objeto)","Componentes 1 y 2: fuera del contorno corporal, en aire lateral a los muslos (cortes axiales ijk 5-21 y 26-42). Componentes 3 y 4: en la banda del colchón/mesa por debajo del cuerpo (cortes axiales ijk 164-167 y 324-329). Ninguno en pelvis ósea","3 componentes 'izquierda' y 1 'derecha' por lado_por_x_ras (lateralidad geométrica por signo de x en RAS, no clínica)",no,no aplica,media,incierto,sí (propuesto),"hallazgos.json: comp.1 594 vóx / 290.03 mm3 / bbox 14.1x10.2x13.6 mm / HU máx 6400 / cortes 5-21; comp.2 590 vóx / 288.08 mm3 / bbox 14.8x9.4x13.6 mm / HU máx 6955 / cortes 26-42; comp.3 36 vóx / 17.58 mm3 / bbox 10.2x3.1x3.2 mm / cortes 164-167; comp.4 29 vóx / 14.16 mm3 / bbox 8.6x3.9x4.8 mm / cortes 324-329; ninguno toca borde de FOV. ortogonales.png axial 35 muestra el componente resaltado en aire, lateral al muslo, fuera del contorno cutáneo; sagital 54 lo sitúa en la parte inferior del volumen. proyecciones.png (MIP axial y mapa >2500 HU) muestra los dos focos grandes fuera del cuerpo y los dos elementos finos en la banda del colchón. axiales.png cortes 0 y 22 muestran el colchón con su patrón circular bajo el paciente. revision.csv: Vóxeles sobre umbral=1249, HU máximo=7292",experiments/exploration-3d/outputs/laminas/dataset6_CLINIC_0075_data/proyecciones.png; experiments/exploration-3d/outputs/laminas/dataset6_CLINIC_0075_data/ortogonales.png; experiments/exploration-3d/outputs/laminas/dataset6_CLINIC_0075_data/axiales.png,2500,2026-09-07,propuesta sin validar,"Severidad (leve/moderada/marcada) y Confianza (baja/media/alta) son escalas cualitativas de esta revisión visual, no una escala clínica validada. Antecedente 2D: 'excluded_clinic_ids.csv: estado=metal; notas=accesorio'; concuerda con lo observado, pero sigue sin validar. Los cortes de axiales.png (0-334) no caen exactamente sobre los cortes de los componentes 1 y 2 (5-21 y 26-42); la evidencia directa de esos dos viene de ortogonales.png axial 35 y de proyecciones.png. Metal incierto: el umbral no determina composición."
dataset6_CLINIC_0076_data,"Objeto hiperdenso alargado y segmentado (aspecto arrosariado) apoyado sobre la cara anterior del muslo, por fuera del contorno cutaneo",3 componentes conexos alineados y contiguos; probablemente un unico objeto dividido por el umbral; rango 1-3; por determinar,"Extracorporea/superficial, anterior al muslo izquierdo, en el extremo caudal del volumen (cortes axiales 12-33), por debajo de la pelvis osea; en esos cortes solo se ven ambos femures. No hay estructura densa intraosea en los cortes mostrados","Geometrica por x RAS: izquierda en los tres componentes (x=-110.8, -136.2 y -147.4 mm). No es lateralidad clinica",no,no aplica (no se observa artefacto en los cortes mostrados),media,incierto,sí (propuesto),"hallazgos.json componente 1: 866 voxeles, 510.05 mm3, bbox 20.6x10.3x10.4 mm, HU max 9741, cortes 12-24. Componente 2: 417 voxeles, 245.6 mm3, bbox 12.9x10.3x7.2 mm, HU max 8365, cortes 24-32. Componente 3: 308 voxeles, 181.4 mm3, bbox 9.4x8.6x7.2 mm, HU max 6195, cortes 25-33. Los tres con toca_borde_fov=false. Se ven en axiales.png cortes 15, 17, 19, 21, 23, 25, 27, 29 y 31 como una banda segmentada por delante y por fuera de la piel del muslo, y en ortogonales.png (coronal 343 y axial 23). proyecciones.png MIP coronal los muestra alineados por debajo de los femures. revision.csv: Voxeles sobre umbral=1591, HU maximo=9741, Candidato HU=si, sin Grupo duplicado",experiments/exploration-3d/outputs/laminas/dataset6_CLINIC_0076_data/proyecciones.png; ortogonales.png; axiales.png; hallazgos.json,2500,2026-09-07,propuesta sin validar,"Objeto extraño se propone porque el objeto aparece separado del contorno cutaneo y sin continuidad con hueso en los cortes mostrados; el material no se puede establecer con el umbral. No se propone modelo, marca ni finalidad. Antecedente 2D sin validar: 'excluded_clinic_ids.csv: estado=metal; notas=accesorio'. Severidad y Confianza son cualitativas (leve/moderada/marcada, baja/media/alta) y NO son una escala clinica validada. Criterio usado para Objeto extraño: estructura hiperdensa no anatomica y no continua con hueso. Las laminas muestran 16 cortes axiales, no todo el CT: la ausencia de objetos no queda demostrada. La lateralidad procede de lado_por_x_ras (signo de x en RAS): es geometrica, depende del header; no es lateralidad clinica confirmada. Cantidad aprox. viene del numero de componentes conexos sobre el umbral, no de un conteo de implantes: un componente puede ser un tornillo, un fragmento o varias piezas fusionadas por el artefacto."
dataset6_CLINIC_0077_data,"Vóxeles densos alineados sobre una línea curva fina en la periferia del FOV, por fuera del contorno corporal; morfología no atribuible a un implante",2 componentes conexos >=5 vóxeles; por determinar como número de objetos,"Fuera del contorno corporal, borde lateral del FOV, al nivel de los cortes 300-328; sin contacto óseo ni estructura densa intracorporal en las láminas","derecha (geométrica, lado_por_x_ras; x RAS +244,8 y +243,2 mm); lado derecho de la imagen",no,sin estriado ni oscurecimiento apreciable en las láminas,baja,incierto,incierto,"hallazgos.json: comp1 97 vóxeles, 63,42 mm3, HU máx 3034, bbox 1,8 x 6,3 x 23,2 mm, cortes 300-328; comp2 54 vóxeles, 35,31 mm3, HU máx 3077, bbox 1,8 x 3,6 x 13,6 mm, cortes 301-317; ambos toca_borde_fov false. En ortogonales.png axial 314 (recorte ampliado) los vóxeles marcados caen exactamente sobre una línea curva delgada que atraviesa el FOV, con un cuerpo de partes blandas apoyado encima. axiales.png cortes 295, 297, 300, 302, 305, 307, 310, 312, 315, 317, 320, 322, 325, 327, 330 y 333 muestran esa misma línea y ninguna estructura densa dentro del contorno corporal.",proyecciones.png; ortogonales.png; axiales.png,2500,2026-09-07,propuesta sin validar,"toca_borde_fov es false pero la estructura está en la periferia del FOV: puede ser mesa, soporte, brazo o ropa; queda incierto. Objeto extraño incierto: las 16 axiales no recorren el volumen y no demuestran ausencia de objetos intracorporales. Es candidato HU con solo 151 vóxeles sobre umbral y HU máx 3077. Sin antecedente 2D y sin Grupo duplicado."
dataset6_CLINIC_0078_data,"Foco denso pequeño, con aspecto anular (centro hipodenso) en varios cortes, en/junto al contorno cutáneo anterior del lado derecho geométrico; no se observa material de osteosíntesis en el hueso en las láminas","por determinar; 2 componentes conexos >=5 vóxeles, contiguos entre sí en z (cortes 44-49)","anterior, a la altura de ramas isquiopubianas y fémures proximales; cortes axiales 43-54. No se resuelve en las láminas si es intracorpóreo (pared abdominal/inguinal) o apoyado sobre la piel","derecha por lado_por_x_ras (geométrica, x RAS +74.4 y +80.2 mm; no es lateralidad clínica confirmada)",no,no aplica (sin artefacto identificado en las láminas),media,incierto,sí (propuesto),"hallazgos.json: comp.0 26 vóx / 12.7 mm3 / HU máx 3321 / bbox 2.3x3.9x3.2 mm / centroide ijk [336,349,46] / cortes axiales 44-47; comp.1 9 vóx / 4.4 mm3 / HU máx 3278 / bbox 1.6x2.3x2.4 mm / ijk [344,350,48] / cortes 47-49; toca_borde_fov=false. axiales.png: foco brillante en (i≈340, j≈350) en los cortes 43, 44, 45, 46, 47, 48, 49 y 50, y con aspecto de anillo en 51, 52, 53 y 54. ortogonales.png: axial 46, sagital 338 y coronal 349 lo muestran separado de la silueta ósea. proyecciones.png: MIP sagital y coronal con el foco aislado, sin continuidad con el hueso",proyecciones.png; ortogonales.png; axiales.png (cortes 39-54),2500,2026-09-07,propuesta sin validar,"HU máx 3321: el umbral no distingue metal de hueso denso, contraste, cemento u objeto externo. El aspecto anular de los cortes 51-54 sugiere una estructura hueca en corte transversal, pero su naturaleza queda por determinar. axiales.png solo muestra 16 cortes del volumen: no demuestra ausencia de objetos en el resto del CT. Sin antecedente 2D y sin grupo duplicado. Severidad y confianza son cualitativas y propias de esta revision visual preliminar, no una escala clinica validada."
dataset6_CLINIC_0080_data,"Dos focos densos pequeños, casi simétricos respecto de la línea media, en tejido blando de la pelvis media, sin continuidad con hueso","2 componentes conexos (podrían ser dos porciones o dos brazos de un mismo objeto; el conteo es de componentes conexos, no de dispositivos)","Cavidad pélvica media, línea media, entre ambos huesos coxales y por delante del sacro, fuera de estructura ósea (cortes axiales 192-197)","paramediana bilateral: componente 1 izquierda y componente 2 derecha por lado_por_x_ras (geométrica, centroides x = -13.8 mm y +10.1 mm)",sí,leve,media,incierto,sí (propuesto),"hallazgos.json componente 1: 216 vóxeles, 105.53 mm3, bbox 7.0x7.0x4.8 mm, HU máx 13069, cortes 192-197, centroide_ijk [226,317,194]. Componente 2: 202 vóxeles, 98.69 mm3, bbox 7.0x7.8x4.8 mm, HU máx 13843, cortes 192-197, centroide_ijk [257,322,195]. Ambos toca_borde_fov false. axiales.png: los dos focos y estrías finas radiadas en los cortes 193, 194, 195 y 196; en 192 y 197 apenas se insinúan; ausentes en 187-190 y 198-202. ortogonales.png: axial 194 y coronal 319 muestran los dos focos separados por unos milímetros.",proyecciones.png; ortogonales.png; axiales.png,2500,2026-09-07,propuesta sin validar,"revision.csv: Antecedente 2D = 'excluded_clinic_ids.csv: estado=metal; notas=DIU' (observación previa sin validar). La posición en línea media dentro de la pelvis y la disposición pareada son compatibles con ese antecedente, pero no lo confirmo ni lo descarto: el umbral HU no distingue metal de contraste, cemento ni material radiopaco no metálico. HU máximo 13843, muy por encima del umbral. Sin Grupo duplicado. Severidad y Confianza son cualitativas, no una escala clínica validada. Objeto extraño se propone como 'cuerpo denso no anatómico visible en las láminas'; no distingue implante de objeto externo ni afirma composición. No se descarta objeto extraño adicional: axiales.png muestra 16 cortes, no todo el CT."
dataset6_CLINIC_0084_data,"Dos focos densos redondeados de ~6 mm, superficiales, apoyados en el contorno cutaneo anterior de la linea media; no intraoseos","2 (2 componentes conexos >2500 HU; el conteo es de componentes conexos, no de objetos)","Superficie cutanea anterior de la linea media, caudal a la sinfisis del pubis (nivel perineal/genital); cortes axiales 71-83","lado_por_x_ras=central para ambos componentes (x=+0.7 y -3.6 mm). Geometrica, derivada del signo de x en RAS.",no,no aplica (sin estrias ni oscurecimiento visibles),media,incierto,sí (propuesto),"hallazgos.json comp1: 171 vox, 107.0 mm3, bbox 6.2x6.2x5.6 mm, HU max 3062, cortes 77-83, centroide_ijk [236,307,80]. comp2: 156 vox, 97.62 mm3, bbox 6.2x6.2x6.4 mm, HU max 3050, cortes 71-78, centroide_ijk [231,303,75]. ortogonales.png sagital 234, coronal 305 y axial 77. Zoom propio cortes 75 y 80: dos esferas densas apoyadas sobre la linea cutanea anterior, fuera del plano oseo.",proyecciones.png; ortogonales.png; axiales.png,2500,2026-09-07,propuesta sin validar,"Sin Grupo duplicado en revision.csv. Antecedente 2D en revision.csv: ""excluded_clinic_ids.csv: estado=metal; notas=piercing"". La morfologia observada (dos esferas de ~6 mm sobre la piel de la linea media anterior) es compatible con ese antecedente, pero no lo confirma: no se determina material ni tipo de objeto. Metal=incierto porque HU max 3062 es solo moderadamente superior a hueso denso y no hay estriacion marcada. axiales.png muestra 16 cortes, no todo el CT: no permite demostrar ausencia de material. Lectura usada de ""Objeto extrano"": material no anatomico identificable como pieza discreta. Se marca ""si (propuesto)"" solo cuando hay un componente concreto que no es plausiblemente osteosintesis intraosea (extracorporeo o no oseo); en montajes puramente osteosinteticos se deja ""incierto"" porque no se sabe si la columna busca cuerpo extrano distinto del implante. A resolver por la autora. Severidad y Confianza son cualitativas (leve/moderada/marcada; baja/media/alta), no una escala clinica validada."
dataset6_CLINIC_0089_data,"Dos agrupaciones de focos densos pequeños, ambas POR FUERA del contorno cutáneo (una posterolateral, otra anterior en el extremo superior del volumen); ninguna estructura sobre umbral dentro del hueso en los cortes revisados","4 componentes conexos sobre 2500 HU (2 de 296-506 vóxeles y 2 de 14-17 vóxeles adyacentes al mayor); número de objetos reales por determinar, se cuentan componentes conexos","extracorpórea: margen posterolateral del contorno cutáneo a la altura de los cortes 211-223 (comp 0, 2 y 3) y superficie anterior en los cortes 341-349 (comp 1)","lado_por_x_ras (geométrico, signo de x en RAS): derecha comp 0, 2 y 3; izquierda comp 1. No es lateralidad clínica confirmada",no,no aplica (sin estrías ni oscurecimiento visibles en los cortes revisados),media,incierto,incierto,"axiales.png corte 215: foco denso en (i~452, j~147), en el borde del contorno cutáneo posterolateral = comp 0 (506 vóx, 277.2 mm3, bbox 15.7x10.8x10.4 mm, HU max 8619, cortes 211-223), con comp 2 (17 vóx, cortes 213-215) y comp 3 (14 vóx, cortes 213-215) inmediatamente adyacentes. axiales.png corte 349: foco en (i~116, j~371) sobre la superficie anterior = comp 1 (296 vóx, 162.2 mm3, bbox 7.4x6.6x7.2 mm, HU max 10676, cortes 341-349, toca_borde_fov=true). ortogonales.png axial 262 y coronal 227: no se ve foco sobre umbral dentro del hueso pélvico. Observación adicional, no relacionada con el umbral: en axiales.png cortes 244-349 se ve bajo el paciente una hilera de cilindros regulares (aspecto de maniquí de calibración o de colchón), muy por debajo de 2500 HU.",outputs/laminas/dataset6_CLINIC_0089_data/ : proyecciones.png; ortogonales.png; axiales.png; hallazgos.json,2500,2026-09-07,propuesta sin validar,"Sin Grupo duplicado. Antecedente 2D 'excluded_clinic_ids.csv: estado=metal; notas=electrodo': el antecedente dice 'metal', y lo observado es material muy denso pero EXTRACORPÓREO, no un implante; el antecedente no manda sobre lo visto. toca_borde_fov=true en comp 1 es una ALERTA: el foco anterior está en el corte superior del volumen y puede estar cortado por el FOV. Objeto extraño queda incierto: axiales.png muestra 16 cortes de un volumen de cientos, la ausencia de objetos no se puede demostrar con estas laminas. Severidad y Confianza son etiquetas cualitativas de revision visual, no una escala clinica validada. El umbral HU no distingue metal de contraste, hueso denso, cemento ni objeto externo; nada aqui esta certificado."
dataset6_CLINIC_0091_data,"Múltiples focos densos pequeños y compactos, dispersos por fuera del contorno cutáneo y sobre la camilla, a lo largo de casi todo el eje z; ninguno intraóseo en lo observado",por determinar; 10 componentes conexos (8 de 101 a 2165 vóxeles y 2 de 12-19 vóxeles). El conteo viene de componentes conexos y no equivale a número de objetos,"extracorpórea: adyacente a la superficie cutánea de muslos, caderas y flancos, y por delante o por encima del abdomen sobre la camilla o la ropa; cortes 10-322, sin contacto con hueso en lo observado","izquierda y derecha (lado_por_x_ras, geométrica por el signo de x en RAS): 4 componentes izquierda y 6 derecha; no es lateralidad clínica confirmada",sí,leve,media,sí (propuesto),sí (propuesto),"axiales.png corte 47: foco hiperdenso por fuera del muslo, en aire, hacia x aproximadamente 60. corte 133: foco hiperdenso por fuera de la cadera, hacia x aproximadamente 440. cortes 112, 176, 198, 219, 262, 284 y 305: focos pequeños y estructuras densas por encima del abdomen, fuera del contorno corporal. proyecciones.png MIP sagital y coronal: focos aislados y dispersos, ninguno proyectado sobre el hueso. hallazgos.json: componente 2165 vóxeles / 1649.96 mm3 / HU máx 17119 / bbox 18.5 x 12.7 x 21.6 mm / cortes 28-54 / izquierda; componente 1115 vóxeles / 849.75 mm3 / HU máx 16267 / bbox 15.6 x 16.6 x 24.0 mm / cortes 120-149 / derecha; componente 755 vóxeles / 575.39 mm3 / HU máx 18879 / bbox 10.7 x 9.8 x 21.6 mm / cortes 296-322 / izquierda. revision.csv: 4844 vóxeles sobre umbral, HU máximo 18879",proyecciones.png; ortogonales.png; axiales.png,2500,2026-09-07,propuesta sin validar,"Objeto extraño se propone sí porque todos los focos densos observados quedan por fuera del contorno cutáneo y ninguno se relaciona con hueso; su naturaleza (accesorio, electrodo, cierre de prenda, objeto sobre la camilla) queda por determinar. Ningún componente tiene toca_borde_fov=true. El Antecedente 2D dice estado=metal; notas=accesorio y coincide con lo observado; es previo y sin validar. Severidad y Confianza son cualitativas (leve/moderada/marcada, baja/media/alta), no una escala clínica validada. Las láminas muestran 16 cortes axiales, no todo el CT: no se demuestra ausencia de objetos. Sin Grupo duplicado en revision.csv. El umbral HU no distingue metal de contraste, hueso denso, cemento ni objeto externo; material, modelo e indicación quedan por determinar."
dataset6_CLINIC_0093_data,"Foco denso pequeño, elongado en el eje craneocaudal, situado en el plano superficial de la pared anterior; no intraoseo",1 (rango 1-2); derivado de 1 componente conexo en hallazgos.json,"Superficie/plano cutaneo-subcutaneo de la pared abdominal baja - region suprapubica anterior, por delante de los planos musculares (cortes axiales 71-97)","izquierda (geometrica: lado_por_x_ras, x RAS -57.6 mm), paramediana; no es lateralidad clinica confirmada",incierto,leve (halo/blooming local en 74-96; no se distinguen estrias francas),media,incierto,sí (propuesto),"axiales.png cortes 74, 79, 83, 88, 92, 96: foco denso puntiforme en el borde anterior del contorno cutaneo, con el resto del corte sin material denso; ortogonales.png sagital 180, coronal 389 y axial 80; proyecciones.png MIP axial: unico foco sobre umbral. Componente unico de hallazgos.json: 996 voxeles, 486.32 mm3, bbox 8.6x7.8x21.6 mm, HU max 16682, cortes_axiales_ijk 71-97, toca_borde_fov false. revision.csv: 999 voxeles sobre umbral, HU max 16682",proyecciones.png; ortogonales.png; axiales.png,2500 (umbral por defecto de laminas.py; no se repitio con --hu),2026-09-07,propuesta sin validar,"El umbral de 2500 HU no distingue metal de contraste, hueso denso, cemento ni material externo. Antecedente 2D sin validar en revision.csv: 'excluded_clinic_ids.csv: estado=metal; notas=piercing'; no lo confirmo. Lo observable es un objeto denso superficial en la pared anterior: compatible tanto con un objeto sobre la piel como con uno atravesando el plano cutaneo, y las laminas no permiten separarlos; por eso Metal incierto. 'Objeto extraño: sí' se apoya en su posicion superficial no anatomica, no en el umbral. Sin Grupo duplicado. Las laminas muestran 16 cortes axiales, no todo el volumen: no se demuestra ausencia de nada. Revision completa pendiente por la autora con explorar.py cortes."
dataset6_CLINIC_0097_data,"Foco denso pequeño en la superficie cutanea / tejido subcutaneo de la pared lateral, adyacente al ala iliaca; ningun componente conexo alcanza el minimo de 5 voxeles",0 componentes conexos >=5 voxeles (lista 'componentes' vacia); 20 voxeles sueltos sobre umbral. Cantidad real por determinar,"pared lateral del abdomen bajo / region de la cresta iliaca, superficial; extraoseo","por determinar; hallazgos.json no aporta lado_por_x_ras al no haber componentes. En las laminas el foco cae en el extremo de indice i bajo (i ~ 89), que con el eje 'R->' corresponde al lado geometrico izquierdo",incierto,por determinar,baja,incierto,incierto,"hallazgos.json: voxeles_sobre_umbral = 20, hu_max_volumen = 2781.0, componentes = [] (ninguno alcanza minimo_voxeles_componente = 5). axiales.png: foco visible en los cortes 233, 234, 235, 236, 238, 239, 240, 241, 243, 244 y 245. ortogonales.png: sagital 89 / coronal 257 / axial 237.",proyecciones.png; ortogonales.png; axiales.png,2500,2026-09-07,propuesta sin validar,"Sin antecedente 2D y sin grupo duplicado en revision.csv. Es candidato HU solo por 20 voxeles y HU max 2781, valor alcanzable por hueso cortical muy denso o por parcial de volumen: fila de baja fuerza. Se sugiere repetir laminas.py con --hu 1500 para ver si el foco es un objeto compacto o un borde oseo. Objeto extraño no puede marcarse 'no': las laminas muestran 16 cortes axiales, no todo el volumen; la ausencia no queda demostrada."
dataset6_CLINIC_0102_data,"Objeto denso unico, compacto, situado en el aire por fuera del contorno cutaneo del flanco izquierdo, adyacente a una estructura curva fina tambien extracorporea que cruza la imagen",por determinar; 1 componente conexo sobre 2500 HU en hallazgos.json,"extracorporea, lateral izquierda, a la altura de las alas iliacas y el sacro superior segun los cortes mostrados; separado del cuerpo por aire en todos los cortes en que aparece",izquierda por lado_por_x_ras (geometrica; x_ras -244.6 mm),no,no aplica,media,sí (propuesto),sí (propuesto),"axiales.png: foco denso en (i~35, j~220) fuera del contorno cutaneo en los cortes 210, 213, 217, 220, 224, 227, 231, 234, 238, 241 y 245. ortogonales.png: axial 232, coronal 226 y sagital 34 lo muestran rodeado de aire, fuera del cuerpo, junto a un arco fino extracorporeo. hallazgos.json componente unico: 1870 vox, 1426.88 mm3, bbox 12.7x15.6x35.2 mm, cortes 208-251, hu_max 15467, toca_borde_fov false",proyecciones.png; ortogonales.png; axiales.png,2500,2026-09-07,propuesta sin validar,"Severidad y confianza son cualitativas, no una escala clinica validada. Lateralidad tomada de lado_por_x_ras (geometrica, signo de x en RAS); si el header estuviera mal orientado, estaria mal. Antecedente 2D: estado=metal; notas=accesorio, observacion previa sin validar. El arco fino adyacente no supera el umbral y no genera componente; podria ser mesa, soporte o dispositivo de posicionamiento: por determinar. revision.csv registra HU minimo -2913, por debajo de -1024, lo que sugiere artefacto de reconstruccion en el volumen; conviene que la autora lo mire. Artefactos = no solo respecto de lo visible en las laminas."
dataset7_CLINIC_metal_0000_data,Vástagos rectilíneos largos que atraviesan ambas alas ilíacas y la pared abdominal y terminan en conjuntos densos voluminosos situados fuera del contorno corporal; material alargado en fémur proximal y diáfisis; dos elementos alargados finos adicionales a nivel alto,"7 componentes conexos >=5 vóxeles (5 con más de 100 vóxeles); es un conteo de componentes conexos, no de implantes: un componente puede fusionar varios elementos por el artefacto",Fémur proximal/diáfisis (cortes 0-147); ambas alas ilíacas y tejidos blandos anteriores con extensión extracorpórea (cortes 140-216); dos elementos finos a nivel lumbosacro alto (cortes 265-275),"lado_por_x_ras (geométrica, signo de x en RAS): izquierda comp.1 y comp.2, derecha comp.3 y comp.5, central comp.4. comp.2 y comp.3 tienen bbox y de 170.9 y 168.0 mm, así que se extienden muy lejos del centroide",sí,marcada,alta,sí (propuesto),sí (propuesto),"hallazgos.json comp.1: 43261 vóx, 18950.04 mm3, HU máx 8409, bbox 62.2x66.6x118.4 mm, cortes 0-147, toca_borde_fov=true; comp.2: 36317 vóx, 15908.30 mm3, HU máx 19828, bbox 97.7x170.9x61.6 mm, cortes 140-216; comp.3: 33850 vóx, 14827.65 mm3, HU máx 18154, bbox 65.9x168.0x58.4 mm, cortes 144-216; comp.4: 909 vóx, bbox 28.1x14.1x7.2 mm, cortes 267-275. En axiales.png cortes 149, 168 y 186 se ven dos masas densas en ~(80,380) y ~(420,430), claramente por fuera de la silueta corporal, unidas al hueso por vástagos rectilíneos; axiales.png cortes 186 y 205 muestran estrías intensas y bandas oscuras. proyecciones.png (MIP coronal y sagital) muestra los vástagos y sus anclajes externos",proyecciones.png; axiales.png,2500,2026-09-07,propuesta sin validar,"comp.1 tiene toca_borde_fov=true (cortes 0-147): es una alerta, no una conclusión; el material está cortado por el FOV inferior y no puedo saber su extensión real ni descartar que se mezcle con mesa o soporte. Los anclajes situados fuera del contorno corporal son lo que sostiene 'Objeto extraño: sí (propuesto)'; no nombro el dispositivo ni la indicación quirúrgica. Sin antecedente 2D ni grupo duplicado en revision.csv. Severidad y Confianza son cualitativas, propias de esta revisión visual; no son una escala clínica validada. Aquí 'Objeto extraño' se usa como material ajeno al montaje ortopédico; 'incierto' no significa ausencia: las láminas muestran 16 cortes axiales, no todo el CT."
dataset7_CLINIC_metal_0001_data,Cúmulo intraóseo de alta densidad con elementos alargados de contorno roscado en la pelvis anterior; estructura alargada rectilínea que cruza la región sacroilíaca; microfocos de alta densidad alineados en fila fuera del contorno corporal,"12 componentes conexos: 2 grandes (intraóseos) y 10 pequeños de 5-27 vóxeles; número de dispositivos por determinar (un componente conexo puede ser un tornillo, un fragmento o varios elementos fusionados por el artefacto)","1) Pelvis anterior, región púbica y periacetabular, cortes axiales ijk 45-128; 2) región sacroilíaca / ala sacra, cortes axiales ijk 204-224; 3) fuera del contorno corporal, anterior al abdomen, cortes axiales ijk 102-112","Componentes 1 y 2 'derecha' por lado_por_x_ras (x_ras 19.5 y 28.0, es decir muy cerca de la línea media; la bbox del comp.1 cruza el eje medio); microfocos externos 'izquierda'. Lateralidad geométrica por signo de x en RAS, no clínica",sí,marcada,media,sí (propuesto),sí (propuesto),"hallazgos.json: comp.1 19387 vóxeles / 8447.73 mm3 / bbox 50.9x64.2x67.2 mm / HU máx 19864 / cortes 45-128; comp.2 4070 vóxeles / 1773.47 mm3 / bbox 84.9x8.1x16.8 mm / HU máx 9402 / cortes 204-224; comps. 3-12 de 5 a 27 vóxeles en los cortes 102-112 (i 209-262, j 378-384) más uno en el corte 237. axiales.png: el cúmulo intraóseo y sus estrías se ven en los cortes 53, 67, 80, 94, 108 y 121; la estructura rectilínea transversal se ve como una barra recta en el corte 216; la fila de microfocos fuera del contorno cutáneo se ve en el corte 108 (banda punteada en j~465). proyecciones.png (MIP coronal y sagital) muestra la barra recta larga y el cúmulo con elementos roscados. revision.csv: Vóxeles sobre umbral=23662, HU máximo=19864",experiments/exploration-3d/outputs/laminas/dataset7_CLINIC_metal_0001_data/proyecciones.png; experiments/exploration-3d/outputs/laminas/dataset7_CLINIC_metal_0001_data/ortogonales.png; experiments/exploration-3d/outputs/laminas/dataset7_CLINIC_metal_0001_data/axiales.png,2500,2026-09-07,propuesta sin validar,"Severidad (leve/moderada/marcada) y Confianza (baja/media/alta) son escalas cualitativas de esta revisión visual, no una escala clínica validada. No se propone modelo, material, marca ni indicación quirúrgica: solo morfología observada. Metal 'sí (propuesto)': el umbral HU no distingue metal de contraste, cemento ni hueso muy denso, pero la morfología rectilínea y roscada junto al artefacto en estrella lo sugieren; requiere validación. Objeto extraño 'sí (propuesto)' se refiere a los microfocos fuera del contorno corporal (cortes 102-112); no se puede determinar si son accesorio de mesa, ropa o electrodos. Sin Antecedente 2D ni Grupo duplicado en revision.csv."
dataset7_CLINIC_metal_0002_data,"Barra densa larga y curva de trayecto anterior, superficial respecto al hueso, con extremos engrosados sobre ambas regiones supraacetabulares; segunda estructura lineal alargada en la region sacroiliaca/iliaca posterior; dos focos puntiformes adicionales, uno de ellos en la periferia coincidente con el arco de la mesa/soporte",4 componentes conexos (2 mayores y 2 de <=17 voxeles); rango 2-6 elementos; no es conteo de implantes,"Barra curva: plano anterior de la pelvis, superficial/subcutanea, cruzando la linea media, cortes axiales 170-239. Estructura lineal: region sacroiliaca/iliaca posterior, cortes 255-274. Focos puntiformes: cortes 262 y 104-105","Geometrica por x RAS: el componente mayor cruza la linea media (bbox 245.8 mm en x, centroide x=-11.4 mm, etiquetado 'izquierda' solo por el signo del centroide); componente 2 x=-53.4 mm (izquierda). Bilateral de hecho. No es lateralidad clinica",sí,moderada,media,sí (propuesto),incierto,"hallazgos.json componente 1: 16576 voxeles, 11666.37 mm3, bbox 245.8x106.9x56.0 mm, HU max 7274, cortes 170-239, toca_borde_fov=false; se ve en axiales.png cortes 175, 189, 202, 216 y 229, y en ortogonales.png axial 203 (ventanas -200/2000 y 500/4000) con halo denso y estrias alrededor. Componente 2: 1289 voxeles, 907.21 mm3, bbox 108.8x18.8x16.0 mm, HU max 5821, cortes 255-274; se ve en axiales.png cortes 256 y 270. Componentes 3 y 4: 17 y 5 voxeles, cortes 262 y 104-105. proyecciones.png MIP coronal y MIP axial muestran la barra curva completa. revision.csv: Voxeles sobre umbral=17909, HU maximo=7274, Candidato HU=si, sin Grupo duplicado",experiments/exploration-3d/outputs/laminas/dataset7_CLINIC_metal_0002_data/proyecciones.png; ortogonales.png; axiales.png; hallazgos.json,2500,2026-09-07,propuesta sin validar,"Metal 'si (propuesto)' se apoya en la geometria regular de barra con extremos engrosados y en el halo/estrias, no en el umbral: el umbral no distingue metal de contraste, cemento ni hueso denso. Objeto extraño queda incierto porque las laminas no permiten separar 'implante quirurgico' de 'objeto extraño no quirurgico'. Antecedente 2D sin validar (Tabla compañera.jpeg): 'Tornillo de fijacion | 1 dominante | Pelvis posterior / region sacroiliaca'; lo observado incluye ademas una barra anterior larga que ese antecedente no describe. Existe anotacion parcial previa de otro asistente (Codex), tambien sin validar. Severidad y Confianza son cualitativas (leve/moderada/marcada, baja/media/alta) y NO son una escala clinica validada. Criterio usado para Objeto extraño: estructura hiperdensa no anatomica y no continua con hueso. Las laminas muestran 16 cortes axiales, no todo el CT: la ausencia de objetos no queda demostrada. La lateralidad procede de lado_por_x_ras (signo de x en RAS): es geometrica, depende del header; no es lateralidad clinica confirmada. Cantidad aprox. viene del numero de componentes conexos sobre el umbral, no de un conteo de implantes: un componente puede ser un tornillo, un fragmento o varias piezas fusionadas por el artefacto."
dataset7_CLINIC_metal_0003_data,"Estructuras alargadas con hileras regulares de orificios (compatibles con placas); múltiples elementos lineales largos, alguno con extremo ensanchado (compatibles con tornillos); hilera curva de elementos densos pequeños regularmente espaciados sobre el contorno cutáneo del flanco","por determinar; 12 componentes conexos >=5 vóxeles en hallazgos.json, y los dos mayores (20816 y 12855 vóxeles) probablemente fusionan varios implantes por el artefacto; en el MIP coronal se distinguen al menos 3 estructuras alargadas perforadas y >=6 elementos lineales","Hemipelvis derecha: ala y cresta ilíaca, región sacroilíaca/paramediana y borde pélvico, con elementos lineales que se proyectan hacia la línea media y hacia la región acetabular; además hilera de elementos pequeños sobre la piel del flanco",derecha (geométrica): lado_por_x_ras da 'derecha' en 8 de 12 componentes y 'central' en el mayor; en la lámina coronal (convención R->) todo el material queda a la derecha del eje corporal. Ver Notas sobre el origen x RAS,sí,marcada,media,sí (propuesto),incierto,"hallazgos.json: comp1 20816 vóxeles / 12144,04 mm3 / HU máx 18605 / bbox 78,6 x 128,1 x 184,0 mm / cortes 98-327; comp2 12855 vóxeles / 7499,60 mm3 / HU máx 18451 / bbox 73,4 x 81,1 x 88,8 mm / cortes 239-349 / toca_borde_fov TRUE; comp3 1701 vóxeles cortes 207-234; comp4 1629 vóxeles cortes 222-267; comp5 757 vóxeles cortes 147-250; comp7 699 vóxeles cortes 175-231. Material denso en axiales.png cortes 116, 139, 162, 186, 209, 232, 255, 279, 302 y 325; estrías radiadas claras en los cortes 209, 232, 255, 279 y 302. ortogonales.png coronal 249 y axial 252; proyecciones.png MIP coronal, cuyo recorte ampliado deja ver los orificios de las placas y la hilera curva de elementos pequeños sobre la piel.",proyecciones.png; ortogonales.png; axiales.png,2500,2026-09-07,propuesta sin validar,"Este caso ya tenía anotación parcial en revision.csv firmada por otro asistente (Codex, propuesta visual preliminar) y un antecedente 2D 'Tabla compañera.jpeg: Placa con múltiples tornillos | Múltiples | Región pélvica posterior / ilíaca | Derecha, preliminar'. Coinciden con lo que veo en morfología y lado, pero son observaciones sin validar y no mandan sobre las láminas; no escribo en revision.csv. Objeto extraño incierto: hay una hilera curva de elementos densos sobre el contorno cutáneo y el comp2 tiene toca_borde_fov true, que puede ser mesa, ropa u objeto cortado por el FOV. El vóxel con x RAS = 0 cae en i≈301 mientras el cuerpo se centra hacia i≈265, así que el signo de x no prueba línea media. Sin Grupo duplicado."
dataset7_CLINIC_metal_0004_data,Placa curva con múltiples elementos lineales tipo tornillo divergentes en región púbica/sínfisis; estructura lineal densa transversal en un plano superior (probablemente un mismo elemento partido por el umbral en dos componentes); dos focos puntiformes aislados fuera del contorno corporal,por determinar; 5 componentes conexos >=5 vóxeles en hallazgos.json y 6-9 elementos lineales tipo tornillo contables en el MIP coronal; el conteo de componentes conexos no es un conteo de implantes (el artefacto puede fusionar o partir piezas),"1) sínfisis púbica y ramas, con la placa en el plano anterior, cortes axiales 54-141; 2) estructura lineal transversal en cortes 231-246, en el plano posterior de la imagen (j≈210), su relación con sacro/ilíaco no se resuelve en las láminas; 3) focos de 5 vóxeles en i≈63 y i≈97, cortes 233-234 y 346-347, por fuera del contorno corporal","1) izquierda por lado_por_x_ras (x RAS -26.2 mm) pero la bbox en x mide 98.4 mm y cruza la línea media; 2) extremos en derecha (x RAS +62.9) e izquierda (x RAS -17.9). Lateralidad geométrica derivada del signo de x en RAS, no clínica",sí,moderada,alta (presencia de la construcción placa+tornillos); baja para la naturaleza de la estructura lineal transversal,sí (propuesto),incierto,"hallazgos.json: comp.0 8365 vóx / 5989.1 mm3 / HU máx 18283 / bbox 98.4x40.7x70.4 mm / centroide ijk [255,289,108] / cortes axiales 54-141; comp.1 640 vóx / 458.2 mm3 / HU máx 6197 / bbox 50.1x7.6x7.2 mm / cortes 238-246; comp.2 452 vóx / 323.6 mm3 / HU máx 4057 / bbox 44.5x5.7x5.6 mm / cortes 231-237; comp.3 5 vóx (cortes 346-347) y comp.4 5 vóx (cortes 233-234); toca_borde_fov=false en todos. axiales.png: cortes 69, 89 y 109 muestran los elementos densos alineados en el plano anterior con estrías radiales; corte 129 muestra un elemento oblicuo con estría. proyecciones.png: MIP coronal con la placa curva y los tornillos divergentes, y la barra transversal a altura z≈240",proyecciones.png; ortogonales.png; axiales.png (cortes 49-349),2500,2026-09-07,propuesta sin validar,"El umbral no acredita composición: 'metal (propuesto)' se apoya en la forma manufacturada (placa curva más elementos lineales) y en HU máx 18283 con estrías, no en una medida de material. No se propone modelo, material, marca ni indicación quirúrgica. Objeto extraño queda incierto: hay focos fuera del cuerpo y una barra transversal de naturaleza no resuelta, y axiales.png solo muestra 16 cortes del volumen: no demuestra ausencia de objetos en el resto del CT. Sin antecedente 2D y sin grupo duplicado. Severidad y confianza son cualitativas y propias de esta revision visual preliminar, no una escala clinica validada."
dataset7_CLINIC_metal_0005_data,"Cuerpos alargados cilíndricos con extremo ensanchado (aspecto de tornillo) dispuestos en dos hileras y unidos por elementos lineales (aspecto de barra), intraóseos; además focos densos pequeños fuera del contorno corporal, sobre la mesa/soporte","2 componentes conexos grandes que agrupan varios elementos alargados fusionados por el artefacto (rango estimado 4-8 elementos, por determinar); 5 componentes pequeños extracorpóreos. Total 7 componentes conexos, que no equivale al número de implantes","Hemipelvis posterior: región sacroilíaca y elementos posteriores del sacro/ilion (cortes 127-208); focos pequeños fuera del contorno corporal, sobre la mesa (cortes 169-204)","derecha para los dos componentes grandes y izquierda para los cinco pequeños, por lado_por_x_ras (geométrica por el signo de x en RAS; no es lateralidad clínica confirmada)",sí,marcada,media,incierto,sí (propuesto),"hallazgos.json componente 1: 6454 vóxeles, 4581.92 mm3, bbox 56.5x58.4x42.4 mm, HU máx 24359, cortes 156-208. Componente 2: 5495 vóxeles, 3901.09 mm3, bbox 51.8x68.8x17.6 mm, HU máx 15325, cortes 127-148. Componentes 3-7: 46, 20, 20, 13 y 10 vóxeles (32.66 a 7.10 mm3), HU máx 3245-4481, cortes 169-204, centroides_ijk en torno a [70,151,*]. Todos toca_borde_fov false. axiales.png: estructuras densas y estrías radiadas con bandas oscuras en los cortes 135, 141, 161, 167, 174, 180, 187, 193, 200 y 206; el foco extracorpóreo se ve como punto aislado sobre la línea de la mesa en 174, 180, 187, 193, 200. proyecciones.png: los MIP sagital y coronal muestran la hilera de cuerpos alargados con cabeza ensanchada.",proyecciones.png; ortogonales.png; axiales.png,2500,2026-09-07,propuesta sin validar,"revision.csv: Antecedente 2D vacío, sin Grupo duplicado, Vóxeles sobre umbral 12060, HU máximo 24359. La descripción es morfológica (lo que se ve en las láminas); no propongo modelo, material, marca ni indicación quirúrgica. Los componentes 3-7 están fuera del contorno del paciente, alineados sobre la mesa: pueden ser parte del soporte o un objeto apoyado, no necesariamente del paciente. Severidad y Confianza son cualitativas, no una escala clínica validada. Objeto extraño se propone como 'cuerpo denso no anatómico visible en las láminas'; no distingue implante de objeto externo ni afirma composición. No se descarta objeto extraño adicional: axiales.png muestra 16 cortes, no todo el CT."
dataset7_CLINIC_metal_0006_data,Montaje de osteosintesis extenso: placa curva con tornillos siguiendo el reborde pelvico/cresta iliaca y tornillos adicionales radiados; Foco denso puntiforme apoyado sobre la piel de la pared abdominal anterior,"por determinar; 4 componentes conexos grandes >2500 HU (un componente conexo puede ser un tornillo, un fragmento o varias piezas fusionadas por el artefacto: no es un conteo de implantes); 1 componente conexo pequeno","Hemipelvis: reborde pelvico, region acetabular y sacroiliaca, con extension hacia la rama pubica del lado opuesto, cortes axiales 66-297; Superficie cutanea abdominal anterior, cortes axiales 195-196","Los 4 componentes grandes y el pequeno tienen lado_por_x_ras=derecha (x entre +14.5 y +134.8 mm), geometrica. En proyecciones.png (MIP coronal) el montaje cruza la linea media, asi que la etiqueta por centroide no describe toda su extension.",sí,marcada,alta para la presencia de material denso; baja para su composicion,sí (propuesto),sí (propuesto),"hallazgos.json comp1: 11175 vox, 7933.52 mm3, bbox 136.6x56.5x111.2 mm, HU max 19227, cortes 66-204. comp2: 8141 vox, 5779.58 mm3, bbox 55.6x91.4x66.4 mm, cortes 179-261. comp3: 8056 vox, 5719.23 mm3, cortes 162-275. comp4: 5303 vox, 3764.78 mm3, cortes 269-297. comp5: 10 vox, 7.1 mm3, bbox 2.8x3.8x1.6 mm, HU max 3281, cortes 195-196, centroide_ijk [236,427,196]. proyecciones.png MIP coronal y sagital: placa curva con tornillos radiados. axiales.png cortes 93, 109, 125, 173, 205, 237, 269 y 285. Zoom propio cortes 195/196: comp5 apoyado en la linea cutanea anterior.",proyecciones.png; ortogonales.png; axiales.png,2500,2026-09-07,propuesta sin validar,"Sin Grupo duplicado en revision.csv. Sin Antecedente 2D. Metal=si (propuesto) por HU max 19227 y estriacion marcada, pero el umbral no establece composicion quimica ni modelo del dispositivo. Objeto extrano=si se sostiene en comp5, que queda sobre la piel y no es osteosintesis intraosea. AVISO: en proyecciones.png y axiales.png se ven ademas estructuras lineales punteadas por fuera del cuerpo que NO aparecen en hallazgos.json porque quedan por debajo de 2500 HU; para medirlas haria falta repetir laminas.py con un --hu mas bajo. axiales.png muestra 16 cortes, no todo el CT: no permite demostrar ausencia de material. Lectura usada de ""Objeto extrano"": material no anatomico identificable como pieza discreta. Se marca ""si (propuesto)"" solo cuando hay un componente concreto que no es plausiblemente osteosintesis intraosea (extracorporeo o no oseo); en montajes puramente osteosinteticos se deja ""incierto"" porque no se sabe si la columna busca cuerpo extrano distinto del implante. A resolver por la autora. Severidad y Confianza son cualitativas (leve/moderada/marcada; baja/media/alta), no una escala clinica validada."
dataset7_CLINIC_metal_0007_data,"Estructuras lineales alargadas de muy alta densidad con extremos redondeados (aspecto de vástagos/tornillos) y una banda alargada con perforaciones regulares apoyada sobre el hueso (aspecto de placa); además, cadena de cuentas densas por fuera del contorno corporal, por debajo del umbral","5 componentes conexos (4 de >3800 vóxeles y 1 de 5 vóxeles). Rango plausible de elementos individuales 6-12, por determinar: un componente conexo puede fusionar varios tornillos con la placa por efecto del artefacto","ala y cresta ilíaca y región sacroilíaca en ambos lados, con trayectos dirigidos hacia la región acetabular; cortes axiales 96-291","lado_por_x_ras (geométrico, signo de x en RAS): derecha comp 0 y 1; izquierda comp 2, 3 y 4, es decir distribución bilateral. No es lateralidad clínica confirmada",sí,marcada,alta,sí (propuesto),incierto,"hallazgos.json: comp 0 (17551 vóx, 7710.0 mm3, bbox 77.1x94.1x88.0 mm, HU max 17265, cortes 136-245); comp 1 (10184 vóx, 4473.8 mm3, bbox 88.2x68.9x24.0 mm, HU max 16126, cortes 262-291); comp 2 (5820 vóx, 2556.7 mm3, bbox 83.7x23.7x69.6 mm, HU max 6755, cortes 96-182); comp 3 (3800 vóx, 1669.3 mm3, bbox 10.4x31.9x65.6 mm, HU max 6659, cortes 204-285); comp 4 (5 vóx, corte 180). axiales.png cortes 108, 125, 142 y 159: focos densos en el borde acetabular y el ala ilíaca a ambos lados. Cortes 194, 211, 245 y 280: focos alineados a lo largo del ala ilíaca y de la región sacroilíaca; en 211 y 280 hay estrías claras que atraviesan la pelvis (base de Artefactos=sí y Severidad=marcada). proyecciones.png MIP sagital y coronal: se distingue la banda con perforaciones regulares y varios vástagos con extremo redondeado. Observación aparte: en axiales.png 142, 194, 211 y 228 y en el MIP axial hay una cadena de puntos densos en (i~430-510, j~250-360) POR FUERA del contorno corporal; no aparece en el mapa >2500 HU, es decir queda por debajo del umbral.",outputs/laminas/dataset7_CLINIC_metal_0007_data/ : proyecciones.png; ortogonales.png; axiales.png; hallazgos.json,2500,2026-09-07,propuesta sin validar,"Sin Grupo duplicado y sin Antecedente 2D en revision.csv (Cohorte propuesta='pendiente'). 'sí (propuesto)' en Metal se apoya en la morfología (vástagos rectos con cabeza, banda perforada) y en HU max 17265, no en una determinación de composición: podría ser cualquier material de muy alta atenuación. No se propone modelo de dispositivo, material, marca ni indicación quirúrgica: por determinar. La cadena de cuentas extracorpórea no se puede caracterizar (cable, correa, accesorio de adquisición u objeto): por eso Objeto extraño queda incierto. Objeto extraño queda incierto: axiales.png muestra 16 cortes de un volumen de cientos, la ausencia de objetos no se puede demostrar con estas laminas. Severidad y Confianza son etiquetas cualitativas de revision visual, no una escala clinica validada. El umbral HU no distingue metal de contraste, hueso denso, cemento ni objeto externo; nada aqui esta certificado."
dataset7_CLINIC_metal_0008_data,"Dos estructuras alargadas y cilíndricas, con relieve helicoidal visible y un extremo ensanchado, de trayecto aproximadamente transversal; más tres focos pequeños contiguos a ellas","2 estructuras alargadas distinguibles en el MIP coronal (rango 2-3); 6 componentes conexos en total. El conteo viene de componentes conexos: un componente puede ser un elemento, un fragmento o varios fusionados","intraósea: trayecto transversal a través del sacro y la región sacroilíaca, alcanzando el hueso ilíaco; cortes 183-218","derecha para los dos componentes mayores e izquierda para el tercero (lado_por_x_ras, geométrica por el signo de x en RAS). Los centroides quedan próximos a la línea media (x RAS 28.3, 71.4 y -8.4 mm) y las estructuras cruzan de un lado al otro, así que la lateralidad geométrica del centroide no describe el trayecto",sí,moderada,alta,sí (propuesto),incierto,"axiales.png cortes 184, 187, 190, 193, 196, 199, 202, 205, 208, 211, 214 y 217: estructura hiperdensa alargada que cruza el sacro con estrías claras y oscuras a ambos lados. proyecciones.png MIP coronal y MIP axial: dos elementos paralelos alargados con extremo ensanchado y relieve helicoidal. hallazgos.json: componente 3068 vóxeles / 1348 mm3 / HU máx 7596 / bbox 88.9 x 13.3 x 16.0 mm / cortes 183-202 / derecha; componente 1399 vóxeles / 615 mm3 / HU máx 7539 / bbox 51.1 x 12.6 x 12.0 mm / cortes 204-218 / derecha; componente 1026 vóxeles / 451 mm3 / HU máx 4858 / bbox 52.6 x 6.7 x 6.4 mm / cortes 202-209 / izquierda. revision.csv: 5564 vóxeles sobre umbral, HU máximo 7596",proyecciones.png; ortogonales.png; axiales.png,2500,2026-09-07,propuesta sin validar,"Objeto extraño queda incierto: no hay evidencia de ausencia y las 16 láminas axiales no recorren el volumen. Metal se propone sí por densidad y por la morfología alargada con relieve helicoidal y estrías, pero no se certifica composición ni se afirma modelo, material, marca ni indicación quirúrgica. Ningún componente toca el borde del FOV. Sin Antecedente 2D en revision.csv para este caso. Severidad y Confianza son cualitativas (leve/moderada/marcada, baja/media/alta), no una escala clínica validada. Las láminas muestran 16 cortes axiales, no todo el CT: no se demuestra ausencia de objetos. Sin Grupo duplicado en revision.csv. El umbral HU no distingue metal de contraste, hueso denso, cemento ni objeto externo; material, modelo e indicación quedan por determinar."
dataset7_CLINIC_metal_0009_data,"Barra/arco denso continuo por fuera del contorno cutaneo anterior, unido a elementos rectos que penetran ambas alas iliacas (morfologia compatible con montaje de fijacion externa); ademas dos elementos alargados densos en el anillo pelvico posterior, region sacroiliaca, uno a cada lado","3-10 elementos (rango); derivado de 7 componentes conexos en hallazgos.json, pero el componente mayor fusiona arco anterior y pines, asi que el numero de piezas no es contable desde componentes conexos","1) arco extracorporeo anterior mas pines en ambas crestas/alas iliacas, cortes axiales 39-78; 2) elemento alargado en region sacroiliaca derecha (geometrica), cortes 94-108; 3) elemento alargado en region sacroiliaca izquierda (geometrica), cortes 91-110",1) derecha por centroide (x RAS +11.6 mm) pero bbox de 238.6 mm en x: cruza toda la anchura; 2) derecha (x RAS +24.0 mm); 3) izquierda (x RAS -74.1 mm). Todas geometricas por signo de x en RAS,sí,marcada,alta,sí (propuesto),incierto,"axiales.png cortes 39, 44, 50: banda densa curva por fuera del contorno cutaneo anterior; cortes 50, 55, 61, 66, 71: elementos densos alargados dentro de ambas alas iliacas; cortes 93, 98, 104, 109: elemento recto que cruza la region sacroiliaca con estrias claras y oscuras radiadas; ortogonales.png axial 55 y coronal 347; proyecciones.png MIP coronal y axial. Componentes de hallazgos.json: 38393 voxeles (11094.75 mm3, bbox 238.6x84.7x32.0 mm, HU max 7841, cortes 39-78); 1335 voxeles (385.79 mm3, bbox 15.0x8.4x12.0 mm, cortes 94-108); 1242 voxeles (358.91 mm3, bbox 12.6x9.0x16.0 mm, cortes 91-110); y 4 componentes de 5-13 voxeles en cortes 94-104. revision.csv: 41001 voxeles sobre umbral, HU max 7841",proyecciones.png; ortogonales.png; axiales.png,2500 (umbral por defecto de laminas.py; no se repitio con --hu),2026-09-07,propuesta sin validar,"El umbral de 2500 HU no distingue metal de contraste, hueso denso, cemento ni material externo. No afirmo modelo, material ni indicacion quirurgica: 'compatible con fijacion externa' describe morfologia (barra continua extracorporea con elementos que entran en hueso), no un diagnostico. 'Objeto extraño' queda incierto a proposito: hay material fuera del contorno corporal (el arco anterior), pero si el criterio de la companera reserva esa columna para cuerpos extraños no quirurgicos, la respuesta cambia; es una decision de criterio de la autora. Los ejes de los dos elementos sacroiliacos aparecen mas tenues que sus extremos en el MIP: parte del vastago puede quedar bajo el umbral, asi que la segmentacion a 2500 HU subestima su extension. Sin Grupo duplicado ni Antecedente 2D. Las laminas muestran 16 cortes axiales, no todo el volumen: no se demuestra ausencia de nada. Revision completa pendiente por la autora con explorar.py cortes."
dataset7_CLINIC_metal_0010_data,"Dos masas densas alargadas, en banda, paramediales anteriores, aparentemente contenidas en o pegadas a las ramas del pubis superiores a ambos lados de la sinfisis; ademas focos puntiformes densos aislados mas caudales. Naturaleza no determinable en las laminas","2 a 3 componentes conexos (>=5 voxeles) en hallazgos.json; una banda puede ser un solo objeto, un fragmento o varios objetos fusionados por el artefacto","region parasinfisaria / rama del pubis superior derecha; region parasinfisaria / rama del pubis superior izquierda; foco menor intermedio, anterior a la vejiga","bilateral; hallazgos.json da 'izquierda' (x_RAS -34.1) para el componente 0, 'derecha' (x_RAS +9.4) para el componente 1 e 'izquierda' (x_RAS -14.9) para el componente 2, todos cercanos a la linea media: lateralidad geometrica poco discriminante",sí,leve,baja,incierto,incierto,"hallazgos.json componente 0: 2543 voxeles, 1114.11 mm3, HU max 3584, bbox 24.4 x 20.0 x 9.6 mm, centroide_ijk [238, 352, 111], cortes 106-117; componente 1: 2485 voxeles, 1088.7 mm3, HU max 3678, bbox 27.4 x 14.8 x 15.2 mm, centroide_ijk [297, 351, 110], cortes 102-120; componente 2: 216 voxeles, 94.63 mm3, bbox 11.1 x 5.9 x 7.2 mm, cortes 105-113. Ninguno toca el borde del FOV. axiales.png: las bandas se ven en los cortes 105, 107, 109, 111, 114 y 116; focos puntiformes densos adicionales en los cortes 118, 120, 122 y 124. ortogonales.png: sagital 267 / coronal 352 / axial 110.",proyecciones.png; ortogonales.png; axiales.png,2500,2026-09-07,propuesta sin validar,"Caso dejado deliberadamente en incierto: el HU max (3678) es alto pero bajo para lo que suele dar el metal, el estriado es escaso y la geometria no reproduce la de un tornillo ni la de una placa reconocible; hueso muy esclerotico, cemento o material implantado son todos compatibles con lo que se ve. Sin antecedente 2D ni grupo duplicado en revision.csv. Prioritario para explorar.py cortes. Objeto extraño no puede marcarse 'no': las laminas muestran 16 cortes axiales, no todo el volumen; la ausencia no queda demostrada."
dataset7_CLINIC_metal_0011_data,"Montaje de alta densidad con dos partes: barras y bloques densos situados en el aire por delante de la pared abdominal, y varios elementos rectilineos finos que cruzan la pared abdominal y alcanzan ambas alas iliacas","por determinar; 12 componentes conexos sobre 2500 HU, varios claramente fusionados por el artefacto (los componentes 1, 3, 4 y 8 tienen bbox de 78-106 mm en x y 89-136 mm en y, incompatibles con un objeto solido unico). Estimacion visual: entre 4 y 8 elementos alargados transoseos y al menos 2 barras externas",elementos rectilineos que entran por la region anterolateral de la pared abdominal y terminan en las alas iliacas de ambos lados; barras y bloques por fuera del contorno cutaneo anterior,"bilateral: componentes en izquierda (1, 3, 5, 10, 11, 12), derecha (2, 4, 6, 8, 9) y central (7), por lado_por_x_ras (geometrica)",sí,marcada,media,sí (propuesto),sí (propuesto),"axiales.png: elementos lineales densos que cruzan tejido blando y llegan al hueso iliaco en los cortes 249, 255, 260, 265, 271 y 276 (entrada derecha ~i 50-130, entrada izquierda ~i 380-450); bandas oscuras y estrias que atraviesan toda la pelvis en los cortes 255, 260, 265 y 271; bloques densos por fuera del cuerpo en los cortes 244, 249, 255, 260, 265, 271, 276, 282, 287, 292 y 298. hallazgos.json componente 4: 9171 vox, 5073.00 mm3, bbox 78.1x126.3x40.9 mm, cortes 254-304, hu_max 17468; componente 1: 28075 vox, 15529.88 mm3, bbox 106.4x136.3x30.4 mm, cortes 249-286, hu_max 15122; componente 7: 2738 vox, bbox 12.5x11.6x27.2 mm, cortes 258-291, hu_max 17309",proyecciones.png; ortogonales.png; axiales.png,2500,2026-09-07,propuesta sin validar,"Severidad y confianza son cualitativas, no una escala clinica validada. Lateralidad tomada de lado_por_x_ras (geometrica, signo de x en RAS); si el header estuviera mal orientado, estaria mal. No propongo tipo de dispositivo, modelo, material ni indicacion quirurgica: por determinar. Cantidad = rango, derivada de componentes conexos a 2500 HU; un componente puede ser un elemento, un fragmento o varios fusionados por el artefacto, y aqui la fusion por artefacto es evidente por el tamano de los bbox. Objeto extrano = si (propuesto) en el sentido de estructura no anatomica de alta densidad con parte extracorporea; el criterio implante vs cuerpo extrano no esta definido en la tabla y conviene que la autora lo fije."
dataset7_CLINIC_metal_0012_data,"Barra larga curva de trayecto transversal anterior que cruza la línea media entre ambas regiones supraacetabulares, con dos extremos ensanchados; grupo de elementos alargados con rosca en la región sacroilíaca derecha; elemento transversal largo a nivel sacro alto","7 componentes conexos >=5 vóxeles (5 con más de 100 vóxeles); es un conteo de componentes conexos, no de implantes","Región supraacetabular y tejidos blandos anteriores, bilateral (cortes 112-173); región sacroilíaca y ala sacra derecha (cortes 164-220); nivel sacro alto (cortes 255-272)","lado_por_x_ras (geométrica, signo de x en RAS): comp.1 izquierda, pero su bbox x de 230.3 mm indica que cruza la línea media, así que el lado del centroide no lo describe; comp.2, comp.3 y comp.4 derecha",sí,marcada,alta,sí (propuesto),incierto,"hallazgos.json comp.1: 23872 vóx, 14420.44 mm3, HU máx 15191, bbox 230.3x88.6x49.6 mm, cortes 112-173; comp.2: 6216 vóx, 3754.92 mm3, bbox 102.5x45.2x14.4 mm, cortes 255-272; comp.3: 5144 vóx, 3107.35 mm3, bbox 53.0x47.8x45.6 mm, cortes 164-220; comp.4: 532 vóx, bbox 7.0x13.0x12.0 mm, cortes 213-227. En axiales.png corte 129 se ve la barra transversal anterior con estrías intensas a ambos lados; cortes 147 y 166 muestran sus anclajes; cortes 184, 203, 221 y 258 muestran los elementos sacroilíacos con estrías. proyecciones.png (MIP coronal) muestra el arco transversal completo",proyecciones.png; axiales.png,2500,2026-09-07,propuesta sin validar,"revision.csv marca Grupo duplicado (hash 733d47aa...) compartido con dataset7_CLINIC_metal_0021_data. Esta propuesta queda DEPENDIENTE de resolver el grupo duplicado: no debe clasificarse por separado del otro miembro. comp.6 tiene toca_borde_fov=true (63 vóx, cortes 0-14): alerta, puede ser mesa u objeto cortado por el FOV, queda incierto. Severidad y Confianza son cualitativas, propias de esta revisión visual; no son una escala clínica validada. Aquí 'Objeto extraño' se usa como material ajeno al montaje ortopédico; 'incierto' no significa ausencia: las láminas muestran 16 cortes axiales, no todo el CT."
dataset7_CLINIC_metal_0013_data,"Bloques voluminosos de alta densidad situados por fuera del contorno cutáneo, bilaterales, unidos a estructuras alargadas rectilíneas que atraviesan la piel y terminan en las alas ilíacas; morfología compatible con un montaje externo anclado al hueso, sin confirmar","12 componentes conexos, 11 de ellos por encima de 500 vóxeles; número de dispositivos por determinar (los componentes se fusionan y se fragmentan por el artefacto). Conteo de componentes conexos, no de implantes","Bloques externos anteriores y laterales al tronco (cortes axiales ijk 63-94, 89-178, 146-165, 167-191, 216-261, 220-298, 268-286, 289-348 y 318-338); vástagos rectilíneos que entran en ambas alas y crestas ilíacas (visibles en los cortes 155, 174 y 232); dos componentes laminares en la pared abdominal lateral izquierda (cortes 186-193)","Bilateral: 6 componentes 'izquierda' y 6 'derecha' por lado_por_x_ras (lateralidad geométrica por signo de x en RAS, no clínica)",sí,marcada,media,sí (propuesto),sí (propuesto),"hallazgos.json: comp.1 21018 vóx / 9359.69 mm3 / bbox 47.8x138.8x63.2 mm / HU máx 18267 / cortes 220-298; comp.2 18359 vóx / 8175.59 mm3 / bbox 53.0x134.3x72.0 mm / cortes 89-178; comp.3 14487 vóx / cortes 167-191; comp.4 12136 vóx / cortes 146-165; comp.5 12104 vóx / cortes 318-338; comp.6 10875 vóx / cortes 63-94; comp.7 7768 vóx / cortes 289-348 (toca_borde_fov=true); comp.8 6933 vóx / bbox 82.8x86.5x36.8 mm / cortes 216-261 (toca_borde_fov=true); comp.9 3453 vóx / cortes 268-286 (toca_borde_fov=true); comp.10 1487 vóx / bbox 14.2x40.3x5.6 mm / cortes 187-193; comp.11 697 vóx / cortes 186-191; comp.12 52 vóx / cortes 186-188. axiales.png: bloques externos en los cortes 77, 96, 116, 135, 155, 174, 271, 290, 310 y 329; vástago rectilíneo cruzando el tejido y entrando en el hueso ilíaco en los cortes 155 y 174; entrada bilateral en las crestas ilíacas en el corte 232; estrías marcadas en los cortes 155, 232 y 252. proyecciones.png (MIP coronal) muestra el montaje bilateral. revision.csv: Vóxeles sobre umbral=109442, HU máximo=18835",experiments/exploration-3d/outputs/laminas/dataset7_CLINIC_metal_0013_data/proyecciones.png; experiments/exploration-3d/outputs/laminas/dataset7_CLINIC_metal_0013_data/ortogonales.png; experiments/exploration-3d/outputs/laminas/dataset7_CLINIC_metal_0013_data/axiales.png,2500,2026-09-07,propuesta sin validar,"Severidad (leve/moderada/marcada) y Confianza (baja/media/alta) son escalas cualitativas de esta revisión visual, no una escala clínica validada. PROPUESTA DEPENDIENTE DE RESOLVER EL GRUPO DUPLICADO: revision.csv trae Grupo duplicado=3b82dc1a5ca1be08bff0f44edeba807c50411adb3e1bc868dd8aedcfb060e0e4 y Cohorte propuesta='resolver duplicado'; los duplicados no se clasifican por separado, esta fila no debe usarse hasta resolver el grupo. Tres componentes con toca_borde_fov=true: alerta, no conclusión (podría haber partes cortadas por el FOV o elementos de mesa). No se propone modelo, material ni marca del montaje. Sin Antecedente 2D."
dataset7_CLINIC_metal_0014_data,Banda densa longitudinal contorneada sobre el ala iliaca (aspecto de placa) con multiples elementos lineales transversales que penetran el hueso (aspecto de tornillos),"1 componente conexo; en proyecciones.png se distinguen aproximadamente 10-15 elementos lineales; el artefacto puede fusionar piezas, conteo por determinar","Hemipelvis derecha (geometrica), a lo largo del ala/cresta iliaca y descendiendo hacia la region supraacetabular; cortes axiales 76-222 (extension craneocaudal 117.6 mm)",Geometrica por x RAS: derecha (x=+91.1 mm). No es lateralidad clinica,sí,moderada,media,sí (propuesto),incierto,"hallazgos.json componente unico: 15821 voxeles, 10161.7 mm3, bbox 55.6x65.4x117.6 mm, HU max 8596, cortes_axiales_ijk 76-222, toca_borde_fov=false. Se ve en axiales.png cortes 81, 91, 102, 112, 123, 133, 143, 154, 164, 175, 185, 195, 206 y 216, y en ortogonales.png (sagital 357, coronal 223, axial 162) con halo denso y estrias locales. proyecciones.png MIP sagital y coronal muestran la banda longitudinal con los elementos transversales. revision.csv: Voxeles sobre umbral=15821, HU maximo=8596, Candidato HU=si, sin antecedente 2D, sin Grupo duplicado",experiments/exploration-3d/outputs/laminas/dataset7_CLINIC_metal_0014_data/proyecciones.png; ortogonales.png; axiales.png; hallazgos.json,2500,2026-09-07,propuesta sin validar,"Metal 'si (propuesto)' por geometria regular (banda + elementos lineales repetidos) y artefacto, no por el umbral. No se propone modelo, material, marca ni indicacion quirurgica. Objeto extraño queda incierto: las laminas no demuestran ausencia de otros objetos en el resto del volumen. Severidad y Confianza son cualitativas (leve/moderada/marcada, baja/media/alta) y NO son una escala clinica validada. Criterio usado para Objeto extraño: estructura hiperdensa no anatomica y no continua con hueso. Las laminas muestran 16 cortes axiales, no todo el CT: la ausencia de objetos no queda demostrada. La lateralidad procede de lado_por_x_ras (signo de x en RAS): es geometrica, depende del header; no es lateralidad clinica confirmada. Cantidad aprox. viene del numero de componentes conexos sobre el umbral, no de un conteo de implantes: un componente puede ser un tornillo, un fragmento o varias piezas fusionadas por el artefacto."
dataset7_CLINIC_metal_0015_data,"Estructuras alargadas con hileras de orificios (compatibles con placas) y múltiples elementos lineales largos (compatibles con tornillos), en un mismo hemipelvis","por determinar; 2 componentes conexos >=5 vóxeles (26579 y 12673 vóxeles), muy probablemente fusión de varios implantes por el artefacto; en el MIP coronal se distinguen >=2 estructuras perforadas y >=6 elementos lineales","Hemipelvis derecha: ala ilíaca y región supraacetabular, región acetabular/columna anterior y rama púbica superior","derecha (geométrica, lado_por_x_ras; x RAS +44,7 y +59,8 mm); consistente con el lado derecho de la imagen, y aquí x RAS = 0 cae en i≈257, casi el centro del FOV",sí,marcada,media,sí (propuesto),incierto,"hallazgos.json: comp1 26579 vóxeles / 13003,75 mm3 / HU máx 21417 / bbox 71,9 x 93,8 x 108,8 mm / cortes 108-243; comp2 12673 vóxeles / 6200,25 mm3 / HU máx 20786 / bbox 68,8 x 78,2 x 96,8 mm / cortes 76-196; ninguno toca el borde del FOV. Material denso en axiales.png cortes 94, 106, 118, 130, 142, 154, 166, 178, 190, 202, 214, 226 y 238; estrías radiadas marcadas en los cortes 130, 142, 154, 166, 178, 190, 202 y 214. ortogonales.png axial 167, coronal 258 y sagital 323; proyecciones.png MIP coronal con los orificios de las placas.",proyecciones.png; ortogonales.png; axiales.png,2500,2026-09-07,propuesta sin validar,"En proyecciones.png y en axiales.png cortes 190, 202 y 214 se ve una hilera curva de puntos densos en la periferia, fuera del contorno corporal, que NO aparece en el mapa de vóxeles >2500 HU ni en hallazgos.json: está por debajo del umbral y podría ser mesa o soporte; sin resolver. Objeto extraño incierto: las 16 axiales no recorren el volumen. Sin antecedente 2D y sin Grupo duplicado."
dataset7_CLINIC_metal_0016_data,"Construcción extensa de placa(s) con múltiples elementos lineales tipo tornillo en un hemipelvis (ala/cresta ilíaca y región acetabular-columna posterior); además, hilera de focos densos milimétricos alineados siguiendo el contorno cutáneo del flanco (naturaleza por determinar, sin componente propio en hallazgos.json)",por determinar; 4 componentes conexos >=5 vóxeles y más de 12 elementos lineales tipo tornillo contables en el MIP coronal; los 4 componentes pueden ser partes de una misma construcción separadas por el artefacto,hemipelvis: ala/cresta ilíaca y región acetabular-columna posterior; cortes axiales 65-277 según los componentes. Hilera cutánea sobre el contorno anterolateral en los cortes 104-252,"derecha para los 4 componentes por lado_por_x_ras (geométrica, x RAS +99.5, +156.2, +121.5 y +152.6 mm; derivada del signo de x en RAS, no es lateralidad clínica confirmada)",sí,marcada,alta (presencia de la construcción); baja para la hilera cutánea,sí (propuesto),incierto,"hallazgos.json: comp.0 9604 vóx / 6018.0 mm3 / HU máx 8445 / bbox 131.9x43.4x120.8 mm / centroide ijk [309,288,140] / cortes 65-215; comp.1 6406 vóx / 4014.1 mm3 / HU máx 7920 / bbox 66.4x88.5x65.6 mm / cortes 196-277; comp.2 5251 vóx / 3290.4 mm3 / HU máx 8011 / bbox 50.4x57.5x55.2 mm / cortes 175-243; comp.3 1119 vóx / 701.2 mm3 / HU máx 6994 / bbox 55.8x52.2x37.6 mm / cortes 143-189; toca_borde_fov=false. axiales.png: elementos densos con halo y bandas oscuras en los cortes 89, 104, 119, 134, 148, 163, 178, 193, 208, 222, 237 y 252; hilera de puntos densos sobre el contorno cutáneo en los cortes 104, 119, 163, 178, 208, 222 y 237. proyecciones.png: MIP coronal y sagital con dos trayectos de placa con tornillos y un arco punteado superficial",proyecciones.png; ortogonales.png; axiales.png (cortes 60-282),2500,2026-09-07,propuesta sin validar,"No se propone modelo, material, marca ni indicación quirúrgica; la hilera de focos cutáneos se describe solo por su geometría (puntos milimétricos alineados sobre la piel) y su naturaleza queda por determinar. Objeto extraño incierto: axiales.png solo muestra 16 cortes del volumen: no demuestra ausencia de objetos en el resto del CT. Sin antecedente 2D y sin grupo duplicado. Severidad y confianza son cualitativas y propias de esta revision visual preliminar, no una escala clinica validada."
dataset7_CLINIC_metal_0017_data,"Estructura curva alargada situada por FUERA del contorno cutáneo anterior, continuada por cuerpos alargados que entran en ambas alas ilíacas (aspecto de montaje de fijación externa); banda alargada con perforaciones circulares regulares y cuerpos alargados asociados en la región sacra/sacroilíaca posterior (aspecto de placa con orificios y tornillos); focos densos puntuales en el contorno cutáneo","3 agrupaciones descritas repartidas en 9 componentes conexos (2 grandes y 7 de 5-21 vóxeles); el número de implantes es por determinar, un componente puede fusionar varias piezas por el artefacto",Plano anterior extracorpóreo con extensión a ambas alas ilíacas (cortes 181-221); sacro y región sacroilíaca posterior (cortes 197-267); piel/borde corporal posterolateral (cortes 180-304),"componente 1 central y componente 2 derecha por lado_por_x_ras (geométrica); en las láminas la estructura cruza la línea media y alcanza ambas alas ilíacas (axiales 201 y 212), por lo que la lateralidad clínica queda por determinar",sí,marcada,media,incierto,sí (propuesto),"hallazgos.json componente 1: 23348 vóxeles, 11510.80 mm3, bbox 149.2x57.3x56.8 mm, HU máx 17863, cortes 197-267, lado central. Componente 2: 21613 vóxeles, 10655.43 mm3, bbox 250.4x69.9x32.8 mm (extensión en x mayor que el ancho del paciente), HU máx 8023, cortes 181-221. Componentes 3-9: 21, 5, 5, 5, 5, 5 y 5 vóxeles, HU máx 2639-3670, cortes 180-304. Todos toca_borde_fov false. axiales.png: corte 189 muestra la barra curva por fuera del contorno cutáneo anterior; cortes 201 y 212 muestran cuerpos alargados dentro de ambas alas ilíacas; cortes 224, 235, 247 y 258 muestran la banda con orificios circulares en la región sacra posterior; estrías y bandas oscuras marcadas en 189, 201, 212, 247 y 258. proyecciones.png: MIP coronal y axial reproducen el arco anterior y la hilera de orificios.",proyecciones.png; ortogonales.png; axiales.png,2500,2026-09-07,propuesta sin validar,"revision.csv: Antecedente 2D vacío, sin Grupo duplicado, Vóxeles sobre umbral 45137, HU máximo 17863. Describo morfología, no dispositivo: 'aspecto de fijación externa' y 'aspecto de placa con orificios' son descripciones de forma, no un diagnóstico ni una identificación de modelo o material. Hay material denso fuera del contorno del paciente (corte 189), lo que sostiene Objeto extraño = sí (propuesto). Severidad y Confianza son cualitativas, no una escala clínica validada. Objeto extraño se propone como 'cuerpo denso no anatómico visible en las láminas'; no distingue implante de objeto externo ni afirma composición. No se descarta objeto extraño adicional: axiales.png muestra 16 cortes, no todo el CT."
dataset7_CLINIC_metal_0018_data,Placa curva con tornillos en el anillo pelvico anterior/sinfisis; Barra roscada larga que atraviesa transversalmente la pelvis posterior; Hilera de focos densos puntiformes alineados sobre el contorno cutaneo anterior suprapubico,"por determinar; 12 componentes conexos >2500 HU en total. La barra transversal aparece repartida en al menos 6 componentes (737, 561, 29, 28, 27 y 14 voxeles) por cortes del umbral, lo que muestra que un componente conexo no equivale a una pieza; 6-8 focos cutaneos alineados (recuento visual aproximado)","Anillo pelvico anterior/sinfisis del pubis, cortes axiales 83-141; Pelvis posterior a la altura sacroiliaca, cortes axiales 223-238; Piel abdominal anterior suprapubica, cortes axiales 127-144","comp1 lado_por_x_ras=central (x=+4.3 mm); la barra transversal cruza la linea media (componentes de x=+62.5 mm a x=-11.6 mm); focos cutaneos a ambos lados. Todas geometricas, derivadas del signo de x en RAS.",sí,moderada,alta para la presencia de material denso; baja para su composicion,sí (propuesto),sí (propuesto),"hallazgos.json comp1: 12002 vox, 5272.38 mm3, bbox 95.6x28.2x47.2 mm, HU max 20146, cortes 83-141. comp2: 737 vox, 323.76 mm3, bbox 51.1x8.9x8.8 mm, cortes 228-238. comp3: 561 vox, 246.44 mm3, bbox 43.0x6.7x5.6 mm, cortes 223-229. Componentes de 7, 7, 7 y 6 vox en j=359-368 (cortes 127, 139, 143 y 144) = focos cutaneos. proyecciones.png MIP coronal (placa curva con tornillos y barra transversal). axiales.png cortes 102, 114, 126 y 138 (placa y focos cutaneos) y 234 (barra). Zoom propio cortes 127/139/143: arco de focos densos siguiendo la linea de la piel.",proyecciones.png; ortogonales.png; axiales.png,2500,2026-09-07,propuesta sin validar,"Sin Grupo duplicado en revision.csv. Sin Antecedente 2D. La hilera cutanea es un hallazgo separado del montaje oseo; no se determina su naturaleza (material sobre la piel o superficial). AVISO: en axiales.png cortes 126-138 hay ademas un arco de puntos por encima del contorno cutaneo que no figura en hallazgos.json por quedar bajo 2500 HU. axiales.png muestra 16 cortes, no todo el CT: no permite demostrar ausencia de material. Lectura usada de ""Objeto extrano"": material no anatomico identificable como pieza discreta. Se marca ""si (propuesto)"" solo cuando hay un componente concreto que no es plausiblemente osteosintesis intraosea (extracorporeo o no oseo); en montajes puramente osteosinteticos se deja ""incierto"" porque no se sabe si la columna busca cuerpo extrano distinto del implante. A resolver por la autora. Severidad y Confianza son cualitativas (leve/moderada/marcada; baja/media/alta), no una escala clinica validada."
dataset7_CLINIC_metal_0019_data,"Dos vástagos verticales paralelos unidos a cabezas redondeadas seriadas a la altura de los pedículos lumbares bajos y del sacro, más dos vástagos largos dirigidos lateral e inferiormente hacia las alas ilíacas; además 11 focos densos milimétricos satélite en situación posterior",12 componentes conexos: 1 masivo (85837 vóxeles) que agrupa prácticamente todo el montaje y 11 de 14-19 vóxeles. El número de elementos individuales es POR DETERMINAR: el artefacto y la contigüidad los fusionan en un solo componente conexo,"región posterior: pedículos de vértebras lumbares bajas y sacro, con extensiones hacia ambas alas ilíacas; cortes axiales 188-349. Los 11 focos milimétricos caen por detrás del sacro, en el límite del contorno cutáneo (cortes 217-347)","lado_por_x_ras (geométrico, signo de x en RAS): 'izquierda' para los 12 componentes, pero el componente masivo cruza la línea media (su centroide cae a la izquierda) y en las láminas el montaje se ve a ambos lados. No es lateralidad clínica confirmada",sí,moderada,alta,sí (propuesto),incierto,"hallazgos.json: comp 0 (85837 vóx, 27343.2 mm3, bbox 150.8x94.6x129.6 mm, HU max 9219, cortes 188-349, toca_borde_fov=true); comps 1-11 (14-19 vóx cada uno, HU max 3191-4076, i~231-244, j~87-108, cortes 217-347). axiales.png cortes 194, 205, 216, 227 y 238: focos densos aproximadamente simétricos en las alas ilíacas y a ambos lados del sacro. Cortes 249, 293, 304 y 337: pares de focos en los pedículos con estrías y bandas oscuras alrededor (base de Artefactos=sí y Severidad=moderada). proyecciones.png MIP coronal: dos barras verticales con cabezas redondeadas seriadas y dos vástagos largos oblicuos hacia las alas ilíacas; MIP axial: los vástagos convergen desde ambos lados. Los focos milimétricos se ven como puntos blancos en axiales.png 227, 271, 282 y 315 en (i~190-200, j~105-130), por detrás del sacro y en el límite del contorno cutáneo; naturaleza por determinar.",outputs/laminas/dataset7_CLINIC_metal_0019_data/ : proyecciones.png; ortogonales.png; axiales.png; hallazgos.json,2500,2026-09-07,propuesta sin validar,"Sin Grupo duplicado y sin Antecedente 2D en revision.csv (Cohorte propuesta='pendiente'). ALERTA toca_borde_fov=true en comp 0: el montaje llega al corte superior 349 y queda cortado por el límite del volumen, así que su extensión craneal real no se puede medir con estas láminas. 'sí (propuesto)' en Metal se apoya en morfología y HU max 9219; el umbral no determina composición. No se propone modelo ni indicación quirúrgica: por determinar. Objeto extraño queda incierto: axiales.png muestra 16 cortes de un volumen de cientos, la ausencia de objetos no se puede demostrar con estas laminas. Severidad y Confianza son etiquetas cualitativas de revision visual, no una escala clinica validada. El umbral HU no distingue metal de contraste, hueso denso, cemento ni objeto externo; nada aqui esta certificado."
dataset7_CLINIC_metal_0020_data,"Montaje de elementos alargados con extremo ensanchado, dispuestos por pares a ambos lados de la línea media posterior y unidos por dos barras longitudinales y un travesaño transversal, más dos elementos alargados largos que divergen hacia las alas ilíacas","por determinar; al menos 8 elementos alargados distinguibles en el MIP coronal, pero un único componente conexo de 63030 vóxeles: el contacto entre piezas y el artefacto los fusionan, así que el número de componentes conexos no es un conteo de implantes",intraósea y posterior: región lumbosacra paravertebral bilateral y alas ilíacas; cortes 147-311,"derecha (lado_por_x_ras del único componente, x RAS 36.0 mm), pero es una lateralidad geométrica del centroide que no describe el hallazgo: el componente mide 149.5 mm en x y aparece a ambos lados de la línea media en las láminas. Bilateral en lo observado; no es lateralidad clínica confirmada",sí,marcada,alta,sí (propuesto),incierto,"axiales.png cortes 153, 165, 176, 188, 200, 211, 223, 234, 246, 258, 269, 281, 292 y 304: focos hiperdensos pares a ambos lados de la línea media posterior, con estrías intensas en 188, 200, 246 y 258. proyecciones.png MIP coronal: elementos alargados alineados verticalmente a ambos lados, barras longitudinales y travesaño transversal; MIP sagital: dos elementos largos divergentes. hallazgos.json: componente único 63030 vóxeles / 27610 mm3 / HU máx 9248 / bbox 149.5 x 96.9 x 132.0 mm / cortes 147-311 / toca_borde_fov false. revision.csv: 63030 vóxeles sobre umbral, HU máximo 9248",proyecciones.png; ortogonales.png; axiales.png,2500,2026-09-07,propuesta sin validar,"Pendiente que conviene mirar: en axiales.png cortes 234, 246, 258, 269, 281, 292, 304 y 316 se ve un foco redondeado pequeño por fuera del contorno corporal, en el lado derecho de la imagen, que no figura en hallazgos.json porque queda por debajo de 2500 HU; se puede revisar repitiendo la lámina con --hu 1500, y por eso Objeto extraño queda incierto y no no. Metal se propone sí por densidad, morfología y estrías, sin afirmar composición, modelo ni indicación. Sin Antecedente 2D en revision.csv para este caso. Severidad y Confianza son cualitativas (leve/moderada/marcada, baja/media/alta), no una escala clínica validada. Las láminas muestran 16 cortes axiales, no todo el CT: no se demuestra ausencia de objetos. Sin Grupo duplicado en revision.csv. El umbral HU no distingue metal de contraste, hueso denso, cemento ni objeto externo; material, modelo e indicación quedan por determinar."
dataset7_CLINIC_metal_0021_data,Barra/arco denso extracorporeo anterior unido a elementos rectos que entran en ambas crestas iliacas (morfologia compatible con montaje de fijacion externa); placa alargada con orificios y elementos roscados en la region iliaca posterior; elementos alargados adicionales que cruzan la region sacroiliaca,"3-10 elementos (rango); derivado de 7 componentes conexos en hallazgos.json; el mayor fusiona arco y pines por el artefacto, no es un conteo de implantes","1) arco extracorporeo anterior mas pines en ambas crestas iliacas, cortes axiales 112-173; 2) placa con orificios en region iliaca posterior/sacroiliaca, cortes 255-272; 3) elementos que cruzan la region sacroiliaca y el sacro, cortes 164-220 y 213-227","1) izquierda por centroide (x RAS -21.1 mm) con bbox de 230.3 mm en x, cruza toda la anchura; 2) derecha (x RAS +48.5 mm); 3) derecha (x RAS +43.4 mm) e izquierda (x RAS -18.3 mm) para el componente de 138 voxeles. Geometricas por signo de x en RAS",sí,marcada,alta,sí (propuesto),incierto,"axiales.png corte 129: barra densa por fuera del contorno cutaneo anterior con dos pines hacia ambas crestas iliacas y estrias marcadas; cortes 147, 166: elementos densos dentro de ambas alas iliacas; cortes 184, 203, 221, 258: elementos alargados que cruzan la region sacroiliaca/sacro con estrias; ortogonales.png axial 165, coronal 266, sagital 269; proyecciones.png MIP coronal (hilera de orificios de una placa) y MIP axial. Componentes de hallazgos.json: 23872 voxeles (14420.44 mm3, bbox 230.3x88.6x49.6 mm, HU max 15191, cortes 112-173); 6216 voxeles (3754.92 mm3, bbox 102.5x45.2x14.4 mm, cortes 255-272); 5144 voxeles (3107.35 mm3, bbox 53.0x47.8x45.6 mm, cortes 164-220); 532 voxeles (cortes 213-227); 138 voxeles (cortes 218-223); 63 voxeles (cortes 0-14, toca_borde_fov true); 6 voxeles (cortes 196-197). revision.csv: 35978 voxeles sobre umbral, HU max 15191",proyecciones.png; ortogonales.png; axiales.png,2500 (umbral por defecto de laminas.py; no se repitio con --hu),2026-09-07,propuesta sin validar,"El umbral de 2500 HU no distingue metal de contraste, hueso denso, cemento ni material externo. revision.csv trae Grupo duplicado (hash 733d47aa...): propuesta dependiente de resolver ese grupo; los duplicados no se clasifican por separado. Alerta: el componente de 63 voxeles tiene toca_borde_fov true en los cortes 0-14, y en axiales.png cortes 0 y 18 se ven motas densas fuera del contorno corporal; puede ser mesa, ropa, brazo o un objeto cortado por el FOV, por eso 'Objeto extraño' queda incierto. En proyecciones.png (MIP sagital y axial) tambien se ven hileras oblicuas de motas densas por fuera del cuerpo, de origen no determinable en estas laminas. No afirmo modelo ni material. Las laminas muestran 16 cortes axiales, no todo el volumen: no se demuestra ausencia de nada. Revision completa pendiente por la autora con explorar.py cortes."
dataset7_CLINIC_metal_0022_data,"Barra densa larga y curvada por delante de la pelvis, situada fuera del contorno cutaneo, unida a vastagos densos que atraviesan la piel y entran en ambos huesos iliacos; morfologia compatible con un fijador externo anterior (no confirmado). Ademas un foco denso diminuto fuera del cuerpo, junto a la mesa","2 componentes conexos: 1 dominante que agrupa barra y vastagos en una sola pieza conexa, mas 1 satelite de 11 voxeles. No es un conteo de piezas del montaje","pared abdominal anterior extracorporea y ambos huesos iliacos / region supraacetabular (componente 0); fuera del cuerpo, cuadrante posterolateral, sobre o junto a la mesa (componente 1)",bilateral: el componente 0 tiene bbox de 231.7 mm en x y cruza la linea media; el 'izquierda' de lado_por_x_ras (x_RAS -14.4) es solo el centroide geometrico y no describe la estructura,sí,moderada,alta,sí (propuesto),sí (propuesto),"hallazgos.json componente 0: 16678 voxeles, 10354.9 mm3, HU max 7786, bbox 231.7 x 80.2 x 37.6 mm, centroide_ijk [265, 291, 184], cortes_axiales_ijk 161-207, toca_borde_fov false; componente 1: 11 voxeles, 6.83 mm3, HU max 3287, bbox 3.5 x 1.8 x 3.2 mm, centroide_ijk [82, 135, 228], cortes 226-229. axiales.png: barra anterior extracorporea y vastagos en los cortes 166, 171, 176, 182, 187, 192, 197 y 202; el satelite se ve como punto brillante fuera del cuerpo en los cortes 223 y 228. ortogonales.png: coronal 291 muestra la barra transversal completa con un vastago en cada extremo; axial 184.",proyecciones.png; ortogonales.png; axiales.png,2500,2026-09-07,propuesta sin validar,"Sin antecedente 2D ni grupo duplicado. Metal marcado 'sí (propuesto)' por morfologia manufacturada (barra recta + vastagos), no por el umbral: el umbral no establece composicion. No se propone modelo, material ni indicacion quirurgica. El componente 1 y los objetos redondeados que se ven fuera del cuerpo en axiales 156-176 podrian ser cableado, tubuladura o accesorios de la mesa: quedan sin resolver. Objeto extraño no puede marcarse 'no': las laminas muestran 16 cortes axiales, no todo el volumen; la ausencia no queda demostrada."
dataset7_CLINIC_metal_0023_data,"Montaje de alta densidad con bloques densos alineados por delante de la pared abdominal y dos elementos rectilineos largos que cruzan oblicuamente el tejido blando desde fuera del cuerpo hasta el hueso iliaco, uno por lado","por determinar; 12 componentes conexos sobre 2500 HU. Los 5 mayores (14457-23176 vox) tienen bbox de hasta 67.7x164.9x101.6 mm, incompatibles con objetos solidos unicos: estan fusionados por el artefacto. Estimacion visual: 2 elementos alargados (uno por lado) y 4-5 bloques densos externos","elementos alargados que entran por la region anterolateral de la pared abdominal y alcanzan la region supraacetabular o iliaca de ambos lados; bloques densos por fuera del contorno cutaneo anterior. Componentes pequenos adicionales en el plano posterior, coincidentes con el soporte de la mesa","bilateral: componentes en izquierda (1, 3, 4, 11, 12) y derecha (2, 5, 6, 7, 8, 9, 10), por lado_por_x_ras (geometrica)",sí,marcada,media,sí (propuesto),sí (propuesto),"axiales.png: elementos lineales densos que cruzan el tejido blando hacia el hueso iliaco en los cortes 152, 170, 188, 207, 225, 243 y 261 (entradas ~i 130-160 y ~i 300-370); bandas oscuras rectas cruzando la pelvis en los cortes 152, 170, 188, 207 y 225; bloques densos fuera del contorno cutaneo en los cortes 115, 134, 152, 170, 188, 207 y 225. hallazgos.json componente 2: 22311 vox, 16210.81 mm3, bbox 59.1x159.2x118.4 mm, cortes 125-272, hu_max 18782; componente 1: 23176 vox, bbox 67.7x164.9x101.6 mm, cortes 102-228, hu_max 17146; componente 3: 14993 vox, bbox 28.6x37.2x41.6 mm, cortes 183-234, hu_max 16553",proyecciones.png; ortogonales.png; axiales.png,2500,2026-09-07,propuesta sin validar,"Severidad y confianza son cualitativas, no una escala clinica validada. Lateralidad tomada de lado_por_x_ras (geometrica, signo de x en RAS); si el header estuviera mal orientado, estaria mal. No propongo tipo de dispositivo, modelo, material ni indicacion: por determinar. Cantidad = rango derivado de componentes conexos; no es un conteo de implantes. Los componentes pequenos 7, 9, 10, 11 y 12 (5-73 vox) coinciden espacialmente con segmentos densos del soporte posterior visibles en los cortes 280, 298, 316 y 335: no los atribuyo al paciente."
dataset7_CLINIC_metal_0024_data,Elemento alargado largo y curvo de trayecto ascendente desde la región púbica; dos elementos rectilíneos largos con rosca y trayecto transversal; dos elementos alargados cortos adicionales,"5 componentes conexos >=5 vóxeles; es un conteo de componentes conexos, no de implantes","Región púbica/rama y columna anterior, trayecto ascendente (cortes 43-148); sacro y unión sacroilíaca (cortes 190-233)","lado_por_x_ras (geométrica, signo de x en RAS): derecha en comp.1, 2, 3 y 5; izquierda en comp.4. comp.1 y comp.2 tienen bbox x de 106.4 y 117.1 mm, de modo que cruzan la línea media y el lado del centroide no los describe",sí,moderada,media,sí (propuesto),incierto,"hallazgos.json comp.1: 4700 vóx, 3581.90 mm3, HU máx 21221, bbox 106.4x67.3x84.8 mm, cortes 43-148; comp.2: 1720 vóx, 1310.80 mm3, bbox 117.1x14.6x16.0 mm, cortes 214-233; comp.3: 597 vóx, bbox 25.4x12.7x13.6 mm, cortes 190-206; comp.4: 414 vóx, bbox 21.5x5.9x6.4 mm, cortes 191-198. En axiales.png cortes 51, 64, 78, 91, 104, 118 y 131 se sigue el elemento curvo como foco pequeño que asciende; cortes 198 y 224 muestran los elementos transversales largos con estrías horizontales. proyecciones.png (MIP coronal) muestra dos elementos roscados transversales y el elemento curvo largo",proyecciones.png; axiales.png,2500,2026-09-07,propuesta sin validar,"Sin antecedente 2D ni grupo duplicado en revision.csv. Las estructuras vistas parecen intraóseas o intracorpóreas y con morfología de material de osteosíntesis, pero no nombro modelo, material ni indicación. 'Objeto extraño' queda incierto porque no puedo demostrar ausencia con 16 cortes. Ningún componente toca el borde del FOV. Severidad y Confianza son cualitativas, propias de esta revisión visual; no son una escala clínica validada. Aquí 'Objeto extraño' se usa como material ajeno al montaje ortopédico; 'incierto' no significa ausencia: las láminas muestran 16 cortes axiales, no todo el CT."
dataset7_CLINIC_metal_0025_data,"Construcción intraósea de alta densidad con múltiples elementos alargados de contorno roscado y un elemento laminar alargado, que recorre una sola hemipelvis desde la región periacetabular hasta la cresta ilíaca y la zona sacroilíaca","3 componentes conexos (2 grandes y 1 pequeño); número de dispositivos por determinar, probablemente varios elementos fusionados en un mismo componente conexo por el artefacto","Hemipelvis: región periacetabular y techo acetabular, ascendiendo por el ala ilíaca hasta la zona sacroilíaca. Cortes axiales ijk 66-200 (comp.1), 199-285 (comp.2) y 108-136 (comp.3)","izquierda para los 3 componentes por lado_por_x_ras (x_ras -95.1, -87.3 y -83.4). Lateralidad geométrica por signo de x en RAS, no clínica",sí,marcada,media,sí (propuesto),incierto,"hallazgos.json: comp.1 20706 vóxeles / 11856.42 mm3 / bbox 56.7x86.3x108.0 mm / HU máx 18822 / cortes 66-200; comp.2 11617 vóxeles / 6651.98 mm3 / bbox 58.4x60.1x69.6 mm / HU máx 8027 / cortes 199-285; comp.3 976 vóxeles / 558.87 mm3 / bbox 22.8x26.2x23.2 mm / HU máx 14144 / cortes 108-136; ninguno toca borde de FOV. axiales.png: elementos densos intraóseos con estrías radiantes en los cortes 76, 91, 106, 122, 137, 152, 167 y 183; elemento alargado en la zona sacroilíaca en los cortes 228, 244, 259 y 274. proyecciones.png (MIP coronal y sagital) muestra el conjunto de elementos roscados a lo largo de una sola hemipelvis. revision.csv: Vóxeles sobre umbral=33299, HU máximo=18822",experiments/exploration-3d/outputs/laminas/dataset7_CLINIC_metal_0025_data/proyecciones.png; experiments/exploration-3d/outputs/laminas/dataset7_CLINIC_metal_0025_data/ortogonales.png; experiments/exploration-3d/outputs/laminas/dataset7_CLINIC_metal_0025_data/axiales.png,2500,2026-09-07,propuesta sin validar,"Severidad (leve/moderada/marcada) y Confianza (baja/media/alta) son escalas cualitativas de esta revisión visual, no una escala clínica validada. No se propone modelo, material, marca ni indicación quirúrgica. En axiales.png cortes 198, 213 y 228 se ven pequeños focos punteados junto al contorno cutáneo inferior, y en proyecciones.png un arco punteado, pero no figuran como componentes en hallazgos.json (quedan bajo 2500 HU o bajo el mínimo de 5 vóxeles): por eso Objeto extraño queda incierto y no 'no'. La lámina muestra 16 cortes axiales, no recorre todo el CT. Sin Antecedente 2D ni Grupo duplicado."
dataset7_CLINIC_metal_0026_data,"Construccion densa extensa: banda longitudinal con numerosos elementos lineales tipo tornillo a lo largo de la hemipelvis, mas una segunda agrupacion densa contigua en sentido craneal y un bloque denso adicional; ademas 4 focos pequenos en la periferia lateral que coinciden con el arco de la mesa/soporte visible en los cortes axiales",7 componentes conexos (3 mayores de 621-13550 voxeles y 4 de 7-26 voxeles); en proyecciones.png se distinguen >=10 elementos lineales; conteo no determinable,"Hemipelvis izquierda (geometrica): desde la region acetabular/rama pubica hasta la cresta iliaca y la union sacroiliaca; cortes axiales 39-259 (componente mayor 39-174, segundo 173-259, tercero 82-111). Focos pequenos en la periferia lateral izquierda, cortes 191-218",Geometrica por x RAS: izquierda en los siete componentes (x entre -50.8 y -174.7 mm). No es lateralidad clinica,sí,marcada,media,sí (propuesto),incierto,"hallazgos.json componente 1: 13550 voxeles, 12456.97 mm3, bbox 57.9x87.9x108.8 mm, HU max 22724, cortes 39-174. Componente 2: 7792 voxeles, 7163.44 mm3, bbox 62.2x53.6x69.6 mm, HU max 9530, cortes 173-259. Componente 3: 621 voxeles, 570.91 mm3, bbox 17.2x30.0x24.0 mm, HU max 16645, cortes 82-111. Componentes 4-7: 26, 14, 13 y 7 voxeles, cortes 191-218, todos con centroide x RAS ~-174 mm. Todos con toca_borde_fov=false. Se ven en axiales.png cortes 49, 64, 80, 95, 110, 126, 141, 156, 172, 187, 202, 218, 233 y 248; las estrias oscuras y brillantes son evidentes en los cortes 95, 110 y 141. ortogonales.png (sagital 188, coronal 223, axial 150) confirma la extension craneocaudal. revision.csv: Voxeles sobre umbral=22031, HU maximo=22724, Candidato HU=si, sin antecedente 2D, sin Grupo duplicado",experiments/exploration-3d/outputs/laminas/dataset7_CLINIC_metal_0026_data/proyecciones.png; ortogonales.png; axiales.png; hallazgos.json,2500,2026-09-07,propuesta sin validar,"Los 4 componentes pequenos (7-26 voxeles, x RAS ~-174 mm, cortes 191-218) caen sobre el arco claro que cruza los axiales por debajo/lateral al paciente y que parece mesa o soporte; no se puede decidir con las laminas, quedan como hallazgo aparte a verificar. Metal 'si (propuesto)' se refiere a los tres componentes mayores, por geometria y artefacto, no por el umbral. Severidad y Confianza son cualitativas (leve/moderada/marcada, baja/media/alta) y NO son una escala clinica validada. Criterio usado para Objeto extraño: estructura hiperdensa no anatomica y no continua con hueso. Las laminas muestran 16 cortes axiales, no todo el CT: la ausencia de objetos no queda demostrada. La lateralidad procede de lado_por_x_ras (signo de x en RAS): es geometrica, depende del header; no es lateralidad clinica confirmada. Cantidad aprox. viene del numero de componentes conexos sobre el umbral, no de un conteo de implantes: un componente puede ser un tornillo, un fragmento o varias piezas fusionadas por el artefacto."
dataset7_CLINIC_metal_0027_data,Estructuras alargadas perforadas bilaterales (compatibles con placas); placa curva con varios elementos lineales a lo largo del borde pélvico; un elemento lineal largo con extremo ensanchado que cruza la línea media a la altura sacra; además vóxeles densos aislados alineados en una recta vertical en el borde del FOV,"por determinar; 12 componentes conexos >=5 vóxeles, de los que los 2 mayores (18952 y 5836 vóxeles) concentran el material intrapélvico; al menos 6 componentes pequeños (i≈414-450) caen en la periferia del FOV y no parecen intracorporales","Bilateral: regiones ilíaca y sacroilíaca de ambos lados, borde pélvico/línea innominada, y elemento transverso a la altura del sacro","bilateral; lado_por_x_ras da 'izquierda' para el componente mayor (x RAS -43,7 mm) y 'derecha' para el segundo (x RAS +60,8 mm), y el bbox del mayor mide 148,9 mm en x, es decir cruza la línea media (probable fusión de ambos lados por el artefacto). x RAS = 0 cae en i≈241, cerca del centro del FOV",sí,marcada,media,sí (propuesto) para el material intrapélvico; incierto para los vóxeles del borde del FOV,incierto,"hallazgos.json: comp1 18952 vóxeles / 15132,22 mm3 / HU máx 18873 / bbox 148,9 x 97,9 x 140,8 mm / cortes 118-293; comp2 5836 vóxeles / 4659,75 mm3 / HU máx 15147 / bbox 40,0 x 58,9 x 59,2 mm / cortes 226-299; comp4 170 vóxeles cortes 267-276; comp6 28 vóxeles cortes 262-263. Periféricos: comp3 323 vóxeles en i=449 cortes 84-111, comp5 144 vóxeles en i=450 cortes 63-81, comp9 9 vóxeles cortes 24-26, comp8/comp11/comp12 en i≈414 cortes 138-160 y 330-331. axiales.png cortes 125, 148, 170, 192, 215, 237, 259 y 282 con material denso intrapélvico y estrías radiadas en 192, 215, 237 y 259; el punto denso periférico se ve sobre la línea de la mesa en los cortes 58, 81, 103 y 125. ortogonales.png coronal 267 y axial 212; proyecciones.png MIP coronal (recorte ampliado) con las placas perforadas y el elemento transverso.",proyecciones.png; ortogonales.png; axiales.png,2500,2026-09-07,propuesta sin validar,"Los componentes en i≈414-450 caen sobre una línea recta vertical en el borde del FOV, fuera del contorno corporal (visible en axiales 58, 81, 103 y 125): compatibles con mesa o soporte, no con implante; se dejan sin clasificar y no se cuentan como implantes. Objeto extraño incierto. Sin antecedente 2D y sin Grupo duplicado."
dataset7_CLINIC_metal_0028_data,"Construcción bilateral: placa curva anterior con elementos lineales tipo tornillo en región púbica/ramas, sendas placas con tornillos en ambas regiones ilíaca-sacroilíaca, y un elemento lineal largo transversal a nivel del sacro fragmentado por el umbral en varios componentes pequeños","por determinar; 9 componentes conexos >=5 vóxeles y más de 15 elementos lineales contables en el MIP coronal; los comp.3 a comp.8 parecen segmentos del mismo elemento transversal, así que el número de componentes sobreestima el de piezas",región púbica/ramas y ala ilíaca del lado izquierdo geométrico en cortes axiales 100-227; región sacroilíaca del lado derecho geométrico en cortes 205-279; región sacroilíaca del lado izquierdo geométrico en cortes 215-274; elemento transversal a nivel de los cortes 236-247,"bilateral: comp.0 y comp.2 izquierda (x RAS -47.9 y -71.4 mm), comp.1 derecha (x RAS +47.3 mm), comp.5 a comp.8 derecha. Lateralidad geométrica derivada del signo de x en RAS, no clínica",sí,marcada,alta,sí (propuesto),incierto,"hallazgos.json: comp.0 26781 vóx / 11732.9 mm3 / HU máx 19090 / bbox 147.3x74.7x102.4 mm / centroide ijk [211,315,160] / cortes 100-227; comp.1 12153 vóx / 5324.3 mm3 / HU máx 16829 / bbox 61.4x54.8x60.0 mm / cortes 205-279; comp.2 9380 vóx / 4109.4 mm3 / HU máx 17169 / bbox 60.7x45.1x48.0 mm / cortes 215-274; comp.3 151 vóx (bbox 20.7x7.4x3.2 mm, cortes 236-239), comp.4 110 vóx (cortes 240-243), comp.5 103 vóx (cortes 244-247), comp.6 17 vóx, comp.7 9 vóx y comp.8 7 vóx, todos alineados en i≈262-300 y j≈258-265; toca_borde_fov=false. axiales.png: corte 120 con blooming central y estrías radiales intensas; cortes 132, 145, 158, 170, 183, 195, 208, 221, 233, 246, 258 y 271 con elementos densos y bandas oscuras entre ellos. proyecciones.png: MIP coronal con la placa curva inferior, dos construcciones altas y la barra transversal larga",proyecciones.png; ortogonales.png; axiales.png (cortes 95-284),2500,2026-09-07,propuesta sin validar,"El umbral no acredita composición ni distingue metal de cemento o contraste; 'metal (propuesto)' se apoya en la forma manufacturada y en las estrías. No se propone modelo, material, marca ni indicación. Objeto extraño incierto: axiales.png solo muestra 16 cortes del volumen: no demuestra ausencia de objetos en el resto del CT. Sin antecedente 2D y sin grupo duplicado. Severidad y confianza son cualitativas y propias de esta revision visual preliminar, no una escala clinica validada."
dataset7_CLINIC_metal_0029_data,Conjunto extenso de cuerpos alargados y de bandas con perforaciones circulares regulares en la hemipelvis derecha (aspecto de placas y tornillos); hilera discontinua de focos densos por fuera del contorno cutáneo anterolateral; foco denso pequeño aislado fuera del cuerpo,"12 componentes conexos (2 grandes de 24058 y 14558 vóxeles, 7 intermedios de 61-1780, 3 pequeños); no equivale al número de implantes, un componente puede ser un tornillo, un fragmento o varias piezas fusionadas por el artefacto","Ala ilíaca, región acetabular y región sacroilíaca del lado derecho, con extensión craneocaudal amplia (cortes 51-300); hilera densa fuera del contorno corporal anterior y lateral (cortes 99-135); foco aislado fuera del cuerpo (cortes 77-82)","derecha en 11 de 12 componentes y izquierda en el componente extracorpóreo de 18 vóxeles, por lado_por_x_ras (geométrica por el signo de x en RAS)",sí,marcada,media,incierto,sí (propuesto),"hallazgos.json componente 1: 24058 vóxeles, 11770.35 mm3, bbox 100.1x111.8x186.4 mm, HU máx 20549, cortes 51-283. Componente 2: 14558 vóxeles, 7122.49 mm3, bbox 65.7x71.9x100.0 mm, HU máx 18925, cortes 176-300. Componentes 3-10: 1780, 1263, 839, 826, 789, 701, 284 y 61 vóxeles (870.86 a 29.84 mm3), cortes 107-217. Componente 11: 18 vóxeles, cortes 77-82, centroide_ijk [38,130,79], fuera del cuerpo. Componente 12: 17 vóxeles, cortes 170-172. Todos toca_borde_fov false. axiales.png: estrías y bandas oscuras marcadas en los cortes 171, 188, 206, 242 y 260; cuerpos alargados intraóseos en 117, 135, 153, 171, 188, 206, 224, 242, 260 y 278; hilera de puntos densos fuera del contorno corporal en 99, 117 y 135; foco aislado sobre la mesa en 63, 81 y 99. proyecciones.png: MIP coronal muestra la banda con orificios recorriendo la hemipelvis derecha.",proyecciones.png; ortogonales.png; axiales.png,2500,2026-09-07,propuesta sin validar,"revision.csv: Antecedente 2D vacío, sin Grupo duplicado, Vóxeles sobre umbral 45246, HU máximo 20549. El componente 1 tiene 186 mm de extensión en z y cruza 232 cortes: casi con seguridad agrupa varias piezas unidas por el halo del artefacto, no es un implante único. La hilera densa extracorpórea puede ser ropa, sujeción o accesorio; queda por determinar. Severidad y Confianza son cualitativas, no una escala clínica validada. Objeto extraño se propone como 'cuerpo denso no anatómico visible en las láminas'; no distingue implante de objeto externo ni afirma composición. No se descarta objeto extraño adicional: axiales.png muestra 16 cortes, no todo el CT."
dataset7_CLINIC_metal_0030_data,"Barra larga que discurre por FUERA del contorno cutaneo anterior, unida a vastagos que penetran en ambas crestas iliacas (morfologia de montaje de fijacion externa); Material denso con tornillos en la region sacroiliaca posterior; Foco denso pequeno retroperitoneal junto al cuerpo vertebral, cortado por el borde superior del FOV","por determinar; 4 componentes conexos >2500 HU. El componente mayor abarca barra externa y ambos vastagos en una sola pieza conexa, asi que no representa un implante unico","Por delante de la pared abdominal anterior (fuera de la piel) y ambas crestas iliacas, cortes axiales 139-173; Region sacroiliaca posterior, cortes axiales 171-228; Retroperitoneo alto junto al cuerpo vertebral, cortes axiales 346-349",comp1 lado_por_x_ras=derecha (x=+5.4 mm) pero su bbox mide 242.3 mm en x y abarca ambos lados: la etiqueta por centroide no describe su extension. comp2 y comp3 derecha (x=+78.6 y +58.9 mm). comp4 derecha (x=+33.8 mm). Todas geometricas.,sí,marcada,alta para la presencia de material denso; baja para su composicion,sí (propuesto),sí (propuesto),"hallazgos.json comp1: 20752 vox, 9116.18 mm3, bbox 242.3x80.8x28.0 mm, HU max 9001, cortes 139-173. comp2: 7500 vox, 3294.69 mm3, bbox 57.1x52.6x24.0 mm, HU max 21371, cortes 199-228. comp3: 3757 vox, 1650.42 mm3, bbox 51.9x54.8x31.2 mm, cortes 171-209. comp4: 32 vox, 14.06 mm3, bbox 3.0x3.7x3.2 mm, HU max 4548, cortes 346-349, toca_borde_fov=true. proyecciones.png MIP axial y coronal. axiales.png cortes 148 (barra anterior), 205 y 220 (material sacroiliaco). Zoom propio cortes 145/152/160: en 152 la barra queda por encima de la linea cutanea y en 145 se ven los vastagos entrando en ambas crestas iliacas.",proyecciones.png; ortogonales.png; axiales.png,2500,2026-09-07,propuesta sin validar,"Sin Grupo duplicado en revision.csv. Sin Antecedente 2D. Objeto extrano=si (propuesto) porque la barra de comp1 discurre por fuera del contorno cutaneo: es material no anatomico, aunque su funcion no se determina aqui. ALERTA FOV: comp4 tiene toca_borde_fov=true en el limite superior del volumen (corte 349 de 350); puede ser un objeto cortado por el FOV, una calcificacion o material vascular: se deja incierto y no se clasifica. axiales.png muestra 16 cortes, no todo el CT: no permite demostrar ausencia de material. Lectura usada de ""Objeto extrano"": material no anatomico identificable como pieza discreta. Se marca ""si (propuesto)"" solo cuando hay un componente concreto que no es plausiblemente osteosintesis intraosea (extracorporeo o no oseo); en montajes puramente osteosinteticos se deja ""incierto"" porque no se sabe si la columna busca cuerpo extrano distinto del implante. A resolver por la autora. Severidad y Confianza son cualitativas (leve/moderada/marcada; baja/media/alta), no una escala clinica validada."
dataset7_CLINIC_metal_0031_data,"Vástagos lineales alargados con extremo redondeado y una banda con perforaciones seriadas contorneada a lo largo del borde pélvico y el ala ilíaca, concentrados en una sola hemipelvis; además un foco denso pequeño y aislado a nivel abdominal medio, y una cadena de cuentas por fuera del contorno corporal","7 componentes conexos: 4 de >1800 vóxeles (conjunto pélvico), 1 de 113 vóxeles (foco abdominal aislado) y 2 de 7-9 vóxeles en el borde del FOV. Rango plausible de elementos individuales en la pelvis 5-10, por determinar: el componente mayor fusiona banda y vástagos","conjunto pélvico: ala ilíaca, borde pélvico y región acetabular de una hemipelvis, cortes axiales 0-163; foco aislado: abdomen medio próximo a la línea media, cortes 291-301; focos milimétricos: margen lateral del FOV, cortes 0-4 y 289-291","lado_por_x_ras (geométrico, signo de x en RAS): derecha comp 0, 1, 2, 3 y 4; izquierda comp 5 y 6. No es lateralidad clínica confirmada",sí,marcada,alta,sí (propuesto) para el conjunto pélvico; incierto para el foco abdominal aislado (comp 4),incierto,"hallazgos.json: comp 0 (28745 vóx, 14061.3 mm3, bbox 140.8x106.4x131.2 mm, HU max 19448, cortes 0-163, toca_borde_fov=true); comp 1 (3360 vóx, 1643.6 mm3, bbox 18.8x29.7x30.4 mm, cortes 83-120); comp 2 (2254 vóx, 1102.6 mm3, bbox 36.8x60.2x48.8 mm, cortes 80-140); comp 3 (1882 vóx, 920.6 mm3, bbox 10.2x43.0x53.6 mm, cortes 29-95); comp 4 (113 vóx, 55.3 mm3, bbox 3.1x3.9x8.8 mm, HU max 12510, cortes 291-301, i~271 j~280, sin continuidad con el resto); comp 5 (9 vóx, cortes 289-291) y comp 6 (7 vóx, cortes 0-4, toca_borde_fov=true), ambos en i~29-30, borde lateral. axiales.png cortes 0, 20, 40, 61, 81, 102, 122 y 142: focos densos sucesivos a lo largo del borde pélvico y del ala ilíaca de un solo lado, con estrías radiadas muy visibles en 40, 61, 81 y 102 (base de Artefactos=sí y Severidad=marcada). proyecciones.png MIP coronal y sagital: banda con perforaciones seriadas contorneada al borde pélvico y varios vástagos rectos; el mapa >2500 HU muestra además el foco aislado alto (comp 4) claramente separado del resto. Observación aparte: cadena de cuentas densas por fuera del contorno corporal, visible en el MIP axial en (i~350-450, j~180-360), no representada en el mapa >2500 HU.",outputs/laminas/dataset7_CLINIC_metal_0031_data/ : proyecciones.png; ortogonales.png; axiales.png; hallazgos.json,2500,2026-09-07,propuesta sin validar,"Sin Grupo duplicado y sin Antecedente 2D en revision.csv (Cohorte propuesta='pendiente'). ALERTA toca_borde_fov=true en comp 0: el conjunto llega al corte 0 y queda cortado por el límite inferior del volumen; comp 6 también toca el borde. El comp 4 (foco abdominal aislado, HU max 12510, ~3x4x9 mm) NO se caracteriza: el umbral no permite distinguir clip, cuerpo denso, contraste concentrado u otra cosa; requiere revisión de la autora. No se propone modelo ni indicación quirúrgica: por determinar. Objeto extraño queda incierto: axiales.png muestra 16 cortes de un volumen de cientos, la ausencia de objetos no se puede demostrar con estas laminas. Severidad y Confianza son etiquetas cualitativas de revision visual, no una escala clinica validada. El umbral HU no distingue metal de contraste, hueso denso, cemento ni objeto externo; nada aqui esta certificado."
dataset7_CLINIC_metal_0032_data,"Una estructura curva y alargada con orificios circulares alineados que sigue el borde del hueso ilíaco hacia la región acetabular, más varios elementos alargados con extremo ensanchado orientados en distintas direcciones","por determinar; 2 componentes conexos, pero visualmente al menos 1 estructura con orificios alineados y al menos 5 elementos alargados. El número de componentes conexos no es un conteo de implantes: el artefacto y el contacto los fusionan","intraósea, limitada a una hemipelvis: cresta y ala ilíaca, borde pélvico y región acetabular y supraacetabular; cortes 52-264","izquierda para los dos componentes (lado_por_x_ras, geométrica por el signo de x en RAS; x RAS -34.5 y -62.4 mm). Coherente con que todo el material se ve en una sola hemipelvis en las láminas; no es lateralidad clínica confirmada",sí,marcada,alta,sí (propuesto),incierto,"axiales.png cortes 76, 91, 106, 121, 135, 150, 165, 180, 195, 209, 224, 239 y 254: focos hiperdensos intraóseos con estrías muy marcadas que atraviesan el corte (especialmente 106, 121, 135 y 165). proyecciones.png MIP coronal: cadena de orificios circulares alineados siguiendo el borde óseo, y varios elementos alargados rectos; MIP sagital: elementos radiando en distintas direcciones. hallazgos.json: componente 29886 vóxeles / 13093 mm3 / HU máx 19918 / bbox 88.8 x 106.6 x 147.2 mm / cortes 52-235 / izquierda; componente 2478 vóxeles / 1086 mm3 / HU máx 17260 / bbox 64.4 x 28.9 x 23.2 mm / cortes 236-264 / izquierda. revision.csv: 32366 vóxeles sobre umbral, HU máximo 19918",proyecciones.png; ortogonales.png; axiales.png,2500,2026-09-07,propuesta sin validar,"Objeto extraño queda incierto: no hay evidencia de ausencia y 16 cortes axiales no recorren el volumen. Metal se propone sí por densidad y morfología (orificios alineados, elementos alargados) más estrías marcadas; no se afirma material, modelo, marca ni indicación quirúrgica. Ningún componente toca el borde del FOV. Sin Antecedente 2D en revision.csv para este caso. Severidad y Confianza son cualitativas (leve/moderada/marcada, baja/media/alta), no una escala clínica validada. Las láminas muestran 16 cortes axiales, no todo el CT: no se demuestra ausencia de objetos. Sin Grupo duplicado en revision.csv. El umbral HU no distingue metal de contraste, hueso denso, cemento ni objeto externo; material, modelo e indicación quedan por determinar."
dataset7_CLINIC_metal_0033_data,"Dos elementos alargados, rectos y de seccion redondeada, alojados dentro de hueso; uno oblicuo largo y otro transversal posterior","2 (rango 2-3); derivado de 2 componentes conexos en hallazgos.json; un componente puede ser una pieza, un fragmento o varias fusionadas","1) trayecto oblicuo desde la region supraacetabular hasta el ala iliaca, cortes axiales 113-205; 2) trayecto transversal posterior que cruza la region sacroiliaca/sacro, cortes axiales 214-233","1) derecha (x RAS +36.6 mm); 2) izquierda por centroide (x RAS -22.0 mm) pero con bbox de 108.0 mm en x, es decir cruza la linea media. Geometricas por signo de x en RAS",sí,leve a moderada,media,sí (propuesto),incierto,"axiales.png cortes 116, 125, 134, 142, 151, 160, 168, 177, 186, 194, 203: seccion densa redondeada que se desplaza progresivamente dentro del hueso iliaco (trayecto oblicuo); cortes 220 y 229: elemento denso alargado transversal en la region sacroiliaca posterior con leve estriado; ortogonales.png sagital 315 y axial 180; proyecciones.png MIP coronal y axial (dos trazas rectas). Componentes de hallazgos.json: 4581 voxeles (2530.92 mm3, bbox 81.4x36.6x74.4 mm, HU max 6933, cortes 113-205) y 2273 voxeles (1255.79 mm3, bbox 108.0x15.8x16.0 mm, HU max 6979, cortes 214-233). revision.csv: 6854 voxeles sobre umbral, HU max 6979",proyecciones.png; ortogonales.png; axiales.png,2500 (umbral por defecto de laminas.py; no se repitio con --hu),2026-09-07,propuesta sin validar,"El umbral de 2500 HU no distingue metal de contraste, hueso denso, cemento ni material externo. 'Metal: sí (propuesto)' se apoya en morfologia (dos cuerpos rectos, de calibre constante, dentro de hueso, con estriado asociado), no en composicion: no puedo establecer material ni modelo. En el MIP el eje de ambos elementos aparece mas tenue que sus extremos, asi que el umbral de 2500 HU probablemente subestima su longitud real. Sin Grupo duplicado ni Antecedente 2D en revision.csv. Las laminas muestran 16 cortes axiales, no todo el volumen: no se demuestra ausencia de nada. Revision completa pendiente por la autora con explorar.py cortes."
dataset7_CLINIC_metal_0034_data,"Montaje denso extenso por delante del abdomen, fuera del contorno cutaneo (barras rectas, piezas cilindricas con rosca visible y bloques de union), con vastagos densos que atraviesan la piel y entran en ambas alas iliacas; morfologia compatible con un fijador externo (no confirmado)",">=12 componentes conexos (>=5 voxeles); hallazgos.json trunca la lista a 12, asi que es un limite inferior. No es un conteo de piezas ni de implantes","pared abdominal anterior, extracorporea (barras y bloques); ala iliaca / region supraacetabular derecha; ala iliaca / region supraacetabular izquierda; piezas sueltas anteriores fuera del cuerpo","bilateral y de linea media; hallazgos.json lista componentes 'izquierda' (x_RAS hasta -140.6), 'derecha' (hasta +173.3) y 'central' (+3.7), todos geometricos",sí,marcada,alta,sí (propuesto),sí (propuesto),"hallazgos.json (12 componentes listados, 77774 voxeles sobre umbral, HU max volumen 17468): componente 0 con 28075 voxeles, 15529.88 mm3, bbox 106.4 x 136.3 x 30.4 mm, cortes 249-286; componente 1 con 12852 voxeles, bbox 32.4 x 29.9 x 28.8 mm, cortes 233-268; componente 3 con 9171 voxeles, HU max 17468, bbox 78.1 x 126.3 x 40.9 mm, cortes 254-304; componentes 6 y 8 (2738 y 2569 voxeles, bbox ~12-13 x 11.6 x 26-27 mm, cortes 258-291) corresponden a las dos piezas cilindricas anteriores. Ninguno marca toca_borde_fov. axiales.png: montaje anterior extracorporeo y vastagos en los cortes 238, 244, 249, 255, 260, 265, 271, 276, 282, 287, 292 y 298; el estriado que oscurece la pelvis se ve sobre todo en 249, 255, 260, 265 y 271. ortogonales.png: coronal 402 / axial 263.",proyecciones.png; ortogonales.png; axiales.png,2500,2026-09-07,propuesta sin validar,"Sin antecedente 2D ni grupo duplicado. HU minimo del volumen -9847 segun revision.csv: hay valores fuera del rango fisico, sintoma de artefacto severo; conviene tenerlo en cuenta antes de usar este caso como referencia de HU. La lista de componentes esta truncada a 12 por laminas.py, de modo que Cantidad es un limite inferior. Objeto extraño no puede marcarse 'no': las laminas muestran 16 cortes axiales, no todo el volumen; la ausencia no queda demostrada."
dataset7_CLINIC_metal_0035_data,Dos elementos rectilineos alargados que cruzan el muslo derecho (por x RAS) en el plano axial y sobresalen del contorno cutaneo; ademas tres focos densos milimetricos aislados dentro de la pelvis,"por determinar; 8 componentes conexos sobre 2500 HU. Los componentes 1-4 y 6 corresponden a los dos elementos alargados y su halo (cortes 37-42 y 63-68); los componentes 5, 7 y 8 son focos de 25 a 157 voxeles","elementos alargados a la altura del femur proximal derecho, cruzando el muslo y saliendo del contorno cutaneo lateral; no puedo confirmar en estas laminas si atraviesan la cortical. Focos milimetricos: uno derecho paravertebral bajo (cortes 239-249), uno derecho (cortes 213-217) y uno izquierdo en la region sacra (cortes 194-198)","derecha para los componentes 1 a 7 e izquierda para el 8, por lado_por_x_ras (geometrica)",sí,moderada,baja,sí (propuesto),sí (propuesto),"ortogonales.png: axial 66 muestra el elemento alargado cruzando el muslo derecho y saliendo del contorno cutaneo, con halo brillante y estria; coronal 236 muestra dos bandas horizontales a la altura de los cortes ~40 y ~65 compatibles con artefacto. proyecciones.png: MIP sagital y coronal muestran los dos elementos rectilineos a nivel femoral proximal, prolongados por fuera del cuerpo. axiales.png: foco denso milimetrico en (i~190, j~210) en el corte 194. hallazgos.json componente 1: 1648 vox, 717.99 mm3, bbox 37.6x37.6x4.8 mm, cortes 63-68, hu_max 7416; componente 2: 1300 vox, bbox 27.3x26.6x4.8 mm, cortes 37-42, hu_max 6615; componente 5: 157 vox, 68.40 mm3, bbox 8.1x9.6x8.8 mm, cortes 239-249, hu_max 14785; componente 8: 25 vox, cortes 194-198, hu_max 3276",proyecciones.png; ortogonales.png; axiales.png,2500,2026-09-07,propuesta sin validar,"Severidad y confianza son cualitativas, no una escala clinica validada. Lateralidad tomada de lado_por_x_ras (geometrica, signo de x en RAS); si el header estuviera mal orientado, estaria mal. ADVERTENCIA DE MUESTREO: axiales.png muestrea los cortes 32, 46, 61, 76, 91, 106, 120, 135, 150, 165, 180, 194, 209, 224, 239 y 254 y NO cae dentro de los rangos 37-42 ni 63-68, donde estan los dos elementos alargados; la evidencia para ellos viene de ortogonales.png y proyecciones.png. Por eso la confianza es baja. No propongo tipo de dispositivo, material ni indicacion: por determinar. Caso recomendado para revision con explorar.py cortes."
dataset7_CLINIC_metal_0036_data,"Cuerpo denso único, compacto, alargado en el eje craneocaudal y de contorno neto, situado fuera del contorno corporal, junto al miembro superior apoyado al costado",1 componente conexo >=5 vóxeles,"No anatómica respecto de la pelvis: extracorpóreo, lateral, a la altura de los cortes 312-348 (nivel lumbar en axiales.png), en el aire entre el tronco y el antebrazo/mano","lado_por_x_ras (geométrica, signo de x en RAS): izquierda. Sin valor clínico por ser extracorpóreo",sí,leve,media,sí (propuesto),sí (propuesto),"hallazgos.json comp.1 (único): 1589 vóx, 934.60 mm3, HU máx 18002, bbox 14.6x10.3x29.6 mm, cortes 312-348, centroide ijk 116,199,324, toca_borde_fov=false. Visible en axiales.png cortes 315, 318, 321, 323, 326, 332, 335 y 346 como foco rojo en ~(115,200), por fuera de la pared abdominal; en proyecciones.png (MIP sagital y coronal) aparece como único objeto sobre umbral, por encima y por fuera de la pelvis, junto a huesos de la mano/antebrazo",proyecciones.png; axiales.png,2500,2026-09-07,propuesta sin validar,"revision.csv marca Grupo duplicado (hash 36b9c186...) compartido con dataset6_CLINIC_0048_data. Propuesta DEPENDIENTE de resolver el grupo duplicado: no clasificar por separado. Pese a estar en la carpeta CLINIC_metal, en las 16 axiales y en las tres MIP no se observa material sobre umbral dentro de la pelvis; no puedo afirmar ausencia, pero conviene revisarlo con explorar.py cortes. No nombro el objeto. Severidad y Confianza son cualitativas, propias de esta revisión visual; no son una escala clínica validada. Aquí 'Objeto extraño' se usa como material ajeno al montaje ortopédico; 'incierto' no significa ausencia: las láminas muestran 16 cortes axiales, no todo el CT."
dataset7_CLINIC_metal_0037_data,"Dos conjuntos: (a) bloques voluminosos de alta densidad por fuera del contorno cutáneo, bilaterales y uno en línea media anterior, unidos a vástagos rectilíneos largos que atraviesan la piel y entran en ambas regiones supraacetabulares; (b) elementos alargados de contorno roscado intraóseos en la hemipelvis posterior y la región sacroilíaca","(a) al menos 5 componentes externos grandes; (b) 2 componentes conexos intraóseos grandes más 5 focos menores de 13-34 vóxeles. Total 12 componentes conexos; el conteo es de componentes conexos, no de implantes","(a) fuera del contorno corporal, anterior y anterolateral bilateral y en línea media, con vástagos que entran en ambos ilíacos supraacetabulares (cortes axiales ijk 41-159, 52-147, 137-171, 145-177 y 128-187); (b) región sacroilíaca y ala ilíaca posterior, cortes axiales ijk 189-210 y 219-271","Bilateral: 3 componentes 'izquierda' y 9 'derecha' por lado_por_x_ras; los dos componentes externos mayores son uno de cada lado. Lateralidad geométrica por signo de x en RAS, no clínica",sí,marcada,media,sí (propuesto),sí (propuesto),"hallazgos.json: comp.1 57754 vóx / 31908.07 mm3 / bbox 61.5x173.7x95.2 mm / HU máx 18582 / cortes 41-159; comp.2 53854 vóx / 29753.39 mm3 / bbox 56.5x187.0x76.8 mm / cortes 52-147; comp.3 19459 vóx / cortes 145-177; comp.4 18591 vóx / cortes 137-171; comp.5 15748 vóx / bbox 23.3x26.6x48.0 mm / cortes 128-187 (bloque de línea media); comp.6 7441 vóx / bbox 53.2x61.5x42.4 mm / HU máx 22999 / cortes 219-271; comp.7 6298 vóx / bbox 49.0x69.8x17.6 mm / cortes 189-210; comps. 8-12 de 13 a 34 vóxeles. axiales.png: bloques externos bilaterales en los cortes 58, 78, 97, 117, 136, 156 y 175; bloque externo de línea media en los cortes 136, 156 y 175; vástagos atravesando el tejido y entrando en el ilíaco en los cortes 117 y 136; elementos roscados intraóseos posteriores en los cortes 195, 234 y 253; estrías marcadas en los cortes 117, 136, 156 y 195. revision.csv: Vóxeles sobre umbral=179296, HU máximo=22999",experiments/exploration-3d/outputs/laminas/dataset7_CLINIC_metal_0037_data/proyecciones.png; experiments/exploration-3d/outputs/laminas/dataset7_CLINIC_metal_0037_data/ortogonales.png; experiments/exploration-3d/outputs/laminas/dataset7_CLINIC_metal_0037_data/axiales.png,2500,2026-09-07,propuesta sin validar,"Severidad (leve/moderada/marcada) y Confianza (baja/media/alta) son escalas cualitativas de esta revisión visual, no una escala clínica validada. No se propone modelo, material, marca ni indicación quirúrgica: solo morfología. Objeto extraño 'sí (propuesto)' por los componentes situados fuera del contorno corporal; no se puede determinar si forman parte de un montaje de fijación, si son accesorio de mesa o si son objetos ajenos. El comp.12 tiene toca_borde_fov=true (alerta, no conclusión). Sin Antecedente 2D ni Grupo duplicado."
dataset7_CLINIC_metal_0038_data,"Dos agrupaciones densas separadas en sentido craneocaudal, cada una con varios elementos lineales tipo tornillo y una banda transversal tipo placa, en la region sacroiliaca/iliaca posterior; ademas 2 focos pequenos en la periferia lateral opuesta que coinciden con el arco de la mesa/soporte",4 componentes conexos (2 mayores y 2 de <=15 voxeles); en proyecciones.png se distinguen aproximadamente 6-10 elementos lineales; conteo por determinar,"Hemipelvis derecha (geometrica), region sacroiliaca/iliaca posterior y cresta: agrupacion craneal en cortes axiales 224-276 y agrupacion caudal en cortes 195-216. Focos pequenos en la periferia lateral izquierda, cortes 78-101","Geometrica por x RAS: derecha en los dos componentes mayores (x=+127.5 y +115.1 mm); los dos focos pequenos, izquierda (x~-174 mm). No es lateralidad clinica",sí,moderada,media,sí (propuesto),incierto,"hallazgos.json componente 1: 3782 voxeles, 4562.49 mm3, bbox 54.0x62.6x42.4 mm, HU max 20692, cortes 224-276. Componente 2: 3219 voxeles, 3883.3 mm3, bbox 46.7x71.2x17.6 mm, HU max 13682, cortes 195-216. Componentes 3 y 4: 15 y 6 voxeles, cortes 95-101 y 78-81, centroide x RAS ~-174 mm. Todos con toca_borde_fov=false. Se ven en axiales.png cortes 197, 211, 225, 253 y 267 (estrias visibles en 211 y 267) y en ortogonales.png (sagital 321, coronal 252, axial 232). proyecciones.png MIP coronal muestra las dos agrupaciones apiladas lateralmente al sacro. revision.csv: Voxeles sobre umbral=7029, HU maximo=20692, Candidato HU=si, sin antecedente 2D, sin Grupo duplicado",experiments/exploration-3d/outputs/laminas/dataset7_CLINIC_metal_0038_data/proyecciones.png; ortogonales.png; axiales.png; hallazgos.json,2500,2026-09-07,propuesta sin validar,"Los 2 componentes de <=15 voxeles caen sobre el arco claro que cruza los axiales por debajo del paciente (posible mesa o soporte): no se decide con las laminas. Metal 'si (propuesto)' se refiere a los dos componentes mayores, por geometria y artefacto, no por el umbral. No se propone modelo, material ni indicacion. Severidad y Confianza son cualitativas (leve/moderada/marcada, baja/media/alta) y NO son una escala clinica validada. Criterio usado para Objeto extraño: estructura hiperdensa no anatomica y no continua con hueso. Las laminas muestran 16 cortes axiales, no todo el CT: la ausencia de objetos no queda demostrada. La lateralidad procede de lado_por_x_ras (signo de x en RAS): es geometrica, depende del header; no es lateralidad clinica confirmada. Cantidad aprox. viene del numero de componentes conexos sobre el umbral, no de un conteo de implantes: un componente puede ser un tornillo, un fragmento o varias piezas fusionadas por el artefacto."
dataset7_CLINIC_metal_0039_data,"Dos elementos cilíndricos alargados y rectos, con un extremo más ancho, compatibles con tornillos largos; no veo estructura perforada tipo placa","2 componentes conexos >=5 vóxeles, uno por elemento visible; es un recuento de componentes conexos, no de implantes",Comp1: trayecto oblicuo desde la región púbica/parasinfisaria hacia la región acetabular anterior; comp2: trayecto transverso a la altura del sacro y la articulación sacroilíaca,"derecha (geométrica, lado_por_x_ras; x RAS +57,0 y +24,8 mm), con x RAS = 0 en i≈264, casi el centro del FOV; ambos elementos quedan en el lado derecho de la imagen",sí,leve,media,sí (propuesto),incierto,"hallazgos.json: comp1 3463 vóxeles / 2639,18 mm3 / HU máx 6778 / bbox 83,9 x 36,1 x 56,0 mm / cortes 87-156; comp2 2031 vóxeles / 1547,84 mm3 / HU máx 6593 / bbox 78,1 x 12,7 x 20,8 mm / cortes 180-205; ninguno toca el borde del FOV. axiales.png cortes 90, 99, 107, 116, 124, 133, 141 y 150 (comp1) y 184, 192 y 201 (comp2); el recorte ampliado del corte 192 muestra el elemento dentro del ala sacra/región sacroilíaca con estriado apenas perceptible. ortogonales.png axial 148 y sagital 310 (los dos elementos cortados de frente, como secciones circulares); proyecciones.png MIP coronal con ambos elementos y su extremo ensanchado.",proyecciones.png; ortogonales.png; axiales.png,2500,2026-09-07,propuesta sin validar,"HU máx 6778, el más bajo de los casos con implante de este lote, y estriado visualmente leve frente a los otros dataset7. No propongo modelo, material ni indicación quirúrgica. Objeto extraño incierto: las 16 axiales no recorren el volumen. Sin antecedente 2D y sin Grupo duplicado."
dataset7_CLINIC_metal_0040_data,Placa curva anterior de borde pélvico con múltiples elementos lineales tipo tornillo; elemento lineal largo transversal a nivel sacro fragmentado por el umbral; focos puntiformes accesorios anteriores; hilera de focos densos alineados sobre el contorno cutáneo anterior (sin componente >=5 vóxeles en hallazgos.json),por determinar; 9 componentes conexos >=5 vóxeles y 8-12 elementos lineales tipo tornillo contables sobre la placa en el MIP coronal; los comp.1 a comp.4 y comp.6 parecen segmentos del mismo elemento transversal,"placa y tornillos en borde pélvico anterior, sínfisis y ramas, cortes axiales 85-204; elemento transversal en cortes 236-253 (visible entero en el corte 242); focos accesorios anteriores (j≈322-325) en cortes 37-44; hilera cutánea anterior en cortes 212 y 227","comp.0 derecha por lado_por_x_ras (x RAS +11.9 mm) pero su bbox en x mide 135.6 mm y cruza la línea media; extremos del elemento transversal en izquierda (x RAS -75.3) y derecha (x RAS +60.6). Lateralidad geométrica, no clínica",sí,marcada,alta (presencia de la construcción); baja para los focos de 12-16 vóxeles de los cortes 37-44,sí (propuesto),incierto,"hallazgos.json: comp.0 25942 vóx / 16958.6 mm3 / HU máx 20193 / bbox 135.6x96.7x96.0 mm / centroide ijk [266,274,134] / cortes 85-204; comp.1 623 vóx / 407.3 mm3 / HU máx 6249 / bbox 20.8x11.8x12.8 mm / cortes 238-253; comp.2 593 vóx / 387.6 mm3 / HU máx 6586 / cortes 236-251; comp.3 202 vóx / cortes 241-247; comp.4 95 vóx / cortes 240-244; comp.5 16 vóx / cortes 37-40; comp.6 12 vóx / cortes 244-246; comp.7 12 vóx / cortes 42-44; comp.8 6 vóx; toca_borde_fov=false. axiales.png: cortes 107 y 122 con estrías radiales marcadas alrededor de los elementos densos; cortes 92, 137, 152, 167, 182 y 197 con elementos y bandas oscuras; corte 242 muestra la barra transversal completa; hilera de puntos densos sobre la piel anterior en los cortes 212 y 227",proyecciones.png; ortogonales.png; axiales.png (cortes 32-258),2500,2026-09-07,propuesta sin validar,"No se propone modelo, material, marca ni indicación quirúrgica. La hilera cutánea anterior de los cortes 212 y 227 no tiene componente propio en hallazgos.json (por debajo de 5 vóxeles o del umbral): se reporta solo como observación de lámina. Objeto extraño incierto: axiales.png solo muestra 16 cortes del volumen: no demuestra ausencia de objetos en el resto del CT. Sin antecedente 2D y sin grupo duplicado. Severidad y confianza son cualitativas y propias de esta revision visual preliminar, no una escala clinica validada."
dataset7_CLINIC_metal_0041_data,Banda alargada con perforaciones circulares regulares a lo largo de la cresta/ala ilíaca derecha (aspecto de placa) con cuerpos alargados asociados; cuerpo alargado rectilíneo de trayecto oblicuo en la hemipelvis izquierda; foco denso pequeño fuera del contorno corporal,"4 componentes conexos (2 grandes derechos, 1 intermedio izquierdo, 1 pequeño extracorpóreo); el número de piezas es por determinar",Ala y cresta ilíaca derechas y región acetabular/sacroilíaca derecha (cortes 113-269); hemipelvis izquierda con trayecto oblicuo largo (cortes 79-164); fuera del contorno corporal (cortes 110-116),"componentes 1 y 2 derecha; componentes 3 y 4 izquierda, por lado_por_x_ras (geométrica por el signo de x en RAS; no es lateralidad clínica confirmada)",sí,moderada,media,incierto,sí (propuesto),"hallazgos.json componente 1: 6253 vóxeles, 8017.50 mm3, bbox 83.6x86.1x86.4 mm, HU máx 15704, cortes 113-220. Componente 2: 3483 vóxeles, 4465.85 mm3, bbox 89.9x62.0x26.4 mm, HU máx 15074, cortes 237-269. Componente 3: 2330 vóxeles, 2987.49 mm3, bbox 84.8x16.5x68.8 mm, HU máx 6954, cortes 79-164, lado izquierda. Componente 4: 14 vóxeles, 17.95 mm3, HU máx 3309, cortes 110-116, centroide_ijk [110,171,113], fuera del cuerpo. Todos toca_borde_fov false. axiales.png: focos densos con estrías en los cortes 100, 127, 154, 167, 180, 194, 207, 247 y 260; el corte 260 muestra la hilera de orificios sobre la cresta ilíaca; el foco extracorpóreo aparece como punto aislado bajo el contorno en 114 y 127. proyecciones.png: MIP coronal muestra la banda con orificios a la derecha y el cuerpo rectilíneo largo a la izquierda.",proyecciones.png; ortogonales.png; axiales.png,2500,2026-09-07,propuesta sin validar,"revision.csv: Antecedente 2D vacío, sin Grupo duplicado, Vóxeles sobre umbral 12090, HU máximo 15704. Spacing en plano 1.266 mm, mayor que el del resto del lote: los tamaños en mm de hallazgos.json dependen de ese spacing. Severidad y Confianza son cualitativas, no una escala clínica validada. Objeto extraño se propone como 'cuerpo denso no anatómico visible en las láminas'; no distingue implante de objeto externo ni afirma composición. No se descarta objeto extraño adicional: axiales.png muestra 16 cortes, no todo el CT."
dataset7_CLINIC_metal_0042_data,Montaje con vastagos que penetran en ambas palas iliacas y bloques/conectores densos situados por FUERA del contorno cutaneo anterior (morfologia de fijacion externa); Material denso en sacro y articulaciones sacroiliacas posteriores; Focos densos puntiformes extracorporeos posterolaterales derechos,"por determinar; 12 componentes conexos >2500 HU. El artefacto fusiona vastago y bloque en un mismo componente (comp1 mide 174.6 mm en y), asi que no hay correspondencia entre componente conexo y pieza","Pared anterior por fuera de la piel y ambas palas iliacas, cortes axiales 127-205; Sacro y articulaciones sacroiliacas, cortes axiales 237-259; Fuera del contorno cutaneo derecho, cortes axiales 291-305","comp1 lado_por_x_ras=izquierda (x=-121.0 mm); comp2 y comp3 derecha (x=+65.2 y +49.6 mm); comp10 derecha (x=+113.3 mm). Montaje bilateral. Todas geometricas, derivadas del signo de x en RAS.",sí,marcada,alta para la presencia de material denso; baja para su composicion,sí (propuesto),sí (propuesto),"hallazgos.json comp1: 50412 vox, 23234.53 mm3, bbox 41.7x174.6x52.0 mm, HU max 18057, cortes 127-191. comp2: 22955 vox, 10579.8 mm3, bbox 28.1x34.2x48.0 mm, cortes 146-205. comp3: 21652 vox, 9979.25 mm3, cortes 144-203. comp5: 876 vox, 403.74 mm3, bbox 47.8x9.1x11.2 mm, cortes 237-250. comp10: 106 vox, 48.85 mm3, bbox 7.6x11.4x12.0 mm, HU max 6833, cortes 291-305, centroide_ijk [463,149,301]. proyecciones.png MIP sagital y axial (bloques externos). axiales.png cortes 147, 159, 172, 184 y 197 (vastagos y bloques), 247 y 259 (material sacroiliaco), 272-310 (foco externo). Zoom propio cortes 297/301: comp10 son focos discretos fuera del contorno cutaneo (el borde del cuerpo esta en i~450).",proyecciones.png; ortogonales.png; axiales.png,2500,2026-09-07,propuesta sin validar,"Sin Grupo duplicado en revision.csv. Sin Antecedente 2D. AVISO IMPORTANTE: comp4 (2485 vox, bbox 22.8x83.5x7.2 mm, cortes 165-173) al ampliarlo no parece una pieza discreta sino cortical iliaca realzada por endurecimiento de haz y estriacion que supera 2500 HU. Es un recordatorio de que no todo componente sobre el umbral es un objeto; conviene revisarlo en el volumen. En proyecciones.png se ve ademas una estructura curvilinea fina fuera del cuerpo (MIP coronal, esquina superior derecha) cuya naturaleza no se determina. axiales.png muestra 16 cortes, no todo el CT: no permite demostrar ausencia de material. Lectura usada de ""Objeto extrano"": material no anatomico identificable como pieza discreta. Se marca ""si (propuesto)"" solo cuando hay un componente concreto que no es plausiblemente osteosintesis intraosea (extracorporeo o no oseo); en montajes puramente osteosinteticos se deja ""incierto"" porque no se sabe si la columna busca cuerpo extrano distinto del implante. A resolver por la autora. Severidad y Confianza son cualitativas (leve/moderada/marcada; baja/media/alta), no una escala clinica validada."
dataset7_CLINIC_metal_0043_data,"Cuerpos densos voluminosos (bloques y barras) situados POR FUERA del contorno cutáneo anterolateral a ambos lados, conectados por vástagos lineales largos que atraviesan el tejido blando y terminan en la cresta y el ala ilíaca; varios de esos cuerpos salen del campo de visión","12 componentes conexos, 9 de ellos de >3400 vóxeles. Número de elementos individuales POR DETERMINAR: barras, piezas de unión y vástagos se fusionan en componentes conexos y varios están recortados por el FOV",extracorpórea anterolateral bilateral (bloques y barras) con vástagos que penetran hacia la cresta y el ala ilíaca a ambos lados; cortes axiales 63-348,"lado_por_x_ras (geométrico, signo de x en RAS): izquierda comp 0, 2, 3, 4, 9, 10 y 11; derecha comp 1, 5, 6, 7 y 8, es decir distribución bilateral. No es lateralidad clínica confirmada",sí,marcada,alta,sí (propuesto),incierto,"hallazgos.json: comp 0 (21018 vóx, 9359.7 mm3, bbox 47.8x138.8x63.2 mm, HU max 18267, cortes 220-298); comp 1 (18359 vóx, 8175.6 mm3, bbox 53.0x134.3x72.0 mm, cortes 89-178); comp 2 (14487 vóx, cortes 167-191); comp 3 (12136 vóx, cortes 146-165); comp 4 (12104 vóx, cortes 318-338); comp 5 (10875 vóx, cortes 63-94); comp 6 (7768 vóx, cortes 289-348, toca_borde_fov=true); comp 7 (6933 vóx, bbox 82.8x86.5x36.8 mm, cortes 216-261, toca_borde_fov=true); comp 8 (3453 vóx, cortes 268-286, toca_borde_fov=true); comps 9-11 (52-1487 vóx, cortes 186-193). axiales.png cortes 77, 96, 116, 135, 155, 174, 271, 290, 310 y 329: masas densas claramente FUERA del contorno cutáneo en (i~40-110, j~380-460) y (i~430-510, j~300-420). axiales.png corte 155: un vástago lineal cruza desde fuera del cuerpo, atraviesa el tejido blando y termina en el ala ilíaca; corte 232: focos densos dentro de la cresta ilíaca a ambos lados con estrías marcadas (base de Artefactos=sí y Severidad=marcada). proyecciones.png MIP sagital y coronal: barras y bloques periféricos unidos a vástagos rectos largos que convergen sobre la pelvis. Observación aparte: hilera de cilindros regulares bajo el paciente en axiales.png 193-349 (aspecto de maniquí de calibración o de colchón), por debajo del umbral.",outputs/laminas/dataset7_CLINIC_metal_0043_data/ : proyecciones.png; ortogonales.png; axiales.png; hallazgos.json,2500,2026-09-07,propuesta sin validar,"Fila con Grupo duplicado en revision.csv (SHA 3b82dc1a...b060e0e4): la propuesta queda DEPENDIENTE de resolver el grupo duplicado antes de clasificar. ALERTA toca_borde_fov=true en comps 6, 7 y 8: hay cuerpos densos cortados por el FOV, así que no se puede medir su extensión real ni saber cuánto del conjunto queda fuera del volumen. No se nombra modelo, tipo de montaje ni indicación quirúrgica: solo se describe lo visto (cuerpos densos extracorpóreos unidos a vástagos que entran en el hueso). Objeto extraño queda incierto también porque no está definido si un conjunto parcialmente externo cuenta como objeto extraño en la tabla: decisión de la autora. Objeto extraño queda incierto: axiales.png muestra 16 cortes de un volumen de cientos, la ausencia de objetos no se puede demostrar con estas laminas. Severidad y Confianza son etiquetas cualitativas de revision visual, no una escala clinica validada. El umbral HU no distingue metal de contraste, hueso denso, cemento ni objeto externo; nada aqui esta certificado."
dataset7_CLINIC_metal_0044_data,"Agregados densos voluminosos situados por fuera del contorno cutáneo, en aire por delante y lateral a la pared abdominal, unidos por vástagos rectos largos que atraviesan la pared y alcanzan ambas alas ilíacas; más un agregado denso aislado, aún más alejado del cuerpo","por determinar; 12 componentes conexos, 8 de ellos entre 7237 y 17587 vóxeles. Visualmente al menos 4 agregados y al menos 4 vástagos largos. El conteo viene de componentes conexos y no equivale a número de piezas","mixta: agregados extracorpóreos por delante y lateral a la pared abdominal, y vástagos alargados que atraviesan la pared y terminan en las alas ilíacas de ambos lados; cortes 66-342","izquierda y derecha (lado_por_x_ras, geométrica por el signo de x en RAS): 6 componentes izquierda y 6 derecha; bilateral en lo observado, no es lateralidad clínica confirmada",sí,moderada,media,sí (propuesto),incierto,"axiales.png cortes 80, 99, 118, 137, 156, 175, 232, 251, 270, 289, 308 y 327: agregados hiperdensos en aire, claramente fuera de la silueta cutánea (hacia y 350-460), y en 232 y 251 se ven los vástagos alcanzando ambas crestas o alas ilíacas. proyecciones.png MIP coronal y MIP axial: dos conjuntos simétricos fuera del cuerpo unidos por vástagos rectos que convergen hacia la pelvis. hallazgos.json: componente 17587 vóxeles / 10552 mm3 / HU máx 17488 / bbox 47.6 x 138.6 x 62.4 mm / cortes 215-292 / izquierda; componente 15860 vóxeles / 9516 mm3 / HU máx 16029 / bbox 104.8 x 100.5 x 55.2 mm / cortes 224-292 / derecha; componente 7237 vóxeles / 4342 mm3 / HU máx 20136 / centroide ijk 320,451,313 / cortes 283-342 / derecha, el más alejado del cuerpo. revision.csv: 102460 vóxeles sobre umbral, HU máximo 20136",proyecciones.png; ortogonales.png; axiales.png,2500,2026-09-07,propuesta sin validar,"Objeto extraño queda incierto a propósito: el material está fuera del contorno cutáneo, lo que no es anatomía, pero está unido al hueso por vástagos, así que si objeto extraño significa cuerpo extraño no anclado, esto no lo sería; es una decisión de taxonomía que corresponde a la autora. No se afirma qué dispositivo es. Componente de 28 vóxeles con bbox 0.9 mm en x y centroide en i=510 queda pegado al límite del volumen aunque hallazgos.json marque toca_borde_fov=false: conviene mirarlo. Es el caso con más vóxeles sobre umbral del lote (102460). Metal se propone sí por densidad (HU máx 20136), sin certificar composición. Sin Antecedente 2D en revision.csv para este caso. Severidad y Confianza son cualitativas (leve/moderada/marcada, baja/media/alta), no una escala clínica validada. Las láminas muestran 16 cortes axiales, no todo el CT: no se demuestra ausencia de objetos. Sin Grupo duplicado en revision.csv. El umbral HU no distingue metal de contraste, hueso denso, cemento ni objeto externo; material, modelo e indicación quedan por determinar."
dataset7_CLINIC_metal_0045_data,"Elemento alargado con extremo ensanchado alojado en hueso, en el anillo pelvico posterior; Objeto denso de contorno anular/ovalado situado por fuera del contorno cutaneo, en la pared anterolateral del tronco",1-2 elementos intraoseos (los componentes de 1292 y 867 voxeles pueden ser partes de una misma pieza); 1 objeto externo anular (fragmentado por el umbral en 6 componentes conexos). Total 9 componentes conexos en hallazgos.json; no es un conteo de piezas,"Region sacroiliaca / anillo pelvico posterior, cortes axiales 42-61; Extracorporeo, por delante y lateral a la pared del tronco, a la altura del abdomen alto, cortes axiales 257-293","izquierda (x RAS -86.6 y -16.7 mm); derecha (x RAS +61.1 a +84.6 mm). Geometricas por signo de x en RAS, no confirmadas clinicamente",sí,leve,media,sí (propuesto); incierto,incierto; sí (propuesto),"axiales.png corte 59: foco denso dentro del hueso iliaco/region sacroiliaca; proyecciones.png MIP coronal y sagital: traza recta con extremo ensanchado a la altura z~50, y contorno ovalado aislado en la parte superior derecha; axiales.png cortes 258 y 278: motas densas por encima del contorno cutaneo anterior; ortogonales.png axial 88. Componentes de hallazgos.json: 1292 voxeles (625.66 mm3, bbox 66.9x28.8x12.8 mm, HU max 5956, cortes 46-61) y 867 voxeles (419.85 mm3, bbox 35.8x15.6x6.4 mm, cortes 42-49) para el elemento intraoseo; 335 voxeles (162.23 mm3, bbox 47.5x17.1x29.6 mm, HU max 8078, cortes 257-293) mas 45, 44, 16, 10 y 6 voxeles (cortes 260-284) para el objeto anular externo. revision.csv: 2712 voxeles sobre umbral, HU max 8078",proyecciones.png; ortogonales.png; axiales.png,2500 (umbral por defecto de laminas.py; no se repitio con --hu),2026-09-07,propuesta sin validar,"El umbral de 2500 HU no distingue metal de contraste, hueso denso, cemento ni material externo. Fila con dos estructuras: el orden de Tipo, Cantidad, Ubicacion, Lateralidad, Metal y Objeto extraño se mantiene (1: intraoseo; 2: externo anular). Para el elemento intraoseo 'Objeto extraño' queda incierto (no puedo descartar ni afirmar); para el objeto anular, 'sí (propuesto)' se apoya en que esta fuera del contorno cutaneo, no en el umbral, y su naturaleza (tubo, aro de ropa, cable, marcador) no es determinable aqui. Hallazgo adicional sin componente en hallazgos.json: en proyecciones.png (MIP sagital y coronal) y en axiales.png cortes 0, 19 y 39 se ve una hilera de motas densas en espiral por delante de la pared anterior, en la linea media, aparentemente por debajo del umbral; no lo clasifico, solo lo señalo para la revision manual. El volumen cubre sobre todo abdomen y columna lumbar; solo los cortes bajos incluyen pelvis. Sin Grupo duplicado ni Antecedente 2D. Las laminas muestran 16 cortes axiales, no todo el volumen: no se demuestra ausencia de nada. Revision completa pendiente por la autora con explorar.py cortes."
dataset7_CLINIC_metal_0046_data,"Dos objetos densos alargados y curvos, ambos fuera del esqueleto: uno por debajo del paciente, en el colchon de la mesa, y otro en la superficie cutanea / subcutaneo de la pared abdominal anterolateral. Naturaleza no determinable",2 componentes conexos (>=5 voxeles); no equivale a numero de objetos,"posterior al paciente, en el colchon de la mesa, a la altura de las cabezas femorales (componente 0); pared abdominal anterolateral superficial, a la altura de L4-L5 (componente 1). Ambos extraoseos","componente 0 'derecha' geometrica (x_RAS +25.1) y componente 1 'izquierda' geometrica (x_RAS -89.3), segun lado_por_x_ras; al estar fuera del cuerpo la lateralidad no tiene lectura clinica",incierto,por determinar,media,incierto,sí (propuesto),"hallazgos.json componente 0: 3092 voxeles, 1384.14 mm3, HU max 20367, bbox 35.2 x 10.5 x 28.8 mm, centroide_ijk [282, 109, 107], cortes_axiales_ijk 86-121, toca_borde_fov false; componente 1: 2961 voxeles, 1325.5 mm3, HU max 24340, bbox 23.9 x 15.0 x 32.0 mm, centroide_ijk [129, 311, 225], cortes 209-248. axiales.png: componente 0 visible en los cortes 98 y 116, por debajo del contorno corporal y dentro del colchon; componente 1 visible en los cortes 223 y 241, sobre el contorno cutaneo anterolateral. ortogonales.png: sagital 207 / coronal 208 / axial 165 (el corte del centroide no atraviesa ninguno de los dos objetos).",proyecciones.png; ortogonales.png; axiales.png,2500,2026-09-07,propuesta sin validar,"DUPLICADO: revision.csv marca este caso con Grupo duplicado y Cohorte propuesta 'resolver duplicado'; comparte el SHA256 de voxeles con dataset7_CLINIC_metal_0074_data. Esta propuesta queda supeditada a resolver ese grupo y no debe contarse como caso independiente. HU max 24340, muy por encima del rango fisiologico, pero el umbral no establece composicion, por eso Metal queda incierto. Ningun hallazgo esta dentro de hueso pelvico: si el criterio es implante osteosintetico, este caso probablemente no aporta. Objeto extraño no puede marcarse 'no': las laminas muestran 16 cortes axiales, no todo el volumen; la ausencia no queda demostrada."
dataset7_CLINIC_metal_0047_data,"Montaje de alta densidad con barras y bloques por delante de la pared abdominal y elementos rectilineos que cruzan el tejido blando hasta el hueso iliaco y la region supraacetabular de ambos lados; ademas varios elementos alargados finos en el plano posterior, en la region sacroiliaca y sacra","por determinar; 12 componentes conexos sobre 2500 HU, con fusion evidente por artefacto (los componentes 1 y 2 tienen bbox de 188.7 y 171.7 mm en y). Estimacion visual: 4-6 elementos transoseos anteriores, al menos 2 barras externas y 3-5 elementos alargados posteriores","anterior: elementos que entran por la pared abdominal anterolateral y alcanzan hueso iliaco y region supraacetabular bilateral; posterior: elementos alargados transversales en la region sacroiliaca y sacra, visibles en los cortes 233 a 255","bilateral: componentes en izquierda (1, 3), derecha (2, 4, 5, 6, 7, 8, 9, 11, 12) y central (10), por lado_por_x_ras (geometrica)",sí,marcada,media,sí (propuesto),sí (propuesto),"axiales.png: elementos lineales densos entrando en hueso en los cortes 156, 167, 178, 189, 200 y 211; estrias y bandas oscuras intensas cruzando toda la pelvis en los cortes 178, 189 y 200; bloques y barras fuera del contorno cutaneo en los cortes 112, 123, 134, 145, 156, 167, 178, 189, 200, 211, 222 y 233; elemento alargado transversal posterior en los cortes 233 y 255. hallazgos.json componente 1: 61295 vox, 26853.75 mm3, bbox 47.4x188.7x79.2 mm, cortes 140-238, hu_max 19772; componente 2: 36311 vox, bbox 53.3x171.7x70.4 mm, cortes 106-193, hu_max 19895; componente 5: 21391 vox, bbox 25.2x26.6x48.0 mm, cortes 163-222, hu_max 19841; componente 6: 1274 vox, 558.15 mm3, bbox 56.2x12.6x12.8 mm, cortes 231-246, hu_max 7531; componente 9: 815 vox, bbox 42.9x7.4x6.4 mm, cortes 227-234, hu_max 4921",proyecciones.png; ortogonales.png; axiales.png,2500,2026-09-07,propuesta sin validar,"Severidad y confianza son cualitativas, no una escala clinica validada. Lateralidad tomada de lado_por_x_ras (geometrica, signo de x en RAS); si el header estuviera mal orientado, estaria mal. Caso con la mayor carga de voxeles sobre umbral del lote (177507 segun revision.csv). No propongo tipo de dispositivo, modelo, material ni indicacion: por determinar. Cantidad = rango derivado de componentes conexos a 2500 HU, no es un conteo de implantes. Los elementos posteriores (componentes 6, 7, 9 y 10) tienen HU maximo mucho menor (4921-7531) que los anteriores: podrian ser objetos distintos o el mismo material con volumen parcial; queda por determinar."
dataset7_CLINIC_metal_0048_data,"Dos elementos rectilíneos largos con rosca y trayecto transversal que cruzan el sacro hacia el ilion; además un foco denso pequeño y alargado, separado y muy craneal","3 componentes conexos >=5 vóxeles; es un conteo de componentes conexos, no de implantes","Sacro y unión sacroilíaca (cortes 124-160); foco craneal aislado en retroperitoneo, junto a cuerpo vertebral lumbar alto (cortes 301-313)","lado_por_x_ras (geométrica, signo de x en RAS): derecha en los 3. comp.1 y comp.2 tienen bbox x de 103.7 y 88.2 mm, de modo que cruzan la línea media",sí,moderada,media,sí (propuesto),incierto,"hallazgos.json comp.1: 3199 vóx, 1405.30 mm3, HU máx 8194, bbox 103.7x12.6x17.6 mm, cortes 139-160; comp.2: 3085 vóx, 1355.20 mm3, HU máx 8051, bbox 88.2x14.8x16.8 mm, cortes 124-144; comp.3: 158 vóx, 69.40 mm3, HU máx 20547, bbox 3.7x3.7x10.4 mm, cortes 301-313. En axiales.png cortes 132 y 145 se ven los dos elementos transversales como barras brillantes con estrías; corte 304 muestra el foco craneal aislado en ~(280,270). proyecciones.png (MIP coronal) muestra los dos elementos roscados paralelos y, arriba y separado, el foco pequeño con estrías propias. Ningún componente toca el borde del FOV",proyecciones.png; axiales.png,2500,2026-09-07,propuesta sin validar,"Sin antecedente 2D ni grupo duplicado en revision.csv. El comp.3 (HU máx 20547, el más alto del volumen, 3.7x3.7x10.4 mm) está muy lejos de los elementos sacroilíacos y no puedo tipificarlo: por eso 'Objeto extraño' queda incierto en vez de 'no'. En axiales.png cortes 251, 264, 278 y 291 se ven además focos puntiformes junto al cuerpo vertebral que no superan el umbral; quedan por caracterizar. Severidad y Confianza son cualitativas, propias de esta revisión visual; no son una escala clínica validada. Aquí 'Objeto extraño' se usa como material ajeno al montaje ortopédico; 'incierto' no significa ausencia: las láminas muestran 16 cortes axiales, no todo el CT."
dataset7_CLINIC_metal_0049_data,Bloques de alta densidad por fuera del contorno cutáneo (bilaterales y uno en línea media anterior) unidos a vástagos rectilíneos largos que atraviesan la piel y entran en ambas alas ilíacas; además un elemento alargado rectilíneo que cruza transversalmente la región sacroilíaca,"8 componentes conexos (3 grandes externos con sus vástagos, 1 alargado transversal, 4 focos de 7-38 vóxeles); número de dispositivos por determinar, conteo de componentes conexos","Bloques externos y vástagos: fuera del contorno corporal, anterior y anterolateral bilateral, con entrada en ambas alas ilíacas (cortes axiales ijk 101-208, 103-218 y 124-182). Elemento transversal: región sacroilíaca / sacro, cortes axiales ijk 218-234","Bilateral: 4 componentes 'derecha' y 4 'izquierda' por lado_por_x_ras (lateralidad geométrica por signo de x en RAS, no clínica); el elemento transversal (x_ras -49.4) cruza la línea media según su bbox de 98.3 mm en x",sí,moderada,media,sí (propuesto),sí (propuesto),"hallazgos.json: comp.1 22492 vóx / 15195.30 mm3 / bbox 104.8x125.9x92.8 mm / HU máx 18319 / cortes 103-218; comp.2 21843 vóx / 14756.85 mm3 / bbox 80.0x148.9x86.4 mm / cortes 101-208; comp.3 16100 vóx / 10876.95 mm3 / bbox 26.7x25.7x47.2 mm / cortes 124-182 (bloque de línea media); comp.4 2165 vóx / 1462.65 mm3 / bbox 98.3x12.9x13.6 mm / HU máx 6077 / cortes 218-234; comps. 5-8 de 7 a 38 vóxeles; ninguno toca borde de FOV. axiales.png: bloques externos bilaterales y de línea media en los cortes 105, 115, 124, 134, 143, 153, 162, 172 y 181; vástagos oblicuos entrando en ambas alas ilíacas en los cortes 143, 153, 162, 172, 181, 191 y 200; barra rectilínea cruzando el sacro en el corte 229; estrías finas en los cortes 134 a 181. proyecciones.png (MIP coronal) muestra el montaje bilateral y la barra transversal. revision.csv: Vóxeles sobre umbral=62678, HU máximo=18319",experiments/exploration-3d/outputs/laminas/dataset7_CLINIC_metal_0049_data/proyecciones.png; experiments/exploration-3d/outputs/laminas/dataset7_CLINIC_metal_0049_data/ortogonales.png; experiments/exploration-3d/outputs/laminas/dataset7_CLINIC_metal_0049_data/axiales.png,2500,2026-09-07,propuesta sin validar,"Severidad (leve/moderada/marcada) y Confianza (baja/media/alta) son escalas cualitativas de esta revisión visual, no una escala clínica validada. No se propone modelo, material, marca ni indicación quirúrgica. Objeto extraño 'sí (propuesto)' por los componentes fuera del contorno corporal; no se puede determinar si son parte de un montaje anclado al hueso o accesorios externos. Sin Antecedente 2D ni Grupo duplicado."
dataset7_CLINIC_metal_0050_data,Estructura densa en puente con cuatro ramas descendentes sobre la sinfisis del pubis (aspecto de placa con tornillos); dos elementos lineales largos y aproximadamente paralelos en la region sacroiliaca/sacra,3 componentes conexos; en proyecciones.png el componente anterior muestra ~4 ramas y los otros dos son 2 barras; rango 3-6 elementos; conteo por determinar,"Componente anterior: pelvis anterior sobre la sinfisis del pubis y ramas pubicas, cruzando la linea media, cortes axiales 65-125. Componentes posteriores: region sacroiliaca/sacra, cortes 222-247 y 206-228","Geometrica por x RAS: componente anterior centroide x=+7.8 mm con bbox 57.0 mm en x, es decir cruza la linea media (bilateral); componentes posteriores centroide x=-22.4 y -22.5 mm con bbox 70.1 y 63.1 mm en x, tambien cruzan la linea media. No es lateralidad clinica",sí,marcada,media,sí (propuesto),incierto,"hallazgos.json componente 1: 13346 voxeles, 6329.69 mm3, bbox 57.0x61.6x48.8 mm, HU max 16268, cortes 65-125. Componente 2: 3247 voxeles, 1539.98 mm3, bbox 70.1x26.2x20.8 mm, HU max 7067, cortes 222-247. Componente 3: 2839 voxeles, 1346.47 mm3, bbox 63.1x7.7x18.4 mm, HU max 6288, cortes 206-228. Todos con toca_borde_fov=false. Se ven en axiales.png cortes 72, 85, 98, 111 y 124 (componente anterior; estrias claras y oscuras muy visibles en el corte 111) y cortes 213, 226 y 239 (componentes posteriores). ortogonales.png (sagital 229, coronal 242) y proyecciones.png MIP coronal muestran el puente con cuatro ramas y las dos barras paralelas. revision.csv: Voxeles sobre umbral=19432, HU maximo=16268, Candidato HU=si, sin antecedente 2D, sin Grupo duplicado",experiments/exploration-3d/outputs/laminas/dataset7_CLINIC_metal_0050_data/proyecciones.png; ortogonales.png; axiales.png; hallazgos.json,2500,2026-09-07,propuesta sin validar,"Metal 'si (propuesto)' por geometria regular y artefacto marcado en el corte 111, no por el umbral. No se propone modelo, material, marca ni indicacion quirurgica. Severidad y Confianza son cualitativas (leve/moderada/marcada, baja/media/alta) y NO son una escala clinica validada. Criterio usado para Objeto extraño: estructura hiperdensa no anatomica y no continua con hueso. Las laminas muestran 16 cortes axiales, no todo el CT: la ausencia de objetos no queda demostrada. La lateralidad procede de lado_por_x_ras (signo de x en RAS): es geometrica, depende del header; no es lateralidad clinica confirmada. Cantidad aprox. viene del numero de componentes conexos sobre el umbral, no de un conteo de implantes: un componente puede ser un tornillo, un fragmento o varias piezas fusionadas por el artefacto."
dataset7_CLINIC_metal_0051_data,"Barra larga curva en el plano subcutáneo anterior, unida a dos grupos de elementos lineales que entran en ambas alas ilíacas (montaje que cruza la línea media); elemento lineal recto independiente a la altura sacra; pequeña estructura densa anular en la línea media de la cavidad pélvica","por determinar; 4 componentes conexos >=5 vóxeles: comp1 = barra más anclajes, comp2 = elemento sacro, comp3 y comp4 = estructura anular de la línea media; es un recuento de componentes conexos, no de dispositivos","Barra en tejido celular subcutáneo anterior del abdomen bajo con anclajes en ambas crestas/alas ilíacas; elemento recto a la altura del sacro y la sacroilíaca; estructura anular en cavidad pélvica media, sin contacto óseo","el comp1 cruza la línea media (bbox 231,9 mm en x, anclajes en ambos lados); lado_por_x_ras da 'izquierda' para los cuatro componentes (x RAS -9,2 / -41,5 / -8,5 / -7,7 mm), con x RAS = 0 en i≈271, cerca del centro del FOV",sí,moderada,media,sí (propuesto) para la barra y los anclajes; incierto para la estructura anular de la línea media,incierto,"hallazgos.json: comp1 23354 vóxeles / 12196,47 mm3 / HU máx 8522 / bbox 231,9 x 81,6 x 40,8 mm / cortes 136-186; comp2 3955 vóxeles / 2065,47 mm3 / HU máx 9565 / bbox 87,3 x 21,0 x 24,0 mm / cortes 191-220; comp3 403 vóxeles / 210,46 mm3 / HU máx 12157 (máximo del volumen) / bbox 22,6 x 12,1 x 15,2 mm / cortes 130-148; comp4 139 vóxeles / 72,59 mm3 / cortes 147-150. axiales.png: barra subcutánea anterior y anclajes ilíacos en los cortes 138, 145, 151, 158, 165 y 171 (con estrías alrededor en 165 y 171); elemento sacro en los cortes 198, 205, 211 y 218; focos densos de la estructura anular en los cortes 131, 138 y 145, en la línea media de la cavidad pélvica. ortogonales.png axial 168 y coronal 316; proyecciones.png MIP axial con el arco anterior completo.",proyecciones.png; ortogonales.png; axiales.png,2500,2026-09-07,propuesta sin validar,"La barra discurre por fuera del hueso, en el plano subcutáneo anterior, y une anclajes en ambas alas ilíacas: es un montaje distinto de una placa atornillada, pero no propongo nombre de dispositivo ni indicación. La estructura anular de la línea media (comp3 y comp4) concentra el HU máximo del volumen y no contacta hueso: se deja como hallazgo aparte, con metal incierto. Objeto extraño incierto: las 16 axiales no recorren el volumen. Sin antecedente 2D y sin Grupo duplicado."
dataset7_CLINIC_metal_0052_data,"Placa curva única a lo largo del borde pélvico anterior, con elementos lineales tipo tornillo en ambos extremos y dos elementos descendentes hacia la región púbica; además hilera de focos densos alineados sobre el contorno cutáneo anterior (sin componente >=5 vóxeles en hallazgos.json)",1 componente conexo >=5 vóxeles (único del volumen) y 6-9 elementos lineales tipo tornillo contables en el MIP coronal; un componente conexo no equivale a una pieza,"borde pélvico anterior, de una fosa ilíaca a la otra, con dos ramas descendentes hacia la región púbica; cortes axiales 99-211","cruza la línea media: la bbox en x mide 174.7 mm; lado_por_x_ras del centroide = izquierda (x RAS -7.4 mm), valor geométrico derivado del signo de x en RAS, no lateralidad clínica",sí,moderada,alta,sí (propuesto),incierto,"hallazgos.json: comp.0 (único) 13854 vóx / 10543.7 mm3 / HU máx 21442 / bbox 174.7x61.5x90.3 mm / centroide ijk [258,257,169] / cortes axiales 99-211 / toca_borde_fov=false; voxeles_sobre_umbral=13866 en todo el volumen. axiales.png: elementos densos con estrías y bandas oscuras en los cortes 110, 118, 126, 134, 142, 150, 159, 167, 175, 183, 191, 199 y 207; el corte 191 muestra los dos extremos con banda oscura entre ellos; hilera de puntos densos sobre la piel anterior en los cortes 183 y 191. proyecciones.png: MIP coronal con la placa curva continua y tornillos en ambos extremos",proyecciones.png; ortogonales.png; axiales.png (cortes 94-216),2500,2026-09-07,propuesta sin validar,"No se propone modelo, material, marca ni indicación quirúrgica. La hilera cutánea de los cortes 183 y 191 no tiene componente propio en hallazgos.json: se reporta solo como observación de lámina. Objeto extraño incierto: axiales.png solo muestra 16 cortes del volumen: no demuestra ausencia de objetos en el resto del CT. Sin antecedente 2D y sin grupo duplicado. Severidad y confianza son cualitativas y propias de esta revision visual preliminar, no una escala clinica validada."
dataset7_CLINIC_metal_0053_data,"Banda curva alargada con perforaciones circulares regulares que cruza la pelvis anterior de un lado al otro, con cuerpos alargados que descienden hacia ambas ramas púbicas y dos cuerpos alargados laterales (aspecto de placa puente con tornillos); todo agrupado en un único componente conexo","1 componente conexo sobre umbral que agrupa varias estructuras fusionadas; rango estimado 5-9 piezas, por determinar (el conteo de hallazgos.json es de componentes conexos, no de implantes)","Pelvis anterior: región de la sínfisis y ramas púbicas superiores, con extensión a ambas regiones ilíacas anteriores (cortes 51-166)","derecha por lado_por_x_ras (centroide x = +45.0 mm, geométrico), pero la estructura cruza la línea media y alcanza ambos lados en los axiales 104, 112 y 121; la lateralidad clínica queda por determinar",sí,marcada,media,incierto,sí (propuesto),"hallazgos.json componente único: 18553 vóxeles, 9980.64 mm3, bbox 171.4x76.3x92.8 mm, HU máx 20024, cortes 51-166, centroide_ijk [253,231,123], toca_borde_fov false. axiales.png: estructuras densas con estrías en los cortes 54, 62, 71, 79, 87, 96, 104, 112, 121, 129, 137, 146, 154 y 162; ausentes en 46 y 171. ortogonales.png: axial 123 muestra dos focos densos unidos por una banda que cruza la pelvis; coronal 231 muestra el arco con orificios. proyecciones.png: MIP coronal y axial muestran el arco continuo con perforaciones y los cuerpos alargados descendentes. Además, en axiales 146 y 154 y en el MIP sagital hay una hilera discontinua de focos densos por FUERA del contorno cutáneo anterior que NO aparece en el mapa >2500 HU (queda bajo el umbral).",proyecciones.png; ortogonales.png; axiales.png,2500,2026-09-07,propuesta sin validar,"revision.csv: Antecedente 2D vacío, sin Grupo duplicado, Vóxeles sobre umbral 18566, HU máximo 20024. El bbox de 171.4 mm en x confirma que un solo componente conexo abarca casi todo el ancho pélvico: no es una pieza única. La hilera extracorpórea anterior queda por debajo de 2500 HU; para verla en el mapa de umbral habría que repetir laminas.py con --hu menor, y podría ser ropa, sujeción o accesorio. Volumen más corto del lote (dim z = 187). Severidad y Confianza son cualitativas, no una escala clínica validada. Objeto extraño se propone como 'cuerpo denso no anatómico visible en las láminas'; no distingue implante de objeto externo ni afirma composición. No se descarta objeto extraño adicional: axiales.png muestra 16 cortes, no todo el CT."
dataset7_CLINIC_metal_0054_data,"Placa curva larga con tornillos a lo largo del anillo pelvico anterior; Estructura tubular alargada alineada con el canal medular femoral, con un elemento oblicuo hacia cuello y cabeza femoral, que alcanza el corte 0 y toca el borde del FOV",por determinar; 2 componentes conexos >2500 HU (un componente conexo no equivale a una pieza),"Anillo pelvico anterior y reborde pelvico, cruzando la linea media, cortes axiales 124-236; Canal medular femoral y region cuello/cabeza femoral, cortes axiales 0-182","comp1 (femoral) lado_por_x_ras=derecha (x=+110.2 mm); comp2 (anillo anterior) izquierda (x=-9.6 mm) pero su bbox mide 174.3 mm en x y cruza la linea media. Geometricas, derivadas del signo de x en RAS; no son lateralidad clinica confirmada.",sí,moderada,media,sí (propuesto),incierto,"hallazgos.json comp1: 30949 vox, 15258.17 mm3, bbox 53.4x25.9x146.4 mm, HU max 8358, cortes 0-182, toca_borde_fov=true, centroide_ijk [401,251,104]. comp2: 20170 vox, 9944.01 mm3, bbox 174.3x63.6x90.4 mm, HU max 20802, cortes 124-236. proyecciones.png MIP coronal y sagital. axiales.png cortes 0, 16, 32, 48, 64, 80, 96 y 112 (estructura femoral intramedular) y 128, 144, 160, 176, 192, 208 y 224 (placa del anillo anterior).",proyecciones.png; ortogonales.png; axiales.png,2500,2026-09-07,propuesta sin validar,"Sin Grupo duplicado en revision.csv. Sin Antecedente 2D. ALERTA FOV: comp1 tiene toca_borde_fov=true y llega al corte 0, el limite caudal del volumen; su extension real no es determinable con estas laminas y su naturaleza se deja incierta, aunque en los cortes sigue el canal medular femoral. Metal=si (propuesto) se apoya en comp2 (HU max 20802) con estriacion; no se establece composicion ni modelo. Objeto extrano=incierto: solo se observan estructuras compatibles con osteosintesis y no hay evidencia de un objeto adicional, pero la ausencia no se puede demostrar con 16 cortes. axiales.png muestra 16 cortes, no todo el CT: no permite demostrar ausencia de material. Lectura usada de ""Objeto extrano"": material no anatomico identificable como pieza discreta. Se marca ""si (propuesto)"" solo cuando hay un componente concreto que no es plausiblemente osteosintesis intraosea (extracorporeo o no oseo); en montajes puramente osteosinteticos se deja ""incierto"" porque no se sabe si la columna busca cuerpo extrano distinto del implante. A resolver por la autora. Severidad y Confianza son cualitativas (leve/moderada/marcada; baja/media/alta), no una escala clinica validada."
dataset7_CLINIC_metal_0055_data,"Banda con perforaciones seriadas contorneada a lo largo del borde pélvico, con vástagos de extremo redondeado que salen de ella; dos vástagos transversales cortos y un vástago largo oblicuo que cruza hacia la hemipelvis contralateral; además cadenas de cuentas por fuera del contorno corporal, por debajo del umbral","11 componentes conexos: 3 de >5000 vóxeles, 1 de 2748, 1 de 802, 1 de 192, 1 de 140 y 4 de 9-17 vóxeles. Rango plausible de elementos individuales 6-12, por determinar: la banda y sus vástagos quedan fusionados en componentes conexos","borde pélvico, ala ilíaca y región sacroilíaca de una hemipelvis (cortes axiales 61-285), con un vástago largo oblicuo que alcanza la región ilíaca contralateral (cortes 72-155)","lado_por_x_ras (geométrico, signo de x en RAS): izquierda comp 0, 1, 2, 4, 5, 7, 8, 9 y 10; derecha comp 3; 'central' comp 6. No es lateralidad clínica confirmada",sí,moderada,alta,sí (propuesto),incierto,"hallazgos.json: comp 0 (9190 vóx, 6902.6 mm3, bbox 45.5x85.3x84.8 mm, HU max 16813, cortes 157-262); comp 1 (8309 vóx, 6240.9 mm3, bbox 101.7x52.3x109.6 mm, HU max 18415, cortes 61-197); comp 2 (5421 vóx, 4071.7 mm3, bbox 53.3x66.9x40.0 mm, cortes 236-285); comp 3 (2748 vóx, 2064.0 mm3, bbox 71.7x20.3x67.2 mm, HU max 7226, cortes 72-155, lado derecha, corresponde al vástago oblicuo contralateral); comp 4 (802 vóx, 602.4 mm3, bbox 34.9x11.6x9.6 mm, cortes 224-235); comp 5 (192 vóx) y comp 6 (140 vóx); comps 7-10 (9-17 vóx, HU max 2609-2697, bbox alargado de ~5-9 x 2-3 x 0.8 mm, cortes 223-227). axiales.png cortes 87, 102, 118, 134, 149 y 165: focos densos a ambos lados del borde pélvico anterior. Cortes 180, 196, 212, 227, 243, 258 y 274: cadena de focos a lo largo del borde pélvico de un lado con estrías y bandas oscuras (base de Artefactos=sí y Severidad=moderada); en el corte 227 se ve una barra horizontal densa que corresponde a comp 4. proyecciones.png MIP coronal: banda curva con perforaciones seriadas, dos barras horizontales y un vástago largo oblicuo hacia el lado contrario. Observación aparte: cadenas de cuentas densas fuera del contorno corporal en el MIP sagital (x~370-400) y en el MIP axial, no representadas en el mapa >2500 HU.",outputs/laminas/dataset7_CLINIC_metal_0055_data/ : proyecciones.png; ortogonales.png; axiales.png; hallazgos.json,2500,2026-09-07,propuesta sin validar,"Sin Grupo duplicado y sin Antecedente 2D en revision.csv (Cohorte propuesta='pendiente'). Los comps 7-10 (9-17 vóxeles, HU apenas 2609-2697, forma de banda fina de ~8x2x0.8 mm en los cortes 223-227) tienen aspecto de bandas brillantes de artefacto más que de objeto; quedan POR DETERMINAR y no se cuentan como elementos. 'sí (propuesto)' en Metal se apoya en morfología y HU max 18415; el umbral no determina composición. No se propone modelo ni indicación quirúrgica: por determinar. Objeto extraño queda incierto: axiales.png muestra 16 cortes de un volumen de cientos, la ausencia de objetos no se puede demostrar con estas laminas. Severidad y Confianza son etiquetas cualitativas de revision visual, no una escala clinica validada. El umbral HU no distingue metal de contraste, hueso denso, cemento ni objeto externo; nada aqui esta certificado."
dataset7_CLINIC_metal_0056_data,"Tres estructuras curvas alargadas con orificios y elementos alargados perpendiculares que penetran el hueso; además, una hilera lineal de focos densos muy pequeños situada a coordenada (x,y) casi constante a lo largo de unos 170 cortes, por fuera del contorno corporal","por determinar; 10 componentes conexos: 3 grandes (10033, 12816 y 13011 vóxeles) que corresponden a las estructuras con orificios, y 6 pequeños (5 a 24 vóxeles) que forman la hilera lineal externa. El conteo viene de componentes conexos y no equivale a número de piezas",intraósea para las tres estructuras grandes: región del pubis y la sínfisis (cortes 88-145) y hemipelvis con cresta ilíaca y región sacroilíaca (cortes 196-289). Extracorpórea para la hilera de focos pequeños (cortes 81-293),"derecha para el componente de la región púbica e izquierda para los dos ilíacos (lado_por_x_ras, geométrica por el signo de x en RAS). El componente púbico mide 83.6 mm en x y cruza la línea media, así que su lateralidad geométrica no lo describe. Los 6 focos pequeños externos están del lado derecho por lado_por_x_ras; no es lateralidad clínica confirmada",sí,marcada,alta,sí (propuesto),incierto,"axiales.png cortes 110, 128, 197, 215, 232, 250, 267 y 284: focos hiperdensos intraóseos con estrías intensas (250, 267 y 284 son los más marcados). cortes 145, 163, 302 y 319: focos densos muy pequeños en el margen lateral, fuera del contorno corporal. proyecciones.png MIP coronal: tres estructuras curvas con orificios y elementos perpendiculares, más hileras punteadas; MIP axial: hilera de puntos por delante del abdomen. hallazgos.json: componente 13011 vóxeles / 5699 mm3 / HU máx 17790 / bbox 83.6 x 37.7 x 46.4 mm / cortes 88-145 / derecha; componente 12816 vóxeles / 5614 mm3 / HU máx 15610 / cortes 242-289 / izquierda; componente 10033 vóxeles / 4395 mm3 / HU máx 15449 / cortes 196-252 / izquierda; componentes de 9 a 24 vóxeles con centroide ijk casi fijo en 466-468, 121-122 y cortes entre 81 y 293. revision.csv: 36039 vóxeles sobre umbral, HU máximo 17790",proyecciones.png; ortogonales.png; axiales.png,2500,2026-09-07,propuesta sin validar,"Objeto extraño queda incierto: los focos pequeños a coordenada (x,y) casi constante durante unos 170 cortes son geométricamente incompatibles con anatomía, pero pueden ser equipamiento del entorno (cable, riel, marcador) o algo asociado al paciente, y no puedo distinguirlo con estas láminas. Además, en proyecciones.png se ven arcos de puntos densos sobre la pared abdominal anterior que no aparecen en hallazgos.json por quedar bajo 2500 HU: conviene repetir la lámina con --hu 1500 para verlos. Metal se propone sí para las estructuras intraóseas por densidad, morfología con orificios y estrías marcadas; no se afirma material, modelo ni indicación. Ningún componente toca el borde del FOV. Sin Antecedente 2D en revision.csv para este caso. Severidad y Confianza son cualitativas (leve/moderada/marcada, baja/media/alta), no una escala clínica validada. Las láminas muestran 16 cortes axiales, no todo el CT: no se demuestra ausencia de objetos. Sin Grupo duplicado en revision.csv. El umbral HU no distingue metal de contraste, hueso denso, cemento ni objeto externo; material, modelo e indicación quedan por determinar."
dataset7_CLINIC_metal_0057_data,"Construccion extensa de bandas densas alargadas con orificios regulares y multiples elementos rectos transversales (morfologia de placa con tornillos), concentrada en un hemipelvis; ademas un elemento recto aislado posterolateral y un elemento corto de orientacion anteroposterior","3-15 elementos (rango amplio); derivado de 3 componentes conexos, pero el mayor agrupa placas y numerosos elementos rectos fusionados por el artefacto: no es contable desde componentes conexos","1) ala iliaca, region acetabular y ramas pubica/isquiatica de un hemipelvis, cortes axiales 29-224; 2) elemento recto aislado posterolateral, cortes 202-233; 3) elemento corto de eje anteroposterior en region iliaca, cortes 179-186",1) 'central' segun lado_por_x_ras (x RAS +1.2 mm) pese a que el material se ve agrupado en un solo hemipelvis: el centroide se centra porque el bbox mide 91.0x125.7x156.8 mm; 2) derecha (x RAS +69.4 mm); 3) derecha (x RAS +11.9 mm). Geometricas por signo de x en RAS,sí,marcada,alta,sí (propuesto),incierto,"axiales.png cortes 31, 49, 68: elementos densos en las ramas pubicas/isquiaticas; cortes 86, 105, 123, 142, 160: focos densos periacetabulares y en ala iliaca con estrias claras y oscuras que atraviesan todo el corte; corte 216: banda densa alargada en region sacroiliaca; ortogonales.png sagital 338 (hilera de orificios regulares con elementos transversales), coronal 261 y axial 138; proyecciones.png MIP sagital y coronal. Componentes de hallazgos.json: 27830 voxeles (15227.93 mm3, bbox 91.0x125.7x156.8 mm, HU max 18224, cortes 29-224); 1361 voxeles (744.71 mm3, bbox 23.2x43.8x25.6 mm, cortes 202-233); 1001 voxeles (547.72 mm3, bbox 9.1x38.9x6.4 mm, cortes 179-186). revision.csv: 30203 voxeles sobre umbral, HU max 18224",proyecciones.png; ortogonales.png; axiales.png,2500 (umbral por defecto de laminas.py; no se repitio con --hu),2026-09-07,propuesta sin validar,"El umbral de 2500 HU no distingue metal de contraste, hueso denso, cemento ni material externo. No afirmo modelo, material, marca ni indicacion: 'placa con tornillos' describe la morfologia visible (banda con orificios regulares y elementos rectos perpendiculares). 'Objeto extraño' incierto: en proyecciones.png (MIP axial y sagital) y en axiales.png cortes 105, 123, 142 y 160 se ven arcos de motas densas regulares por fuera del contorno corporal, compatibles con mesa, correa, ropa o accesorio de posicionamiento; no se pueden distinguir en estas laminas. El caso es uno de los de mayor extension de artefacto del lote, buen candidato para inspeccion corte a corte. Sin Grupo duplicado ni Antecedente 2D. Las laminas muestran 16 cortes axiales, no todo el volumen: no se demuestra ausencia de nada. Revision completa pendiente por la autora con explorar.py cortes."
dataset7_CLINIC_metal_0058_data,"Estructura cilindrica larga intramedular en el femur proximal con un elemento transversal dirigido al cuello femoral, cortada por el borde inferior del FOV; dos vastagos densos oblicuos, uno a cada lado, desde la region supraacetabular hacia craneal; dos vastagos densos transversos en la region sacroiliaca; y un foco denso aislado muy lateral, fuera del esqueleto","9 componentes conexos (>=5 voxeles) listados en hallazgos.json, dos de ellos de 12-13 voxeles; el numero de implantes no se deduce de aqui","femur proximal y region trocanterea del lado geometrico izquierdo (componente 0); region supraacetabular / iliaca izquierda (componente 1); region supraacetabular / iliaca derecha (componente 2); region sacroiliaca y ala sacra (componentes 3, 4 y 5); fuera del esqueleto, muy lateral y craneal (componente 6)","bilateral segun lado_por_x_ras: componentes 0, 1, 3, 7 y 8 'izquierda' (x_RAS -108.8 a -38.4) y componentes 2, 4, 5 y 6 'derecha' (x_RAS +10.4 a +154.1). Lateralidad geometrica, no clinica",sí,marcada,media,sí (propuesto),incierto,"hallazgos.json componente 0: 55556 voxeles, 24339.46 mm3, HU max 7678, bbox 79.2 x 34.0 x 136.0 mm, centroide_ijk [77, 249, 94], cortes_axiales_ijk 0-169, toca_borde_fov TRUE; componente 1: 5617 voxeles, bbox 73.3 x 48.8 x 76.0 mm, cortes 125-219; componente 2: 4115 voxeles, bbox 59.9 x 28.9 x 54.4 mm, cortes 103-170; componentes 3, 4 y 5 (1388, 1204 y 765 voxeles; bbox alargados en x de 36.3, 59.9 y 37.7 mm) en cortes 255-280; componente 6: 539 voxeles, HU max 22732 (maximo del volumen), bbox 5.9 x 17.8 x 13.6 mm, centroide_ijk [432, 225, 332], cortes 324-340. axiales.png: material en los cortes 0, 23, 46, 69, 92, 115, 138, 161, 184, 207 y 276; el estriado transversal que borra tejido blando se ve en 69, 92, 115 y 138. ortogonales.png: coronal 256 / sagital 106 / axial 113.",proyecciones.png; ortogonales.png; axiales.png,2500,2026-09-07,propuesta sin validar,"toca_borde_fov TRUE en el componente 0: la estructura femoral esta cortada por el borde inferior del volumen (corte 0), de modo que su extension real no se conoce; es una alerta, no una conclusion. El componente 6 (x_RAS +154.1, fuera del esqueleto, HU 22732) y los objetos anulares que se ven fuera del cuerpo en las proyecciones podrian ser cableado, tubuladura o accesorios: sin resolver, por eso Objeto extraño queda incierto. Sin antecedente 2D ni grupo duplicado. No se propone modelo ni material de ninguna pieza. Objeto extraño no puede marcarse 'no': las laminas muestran 16 cortes axiales, no todo el volumen; la ausencia no queda demostrada."
dataset7_CLINIC_metal_0059_data,"Construccion densa alargada en el femur proximal izquierdo, con un elemento longitudinal que se extiende caudalmente hasta el borde inferior del volumen y un elemento oblicuo cefalico dirigido al cuello y cabeza femoral; ademas un grupo de estructuras densas en la region sacroiliaca y sacra izquierda",por determinar; 2 componentes conexos sobre 2500 HU. El componente 1 (femoral) puede agrupar mas de un elemento fusionado: en proyecciones.png se distinguen al menos 2 piezas cruzadas,"componente 1: femur proximal izquierdo, intraoseo, cortes 0-99, cortado en el borde inferior del volumen; componente 2: region sacroiliaca y ala sacra izquierda, cortes 173-256",izquierda para ambos componentes por lado_por_x_ras (geometrica; x_ras -116.9 y -46.6 mm),sí,leve,media,sí (propuesto),incierto,"axiales.png: masa densa dentro del femur proximal izquierdo en los cortes 0, 17, 34, 52, 69 y 87 (en 69 y 87 aparecen dos focos separados); estructuras densas en la region sacroiliaca y sacra izquierda en los cortes 174, 191, 208, 226 y 243. ortogonales.png: sagital 147 y coronal 264 confirman la posicion intraosea femoral y el foco sacro. hallazgos.json componente 1: 41763 vox, 20799.94 mm3, bbox 58.4x16.6x80.0 mm, cortes 0-99, hu_max 8229, toca_borde_fov true; componente 2: 18871 vox, 9398.65 mm3, bbox 68.6x85.2x67.2 mm, cortes 173-256, hu_max 9194",proyecciones.png; ortogonales.png; axiales.png,2500,2026-09-07,propuesta sin validar,"Severidad y confianza son cualitativas, no una escala clinica validada. Lateralidad tomada de lado_por_x_ras (geometrica, signo de x en RAS); si el header estuviera mal orientado, estaria mal. toca_borde_fov true en el componente 1: alerta, no conclusion; parece que la estructura continua por debajo del limite inferior del volumen (288 cortes), pero no lo puedo demostrar con estas laminas. Objeto extrano = incierto: no veo nada claramente extracorporeo y las laminas muestran 16 cortes, no todo el CT, asi que no puedo afirmar ausencia. OBSERVACION PARA LA AUTORA: este caso y dataset7_CLINIC_metal_0071_data comparten spacing (0.789/0.789/0.800), HU minimo (-2235) y una configuracion muy parecida (construccion femoral proximal izquierda mas estructuras sacroiliacas izquierdas); revision.csv NO los marca como Grupo duplicado y sus SHA256 difieren. Conviene comprobar si son el mismo paciente con distinto rango z antes de usarlos como casos independientes. No propongo tipo de dispositivo, modelo ni material: por determinar."
dataset7_CLINIC_metal_0060_data,Material extenso: elemento alargado grueso intramedular en fémur proximal con un elemento transversal asociado; estructura laminar larga y curva con múltiples elementos alargados perpendiculares siguiendo el reborde pélvico; segundo grupo de elementos alargados en cresta ilíaca alta,"3 componentes conexos >=5 vóxeles, pero comp.2 (bbox 177.6x87.3x158.4 mm, cortes 66-263) agrupa por conectividad y/o artefacto lo que en proyecciones.png se ve como una lámina con muchos elementos perpendiculares. El número de implantes es por determinar; los componentes conexos no lo dan","Fémur proximal y diáfisis (cortes 0-140); reborde pélvico y ala ilíaca, cruzando la línea media (cortes 66-263); cresta ilíaca alta (cortes 250-290)","lado_por_x_ras (geométrica, signo de x en RAS): izquierda en los 3. comp.2 tiene bbox x de 177.6 mm y cruza la línea media, así que el lado del centroide no lo describe",sí,marcada,alta,sí (propuesto),incierto,"hallazgos.json comp.1: 57246 vóx, 25076.00 mm3, HU máx 8226, bbox 57.7x25.9x112.8 mm, cortes 0-140, toca_borde_fov=true; comp.2: 35017 vóx, 15338.80 mm3, HU máx 21054, bbox 177.6x87.3x158.4 mm, cortes 66-263; comp.3: 10347 vóx, 4532.40 mm3, HU máx 19752, bbox 62.9x89.5x32.8 mm, cortes 250-290. En axiales.png corte 98 hay estrías y bandas oscuras muy intensas; cortes 78, 118, 137, 157, 216, 236, 255 y 275 muestran focos densos con estrías radiales; cortes 0, 19, 39 y 59 muestran el material intramedular femoral. proyecciones.png (MIP coronal y sagital) muestra la lámina curva con elementos perpendiculares y el elemento intramedular",proyecciones.png; axiales.png,2500,2026-09-07,propuesta sin validar,"comp.1 tiene toca_borde_fov=true (cortes 0-140): alerta, no conclusión; el material femoral está cortado por el FOV inferior y no se puede establecer su extensión. Caso con artefacto muy intenso: útil como ejemplo de artefacto marcado, pero la referencia ósea peri-implante estará degradada. No nombro dispositivos ni indicación. Sin antecedente 2D ni grupo duplicado en revision.csv. Severidad y Confianza son cualitativas, propias de esta revisión visual; no son una escala clínica validada. Aquí 'Objeto extraño' se usa como material ajeno al montaje ortopédico; 'incierto' no significa ausencia: las láminas muestran 16 cortes axiales, no todo el CT."
dataset7_CLINIC_metal_0061_data,"Focos compactos de alta densidad por fuera del contorno cutáneo (uno apoyado sobre la pared abdominal anterior, otro en el aire lateral) y elementos finos en la zona de mesa/colchón; no se observa estructura densa dentro del hueso pélvico en los cortes de la lámina","7 componentes conexos (rango 3-5 objetos; los componentes 1 y 2 son contiguos en z y podrían ser el mismo objeto, igual que los 5, 6 y 7). Conteo de componentes conexos, no de implantes","Fuera del contorno corporal: superficie cutánea abdominal anterior a nivel de L4-sacro (cortes axiales ijk 222-248 y 267-288), aire lateral a la piel (cortes 171-189), borde lateral del FOV (cortes 177-193) y banda de mesa/colchón bajo el paciente (cortes 177-199)","5 componentes 'izquierda' y 2 'derecha' por lado_por_x_ras (lateralidad geométrica por signo de x en RAS, no clínica)",no,no aplica,baja,incierto,sí (propuesto),"hallazgos.json: comp.1 1584 vóx / 907.01 mm3 / bbox 16.9x11.8x17.6 mm / HU máx 17129 / cortes 267-288; comp.2 964 vóx / 551.99 mm3 / bbox 8.5x10.2x21.6 mm / cortes 222-248; comp.3 595 vóx / 340.70 mm3 / bbox 11.0x9.3x15.2 mm / cortes 171-189; comp.4 141 vóx / cortes 177-193 (centroide i=2, pegado al borde del FOV); comps. 5-7 de 6 a 24 vóxeles en los cortes 177-199; ningún componente marca toca_borde_fov=true. axiales.png: foco externo apoyado sobre la superficie abdominal anterior en los cortes 233, 242, 267, 276 y 284; foco en aire lateral a la piel en los cortes 174 y 182; elementos finos en la banda de mesa/colchón en los cortes 191, 199, 208 y 225. proyecciones.png (MIP coronal y axial) muestra todos los focos >2500 HU fuera de la silueta ósea. revision.csv: Vóxeles sobre umbral=3324, HU máximo=17129",experiments/exploration-3d/outputs/laminas/dataset7_CLINIC_metal_0061_data/proyecciones.png; experiments/exploration-3d/outputs/laminas/dataset7_CLINIC_metal_0061_data/ortogonales.png; experiments/exploration-3d/outputs/laminas/dataset7_CLINIC_metal_0061_data/axiales.png,2500,2026-09-07,propuesta sin validar,"Severidad (leve/moderada/marcada) y Confianza (baja/media/alta) son escalas cualitativas de esta revisión visual, no una escala clínica validada. PROPUESTA DEPENDIENTE DE RESOLVER EL GRUPO DUPLICADO: revision.csv trae Grupo duplicado=be75f505cd2b74546e1d90f9a04a30a13a25f825f4cb52b25083ea546e080fec y Cohorte propuesta='resolver duplicado'; los duplicados no se clasifican por separado. El comp.4 tiene su centroide en i=2, pegado al borde lateral del FOV: alerta, podría ser mesa, brazo o ropa. Metal incierto: el umbral HU no distingue metal de otros materiales densos. Artefactos 'no' se refiere solo a los 16 cortes de axiales.png. Sin Antecedente 2D."
dataset7_CLINIC_metal_0062_data,"Dos elementos lineales largos y oblicuos con recorrido intraoseo (aspecto de tornillos largos); dos agrupaciones densas bilaterales en la region sacroiliaca/S1; y una estructura pequena en arco o lazo situada en la linea media pelvica, en tejido blando y sin continuidad con hueso",5 componentes conexos (611-4877 voxeles); rango 4-8 elementos; conteo por determinar,"Elementos lineales largos: region supraacetabular/columna anterior, cortes axiales 93-172 y 76-123. Agrupaciones densas: region sacroiliaca-S1, cortes 241-256 y 237-254. Estructura en arco/lazo: linea media pelvica en tejido blando, cortes 177-188","Geometrica por x RAS: componente 1 izquierda (x=-86.6 mm), componente 2 'central' (x=+0.1 mm), componente 3 izquierda (x=-29.1 mm), componente 4 derecha (x=+38.0 mm), componente 5 izquierda (x=-18.5 mm). Distribucion bilateral. No es lateralidad clinica",sí,moderada,media,sí (propuesto),sí (propuesto),"hallazgos.json componente 1: 4877 voxeles, 2136.32 mm3, bbox 68.8x16.3x64.0 mm, HU max 6410, cortes 93-172. Componente 2: 3551 voxeles, 1555.48 mm3, bbox 51.1x31.8x38.4 mm, HU max 6853, cortes 76-123. Componente 3: 1237 voxeles, 541.86 mm3, bbox 17.8x11.1x12.8 mm, HU max 4666, cortes 241-256. Componente 4: 969 voxeles, 424.46 mm3, bbox 16.3x12.6x14.4 mm, HU max 6734, cortes 237-254. Componente 5: 611 voxeles, 267.64 mm3, bbox 22.2x20.0x9.6 mm, HU max 9849, cortes 177-188. Todos con toca_borde_fov=false. Se ven en axiales.png cortes 83, 96, 109, 121, 134, 147 y 159 (elementos lineales largos), corte 248 (agrupaciones sacroiliacas) y corte 185 (estructura en arco/lazo en la linea media, separada del hueso). proyecciones.png MIP sagital y MIP axial muestran la forma en arco cerrado del componente 5. revision.csv: Voxeles sobre umbral=11248, HU maximo=9849, Candidato HU=si, sin antecedente 2D, sin Grupo duplicado",experiments/exploration-3d/outputs/laminas/dataset7_CLINIC_metal_0062_data/proyecciones.png; ortogonales.png; axiales.png; hallazgos.json,2500,2026-09-07,propuesta sin validar,"Caso mixto: Metal 'si (propuesto)' se refiere a los cuatro componentes lineales/agrupados asociados a hueso; para el componente 5 (arco o lazo en la linea media pelvica, en tejido blando) la naturaleza es INCIERTA y motiva el 'si (propuesto)' de Objeto extraño segun el criterio declarado. No se propone modelo, material ni finalidad para ninguna de las estructuras. Severidad y Confianza son cualitativas (leve/moderada/marcada, baja/media/alta) y NO son una escala clinica validada. Criterio usado para Objeto extraño: estructura hiperdensa no anatomica y no continua con hueso. Las laminas muestran 16 cortes axiales, no todo el CT: la ausencia de objetos no queda demostrada. La lateralidad procede de lado_por_x_ras (signo de x en RAS): es geometrica, depende del header; no es lateralidad clinica confirmada. Cantidad aprox. viene del numero de componentes conexos sobre el umbral, no de un conteo de implantes: un componente puede ser un tornillo, un fragmento o varias piezas fusionadas por el artefacto."
dataset7_CLINIC_metal_0063_data,"Dos estructuras alargadas con hileras de orificios (compatibles con placas), una siguiendo la curvatura de la cresta ilíaca y otra oblicua inferomedial, con múltiples elementos lineales asociados; además un foco denso pequeño y aislado en el abdomen superior, alejado del montaje pélvico","por determinar; 3 componentes conexos >=5 vóxeles: comp1 y comp2 corresponden al montaje pélvico (probable fusión de placas y tornillos por el artefacto) y comp3 al foco aislado; es un recuento de componentes conexos, no de implantes","Hemipelvis izquierda: cresta y ala ilíaca, región supraacetabular y trayecto oblicuo hacia la región acetabular/púbica. Comp3: foco aislado paravertebral en el abdomen superior, fuera de la pelvis","izquierda (geométrica, lado_por_x_ras) para comp1 y comp2; el montaje se ve en el lado izquierdo de la lámina coronal (convención R->). Ver Notas: aquí el origen x RAS está desplazado",sí,marcada,media,sí (propuesto) para el montaje pélvico; incierto para el foco aislado del abdomen superior,incierto,"hallazgos.json: comp1 22049 vóxeles / 10787,45 mm3 / HU máx 21233 / bbox 71,9 x 79,8 x 88,8 mm / cortes 0-110 / toca_borde_fov TRUE; comp2 9677 vóxeles / 4734,46 mm3 / HU máx 20994 / bbox 81,3 x 39,9 x 54,4 mm / cortes 106-173; comp3 116 vóxeles / 56,75 mm3 / HU máx 12724 / bbox 3,1 x 3,9 x 8,0 mm / cortes 232-241. axiales.png cortes 0, 16, 32, 49, 65, 82, 98, 114, 131, 147 y 164 con material denso, y estrías radiadas marcadas en los cortes 32, 49, 65, 82 y 114; el foco aislado se ve en el corte 229. ortogonales.png coronal 264, sagital 135 y axial 81; proyecciones.png MIP coronal, cuyo recorte ampliado deja ver los orificios de las dos placas y las estrías finas que salen del foco aislado.",proyecciones.png; ortogonales.png; axiales.png,2500,2026-09-07,propuesta sin validar,"comp1 tiene toca_borde_fov true y empieza en el corte 0: el montaje queda cortado por el límite inferior del volumen, así que ni su extensión ni su recuento se pueden cerrar con estas láminas; es una alerta, no una conclusión. El foco denso del abdomen superior (comp3) está a unos 90 cortes del montaje pélvico y no lo interpreto. En este caso el vóxel con x RAS = 0 cae en i≈169 mientras el centro del FOV es i=256: el signo de x RAS está desplazado ~87 mm, así que la lateralidad geométrica es débil y el lado izquierdo lo sostengo por la posición en la lámina coronal. Objeto extraño incierto. Sin antecedente 2D y sin Grupo duplicado."
dataset7_CLINIC_metal_0064_data,"Foco denso único intrapélvico, de morfología angulada en 'V'/flecha, sin contacto aparente con hueso en las láminas; naturaleza por determinar (no tiene forma de placa ni de tornillo)",1 componente conexo >=5 vóxeles (único del volumen); número de piezas por determinar,"cavidad pélvica, paramediana, por delante del sacro y entre las alas ilíacas; cortes axiales 172-185. No se identifica anclaje óseo en las láminas","derecha por lado_por_x_ras (geométrica, x RAS +20.0 mm, derivada del signo de x en RAS; no es lateralidad clínica confirmada)",sí,leve,media (presencia del foco); baja para su naturaleza,incierto,sí (propuesto),"hallazgos.json: comp.0 (único) 993 vóx / 325.4 mm3 / HU máx 14389 / bbox 18.6x20.5x11.2 mm / centroide ijk [249,231,179] / cortes axiales 172-185 / toca_borde_fov=false; voxeles_sobre_umbral=993. axiales.png: foco brillante intrapélvico en los cortes 173, 174, 176, 177, 179, 180, 182, 183 y 185, con halo oscuro perceptible en 182 y 183. proyecciones.png: MIP coronal y axial muestran la forma angulada en 'V'; MIP sagital la muestra como una barra corta oblicua",proyecciones.png; ortogonales.png; axiales.png (cortes 167-190),2500,2026-09-07,propuesta sin validar,"GRUPO DUPLICADO: comparte SHA256 de vóxeles con dataset6_CLINIC_0070_data; esta propuesta queda dependiente de resolver ese grupo y el caso no debe contarse dos veces. revision.csv marca 'resolver duplicado'. HU máx 14389 excede el rango del hueso cortical, pero el umbral no distingue metal de contraste concentrado ni de un objeto ingerido o intraluminal: por eso Metal queda incierto. No se propone modelo, material, marca ni indicación. axiales.png cubre solo los cortes 167-190 (24 de 313). Severidad y confianza son cualitativas y propias de esta revision visual preliminar, no una escala clinica validada."
dataset7_CLINIC_metal_0065_data,"Tres masas densas voluminosas situadas por FUERA del contorno cutáneo anterior, unidas por cuerpos alargados rectilíneos que atraviesan la pared y entran en ambas alas ilíacas (aspecto de montaje de fijación externa con componentes extracorpóreos y elementos transóseos); además cuerpos alargados menores en la región sacroilíaca y sacra posterior","9 componentes conexos (3 grandes de 26370, 22481 y 18867 vóxeles, y 6 menores de 37-487); no equivale al número de implantes",Espacio extracorpóreo anterior al abdomen (cortes 116-164) con continuidad hacia ambas alas ilíacas (cortes 164-203); cuerpos alargados menores en región sacroilíaca y sacro posterior (cortes 205-222),"componente 1 izquierda, componente 2 derecha y componente 3 izquierda (centroide x = -14.3 mm, casi línea media), por lado_por_x_ras (geométrica); en las láminas la afectación es bilateral",sí,marcada,media,incierto,sí (propuesto),"hallazgos.json componente 1: 26370 vóxeles, 14709.56 mm3, bbox 54.3x155.3x72.0 mm, HU máx 17648, cortes 114-203. Componente 2: 22481 vóxeles, 12540.22 mm3, bbox 99.4x145.3x52.8 mm, HU máx 18816, cortes 131-196. Componente 3: 18867 vóxeles, 10524.28 mm3, bbox 23.4x35.9x43.2 mm, HU máx 18460, cortes 116-169. Componentes 4-9: 487, 374, 115, 42, 38 y 37 vóxeles (271.66 a 20.64 mm3), HU máx 2929-6486, cortes 205-222. Todos toca_borde_fov false. axiales.png: masas densas claramente por encima y por fuera del contorno cutáneo anterior en los cortes 116, 124, 132, 140, 148, 156, 164, 171, 179 y 187; cuerpos alargados dentro de ambas alas ilíacas en 164, 171, 179, 187 y 195; cuerpo alargado transverso en la región sacra en 211 y 219; estrías marcadas en 148, 164, 179, 187 y 211. proyecciones.png: MIP axial muestra tres masas anteriores unidas por dos barras rectas hacia las alas ilíacas.",proyecciones.png; ortogonales.png; axiales.png,2500,2026-09-07,propuesta sin validar,"revision.csv: Antecedente 2D vacío, sin Grupo duplicado, Vóxeles sobre umbral 68818 (el mayor del lote), HU máximo 18816. Las tres masas están fuera del cuerpo, cerca del borde superior de la imagen aunque hallazgos.json marca toca_borde_fov false: conviene confirmar que no están recortadas. Describo morfología, no dispositivo. Severidad y Confianza son cualitativas, no una escala clínica validada. Objeto extraño se propone como 'cuerpo denso no anatómico visible en las láminas'; no distingue implante de objeto externo ni afirma composición. No se descarta objeto extraño adicional: axiales.png muestra 16 cortes, no todo el CT."
dataset7_CLINIC_metal_0066_data,Montaje con dos vastagos que penetran en ambas crestas/palas iliacas y tres bloques densos situados por FUERA del contorno cutaneo anterior (morfologia de fijacion externa); Barra roscada transversal que atraviesa la pelvis posterior,"por determinar; 11 componentes conexos >2500 HU. La barra transversal posterior aparece repartida en al menos 7 componentes (326, 314, 47, 18, 14, 8 y 7 voxeles) por cortes del umbral: los componentes conexos no son piezas","Por delante del contorno cutaneo abdominal y ambas crestas/palas iliacas, cortes axiales 111-202; Pelvis posterior a la altura sacroiliaca/sacra, cortes axiales 210-220","comp1 lado_por_x_ras=izquierda (x=-101.9 mm), comp2 derecha (x=+136.7 mm), comp3 derecha (x=+19.8 mm), comp4 derecha (x=+69.7 mm), comp5 izquierda (x=-77.7 mm). Montaje bilateral. Todas geometricas, derivadas del signo de x en RAS.",sí,marcada,alta para la presencia de material denso; baja para su composicion,sí (propuesto),sí (propuesto),"hallazgos.json comp1: 33051 vox, 15677.71 mm3, bbox 75.5x177.1x73.6 mm, HU max 18174, cortes 111-202. comp2: 31761 vox, 15065.8 mm3, bbox 89.3x174.0x51.2 mm, HU max 18897, cortes 138-201. comp3: 21749 vox, 10316.61 mm3, bbox 24.6x35.4x43.2 mm, HU max 19684, cortes 118-171, centroide_ijk [275,410,147] (j=410 queda por delante del contorno cutaneo). comp4: 326 vox, 154.64 mm3, cortes 210-219 y comp5: 314 vox, 148.95 mm3, cortes 211-220 = extremos de la barra transversal. proyecciones.png MIP axial y coronal. axiales.png cortes 113, 121, 129, 137, 145, 153, 161, 169, 177, 185, 193 y 201 (bloques externos y vastagos entrando en el ilion) y 217 (barra transversal posterior).",proyecciones.png; ortogonales.png; axiales.png,2500,2026-09-07,propuesta sin validar,"Sin Grupo duplicado en revision.csv. CONTRADICCION CON EL ANTECEDENTE: revision.csv trae ""caracterizacion_metal_d7.csv: tipo=externo; ortopedico=no"". La parte ""externo"" concuerda con lo observado (bloques y barras por fuera de la piel), pero ""ortopedico=no"" NO concuerda: se ven vastagos que penetran en ambas crestas/palas iliacas (axiales.png cortes 169-201) y una barra roscada que atraviesa la pelvis posterior (corte 217). El antecedente 2D es una observacion previa sin validar y no manda sobre lo observado; la autora debe resolver esta discrepancia antes de usar el caso. Metal=si (propuesto) por HU max 19684 y estriacion marcada; no se establece composicion ni modelo. axiales.png muestra 16 cortes, no todo el CT: no permite demostrar ausencia de material. Lectura usada de ""Objeto extrano"": material no anatomico identificable como pieza discreta. Se marca ""si (propuesto)"" solo cuando hay un componente concreto que no es plausiblemente osteosintesis intraosea (extracorporeo o no oseo); en montajes puramente osteosinteticos se deja ""incierto"" porque no se sabe si la columna busca cuerpo extrano distinto del implante. A resolver por la autora. Severidad y Confianza son cualitativas (leve/moderada/marcada; baja/media/alta), no una escala clinica validada."
dataset7_CLINIC_metal_0067_data,"Banda curva con perforaciones seriadas a lo largo del borde pélvico, con vástagos de extremo redondeado perpendiculares a ella; además un vástago largo oblicuo en la hemipelvis contralateral y cuatro focos milimétricos en el margen lateral del FOV","7 componentes conexos: 3 de >4500 vóxeles y 4 de 8-74 vóxeles. Rango plausible de elementos individuales 6-12, por determinar: la banda y sus vástagos quedan fusionados en un mismo componente conexo","borde pélvico, ala ilíaca y región acetabular de una hemipelvis (cortes axiales 80-245 y 242-288); vástago oblicuo contralateral (cortes 80-164); focos milimétricos en el margen lateral del FOV (cortes 219-253)","lado_por_x_ras (geométrico, signo de x en RAS): derecha comp 0 y 1; izquierda comp 2, 3, 4, 5 y 6. No es lateralidad clínica confirmada",sí,moderada,alta,sí (propuesto),incierto,"hallazgos.json: comp 0 (20538 vóx, 11346.0 mm3, bbox 64.8x109.7x132.8 mm, HU max 23519, cortes 80-245); comp 1 (11249 vóx, 6214.4 mm3, bbox 84.8x67.3x37.6 mm, HU max 19834, cortes 242-288); comp 2 (4511 vóx, 2492.1 mm3, bbox 86.4x39.1x68.0 mm, HU max 7120, cortes 80-164, lado izquierda); comps 3-6 (74, 22, 16 y 8 vóx, i~53-55, j~120-121, cortes 219-253). axiales.png cortes 104, 118, 133, 147 y 162: focos densos sucesivos en el borde pélvico y la región acetabular de un lado. Cortes 176, 205, 220, 234, 249, 263 y 278: cadena de focos a lo largo del ala ilíaca y de la región sacroilíaca con estrías radiadas visibles en 176, 205, 249, 263 y 278 (base de Artefactos=sí y Severidad=moderada). proyecciones.png MIP coronal: banda curva con perforaciones seriadas desde la cresta ilíaca hacia la región púbica y varios vástagos rectos perpendiculares; un vástago largo oblicuo aislado en el lado contrario (comp 2). Los comps 3-6 se ven como puntos blancos en axiales.png 220, 234 y 249 en (i~75, j~110-120), sobre la línea del soporte o mesa y por fuera del contorno corporal.",outputs/laminas/dataset7_CLINIC_metal_0067_data/ : proyecciones.png; ortogonales.png; axiales.png; hallazgos.json,2500,2026-09-07,propuesta sin validar,"Sin Grupo duplicado. Antecedente 2D 'caracterizacion_metal_d7.csv: tipo=dudoso; ortopedico=si': el antecedente marca el tipo como dudoso, mientras que en las láminas la morfología (banda perforada más vástagos con extremo redondeado, HU max 23519) se ve consistente y bien definida; el antecedente es una observación previa sin validar y no manda sobre lo observado, pero tampoco se descarta. 'sí (propuesto)' en Metal se apoya en morfología y densidad, no en composición determinada. No se propone modelo ni indicación quirúrgica: por determinar. Objeto extraño queda incierto: axiales.png muestra 16 cortes de un volumen de cientos, la ausencia de objetos no se puede demostrar con estas laminas. Severidad y Confianza son etiquetas cualitativas de revision visual, no una escala clinica validada. El umbral HU no distingue metal de contraste, hueso denso, cemento ni objeto externo; nada aqui esta certificado."
dataset7_CLINIC_metal_0068_data,"Un único objeto denso compacto, alargado en z, situado en la superficie cutánea del flanco o justo por fuera de ella, sin contacto con hueso en lo observado; más dos focos pequeños contiguos",1 objeto principal (rango 1-2); 3 componentes conexos. El conteo viene de componentes conexos y no equivale a número de objetos,"extracorpórea o en la superficie cutánea del flanco, a la altura de los cuerpos lumbares (cortes 285-341); no intraósea en lo observado, la pelvis y la columna no muestran material denso en las láminas","izquierda para los tres componentes (lado_por_x_ras, geométrica por el signo de x en RAS; no es lateralidad clínica confirmada)",sí,leve,media,sí (propuesto),sí (propuesto),"axiales.png cortes 302, 306, 310, 315, 319, 324, 328, 332 y 337: foco hiperdenso redondeado en el margen cutáneo del flanco, fuera de la silueta ósea, con estrías locales leves en 324 y 332. proyecciones.png MIP sagital y MIP coronal: objeto aislado y compacto, proyectado por delante y lateral a la pelvis, sin material denso sobre el hueso. hallazgos.json: componente 3030 vóxeles / 2309 mm3 / HU máx 19380 / bbox 12.7 x 14.6 x 36.8 mm / cortes 296-341 / izquierda / toca_borde_fov false; componente 29 vóxeles / 22 mm3 / HU máx 4818 / cortes 285-290; componente 13 vóxeles / 10 mm3 / HU máx 4577 / cortes 286-291. revision.csv: 3077 vóxeles sobre umbral, HU máximo 19380",proyecciones.png; ortogonales.png; axiales.png,2500,2026-09-07,propuesta sin validar,"Objeto extraño se propone sí porque el objeto está en la superficie cutánea o fuera de ella y no se relaciona con hueso en lo observado; qué es queda por determinar. Metal se propone sí por densidad (HU máx 19380, el segundo más alto del lote pese a tener solo 3077 vóxeles sobre umbral), sin certificar composición. El Antecedente 2D dice caracterizacion_metal_d7.csv: tipo=externo; ortopedico=no y coincide con lo observado; es previo y sin validar, y no manda sobre lo que se ve. En las 16 láminas no se observa material denso intraóseo, pero eso no demuestra ausencia. Severidad y Confianza son cualitativas (leve/moderada/marcada, baja/media/alta), no una escala clínica validada. Las láminas muestran 16 cortes axiales, no todo el CT: no se demuestra ausencia de objetos. Sin Grupo duplicado en revision.csv. El umbral HU no distingue metal de contraste, hueso denso, cemento ni objeto externo; material, modelo e indicación quedan por determinar."
dataset7_CLINIC_metal_0069_data,Tres construcciones densas de banda alargada con orificios regulares y elementos rectos perpendiculares (morfologia de placa con tornillos): una curva siguiendo el anillo pelvico anterior y dos en la region iliaca posterior/sacroiliaca,"3-15 elementos (rango amplio); derivado de 3 componentes conexos en hallazgos.json, cada uno agrupa placa mas varios elementos rectos: no es un conteo de implantes","1) anillo pelvico anterior (region pubica) extendiendose hacia la region acetabular, cortes axiales 80-190; 2) region iliaca posterior/sacroiliaca, cortes 207-247; 3) region iliaca posterior mas craneal/sacroiliaca, cortes 254-301","1) derecha (x RAS +34.6 mm) con bbox de 129.0 mm en x, cruza la linea media; 2) derecha (x RAS +67.0 mm); 3) derecha (x RAS +64.7 mm). Geometricas por signo de x en RAS, no confirmadas clinicamente",sí,moderada a marcada,alta,sí (propuesto),incierto,"axiales.png cortes 89 y 106: banda densa con orificios cruzando la region pubica anterior; cortes 124, 141, 158, 176: focos densos en region acetabular/iliaca; cortes 210, 228, 245: foco denso con estrias en region sacroiliaca; cortes 262, 280, 297: foco denso en region iliaca posterior; ortogonales.png sagital 315, coronal 265 y axial 188; proyecciones.png MIP coronal (placa curva con orificios y elementos rectos perpendiculares). Componentes de hallazgos.json: 14013 voxeles (7666.42 mm3, bbox 129.0x67.8x88.8 mm, HU max 20399, cortes 80-190); 6212 voxeles (3398.54 mm3, bbox 57.9x54.6x32.8 mm, cortes 207-247); 5751 voxeles (3146.33 mm3, bbox 49.6x36.4x38.4 mm, cortes 254-301). revision.csv: 26074 voxeles sobre umbral, HU max 20399",proyecciones.png; ortogonales.png; axiales.png,2500 (umbral por defecto de laminas.py; no se repitio con --hu),2026-09-07,propuesta sin validar,"El umbral de 2500 HU no distingue metal de contraste, hueso denso, cemento ni material externo. El Antecedente 2D sin validar de revision.csv dice 'caracterizacion_metal_d7.csv: tipo=dudoso; ortopedico=si'. Lo que veo en las laminas no encaja con 'dudoso': hay tres construcciones con orificios regulares y elementos rectos perpendiculares. Aun asi no certifico nada y el antecedente no manda sobre lo observado ni al reves: conviene que la autora resuelva la discrepancia recorriendo el volumen. No afirmo modelo, material ni indicacion. 'Objeto extraño' incierto: en proyecciones.png (MIP sagital y axial) y en axiales.png cortes 176, 210, 262, 280 y 332 hay motas densas por fuera del contorno corporal en hileras regulares, posible mesa, correa o ropa. Sin Grupo duplicado. Las laminas muestran 16 cortes axiales, no todo el volumen: no se demuestra ausencia de nada. Revision completa pendiente por la autora con explorar.py cortes."
dataset7_CLINIC_metal_0070_data,"Estructura densa curvada y aplanada que cruza la linea media por delante de la pelvis, con varios vastagos cortos que descienden hacia el hueso (morfologia de placa con tornillos, no confirmada); dos vastagos densos alargados en la region sacroiliaca derecha; y una hilera de focos densos puntiformes por fuera del contorno cutaneo anterior","4 componentes conexos (>=5 voxeles) en hallazgos.json, uno de ellos de 20 voxeles; la estructura anterior y sus vastagos forman un solo componente, asi que el numero de piezas no se deduce","region de la sinfisis del pubis y ramas superiores del pubis, cruzando la linea media (componente 0); region sacroiliaca / ala sacra derecha (componentes 1, 2 y 3); pared abdominal anterior, por fuera del contorno cutaneo (hilera de focos puntiformes, sin componente asociado)","hallazgos.json marca los cuatro componentes como 'derecha' (x_RAS +25.0 a +103.3), pero el componente 0 tiene bbox de 81.6 mm en x y cruza la linea media: la lateralidad geometrica del centroide no lo describe",sí,moderada,media,sí (propuesto),sí (propuesto),"hallazgos.json componente 0: 9619 voxeles, 5918.06 mm3, HU max 19662, bbox 81.6 x 29.8 x 38.4 mm, centroide_ijk [254, 276, 127], cortes_axiales_ijk 99-146, toca_borde_fov false; componente 1: 747 voxeles, bbox 38.6 x 7.9 x 6.4 mm, cortes 268-275; componente 2: 549 voxeles, bbox 26.3 x 7.0 x 6.4 mm, cortes 262-269; componente 3: 20 voxeles, corte 268. axiales.png: la estructura anterior y sus vastagos se ven en los cortes 106, 118, 131 y 143, con estriado en 118 y 131; los vastagos sacroiliacos en el corte 267; la hilera de focos puntiformes por fuera del contorno corporal en los cortes 143 y 156. ortogonales.png: coronal 268 muestra la estructura curvada con los vastagos y las dos barras sacroiliacas; sagital 261 / axial 144.",proyecciones.png; ortogonales.png; axiales.png,2500,2026-09-07,propuesta sin validar,"Antecedente 2D en revision.csv: 'caracterizacion_metal_d7.csv: tipo=dudoso; ortopedico=si' - sin validar; lo que se ve en las laminas es coherente con material implantado, pero el antecedente no manda. La hilera de focos por fuera de la piel (axiales 143 y 156) sostiene Objeto extraño 'sí (propuesto)' como objeto externo dentro del FOV, no como cuerpo extraño intracorporeo: eso queda por determinar. En ortogonales.png coronal 268 hay ademas un objeto denso alargado fuera del contorno corporal, sin identificar. Sin grupo duplicado. No se propone modelo, material ni indicacion. Objeto extraño no puede marcarse 'no': las laminas muestran 16 cortes axiales, no todo el volumen; la ausencia no queda demostrada."
dataset7_CLINIC_metal_0071_data,"Construccion densa alargada intramedular en el femur izquierdo que recorre la diafisis a lo largo de ~187 mm, con un elemento oblicuo dirigido al cuello y cabeza femoral; ademas estructuras densas en la region sacroiliaca y sacra izquierda",por determinar; 3 componentes conexos sobre 2500 HU. El componente 1 (femoral) agrupa probablemente mas de una pieza: en proyecciones.png se distinguen al menos 2 elementos cruzados,"componente 1: femur izquierdo, intramedular, cortes 0-233, cortado en el borde inferior del volumen; componentes 2 y 3: region sacroiliaca y ala sacra izquierda, cortes 307-349, cortados en el borde superior del volumen","izquierda para los tres componentes por lado_por_x_ras (geometrica; x_ras -109.6, -52.9 y -32.2 mm)",sí,leve,media,sí (propuesto),incierto,"axiales.png: estructura densa dentro del canal medular femoral izquierdo en los cortes 0, 23, 46, 69, 93, 116, 139, 162, 186, 209 y 232 (en el corte 209 aparecen dos focos); estructuras densas en la region sacroiliaca y sacra izquierda en los cortes 325 y 349. proyecciones.png: MIP coronal muestra el elemento longitudinal recorriendo la diafisis femoral y un elemento oblicuo con aspecto roscado hacia el cuello femoral. hallazgos.json componente 1: 64958 vox, 32352.15 mm3, bbox 60.8x16.6x187.2 mm, cortes 0-233, hu_max 8250, toca_borde_fov true; componente 2: 12558 vox, 6254.48 mm3, bbox 68.6x82.1x34.4 mm, cortes 307-349, hu_max 8814, toca_borde_fov true; componente 3: 282 vox, bbox 5.5x11.8x5.6 mm, cortes 343-349, hu_max 8418, toca_borde_fov true",proyecciones.png; ortogonales.png; axiales.png,2500,2026-09-07,propuesta sin validar,"Severidad y confianza son cualitativas, no una escala clinica validada. Lateralidad tomada de lado_por_x_ras (geometrica, signo de x en RAS); si el header estuviera mal orientado, estaria mal. toca_borde_fov true en los tres componentes: alerta, no conclusion; los componentes 2 y 3 llegan al ultimo corte del volumen (349) y el 1 al primero (0), asi que las estructuras continuan fuera del rango escaneado. El antecedente 2D dice caracterizacion_metal_d7.csv: tipo=dudoso; ortopedico=si: observacion previa sin validar; lo que veo es una estructura alargada intramedular femoral bien definida, asi que el antecedente y las laminas no coinciden del todo y conviene que la autora decida. OBSERVACION: comparte spacing, HU minimo y configuracion con dataset7_CLINIC_metal_0059_data; revision.csv no los marca como Grupo duplicado. Verificar antes de usarlos como independientes. Objeto extrano = incierto: no veo nada claramente extracorporeo, y 16 cortes no demuestran ausencia. No propongo tipo de dispositivo, modelo ni material: por determinar."
dataset7_CLINIC_metal_0072_data,"Agrupación de focos hiperdensos pequeños de disposición ramificada/serpiginosa, más un trayecto lineal fino y largo; no se identifica morfología de tornillo ni de estructura laminar","8 componentes conexos >=5 vóxeles; es un conteo de componentes conexos, no de dispositivos, y con esta morfología es especialmente probable que un componente agrupe varios elementos","Hemipelvis, región presacra y sacroilíaca, con un trayecto lineal que desciende hacia caudal y lateral (cortes 121-235)","lado_por_x_ras (geométrica, signo de x en RAS): derecha en los 8 componentes. No es lateralidad clínica confirmada",sí,marcada,baja,sí (propuesto),incierto,"hallazgos.json comp.1: 974 vóx, 524.60 mm3, HU máx 13416, bbox 15.6x61.5x84.9 mm, cortes 121-226 (trayecto lineal largo); comp.2: 885 vóx, 476.70 mm3, HU máx 17405, bbox 11.5x24.6x43.3 mm, cortes 150-203; comp.3: 794 vóx, HU máx 17269, bbox 14.8x15.6x15.2 mm, cortes 217-235; comp.4: 385 vóx, HU máx 21192, bbox 13.1x9.0x14.4 mm, cortes 187-204. En axiales.png cortes 190, 198 y 223 se ven estrías radiales en estrella desde focos pequeños; cortes 132, 140, 149, 157, 165, 173 y 182 muestran focos puntiformes seguidos a lo largo del trayecto. proyecciones.png (MIP coronal y sagital) muestra el patrón ramificado y el trayecto lineal descendente. Ningún componente toca el borde del FOV",proyecciones.png; axiales.png,2500,2026-09-07,propuesta sin validar,"Antecedente 2D en revision.csv: 'caracterizacion_metal_d7.csv: tipo=dudoso; ortopedico=si'. Coincide en parte: no puedo tipificar el dispositivo. Lo que veo NO tiene morfología de tornillo ni de placa, sino focos pequeños agrupados en patrón ramificado, por lo que no sostengo la parte 'ortopedico=si' del antecedente. Marco Metal 'sí (propuesto)' sólo por densidad (HU máx 21192) y estrías marcadas, con Confianza baja: la densidad no establece composición ni tipo de objeto. Caso prioritario para recorrer el volumen completo. Sin grupo duplicado. Severidad y Confianza son cualitativas, propias de esta revisión visual; no son una escala clínica validada. Aquí 'Objeto extraño' se usa como material ajeno al montaje ortopédico; 'incierto' no significa ausencia: las láminas muestran 16 cortes axiales, no todo el CT."
dataset7_CLINIC_metal_0073_data,"Múltiples estructuras de alta densidad situadas por fuera del contorno cutáneo: elementos alargados y curvos que siguen la superficie de la piel y figuras rectangulares cerradas en proyección, laterales al paciente; no se observa estructura densa dentro del hueso pélvico en los cortes de la lámina","12 componentes conexos (número de objetos por determinar; varios podrían ser fragmentos del mismo elemento alargado seccionado en z). Conteo de componentes conexos, no de implantes","Todos fuera del contorno corporal, adyacentes a la piel o en el aire lateral, desde el nivel acetabular hasta el abdomen alto: cortes axiales ijk 99-131, 113-134, 115-132, 119-210, 129-148, 180-192, 217-254, 225-237, 228-240, 231-242, 252-278 y 333-345","7 componentes 'derecha' y 5 'izquierda' por lado_por_x_ras (lateralidad geométrica por signo de x en RAS, no clínica)",incierto,por determinar,media,incierto,sí (propuesto),"hallazgos.json: comp.1 3013 vóx / 1810.01 mm3 / bbox 61.5x19.9x73.7 mm / HU máx 22481 / cortes 119-210 (elemento largo que sigue la piel); comp.2 2631 vóx / 1580.53 mm3 / cortes 217-254; comp.3 2308 vóx / 1386.49 mm3 / HU máx 24970 / cortes 252-278; comp.4 2150 vóx / bbox 31.2x10.4x26.4 mm / cortes 99-131 (toca_borde_fov=true); comps. 5-12 de 352 a 1142 vóxeles. axiales.png: focos fuera del contorno cutáneo en los cortes 111 y 128 (borde lateral de imagen, i~490-510), 128, 145 y 162 (i~150, j~385, sobre la piel), 196, 230 y 247 (i~75-100, j~300-320, fuera de la piel), 264 (i~480) y 349 (i~150, j~375). proyecciones.png (MIP sagital y coronal) muestra las figuras rectangulares cerradas y los elementos curvos, todos fuera de la silueta ósea. revision.csv: Vóxeles sobre umbral=16353, HU máximo=24970",experiments/exploration-3d/outputs/laminas/dataset7_CLINIC_metal_0073_data/proyecciones.png; experiments/exploration-3d/outputs/laminas/dataset7_CLINIC_metal_0073_data/ortogonales.png; experiments/exploration-3d/outputs/laminas/dataset7_CLINIC_metal_0073_data/axiales.png,2500,2026-09-07,propuesta sin validar,"Severidad (leve/moderada/marcada) y Confianza (baja/media/alta) son escalas cualitativas de esta revisión visual, no una escala clínica validada. Antecedente 2D en revision.csv: 'caracterizacion_metal_d7.csv: tipo=externo; ortopedico=no'. Lo observado es compatible (todos los componentes quedan fuera del contorno corporal), pero el antecedente no está validado. Metal incierto: el umbral HU no determina composición. Artefactos incierto: en el corte 128 hay líneas tenues junto a los objetos laterales, pero en la lámina no se puede distinguir estría de ruido. El comp.4 tiene toca_borde_fov=true: alerta, no conclusión. Sin Grupo duplicado."
dataset7_CLINIC_metal_0074_data,"Dos objetos hiperdensos compactos y alargados situados en el contorno o la superficie corporal, sin continuidad con hueso: uno en la cara posterior (region glutea, apoyado sobre la colchoneta) y otro en la pared abdominal anterolateral",2 componentes conexos; rango 1-2 objetos; por determinar,"Objeto posterior: superficie posterior/glutea a la altura de las ramas isquiopubianas, cortes axiales 86-121. Objeto anterolateral: pared abdominal a la altura de L4-L5, cortes axiales 209-248. Ninguno aparece dentro de hueso en los cortes mostrados","Geometrica por x RAS: objeto posterior derecha (x=+25.1 mm), objeto anterolateral izquierda (x=-89.3 mm). No es lateralidad clinica",incierto,leve (si se confirma),media,incierto,sí (propuesto),"hallazgos.json componente 1: 3092 voxeles, 1384.14 mm3, bbox 35.2x10.5x28.8 mm, HU max 20367, cortes 86-121, toca_borde_fov=false; se ve en axiales.png cortes 98 y 116, en el limite posterior del cuerpo, sobre la banda de la colchoneta. Componente 2: 2961 voxeles, 1325.5 mm3, bbox 23.9x15.0x32.0 mm, HU max 24340, cortes 209-248, toca_borde_fov=false; se ve en axiales.png cortes 223 y 241 en el borde anterolateral izquierdo del abdomen. proyecciones.png MIP sagital y coronal muestran los dos objetos como bloques compactos sin morfologia de tornillo ni de placa. revision.csv: Voxeles sobre umbral=6054, HU maximo=24340, Candidato HU=si",experiments/exploration-3d/outputs/laminas/dataset7_CLINIC_metal_0074_data/proyecciones.png; ortogonales.png; axiales.png; hallazgos.json,2500,2026-09-07,propuesta sin validar,"DUPLICADO: revision.csv da Grupo duplicado = cfb02190...999508, compartido con dataset7_CLINIC_metal_0046_data (Cohorte propuesta = 'resolver duplicado'). Esta propuesta queda DEPENDIENTE de resolver ese grupo y no debe clasificarse por separado del otro miembro. Antecedente 2D sin validar: 'caracterizacion_metal_d7.csv: tipo=externo; ortopedico=no'. Metal queda incierto: los objetos no tienen morfologia de implante y el HU muy alto no establece composicion. Severidad y Confianza son cualitativas (leve/moderada/marcada, baja/media/alta) y NO son una escala clinica validada. Criterio usado para Objeto extraño: estructura hiperdensa no anatomica y no continua con hueso. Las laminas muestran 16 cortes axiales, no todo el CT: la ausencia de objetos no queda demostrada. La lateralidad procede de lado_por_x_ras (signo de x en RAS): es geometrica, depende del header; no es lateralidad clinica confirmada. Cantidad aprox. viene del numero de componentes conexos sobre el umbral, no de un conteo de implantes: un componente puede ser un tornillo, un fragmento o varias piezas fusionadas por el artefacto."
